session_file,visit_index,segment_id,entered_at,exited_at,point_count,mean_speed_mps,mean_match_distance_m,elevation_m,duration_s,learning_row_source,anchor_canonical_id,anchor_individual_count,time,temperature_c,humidity_pct,dew_point_c,precip_mm,weather_code,surface_pressure,cloud_cover,timestamp_x,rain_1h_mm,rain_3h_mm,rain_6h_mm,rain_12h_mm,rain_24h_mm,rain_48h_mm,hours_since_rain,habu_capture,habu_individuals,segment_x_m,segment_y_m,bio_ネズミ_5m,bio_ネズミ_5m_nearest_m,bio_ネズミ_5m_50m_count,bio_ネズミ_5m_100m_count,bio_ネズミ_5m_250m_count,bio_ネズミ_5m_500m_count,bio_ネズミ_10m,bio_ネズミ_10m_nearest_m,bio_ネズミ_10m_50m_count,bio_ネズミ_10m_100m_count,bio_ネズミ_10m_250m_count,bio_ネズミ_10m_500m_count,bio_ネズミ_15m,bio_ネズミ_15m_nearest_m,bio_ネズミ_15m_50m_count,bio_ネズミ_15m_100m_count,bio_ネズミ_15m_250m_count,bio_ネズミ_15m_500m_count,bio_ネズミ_30m,bio_ネズミ_30m_nearest_m,bio_ネズミ_30m_50m_count,bio_ネズミ_30m_100m_count,bio_ネズミ_30m_250m_count,bio_ネズミ_30m_500m_count,bio_オットンガエル_5m,bio_オットンガエル_5m_nearest_m,bio_オットンガエル_5m_50m_count,bio_オットンガエル_5m_100m_count,bio_オットンガエル_5m_250m_count,bio_オットンガエル_5m_500m_count,bio_オットンガエル_10m,bio_オットンガエル_10m_nearest_m,bio_オットンガエル_10m_50m_count,bio_オットンガエル_10m_100m_count,bio_オットンガエル_10m_250m_count,bio_オットンガエル_10m_500m_count,bio_オットンガエル_15m,bio_オットンガエル_15m_nearest_m,bio_オットンガエル_15m_50m_count,bio_オットンガエル_15m_100m_count,bio_オットンガエル_15m_250m_count,bio_オットンガエル_15m_500m_count,bio_オットンガエル_30m,bio_オットンガエル_30m_nearest_m,bio_オットンガエル_30m_50m_count,bio_オットンガエル_30m_100m_count,bio_オットンガエル_30m_250m_count,bio_オットンガエル_30m_500m_count,bio_カエル_5m,bio_カエル_5m_nearest_m,bio_カエル_5m_50m_count,bio_カエル_5m_100m_count,bio_カエル_5m_250m_count,bio_カエル_5m_500m_count,bio_カエル_10m,bio_カエル_10m_nearest_m,bio_カエル_10m_50m_count,bio_カエル_10m_100m_count,bio_カエル_10m_250m_count,bio_カエル_10m_500m_count,bio_カエル_15m,bio_カエル_15m_nearest_m,bio_カエル_15m_50m_count,bio_カエル_15m_100m_count,bio_カエル_15m_250m_count,bio_カエル_15m_500m_count,bio_カエル_30m,bio_カエル_30m_nearest_m,bio_カエル_30m_50m_count,bio_カエル_30m_100m_count,bio_カエル_30m_250m_count,bio_カエル_30m_500m_count,bio_ヤマシギ_5m,bio_ヤマシギ_5m_nearest_m,bio_ヤマシギ_5m_50m_count,bio_ヤマシギ_5m_100m_count,bio_ヤマシギ_5m_250m_count,bio_ヤマシギ_5m_500m_count,bio_ヤマシギ_10m,bio_ヤマシギ_10m_nearest_m,bio_ヤマシギ_10m_50m_count,bio_ヤマシギ_10m_100m_count,bio_ヤマシギ_10m_250m_count,bio_ヤマシギ_10m_500m_count,bio_ヤマシギ_15m,bio_ヤマシギ_15m_nearest_m,bio_ヤマシギ_15m_50m_count,bio_ヤマシギ_15m_100m_count,bio_ヤマシギ_15m_250m_count,bio_ヤマシギ_15m_500m_count,bio_ヤマシギ_30m,bio_ヤマシギ_30m_nearest_m,bio_ヤマシギ_30m_50m_count,bio_ヤマシギ_30m_100m_count,bio_ヤマシギ_30m_250m_count,bio_ヤマシギ_30m_500m_count,bio_クロウサギ_5m,bio_クロウサギ_5m_nearest_m,bio_クロウサギ_5m_50m_count,bio_クロウサギ_5m_100m_count,bio_クロウサギ_5m_250m_count,bio_クロウサギ_5m_500m_count,bio_クロウサギ_10m,bio_クロウサギ_10m_nearest_m,bio_クロウサギ_10m_50m_count,bio_クロウサギ_10m_100m_count,bio_クロウサギ_10m_250m_count,bio_クロウサギ_10m_500m_count,bio_クロウサギ_15m,bio_クロウサギ_15m_nearest_m,bio_クロウサギ_15m_50m_count,bio_クロウサギ_15m_100m_count,bio_クロウサギ_15m_250m_count,bio_クロウサギ_15m_500m_count,bio_クロウサギ_30m,bio_クロウサギ_30m_nearest_m,bio_クロウサギ_30m_50m_count,bio_クロウサギ_30m_100m_count,bio_クロウサギ_30m_250m_count,bio_クロウサギ_30m_500m_count,highway,length_m,bearing_deg,curvature_deg,road_class_code,junction_distance_m,stream_distance_m,coast_distance_m,forest_distance_m,farmland_distance_m,residential_distance_m,hour,sin_hour,cos_hour,segment_prior_visits,moon_age_days,moon_phase_sin,moon_phase_cos,moon_illumination,fog_wmo_flag,temp_dewpoint_spread_c,fog_proxy_flag,temperature_change_3visits_c,timestamp_y,tide_height_cm,tide_change_1h_cm,tide_state_code,minutes_to_nearest_turning_tide,tide_source_available,tide_source
capture_anchor:65,-1,OSM_ro48_0_55,2026-05-13 20:20:00+09:00,2026-05-13 20:20:00+09:00,0,,9.04753067377179,,0.0,capture_gps_anchor,65,1,2026-05-13T20:00,20.1,91.0,18.5,0.0,0.0,1007.3,3.0,2026-05-13 20:00:00+09:00,0.0,0.0,0.0,1.7000000000000037,2.0,3.099999999999998,7.0,1,1,-11011.727580645524,-532663.0165803074,0,,0,0,0,0,0,,0,0,0,0,0,,0,0,0,0,0,,0,0,0,0,0,,0,0,0,0,0,,0,0,0,0,0,,0,0,0,0,0,,0,0,0,0,0,,0,0,0,0,0,,0,0,0,0,0,,0,0,0,0,0,,0,0,0,0,0,,0,0,0,0,0,,0,0,0,0,0,,0,0,0,0,0,,0,0,0,0,0,,0,0,0,0,0,,0,0,0,0,0,,0,0,0,0,0,,0,0,0,0,unclassified,9.999999999978522,195.93433852920293,0.0,10.0,917.6829801810934,90.47469880526181,1540.9061879288508,3254.787160920354,6739.161817857239,7353.220683834057,20.333333333333332,-0.8191520442889918,0.573576436351046,0,26.27118224999957,-0.6392324120438582,0.7690136041661364,0.1154931979169318,0,1.6000000000000014,0,,2026-05-13 20:00:00+09:00,93.0,-26.0,-1.0,0.18,1,jma_O9_predicted
capture_anchor:66,-1,OSM_ro104_0_16,2026-05-13 20:56:00+09:00,2026-05-13 20:56:00+09:00,0,,7.492282718272256,,0.0,capture_gps_anchor,66,1,2026-05-13T21:00,20.2,91.0,18.6,0.0,3.0,1007.4,98.0,2026-05-13 21:00:00+09:00,0.0,0.0,0.0,1.7000000000000037,2.0,3.099999999999998,8.0,1,1,-10411.358064388616,-534275.3575027137,0,,0,0,0,0,0,,0,0,0,0,0,,0,0,0,0,0,,0,0,0,0,0,,0,0,0,0,0,,0,0,0,0,0,,0,0,0,0,0,,0,0,0,0,0,,0,0,0,0,0,,0,0,0,0,0,,0,0,0,0,0,,0,0,0,0,0,,0,0,0,0,0,,0,0,0,0,0,,0,0,0,0,0,,0,0,0,0,0,,0,0,0,0,0,,0,0,0,0,0,,0,0,0,0,0,,0,0,0,0,unclassified,9.999999999912404,180.40756160293617,16.858976874066485,10.0,153.8764033076037,798.9677468405722,1084.7620086553654,1952.317345183958,5597.3642117275685,6062.511706339612,20.933333333333334,-0.7193398003386512,0.6946583704589973,0,26.296182249999205,-0.6351328372630678,0.7724029253117607,0.11379853734411965,0,1.5999999999999979,0,,2026-05-13 21:00:00+09:00,74.0,-19.0,-1.0,0.12,1,jma_O9_predicted
capture_anchor:67,-1,OSM_ro103_0_3,2026-05-15 21:03:00+09:00,2026-05-15 21:03:00+09:00,0,,13.436977331070342,,0.0,capture_gps_anchor,67,1,2026-05-15T21:00,21.3,76.0,16.8,0.0,0.0,1015.1,12.0,2026-05-15 21:00:00+09:00,0.0,0.0,0.0,0.30000000000000354,0.6000000000000001,1.3999999999999981,11.0,1,1,-15946.994654263646,-535808.0955849965,0,,0,0,0,0,0,,0,0,0,0,0,,0,0,0,0,0,,0,0,0,0,0,,0,0,0,0,0,,0,0,0,0,0,,0,0,0,0,0,,0,0,0,0,0,,0,0,0,0,0,,0,0,0,0,0,,0,0,0,0,0,,0,0,0,0,0,,0,0,0,0,0,,0,0,0,0,0,,0,0,0,0,0,,0,0,0,0,0,,0,0,0,0,0,,0,0,0,0,0,,0,0,0,0,0,,0,0,0,0,unclassified,10.000000000007985,102.28448996547331,0.0,10.0,109.84493382176288,363.26589201016895,24.87110493783852,3834.334390899265,2563.9981079032464,4786.458693151199,21.05,-0.6977904598416802,0.7163019434246541,0,28.30104336111161,-0.2586349190543055,0.9659751439068051,0.017012428046597472,0,4.5,0,,2026-05-15 21:00:00+09:00,124.0,-33.0,-1.0,0.12,1,jma_O9_predicted
capture_anchor:68,-1,OSM_ro393_0_107,2026-05-15 22:05:00+09:00,2026-05-15 22:05:00+09:00,0,,2.4431871377128043,,0.0,capture_gps_anchor,68,1,2026-05-15T22:00,21.1,75.0,16.6,0.0,0.0,1015.4,18.0,2026-05-15 22:00:00+09:00,0.0,0.0,0.0,0.0,0.49999999999999994,1.3999999999999981,12.0,1,1,-13665.594645178327,-533869.9870607397,0,,0,0,0,0,0,,0,0,0,0,0,,0,0,0,0,0,,0,0,0,0,0,,0,0,0,0,0,,0,0,0,0,0,,0,0,0,0,0,,0,0,0,0,0,,0,0,0,0,0,,0,0,0,0,0,,0,0,0,0,0,,0,0,0,0,0,,0,0,0,0,0,,0,0,0,0,0,,0,0,0,0,0,,0,0,0,0,0,,0,0,0,0,0,,0,0,0,0,0,,0,0,0,0,0,,0,0,0,0,track,10.0000000000224,207.9882012479516,0.0,8.0,840.5059555271584,1043.607437984732,1406.8025955605676,2524.5947263222342,4674.136761206075,5875.597485514028,22.083333333333332,-0.48098876891938774,0.8767267557075077,0,28.34409891666745,-0.24977501273950548,0.9683039001320711,0.015848049933964437,0,4.5,0,,2026-05-15 22:00:00+09:00,95.0,-29.0,-1.0,0.18,1,jma_O9_predicted
capture_anchor:69,-1,OSM_ro278_0_22,2026-05-18 20:52:00+09:00,2026-05-18 20:52:00+09:00,0,,1.2393637488699785,,0.0,capture_gps_anchor,69,1,2026-05-18T21:00,22.7,79.0,18.9,0.0,3.0,1012.4,100.0,2026-05-18 21:00:00+09:00,0.0,0.0,0.0,0.0,0.0,0.39999999999999825,34.0,1,1,-11683.487233588006,-535533.6176150446,0,,0,0,0,0,0,,0,0,0,0,0,,0,0,0,0,0,,0,0,0,0,0,,0,0,0,0,0,,0,0,0,0,0,,0,0,0,0,0,,0,0,0,0,0,,0,0,0,0,0,,0,0,0,0,0,,0,0,0,0,0,,0,0,0,0,0,,0,0,0,0,0,,0,0,0,0,0,,0,0,0,0,0,,0,0,0,0,0,,0,0,0,0,0,,0,0,0,0,0,,0,0,0,0,0,,0,0,0,0,track,10.00000000002227,294.130308010256,0.0,8.0,59.81591464258256,209.26509861809473,346.336585732361,310.05286060848755,3856.294786650498,4412.481508436202,20.866666666666667,-0.7313537016191703,0.6819983600624986,0,1.7628158022214677,0.36633956861367895,0.9304812305833705,0.034759384708314744,0,3.8000000000000007,0,,2026-05-18 21:00:00+09:00,198.0,-3.0,-1.0,0.0,1,jma_O9_predicted
capture_anchor:70,-1,OSM_ro289_0_88,2026-05-18 21:51:00+09:00,2026-05-18 21:51:00+09:00,0,,2.3263114356720944,,0.0,capture_gps_anchor,70,1,2026-05-18T22:00,22.7,80.0,19.1,0.0,3.0,1012.5,100.0,2026-05-18 22:00:00+09:00,0.0,0.0,0.0,0.0,0.0,0.29999999999999827,35.0,1,1,-10115.79131326947,-534941.4668315894,0,,0,0,0,0,0,,0,0,0,0,0,,0,0,0,0,0,,0,0,0,0,0,,0,0,0,0,0,,0,0,0,0,0,,0,0,0,0,0,,0,0,0,0,0,,0,0,0,0,0,,0,0,0,0,0,,0,0,0,0,0,,0,0,0,0,0,,0,0,0,0,0,,0,0,0,0,0,,0,0,0,0,0,,0,0,0,0,0,,0,0,0,0,0,,0,0,0,0,0,,0,0,0,0,0,,0,0,0,0,unclassified,10.000000000010857,109.59520539315093,0.0,10.0,748.7660192114826,1143.194908944759,846.6101933833271,1658.0409313123723,5250.234778774051,5622.081256447615,21.85,-0.5336145159156106,0.8457278217039738,0,1.803788024444458,0.3744371152978438,0.9272523101548086,0.03637384492259571,0,3.599999999999998,0,,2026-05-18 22:00:00+09:00,178.0,-20.0,-1.0,0.06,1,jma_O9_predicted
capture_anchor:72,-1,OSM_ro877_0_3,2026-05-19 22:47:00+09:00,2026-05-19 22:47:00+09:00,0,,1.6590703578204735,,0.0,capture_gps_anchor,72,1,2026-05-19T23:00,22.3,98.0,22.1,0.3,51.0,1008.0,100.0,2026-05-19 23:00:00+09:00,0.3,1.6000000000000003,1.7999999999999983,4.800000000000003,6.2,6.199999999999998,0.0,1,1,-19822.854277539845,-535531.4855941173,0,,0,0,0,0,0,,0,0,0,0,0,,0,0,0,0,0,,0,0,0,0,0,,0,0,0,0,0,,0,0,0,0,0,,0,0,0,0,0,,0,0,0,0,0,,0,0,0,0,0,,0,0,0,0,0,,0,0,0,0,0,,0,0,0,0,0,,0,0,0,0,0,,0,0,0,0,0,,0,0,0,0,0,,0,0,0,0,0,,0,0,0,0,0,,0,0,0,0,0,,0,0,0,0,0,,0,0,0,0,service,10.000000000009447,86.7825205160517,17.483059439996396,6.0,220.00989843878176,1241.0314784053116,63.890332959093804,2631.6099161953025,5303.073708205068,7831.352326095847,22.783333333333335,-0.31316380648374953,0.949699126201877,0,2.842676913332781,0.5686244675164962,0.8225972373777954,0.08870138131110228,0,0.1999999999999993,1,,2026-05-19 23:00:00+09:00,170.0,-19.0,-1.0,0.06,1,jma_O9_predicted
capture_anchor:73,-1,OSM_ro104_0_16,2026-05-21 21:57:00+09:00,2026-05-21 21:57:00+09:00,0,,1.9239905864747116,,0.0,capture_gps_anchor,73,1,2026-05-21T22:00,24.0,93.0,22.9,0.3,51.0,1009.6,99.0,2026-05-21 22:00:00+09:00,0.3,0.9000000000000001,0.8999999999999981,0.9000000000000037,1.0,5.199999999999998,0.0,1,1,-10411.358064388616,-534275.3575027137,0,,0,0,0,0,0,,0,0,0,0,0,,0,0,0,0,0,,0,0,0,0,0,,0,0,0,0,0,,0,0,0,0,0,,0,0,0,0,0,,0,0,0,0,0,,0,0,0,0,0,,0,0,0,0,0,,0,0,0,0,0,,0,0,0,0,0,,0,0,0,0,0,,0,0,0,0,0,,0,0,0,0,0,,0,0,0,0,0,,0,0,0,0,0,,0,0,0,0,0,,0,0,0,0,0,,0,0,0,0,unclassified,9.999999999912404,180.40756160293617,16.858976874066485,10.0,153.8764033076037,798.9677468405722,1084.7620086553654,1952.317345183958,5597.3642117275685,6062.511706339612,21.95,-0.5112930860770526,0.8594064115014524,0,4.8079546911101545,0.8536650778540413,0.520822364009509,0.2395888179952455,0,1.1000000000000014,0,,2026-05-21 22:00:00+09:00,168.0,21.0,1.0,0.12,1,jma_O9_predicted
capture_anchor:74,-1,OSM_ro146_0_336,2026-05-21 22:56:00+09:00,2026-05-21 22:56:00+09:00,0,,0.8934478848870354,,0.0,capture_gps_anchor,74,1,2026-05-21T23:00,23.6,98.0,23.2,1.5,61.0,1009.4,100.0,2026-05-21 23:00:00+09:00,1.5,2.4000000000000004,2.399999999999998,2.400000000000004,2.5,6.399999999999999,0.0,1,1,-11915.763458179063,-535254.3739801534,0,,0,0,0,0,0,,0,0,0,0,0,,0,0,0,0,0,,0,0,0,0,0,,0,0,0,0,0,,0,0,0,0,0,,0,0,0,0,0,,0,0,0,0,0,,0,0,0,0,0,,0,0,0,0,0,,0,0,0,0,0,,0,0,0,0,0,,0,0,0,0,0,,0,0,0,0,0,,0,0,0,0,0,,0,0,0,0,0,,0,0,0,0,0,,0,0,0,0,0,,0,0,0,0,0,,0,0,0,0,unclassified,9.99999999994885,236.34223008801544,0.0,10.0,309.7127505102686,6.232306460198161,641.7246824002555,546.1898797511587,4001.10952407693,4614.355859776957,22.933333333333334,-0.2756373558169998,0.9612616959383187,0,4.848926913333145,0.8581729073534899,0.513360751406317,0.2433196242968415,0,0.40000000000000213,1,,2026-05-21 23:00:00+09:00,176.0,8.0,1.0,0.06,1,jma_O9_predicted
capture_anchor:75,-1,OSM_ro877_0_11,2026-05-23 23:22:00+09:00,2026-05-23 23:22:00+09:00,0,,4.02102908517952,,0.0,capture_gps_anchor,75,1,2026-05-23T23:00,23.3,96.0,22.6,0.0,3.0,1008.8,100.0,2026-05-23 23:00:00+09:00,0.0,0.0,2.9999999999999982,9.000000000000005,14.2,42.099999999999994,3.0,1,1,-19751.599953147364,-535554.5118484201,0,,0,0,0,0,0,,0,0,0,0,0,,0,0,0,0,0,,0,0,0,0,0,,0,0,0,0,0,,0,0,0,0,0,,0,0,0,0,0,,0,0,0,0,0,,0,0,0,0,0,,0,0,0,0,0,,0,0,0,0,0,,0,0,0,0,0,,0,0,0,0,0,,0,0,0,0,0,,0,0,0,0,0,,0,0,0,0,0,,0,0,0,0,0,,0,0,0,0,0,,0,0,0,0,0,,0,0,0,0,service,10.000000000002624,127.89933038061531,0.0,6.0,197.69786041564566,1273.4068622694565,138.35526046571295,2685.4582414293045,5231.612097275262,7758.965730543213,23.366666666666667,-0.16504760586067735,0.9862856015372314,0,6.866982468889347,0.9939870910752175,0.1094973185782515,0.44525134071087424,0,0.6999999999999993,1,,2026-05-23 23:00:00+09:00,146.0,24.0,1.0,0.18,1,jma_O9_predicted
capture_anchor:76,-1,OSM_ro903_0_2,2026-05-24 00:13:00+09:00,2026-05-24 00:13:00+09:00,0,,8.155026695132587,,0.0,capture_gps_anchor,76,1,2026-05-24T00:00,23.3,97.0,22.8,0.0,3.0,1008.5,100.0,2026-05-24 00:00:00+09:00,0.0,0.0,2.299999999999998,9.000000000000005,12.799999999999999,40.599999999999994,4.0,1,1,-20458.984720184068,-533054.8892514219,0,,0,0,0,0,0,,0,0,0,0,0,,0,0,0,0,0,,0,0,0,0,0,,0,0,0,0,0,,0,0,0,0,0,,0,0,0,0,0,,0,0,0,0,0,,0,0,0,0,0,,0,0,0,0,0,,0,0,0,0,0,,0,0,0,0,0,,0,0,0,0,0,,0,0,0,0,0,,0,0,0,0,0,,0,0,0,0,0,,0,0,0,0,0,,0,0,0,0,0,,0,0,0,0,0,,0,0,0,0,residential,9.999999999967766,319.7711080459936,0.0,4.0,23.197374619767313,57.53386354762555,259.37260754332834,3354.051411622757,2920.655644524663,9857.153787460347,0.21666666666666667,0.05669278756337751,0.9983916705573488,0,6.902399135555044,0.9947839852529653,0.10200403268610538,0.4489979836569473,0,0.5,1,,2026-05-24 00:00:00+09:00,162.0,16.0,1.0,0.12,1,jma_O9_predicted
capture_anchor:77,-1,OSM_ro53_0_14,2026-05-24 00:42:00+09:00,2026-05-24 00:42:00+09:00,0,,11.129147945519634,,0.0,capture_gps_anchor,77,1,2026-05-24T01:00,23.3,97.0,22.8,0.0,3.0,1008.2,100.0,2026-05-24 01:00:00+09:00,0.0,0.0,0.2999999999999982,9.000000000000005,11.799999999999999,38.99999999999999,5.0,1,1,-21286.700270048856,-530806.2781155567,0,,0,0,0,0,0,,0,0,0,0,0,,0,0,0,0,0,,0,0,0,0,0,,0,0,0,0,0,,0,0,0,0,0,,0,0,0,0,0,,0,0,0,0,0,,0,0,0,0,0,,0,0,0,0,0,,0,0,0,0,0,,0,0,0,0,0,,0,0,0,0,0,,0,0,0,0,0,,0,0,0,0,0,,0,0,0,0,0,,0,0,0,0,0,,0,0,0,0,0,,0,0,0,0,0,,0,0,0,0,unclassified,9.999999999988539,66.67058989495752,14.226360392139952,10.0,1374.150939262534,549.762711344248,25.840320209369136,4864.782290374313,1377.5973262424004,12039.422539902154,0.7,0.18223552549214747,0.9832549075639546,0,6.922538024444094,0.9952119311960013,0.09774053409474322,0.45112973295262837,0,0.5,1,,2026-05-24 01:00:00+09:00,169.0,7.0,1.0,0.06,1,jma_O9_predicted
capture_anchor:78,-1,OSM_ro877_0_0,2026-05-24 23:51:00+09:00,2026-05-24 23:51:00+09:00,0,,0.28320590638621096,,0.0,capture_gps_anchor,78,1,2026-05-25T00:00,23.9,95.0,23.1,0.0,2.0,1009.2,77.0,2026-05-25 00:00:00+09:00,0.0,0.0,0.09999999999999823,1.2000000000000046,1.9000000000000001,14.699999999999998,5.0,1,1,-19852.791597548865,-535533.2303178956,0,,0,0,0,0,0,,0,0,0,0,0,,0,0,0,0,0,,0,0,0,0,0,,0,0,0,0,0,,0,0,0,0,0,,0,0,0,0,0,,0,0,0,0,0,,0,0,0,0,0,,0,0,0,0,0,,0,0,0,0,0,,0,0,0,0,0,,0,0,0,0,0,,0,0,0,0,0,,0,0,0,0,0,,0,0,0,0,0,,0,0,0,0,0,,0,0,0,0,0,,0,0,0,0,0,,0,0,0,0,service,9.999999999999966,85.68372673614772,0.0,6.0,243.18255008666537,1238.5739286183205,35.0704303551053,2604.102639555776,5326.572770662991,7855.6304912317455,23.85,-0.03925981575906819,0.9992290362407229,0,7.887121357778398,0.9942449853424276,-0.10713033707328677,0.5535651685366434,0,0.7999999999999972,1,,2026-05-25 00:00:00+09:00,149.0,22.0,1.0,0.18,1,jma_O9_predicted
capture_anchor:84,-1,OSM_ro119_0_253,2026-06-04 21:15:00+09:00,2026-06-04 21:15:00+09:00,0,,2.1151079273106794,,0.0,capture_gps_anchor,84,1,2026-06-04T21:00,24.5,96.0,23.9,0.2,51.0,1004.7,98.0,2026-06-04 21:00:00+09:00,0.2,0.19999999999999313,0.2,2.5,3.2,4.500000000000001,0.0,1,1,-16734.864904298425,-539106.9957608997,0,,0,0,0,0,0,,0,0,0,0,0,,0,0,0,0,0,,0,0,0,0,0,,0,0,0,0,0,,0,0,0,0,0,,0,0,0,0,0,,0,0,0,0,0,,0,0,0,0,0,,0,0,0,0,0,,0,0,0,0,0,,0,0,0,0,0,,0,0,0,0,0,,0,0,0,0,0,,0,0,0,0,0,,0,0,0,0,0,,0,0,0,0,0,,0,0,0,0,0,,0,0,0,0,0,,0,0,0,0,secondary,9.999999999987471,104.99108477331919,0.0,5.0,125.32417160828587,288.42845990633987,140.28168806187506,2973.1658833525225,1294.2074621695715,3564.3583691671392,21.25,-0.6593458151000687,0.7518398074789775,0,18.77878802444482,-0.7538787651197335,-0.6570135519923053,0.8285067759961526,0,0.6000000000000014,1,,2026-06-04 21:00:00+09:00,173.0,16.0,1.0,0.12,1,jma_O9_predicted
capture_anchor:85,-1,OSM_ro278_0_24,2026-06-04 23:01:00+09:00,2026-06-04 23:01:00+09:00,0,,4.280437243288827,,0.0,capture_gps_anchor,85,1,2026-06-04T23:00,24.7,99.0,24.4,0.5,53.0,1004.8,97.0,2026-06-04 23:00:00+09:00,0.5,2.499999999999993,2.5,4.0,5.5,6.800000000000001,0.0,1,1,-11701.541550524522,-535525.0195145074,0,,0,0,0,0,0,,0,0,0,0,0,,0,0,0,0,0,,0,0,0,0,0,,0,0,0,0,0,,0,0,0,0,0,,0,0,0,0,0,,0,0,0,0,0,,0,0,0,0,0,,0,0,0,0,0,,0,0,0,0,0,,0,0,0,0,0,,0,0,0,0,0,,0,0,0,0,0,,0,0,0,0,0,,0,0,0,0,0,,0,0,0,0,0,,0,0,0,0,0,,0,0,0,0,0,,0,0,0,0,track,10.000000000020856,296.16813836316715,0.0,8.0,39.8195943910107,195.8106676156141,354.39180743101934,316.8424976230555,3855.043248217061,4414.97893224624,23.016666666666666,-0.2546019482055278,0.9670459389139431,0,18.85239913555577,-0.7640761211474033,-0.6451260970479638,0.8225630485239819,0,0.3000000000000007,1,,2026-06-04 23:00:00+09:00,167.0,-9.0,-1.0,0.0,1,jma_O9_predicted
capture_anchor:86,-1,OSM_ro441_0_7,2026-06-04 23:04:00+09:00,2026-06-04 23:04:00+09:00,0,,5.111440828133906,,0.0,capture_gps_anchor,86,1,2026-06-04T23:00,24.7,99.0,24.4,0.5,53.0,1004.8,97.0,2026-06-04 23:00:00+09:00,0.5,2.499999999999993,2.5,4.0,5.5,6.800000000000001,0.0,1,1,-11800.402160709857,-535470.2993769496,0,,0,0,0,0,0,,0,0,0,0,0,,0,0,0,0,0,,0,0,0,0,0,,0,0,0,0,0,,0,0,0,0,0,,0,0,0,0,0,,0,0,0,0,0,,0,0,0,0,0,,0,0,0,0,0,,0,0,0,0,0,,0,0,0,0,0,,0,0,0,0,0,,0,0,0,0,0,,0,0,0,0,0,,0,0,0,0,0,,0,0,0,0,0,,0,0,0,0,0,,0,0,0,0,0,,0,0,0,0,track,10.000000000000504,293.8138724844763,14.143329453508386,8.0,73.25140982666629,119.14815230619935,414.6617500773432,378.7627232030787,3856.816150046226,4437.545184332682,23.066666666666666,-0.24192189559966787,0.9702957262759965,0,18.85448246888862,-0.7643620099237518,-0.6447873430715916,0.8223936715357958,0,0.3000000000000007,1,,2026-06-04 23:00:00+09:00,167.0,-9.0,-1.0,0.0,1,jma_O9_predicted
capture_anchor:87,-1,OSM_ro146_0_242,2026-06-04 23:20:00+09:00,2026-06-04 23:20:00+09:00,0,,4.22726195542758,,0.0,capture_gps_anchor,87,1,2026-06-04T23:00,24.7,99.0,24.4,0.5,53.0,1004.8,97.0,2026-06-04 23:00:00+09:00,0.5,2.499999999999993,2.5,4.0,5.5,6.800000000000001,0.0,1,1,-11490.05960817802,-534967.0958577164,0,,0,0,0,0,0,,0,0,0,0,0,,0,0,0,0,0,,0,0,0,0,0,,0,0,0,0,0,,0,0,0,0,0,,0,0,0,0,0,,0,0,0,0,0,,0,0,0,0,0,,0,0,0,0,0,,0,0,0,0,0,,0,0,0,0,0,,0,0,0,0,0,,0,0,0,0,0,,0,0,0,0,0,,0,0,0,0,0,,0,0,0,0,0,,0,0,0,0,0,,0,0,0,0,0,,0,0,0,0,unclassified,10.000000000020362,216.9549691926508,0.0,10.0,594.276407360717,119.38906309235041,928.7546670178122,903.6507822622796,4446.487017902197,5011.099286985631,23.333333333333332,-0.1736481776669304,0.984807753012208,0,18.86559357999957,-0.765884212205202,-0.6429785171332065,0.8214892585666033,0,0.3000000000000007,1,,2026-06-04 23:00:00+09:00,167.0,-9.0,-1.0,0.0,1,jma_O9_predicted
capture_anchor:88,-1,OSM_ro222_0_90,2026-06-05 02:21:00+09:00,2026-06-05 02:21:00+09:00,0,,6.150694235180317,,0.0,capture_gps_anchor,88,1,2026-06-05T02:00,24.8,98.0,24.5,0.2,51.0,1004.3,97.0,2026-06-05 02:00:00+09:00,0.2,0.19999999999999313,2.7,2.7,5.7,7.000000000000001,0.0,1,1,-20204.457199315162,-537180.8117051846,0,,0,0,0,0,0,,0,0,0,0,0,,0,0,0,0,0,,0,0,0,0,0,,0,0,0,0,0,,0,0,0,0,0,,0,0,0,0,0,,0,0,0,0,0,,0,0,0,0,0,,0,0,0,0,0,,0,0,0,0,0,,0,0,0,0,0,,0,0,0,0,0,,0,0,0,0,0,,0,0,0,0,0,,0,0,0,0,0,,0,0,0,0,0,,0,0,0,0,0,,0,0,0,0,0,,0,0,0,0,primary,10.000000000003459,67.52003380626172,5.671576253972205,3.0,509.861924130243,1709.9836483943247,166.370373272079,1938.7604871850815,4921.398870125868,7435.153645514246,2.35,0.5771451900372336,0.8166415551616789,0,18.991288024444458,-0.7828040036612792,-0.6222683439255704,0.8111341719627851,0,0.3000000000000007,1,,2026-06-05 02:00:00+09:00,115.0,-15.0,-1.0,0.12,1,jma_O9_predicted
capture_anchor:91,-1,OSM_ro34_0_24,2026-06-06 21:03:00+09:00,2026-06-06 21:03:00+09:00,0,,4.826543009198661,,0.0,capture_gps_anchor,91,1,2026-06-06T21:00,24.3,98.0,23.9,0.4,51.0,1006.6,100.0,2026-06-06 21:00:00+09:00,0.4,0.7999999999999929,8.0,25.099999999999998,52.800000000000004,75.39999999999999,0.0,1,1,-12317.313838366483,-535955.3412765278,0,,0,0,0,0,0,,0,0,0,0,0,,0,0,0,0,0,,0,0,0,0,0,,0,0,0,0,0,,0,0,0,0,0,,0,0,0,0,0,,0,0,0,0,0,,0,0,0,0,0,,0,0,0,0,0,,0,0,0,0,0,,0,0,0,0,0,,0,0,0,0,0,,0,0,0,0,0,,0,0,0,0,0,,0,0,0,0,0,,0,0,0,0,0,,0,0,0,0,0,,0,0,0,0,0,,0,0,0,0,unclassified,10.000000000006356,109.37831678614077,0.0,10.0,406.92148173682165,178.14638548298427,90.73376977010459,204.91828682469674,3197.8711257071477,3840.7208805911805,21.05,-0.6977904598416802,0.7163019434246541,0,20.77045469111161,-0.9573568382532011,-0.2889080896233855,0.6444540448116928,0,0.40000000000000213,1,,2026-06-06 21:00:00+09:00,147.0,26.0,1.0,0.18,1,jma_O9_predicted
capture_anchor:92,-1,OSM_ro364_0_31,2026-06-06 21:31:00+09:00,2026-06-06 21:31:00+09:00,0,,1.6071017237252638,,0.0,capture_gps_anchor,92,1,2026-06-06T22:00,24.1,97.0,23.7,2.5,63.0,1005.9,100.0,2026-06-06 22:00:00+09:00,2.5,3.099999999999993,7.6000000000000005,23.5,52.9,76.1,0.0,1,1,-11286.697879043131,-535925.5656392197,0,,0,0,0,0,0,,0,0,0,0,0,,0,0,0,0,0,,0,0,0,0,0,,0,0,0,0,0,,0,0,0,0,0,,0,0,0,0,0,,0,0,0,0,0,,0,0,0,0,0,,0,0,0,0,0,,0,0,0,0,0,,0,0,0,0,0,,0,0,0,0,0,,0,0,0,0,0,,0,0,0,0,0,,0,0,0,0,0,,0,0,0,0,0,,0,0,0,0,0,,0,0,0,0,0,,0,0,0,0,unclassified,10.000000000004164,80.94260351269077,0.0,10.0,285.8771395559249,42.75854895566086,163.37148103772404,156.13758510893857,3746.520290183212,4195.925423193723,21.516666666666666,-0.6052939880428949,0.7960020025346216,0,20.78989913555577,-0.9585439034198132,-0.2849448810150972,0.6424724405075486,0,0.40000000000000213,1,,2026-06-06 22:00:00+09:00,165.0,18.0,1.0,0.12,1,jma_O9_predicted
capture_anchor:93,-1,OSM_ro338_0_1,2026-06-06 22:26:00+09:00,2026-06-06 22:26:00+09:00,0,,7.93814800808637,,0.0,capture_gps_anchor,93,1,2026-06-06T22:00,24.1,97.0,23.7,2.5,63.0,1005.9,100.0,2026-06-06 22:00:00+09:00,2.5,3.099999999999993,7.6000000000000005,23.5,52.9,76.1,0.0,1,1,-9867.979794295765,-532907.6714607081,0,,0,0,0,0,0,,0,0,0,0,0,,0,0,0,0,0,,0,0,0,0,0,,0,0,0,0,0,,0,0,0,0,0,,0,0,0,0,0,,0,0,0,0,0,,0,0,0,0,0,,0,0,0,0,0,,0,0,0,0,0,,0,0,0,0,0,,0,0,0,0,0,,0,0,0,0,0,,0,0,0,0,0,,0,0,0,0,0,,0,0,0,0,0,,0,0,0,0,0,,0,0,0,0,0,,0,0,0,0,unclassified,10.000000000010745,143.71714094689344,0.0,10.0,277.20755371539644,27.21695630626245,398.0133317085651,3410.317285570963,7040.812818996506,7530.6564649038255,22.433333333333334,-0.39874906892524664,0.9170600743851238,0,20.828093579999205,-0.9608278544924272,-0.2771458713953341,0.638572935697667,0,0.40000000000000213,1,,2026-06-06 22:00:00+09:00,165.0,18.0,1.0,0.12,1,jma_O9_predicted
capture_anchor:94,-1,OSM_ro257_0_16,2026-06-06 22:29:00+09:00,2026-06-06 22:29:00+09:00,0,,0.17951340139074687,,0.0,capture_gps_anchor,94,1,2026-06-06T22:00,24.1,97.0,23.7,2.5,63.0,1005.9,100.0,2026-06-06 22:00:00+09:00,2.5,3.099999999999993,7.6000000000000005,23.5,52.9,76.1,0.0,1,1,-10013.790036672537,-532754.7876582732,0,,0,0,0,0,0,,0,0,0,0,0,,0,0,0,0,0,,0,0,0,0,0,,0,0,0,0,0,,0,0,0,0,0,,0,0,0,0,0,,0,0,0,0,0,,0,0,0,0,0,,0,0,0,0,0,,0,0,0,0,0,,0,0,0,0,0,,0,0,0,0,0,,0,0,0,0,0,,0,0,0,0,0,,0,0,0,0,0,,0,0,0,0,0,,0,0,0,0,0,,0,0,0,0,0,,0,0,0,0,unclassified,10.000000000059906,315.7394208770231,0.0,10.0,114.55375909950894,101.00239875707803,597.1647165616349,3480.132329482667,7097.307246255381,7609.361965698199,22.483333333333334,-0.38671096163682017,0.922200971670452,0,20.830176913333872,-0.9609506100310827,-0.2767199397963398,0.6383599698981699,0,0.40000000000000213,1,,2026-06-06 22:00:00+09:00,165.0,18.0,1.0,0.12,1,jma_O9_predicted
capture_anchor:95,-1,OSM_ro119_0_263,2026-06-10 20:03:00+09:00,2026-06-10 20:03:00+09:00,0,,2.359779470467949,,0.0,capture_gps_anchor,95,1,2026-06-10T20:00,21.3,98.0,20.9,0.5,53.0,1008.3,100.0,2026-06-10 20:00:00+09:00,0.5,1.599999999999993,3.800000000000004,9.6,23.4,152.1,0.0,1,1,-16660.485826998774,-539165.1496095341,0,,0,0,0,0,0,,0,0,0,0,0,,0,0,0,0,0,,0,0,0,0,0,,0,0,0,0,0,,0,0,0,0,0,,0,0,0,0,0,,0,0,0,0,0,,0,0,0,0,0,,0,0,0,0,0,,0,0,0,0,0,,0,0,0,0,0,,0,0,0,0,0,,0,0,0,0,0,,0,0,0,0,0,,0,0,0,0,0,,0,0,0,0,0,,0,0,0,0,0,,0,0,0,0,0,,0,0,0,0,secondary,10.00000000000628,150.82125912130317,0.0,5.0,101.87691811394095,348.4363706327678,116.57159124461212,2961.5668805988657,1243.1445146452309,3480.8670982013177,20.05,-0.8594064115014526,0.5112930860770523,0,24.72878802444373,-0.8529823875126827,0.5219396963186107,0.23903015184069465,0,0.40000000000000213,1,,2026-06-10 20:00:00+09:00,89.0,-6.0,-1.0,0.06,1,jma_O9_predicted
capture_anchor:96,-1,OSM_ro278_0_17,2026-06-10 21:07:00+09:00,2026-06-10 21:07:00+09:00,0,,3.725036372238675,,0.0,capture_gps_anchor,96,1,2026-06-10T21:00,21.5,98.0,21.1,1.1,55.0,1008.4,100.0,2026-06-10 21:00:00+09:00,1.1,2.099999999999993,4.800000000000004,9.5,23.2,151.5,0.0,1,1,-11639.347676856229,-535554.8986716133,0,,0,0,0,0,0,,0,0,0,0,0,,0,0,0,0,0,,0,0,0,0,0,,0,0,0,0,0,,0,0,0,0,0,,0,0,0,0,0,,0,0,0,0,0,,0,0,0,0,0,,0,0,0,0,0,,0,0,0,0,0,,0,0,0,0,0,,0,0,0,0,0,,0,0,0,0,0,,0,0,0,0,0,,0,0,0,0,0,,0,0,0,0,0,,0,0,0,0,0,,0,0,0,0,0,,0,0,0,0,track,9.999999999996424,333.7002629539412,72.93571780803916,8.0,108.8176992955091,246.1670201130782,330.5838694823608,298.0996307390268,3859.5636125505466,4406.505940350276,21.116666666666667,-0.6851829903263594,0.7283709698824,0,24.773232468889347,-0.8480086592680519,0.5299823712222899,0.23500881438885507,0,0.3999999999999986,1,,2026-06-10 21:00:00+09:00,93.0,4.0,1.0,0.0,1,jma_O9_predicted
capture_anchor:97,-1,OSM_ro92_0_8,2026-06-10 21:09:00+09:00,2026-06-10 21:09:00+09:00,0,,5.501202499444025,,0.0,capture_gps_anchor,97,1,2026-06-10T21:00,21.5,98.0,21.1,1.1,55.0,1008.4,100.0,2026-06-10 21:00:00+09:00,1.1,2.099999999999993,4.800000000000004,9.5,23.2,151.5,0.0,1,1,-11579.57800339713,-535755.107718087,0,,0,0,0,0,0,,0,0,0,0,0,,0,0,0,0,0,,0,0,0,0,0,,0,0,0,0,0,,0,0,0,0,0,,0,0,0,0,0,,0,0,0,0,0,,0,0,0,0,0,,0,0,0,0,0,,0,0,0,0,0,,0,0,0,0,0,,0,0,0,0,0,,0,0,0,0,0,,0,0,0,0,0,,0,0,0,0,0,,0,0,0,0,0,,0,0,0,0,0,,0,0,0,0,0,,0,0,0,0,residential,9.999999999993278,288.06646904780155,0.0,4.0,61.06320781192884,343.0731665793946,136.28045932206,111.2592466392768,3718.966566165805,4238.525674145295,21.15,-0.6788007455329418,0.7343225094356856,0,24.774621357777306,-0.8478520060399756,0.5302329448968531,0.23488352755157343,0,0.3999999999999986,1,,2026-06-10 21:00:00+09:00,93.0,4.0,1.0,0.0,1,jma_O9_predicted
capture_anchor:99,-1,OSM_ro364_0_71,2026-06-10 21:20:00+09:00,2026-06-10 21:20:00+09:00,0,,3.8470688506243484,,0.0,capture_gps_anchor,99,1,2026-06-10T21:00,21.5,98.0,21.1,1.1,55.0,1008.4,100.0,2026-06-10 21:00:00+09:00,1.1,2.099999999999993,4.800000000000004,9.5,23.2,151.5,0.0,1,1,-11031.821470499683,-535873.087702903,0,,0,0,0,0,0,,0,0,0,0,0,,0,0,0,0,0,,0,0,0,0,0,,0,0,0,0,0,,0,0,0,0,0,,0,0,0,0,0,,0,0,0,0,0,,0,0,0,0,0,,0,0,0,0,0,,0,0,0,0,0,,0,0,0,0,0,,0,0,0,0,0,,0,0,0,0,0,,0,0,0,0,0,,0,0,0,0,0,,0,0,0,0,0,,0,0,0,0,0,,0,0,0,0,0,,0,0,0,0,unclassified,10.00000000003435,154.43898866377026,0.0,10.0,519.0672948784223,51.12246967060823,387.5807933663777,415.8219002479586,3946.850664016557,4357.148614117416,21.333333333333332,-0.6427876096865396,0.7660444431189778,0,24.782260246667448,-0.8469890901742398,0.5316102718400139,0.23419486407999307,0,0.3999999999999986,1,,2026-06-10 21:00:00+09:00,93.0,4.0,1.0,0.0,1,jma_O9_predicted
capture_anchor:98,-1,OSM_ro364_0_70,2026-06-10 21:20:00+09:00,2026-06-10 21:20:00+09:00,0,,1.5613074680153474,,0.0,capture_gps_anchor,98,1,2026-06-10T21:00,21.5,98.0,21.1,1.1,55.0,1008.4,100.0,2026-06-10 21:00:00+09:00,1.1,2.099999999999993,4.800000000000004,9.5,23.2,151.5,0.0,1,1,-11036.136190192827,-535864.0664394675,0,,0,0,0,0,0,,0,0,0,0,0,,0,0,0,0,0,,0,0,0,0,0,,0,0,0,0,0,,0,0,0,0,0,,0,0,0,0,0,,0,0,0,0,0,,0,0,0,0,0,,0,0,0,0,0,,0,0,0,0,0,,0,0,0,0,0,,0,0,0,0,0,,0,0,0,0,0,,0,0,0,0,0,,0,0,0,0,0,,0,0,0,0,0,,0,0,0,0,0,,0,0,0,0,0,,0,0,0,0,unclassified,10.000000000035135,154.43898866376082,0.0,10.0,513.6995192481862,42.086887949288446,395.4972417688056,413.14638133653716,3951.010039851671,4363.094950803056,21.333333333333332,-0.6427876096865396,0.7660444431189778,0,24.782260246667448,-0.8469890901742398,0.5316102718400139,0.23419486407999307,0,0.3999999999999986,1,,2026-06-10 21:00:00+09:00,93.0,4.0,1.0,0.0,1,jma_O9_predicted
capture_anchor:100,-1,OSM_ro823_0_2,2026-06-13 00:04:00+09:00,2026-06-13 00:04:00+09:00,0,,2.1206925796522116,,0.0,capture_gps_anchor,100,1,2026-06-13T00:00,20.8,88.0,18.7,0.0,3.0,1012.6,100.0,2026-06-13 00:00:00+09:00,0.0,0.39999999999999286,0.4000000000000035,0.7000000000000001,0.7,1.7,2.0,1,1,-16154.135572883282,-535253.647442217,0,,0,0,0,0,0,,0,0,0,0,0,,0,0,0,0,0,,0,0,0,0,0,,0,0,0,0,0,,0,0,0,0,0,,0,0,0,0,0,,0,0,0,0,0,,0,0,0,0,0,,0,0,0,0,0,,0,0,0,0,0,,0,0,0,0,0,,0,0,0,0,0,,0,0,0,0,0,,0,0,0,0,0,,0,0,0,0,0,,0,0,0,0,0,,0,0,0,0,0,,0,0,0,0,0,,0,0,0,0,service,9.999999999940233,311.5589801419825,0.0,6.0,175.02495536983164,219.2285144386376,287.66962071832734,4095.2580484692903,3154.378521494526,5361.818044408852,0.06666666666666667,0.01745240643728351,0.9998476951563913,0,26.89614913555468,-0.5316320396159206,0.8469754273022424,0.0765122863488788,0,2.1000000000000014,0,,2026-06-13 00:00:00+09:00,120.0,15.0,1.0,0.06,1,jma_O9_predicted
capture_anchor:101,-1,OSM_ro48_0_20,2026-06-13 01:12:00+09:00,2026-06-13 01:12:00+09:00,0,,2.376473416197264,,0.0,capture_gps_anchor,101,1,2026-06-13T01:00,20.7,84.0,17.9,0.0,3.0,1012.2,100.0,2026-06-13 01:00:00+09:00,0.0,0.0,0.4000000000000035,0.7000000000000001,0.7,1.4000000000000001,3.0,1,1,-10771.866535582883,-532423.4295037163,0,,0,0,0,0,0,,0,0,0,0,0,,0,0,0,0,0,,0,0,0,0,0,,0,0,0,0,0,,0,0,0,0,0,,0,0,0,0,0,,0,0,0,0,0,,0,0,0,0,0,,0,0,0,0,0,,0,0,0,0,0,,0,0,0,0,0,,0,0,0,0,0,,0,0,0,0,0,,0,0,0,0,0,,0,0,0,0,0,,0,0,0,0,0,,0,0,0,0,0,,0,0,0,0,0,,0,0,0,0,unclassified,10.000000000061817,229.6907020321087,7.917035565545859,10.0,722.2899926418496,65.63614486196094,1423.0775098235617,3538.3201746173945,7052.983118378744,7652.2832338170765,1.2,0.3090169943749474,0.9510565162951535,0,26.943371357778034,-0.5230954382150833,0.8522741123127993,0.07386294384360037,0,2.8000000000000007,0,,2026-06-13 01:00:00+09:00,143.0,23.0,1.0,0.12,1,jma_O9_predicted
capture_anchor:102,-1,OSM_ro136_0_184,2026-06-13 03:17:00+09:00,2026-06-13 03:17:00+09:00,0,,2.892067738719044,,0.0,capture_gps_anchor,102,1,2026-06-13T03:00,21.2,80.0,17.6,0.0,3.0,1011.8,100.0,2026-06-13 03:00:00+09:00,0.0,0.0,0.4000000000000035,0.6000000000000001,0.7,0.8000000000000002,5.0,1,1,-14641.46302759685,-538632.4557392152,0,,0,0,0,0,0,,0,0,0,0,0,,0,0,0,0,0,,0,0,0,0,0,,0,0,0,0,0,,0,0,0,0,0,,0,0,0,0,0,,0,0,0,0,0,,0,0,0,0,0,,0,0,0,0,0,,0,0,0,0,0,,0,0,0,0,0,,0,0,0,0,0,,0,0,0,0,0,,0,0,0,0,0,,0,0,0,0,0,,0,0,0,0,0,,0,0,0,0,0,,0,0,0,0,0,,0,0,0,0,secondary,10.000000000064308,222.32197234440616,9.355316124940884,5.0,434.0712630360618,551.7149252513822,591.8323375718662,1825.3465002749447,605.7781326675706,1805.4897788063454,3.283333333333333,0.7575649843840495,0.6527597524627226,0,27.03017691333278,-0.5072660338002571,0.8617895166179247,0.06910524169103766,0,3.599999999999998,0,,2026-06-13 03:00:00+09:00,189.0,20.0,1.0,0.12,1,jma_O9_predicted
capture_anchor:105,-1,OSM_ro961_0_14,2026-06-13 22:13:00+09:00,2026-06-13 22:13:00+09:00,0,,4.687713415453455,,0.0,capture_gps_anchor,105,1,2026-06-13T22:00,21.2,91.0,19.7,0.0,3.0,1009.8,98.0,2026-06-13 22:00:00+09:00,0.0,0.0,0.0,0.1,0.0999999999999999,0.8,6.0,1,1,-11988.258202398234,-535384.284738065,0,,0,0,0,0,0,,0,0,0,0,0,,0,0,0,0,0,,0,0,0,0,0,,0,0,0,0,0,,0,0,0,0,0,,0,0,0,0,0,,0,0,0,0,0,,0,0,0,0,0,,0,0,0,0,0,,0,0,0,0,0,,0,0,0,0,0,,0,0,0,0,0,,0,0,0,0,0,,0,0,0,0,0,,0,0,0,0,0,,0,0,0,0,0,,0,0,0,0,0,,0,0,0,0,0,,0,0,0,0,track,9.999999999995477,267.400222547251,0.0,8.0,279.5747129564293,27.205394994602457,524.8005706287482,410.4234666621336,3852.886948515466,4470.53291524263,22.216666666666665,-0.45009844103743624,0.8929789434111364,0,27.819065802222923,-0.3561631176469444,0.9344237976571491,0.03278810117142544,0,1.5,0,,2026-06-13 22:00:00+09:00,114.0,-21.0,-1.0,0.12,1,jma_O9_predicted
capture_anchor:106,-1,OSM_ro88_0_194,2026-06-14 00:08:00+09:00,2026-06-14 00:08:00+09:00,0,,3.8392953759761475,,0.0,capture_gps_anchor,106,1,2026-06-14T00:00,21.4,83.0,18.3,0.0,2.0,1008.7,60.0,2026-06-14 00:00:00+09:00,0.0,0.0,0.0,0.1,0.0999999999999999,0.8,8.0,1,1,-13350.9925797315,-532772.7885950416,0,,0,0,0,0,0,,0,0,0,0,0,,0,0,0,0,0,,0,0,0,0,0,,0,0,0,0,0,,0,0,0,0,0,,0,0,0,0,0,,0,0,0,0,0,,0,0,0,0,0,,0,0,0,0,0,,0,0,0,0,0,,0,0,0,0,0,,0,0,0,0,0,,0,0,0,0,0,,0,0,0,0,0,,0,0,0,0,0,,0,0,0,0,0,,0,0,0,0,0,,0,0,0,0,0,,0,0,0,0,tertiary,9.999999999958337,339.71034746067596,0.0,7.0,308.50691553386264,739.4967636294828,2527.443277111642,3311.720825375696,5813.895923203301,6949.696700451963,0.13333333333333333,0.03489949670250097,0.9993908270190958,0,27.898926913332417,-0.34023478765321585,0.9403405177224744,0.0298297411387628,0,3.099999999999998,0,,2026-06-14 00:00:00+09:00,109.0,5.0,1.0,0.0,1,jma_O9_predicted
capture_anchor:107,-1,OSM_ro129_0_194,2026-06-14 01:49:00+09:00,2026-06-14 01:49:00+09:00,0,,6.659943645490065,,0.0,capture_gps_anchor,107,1,2026-06-14T02:00,21.7,82.0,18.4,0.0,3.0,1007.4,94.0,2026-06-14 02:00:00+09:00,0.0,0.0,0.0,0.1,0.0999999999999999,0.8,10.0,1,1,-13397.05141857155,-534719.5878587728,0,,0,0,0,0,0,,0,0,0,0,0,,0,0,0,0,0,,0,0,0,0,0,,0,0,0,0,0,,0,0,0,0,0,,0,0,0,0,0,,0,0,0,0,0,,0,0,0,0,0,,0,0,0,0,0,,0,0,0,0,0,,0,0,0,0,0,,0,0,0,0,0,,0,0,0,0,0,,0,0,0,0,0,,0,0,0,0,0,,0,0,0,0,0,,0,0,0,0,0,,0,0,0,0,0,,0,0,0,0,tertiary,10.000000000040822,219.09364238991088,0.0,7.0,1156.095648978097,286.6612509585914,721.7754875833919,1725.6098667591514,3998.4123785112524,5007.316656530631,1.8166666666666667,0.45787391511695674,0.8890171414857364,0,27.96906580222256,-0.3261643819051307,0.9453130677063785,0.02734346614681077,0,3.3000000000000007,0,,2026-06-14 02:00:00+09:00,151.0,25.0,1.0,0.12,1,jma_O9_predicted
capture_anchor:104,-1,OSM_ro364_0_11,2026-06-16 21:31:00+09:00,2026-06-16 21:31:00+09:00,0,,3.5337067509564006,,0.0,capture_gps_anchor,104,1,2026-06-16T22:00,23.5,98.0,23.2,0.8,53.0,1011.9,100.0,2026-06-16 22:00:00+09:00,0.8,9.199999999999994,36.1,38.6,83.0,109.2,0.0,1,1,-11481.084356278592,-535905.7778085561,0,,0,0,0,0,0,,0,0,0,0,0,,0,0,0,0,0,,0,0,0,0,0,,0,0,0,0,0,,0,0,0,0,0,,0,0,0,0,0,,0,0,0,0,0,,0,0,0,0,0,,0,0,0,0,0,,0,0,0,0,0,,0,0,0,0,0,,0,0,0,0,0,,0,0,0,0,0,,0,0,0,0,0,,0,0,0,0,0,,0,0,0,0,0,,0,0,0,0,0,,0,0,0,0,0,,0,0,0,0,unclassified,9.999999999998934,120.40634220023196,0.0,10.0,102.39590069005375,164.22155236869796,28.667163906038287,8.159130626065481,3647.818929586331,4134.952159629344,21.516666666666666,-0.6052939880428949,0.7960020025346216,0,1.259310465555771,0.26474730292695337,0.9643178239527174,0.017841088023641316,0,0.3000000000000007,1,,2026-06-16 22:00:00+09:00,184.0,-19.0,-1.0,0.06,1,jma_O9_predicted
capture_anchor:108,-1,OSM_ro257_0_1,2026-06-17 22:43:00+09:00,2026-06-17 22:43:00+09:00,0,,4.788677634996425,,0.0,capture_gps_anchor,108,1,2026-06-17T23:00,22.9,98.0,22.6,1.8,61.0,1011.6,100.0,2026-06-17 23:00:00+09:00,1.8,10.299999999999992,14.200000000000005,23.7,57.1,140.5,0.0,1,1,-9909.101630724599,-532862.2136218951,0,,0,0,0,0,0,,0,0,0,0,0,,0,0,0,0,0,,0,0,0,0,0,,0,0,0,0,0,,0,0,0,0,0,,0,0,0,0,0,,0,0,0,0,0,,0,0,0,0,0,,0,0,0,0,0,,0,0,0,0,0,,0,0,0,0,0,,0,0,0,0,0,,0,0,0,0,0,,0,0,0,0,0,,0,0,0,0,0,,0,0,0,0,0,,0,0,0,0,0,,0,0,0,0,0,,0,0,0,0,unclassified,10.000000000061174,315.7394208770157,0.0,10.0,264.5531300529913,30.56152765073796,455.157766494563,3432.06256267501,7058.1534279807365,7554.463084070645,22.716666666666665,-0.3296906452627879,0.944089020392784,0,2.3093104655550434,0.4718157377944993,0.8816971756614809,0.059151412169259565,0,0.29999999999999716,1,,2026-06-17 23:00:00+09:00,175.0,-22.0,-1.0,0.06,1,jma_O9_predicted
capture_anchor:109,-1,OSM_ro129_0_220,2026-06-17 23:27:00+09:00,2026-06-17 23:27:00+09:00,0,,1.3658985683039198,,0.0,capture_gps_anchor,109,1,2026-06-17T23:00,22.9,98.0,22.6,1.8,61.0,1011.6,100.0,2026-06-17 23:00:00+09:00,1.8,10.299999999999992,14.200000000000005,23.7,57.1,140.5,0.0,1,1,-13361.174981207834,-534949.7776065228,0,,0,0,0,0,0,,0,0,0,0,0,,0,0,0,0,0,,0,0,0,0,0,,0,0,0,0,0,,0,0,0,0,0,,0,0,0,0,0,,0,0,0,0,0,,0,0,0,0,0,,0,0,0,0,0,,0,0,0,0,0,,0,0,0,0,0,,0,0,0,0,0,,0,0,0,0,0,,0,0,0,0,0,,0,0,0,0,0,,0,0,0,0,0,,0,0,0,0,0,,0,0,0,0,0,,0,0,0,0,tertiary,9.999999999998824,169.02906367162245,9.890547886320405,7.0,1282.440336792952,180.32550719262903,528.0439772663689,1556.9829067182181,3812.3964556464634,4775.428956099045,23.45,-0.14349262199117946,0.9896513868196702,0,2.3398660211101543,0.4775378744978136,0.8786111645205235,0.06069441773973827,0,0.29999999999999716,1,,2026-06-17 23:00:00+09:00,175.0,-22.0,-1.0,0.06,1,jma_O9_predicted
capture_anchor:111,-1,OSM_ro384_0_7,2026-06-17 23:57:00+09:00,2026-06-17 23:57:00+09:00,0,,2.549859117529181,,0.0,capture_gps_anchor,111,1,2026-06-18T00:00,23.2,97.0,22.7,0.5,53.0,1011.6,100.0,2026-06-18 00:00:00+09:00,0.5,9.499999999999993,14.700000000000005,21.3,52.7,135.5,0.0,1,1,-16968.537341017534,-534919.779373035,0,,0,0,0,0,0,,0,0,0,0,0,,0,0,0,0,0,,0,0,0,0,0,,0,0,0,0,0,,0,0,0,0,0,,0,0,0,0,0,,0,0,0,0,0,,0,0,0,0,0,,0,0,0,0,0,,0,0,0,0,0,,0,0,0,0,0,,0,0,0,0,0,,0,0,0,0,0,,0,0,0,0,0,,0,0,0,0,0,,0,0,0,0,0,,0,0,0,0,0,,0,0,0,0,0,,0,0,0,0,unclassified,9.999999999933056,314.6495770457844,7.092760115656006,10.0,74.50215359998903,63.926901281531265,1152.0915087654114,4957.236992463941,3771.8690031896836,6108.208407902213,23.95,-0.013089595571345647,0.999914327574007,0,2.360699354444094,0.481427773709994,0.8764857663993402,0.061757116800329914,0,0.5,1,,2026-06-18 00:00:00+09:00,148.0,-27.0,-1.0,0.12,1,jma_O9_predicted
capture_anchor:112,-1,OSM_ro132_0_10,2026-06-18 22:52:00+09:00,2026-06-18 22:52:00+09:00,0,,1.7550978015902772,,0.0,capture_gps_anchor,112,1,2026-06-18T23:00,25.0,98.0,24.7,0.0,3.0,1011.7,100.0,2026-06-18 23:00:00+09:00,0.0,0.0,0.0,0.0,8.3,65.39999999999999,12.0,1,1,-11812.723061388886,-535296.1335539236,0,,0,0,0,0,0,,0,0,0,0,0,,0,0,0,0,0,,0,0,0,0,0,,0,0,0,0,0,,0,0,0,0,0,,0,0,0,0,0,,0,0,0,0,0,,0,0,0,0,0,,0,0,0,0,0,,0,0,0,0,0,,0,0,0,0,0,,0,0,0,0,0,,0,0,0,0,0,,0,0,0,0,0,,0,0,0,0,0,,0,0,0,0,0,,0,0,0,0,0,,0,0,0,0,0,,0,0,0,0,unclassified,9.999999999989988,200.8312938492001,0.0,10.0,224.4201700299034,49.58860897646184,589.1962242871263,531.1332614632674,4007.0735047156404,4601.2099876019565,22.866666666666667,-0.29237170472273627,0.9563047559630357,0,3.315560465555407,0.6483746077586213,0.7613214616795285,0.11933926916023574,0,0.3000000000000007,1,,2026-06-18 23:00:00+09:00,188.0,-11.0,-1.0,0.0,1,jma_O9_predicted
capture_anchor:113,-1,OSM_ro527_0_76,2026-06-19 00:06:00+09:00,2026-06-19 00:06:00+09:00,0,,1.8452235991571233,,0.0,capture_gps_anchor,113,1,2026-06-19T00:00,24.9,97.0,24.5,0.0,3.0,1011.7,100.0,2026-06-19 00:00:00+09:00,0.0,0.0,0.0,0.0,7.800000000000001,60.5,13.0,1,1,-11984.44099546639,-533914.4935331187,0,,0,0,0,0,0,,0,0,0,0,0,,0,0,0,0,0,,0,0,0,0,0,,0,0,0,0,0,,0,0,0,0,0,,0,0,0,0,0,,0,0,0,0,0,,0,0,0,0,0,,0,0,0,0,0,,0,0,0,0,0,,0,0,0,0,0,,0,0,0,0,0,,0,0,0,0,0,,0,0,0,0,0,,0,0,0,0,0,,0,0,0,0,0,,0,0,0,0,0,,0,0,0,0,0,,0,0,0,0,unclassified,9.999999999928235,194.55403936514227,26.86391317607493,10.0,145.19870378127504,715.8568929954993,1979.5451268681074,1880.1768786343168,5229.839084323428,5907.585721401496,0.1,0.02617694830787315,0.9996573249755573,0,3.3669493544444578,0.6566599343316437,0.7541868008945538,0.1229065995527231,0,0.3999999999999986,1,,2026-06-19 00:00:00+09:00,166.0,-22.0,-1.0,0.06,1,jma_O9_predicted
capture_anchor:114,-1,OSM_ro257_0_20,2026-06-19 00:29:00+09:00,2026-06-19 00:29:00+09:00,0,,5.313320447679714,,0.0,capture_gps_anchor,114,1,2026-06-19T00:00,24.9,97.0,24.5,0.0,3.0,1011.7,100.0,2026-06-19 00:00:00+09:00,0.0,0.0,0.0,0.0,7.800000000000001,60.5,13.0,1,1,-10041.70694492532,-532726.1407346408,0,,0,0,0,0,0,,0,0,0,0,0,,0,0,0,0,0,,0,0,0,0,0,,0,0,0,0,0,,0,0,0,0,0,,0,0,0,0,0,,0,0,0,0,0,,0,0,0,0,0,,0,0,0,0,0,,0,0,0,0,0,,0,0,0,0,0,,0,0,0,0,0,,0,0,0,0,0,,0,0,0,0,0,,0,0,0,0,0,,0,0,0,0,0,,0,0,0,0,0,,0,0,0,0,0,,0,0,0,0,unclassified,9.99999999997653,315.7394208765576,0.0,10.0,74.55435434160142,75.8421537287975,635.4428407683615,3493.7057283263903,7108.246448342316,7624.433316738701,0.48333333333333334,0.12619896913582973,0.992004949679715,0,3.382921576665993,0.6592191577406395,0.7519508641312421,0.12402456793437894,0,0.3999999999999986,1,,2026-06-19 00:00:00+09:00,166.0,-22.0,-1.0,0.06,1,jma_O9_predicted
capture_anchor:115,-1,OSM_ro129_0_60,2026-06-19 01:04:00+09:00,2026-06-19 01:04:00+09:00,0,,7.488336350960872,,0.0,capture_gps_anchor,115,1,2026-06-19T01:00,24.9,97.0,24.4,0.0,3.0,1011.3,98.0,2026-06-19 01:00:00+09:00,0.0,0.0,0.0,0.0,7.7,57.0,14.0,1,1,-12822.113534975455,-534058.3465303513,0,,0,0,0,0,0,,0,0,0,0,0,,0,0,0,0,0,,0,0,0,0,0,,0,0,0,0,0,,0,0,0,0,0,,0,0,0,0,0,,0,0,0,0,0,,0,0,0,0,0,,0,0,0,0,0,,0,0,0,0,0,,0,0,0,0,0,,0,0,0,0,0,,0,0,0,0,0,,0,0,0,0,0,,0,0,0,0,0,,0,0,0,0,0,,0,0,0,0,0,,0,0,0,0,0,,0,0,0,0,tertiary,10.000000000031717,187.87804149744974,7.328965794641789,7.0,350.37165368225556,262.7773330029278,1567.9749636593683,1922.7897754059259,4853.6635376399145,5665.9360537037,1.0666666666666667,0.27563735581699916,0.9612616959383189,0,3.407227132222559,0.6630990104695843,0.7485316976015499,0.12573415119922504,0,0.5,1,,2026-06-19 01:00:00+09:00,139.0,-27.0,-1.0,0.12,1,jma_O9_predicted
capture_anchor:117,-1,OSM_ro146_0_322,2026-06-20 22:17:00+09:00,2026-06-20 22:17:00+09:00,0,,4.969331460807847,,0.0,capture_gps_anchor,117,1,2026-06-20T22:00,25.1,98.0,24.7,0.3,51.0,1010.5,75.0,2026-06-20 22:00:00+09:00,0.3,0.29999999999999266,0.30000000000000354,0.3,0.3,0.3,0.0,1,1,-11831.961824746053,-535190.853528522,0,,0,0,0,0,0,,0,0,0,0,0,,0,0,0,0,0,,0,0,0,0,0,,0,0,0,0,0,,0,0,0,0,0,,0,0,0,0,0,,0,0,0,0,0,,0,0,0,0,0,,0,0,0,0,0,,0,0,0,0,0,,0,0,0,0,0,,0,0,0,0,0,,0,0,0,0,0,,0,0,0,0,0,,0,0,0,0,0,,0,0,0,0,0,,0,0,0,0,0,,0,0,0,0,0,,0,0,0,0,unclassified,9.999999999999405,274.13286771969626,0.0,10.0,330.4933417842921,43.37521359336436,695.2176897654151,625.6740643924979,4093.831844473186,4697.383216888921,22.283333333333335,-0.4344452574044169,0.900698239322588,0,5.29125491000066,0.9026180535147951,0.43044238809527396,0.28477880595236305,0,0.40000000000000213,1,,2026-06-20 22:00:00+09:00,176.0,24.0,1.0,0.12,1,jma_O9_predicted
capture_anchor:118,-1,OSM_ro137_0_60,2026-06-21 00:13:00+09:00,2026-06-21 00:13:00+09:00,0,,0.9508839839027883,,0.0,capture_gps_anchor,118,1,2026-06-21T00:00,25.1,99.0,24.8,0.0,3.0,1010.1,80.0,2026-06-21 00:00:00+09:00,0.0,0.29999999999999266,0.30000000000000354,0.3,0.3,0.3,2.0,1,1,-10589.404958763096,-532414.8414122389,0,,0,0,0,0,0,,0,0,0,0,0,,0,0,0,0,0,,0,0,0,0,0,,0,0,0,0,0,,0,0,0,0,0,,0,0,0,0,0,,0,0,0,0,0,,0,0,0,0,0,,0,0,0,0,0,,0,0,0,0,0,,0,0,0,0,0,,0,0,0,0,0,,0,0,0,0,0,,0,0,0,0,0,,0,0,0,0,0,,0,0,0,0,0,,0,0,0,0,0,,0,0,0,0,0,,0,0,0,0,unclassified,10.00000000003976,323.6632050970193,30.014574257691606,10.0,558.5915326315476,8.277767823877978,1265.4250552345477,3593.01765504049,7135.014420741513,7717.356892639657,0.21666666666666667,0.05669278756337751,0.9983916705573488,0,5.371810465555043,0.9098627689363271,0.41490931744601706,0.2925453412769915,0,0.3000000000000007,1,,2026-06-21 00:00:00+09:00,184.0,-3.0,-1.0,0.0,1,jma_O9_predicted
capture_anchor:119,-1,OSM_ro877_0_12,2026-06-21 02:27:00+09:00,2026-06-21 02:27:00+09:00,0,,3.6861121219614335,,0.0,capture_gps_anchor,119,1,2026-06-21T02:00,25.0,99.0,24.8,0.0,2.0,1009.7,70.0,2026-06-21 02:00:00+09:00,0.0,0.0,0.30000000000000354,0.3,0.3,0.3,4.0,1,1,-19743.946941166207,-535560.8791188037,0,,0,0,0,0,0,,0,0,0,0,0,,0,0,0,0,0,,0,0,0,0,0,,0,0,0,0,0,,0,0,0,0,0,,0,0,0,0,0,,0,0,0,0,0,,0,0,0,0,0,,0,0,0,0,0,,0,0,0,0,0,,0,0,0,0,0,,0,0,0,0,0,,0,0,0,0,0,,0,0,0,0,0,,0,0,0,0,0,,0,0,0,0,0,,0,0,0,0,0,,0,0,0,0,0,,0,0,0,0,service,9.999999999960325,136.01366548017302,17.51864298476289,6.0,200.4470347139682,1280.9035174191902,147.36382249529936,2689.6314111377988,5221.685318003229,7749.083466717021,2.45,0.5983246005706591,0.8012538126910607,0,5.464866021110154,0.917898817642521,0.3968145165823221,0.301592741708839,0,0.1999999999999993,1,,2026-06-21 02:00:00+09:00,148.0,-21.0,-1.0,0.12,1,jma_O9_predicted
capture_anchor:120,-1,OSM_ro879_0_13,2026-06-21 02:42:00+09:00,2026-06-21 02:42:00+09:00,0,,0.45501128011486947,,0.0,capture_gps_anchor,120,1,2026-06-21T03:00,25.1,99.0,24.9,0.0,1.0,1009.4,20.0,2026-06-21 03:00:00+09:00,0.0,0.0,0.30000000000000354,0.3,0.3,0.3,5.0,1,1,-19732.39572396443,-535484.2320959342,0,,0,0,0,0,0,,0,0,0,0,0,,0,0,0,0,0,,0,0,0,0,0,,0,0,0,0,0,,0,0,0,0,0,,0,0,0,0,0,,0,0,0,0,0,,0,0,0,0,0,,0,0,0,0,0,,0,0,0,0,0,,0,0,0,0,0,,0,0,0,0,0,,0,0,0,0,0,,0,0,0,0,0,,0,0,0,0,0,,0,0,0,0,0,,0,0,0,0,0,,0,0,0,0,0,,0,0,0,0,service,10.000000000002483,87.11472180843134,0.0,6.0,126.52353688357563,1207.3382677155282,155.95555796613516,2733.654662175955,5257.134098357758,7781.221183283281,2.7,0.6494480483301837,0.7604059656000309,0,5.475282687778034,0.9187760386697712,0.39477916708747834,0.30261041645626086,0,0.20000000000000284,1,,2026-06-21 03:00:00+09:00,125.0,-23.0,-1.0,0.18,1,jma_O9_predicted
capture_anchor:121,-1,OSM_ro136_0_265,2026-06-22 20:25:00+09:00,2026-06-22 20:25:00+09:00,0,,2.313074405947947,,0.0,capture_gps_anchor,121,1,2026-06-22T20:00,25.1,89.0,23.1,0.0,1.0,1006.1,37.0,2026-06-22 20:00:00+09:00,0.0,0.0,0.20000000000000356,1.2000000000000002,1.6,1.9000000000000001,4.0,1,1,-14850.128219220338,-538733.5603247071,0,,0,0,0,0,0,,0,0,0,0,0,,0,0,0,0,0,,0,0,0,0,0,,0,0,0,0,0,,0,0,0,0,0,,0,0,0,0,0,,0,0,0,0,0,,0,0,0,0,0,,0,0,0,0,0,,0,0,0,0,0,,0,0,0,0,0,,0,0,0,0,0,,0,0,0,0,0,,0,0,0,0,0,,0,0,0,0,0,,0,0,0,0,0,,0,0,0,0,0,,0,0,0,0,0,,0,0,0,0,secondary,10.000000000055355,194.16090817829703,7.946762646167969,5.0,204.0309346199887,323.5548626010509,362.817980732519,1858.0175730460244,461.7535693344489,1916.8954880374347,20.416666666666668,-0.8064446042674829,0.591309648363582,0,7.213477132222195,0.9993522826608373,0.03598631879720158,0.4820068406013992,0,2.0,0,,2026-06-22 20:00:00+09:00,100.0,13.0,1.0,0.06,1,jma_O9_predicted
capture_anchor:123,-1,OSM_ro37_0_136,2026-06-22 21:34:00+09:00,2026-06-22 21:34:00+09:00,0,,0.21579225397661236,,0.0,capture_gps_anchor,123,1,2026-06-22T22:00,24.4,89.0,22.6,0.0,1.0,1006.6,38.0,2026-06-22 22:00:00+09:00,0.0,0.0,0.0,0.9,1.6,1.6,6.0,1,1,-12733.405209863924,-535691.81832016,0,,0,0,0,0,0,,0,0,0,0,0,,0,0,0,0,0,,0,0,0,0,0,,0,0,0,0,0,,0,0,0,0,0,,0,0,0,0,0,,0,0,0,0,0,,0,0,0,0,0,,0,0,0,0,0,,0,0,0,0,0,,0,0,0,0,0,,0,0,0,0,0,,0,0,0,0,0,,0,0,0,0,0,,0,0,0,0,0,,0,0,0,0,0,,0,0,0,0,0,,0,0,0,0,0,,0,0,0,0,unclassified,10.00000000001926,161.69531688856569,0.0,10.0,765.4722350368359,645.8500218405931,208.1488672769309,659.1677359706514,3313.9965107182784,4042.065107241884,21.566666666666666,-0.5948227867513417,0.803856860617217,0,7.261393798888619,0.9996672262432995,0.0257960612308883,0.48710196938455586,0,1.7999999999999972,0,,2026-06-22 22:00:00+09:00,143.0,22.0,1.0,0.18,1,jma_O9_predicted
capture_anchor:125,-1,OSM_ro222_0_135,2026-06-23 01:25:00+09:00,2026-06-23 01:25:00+09:00,0,,2.592291329276879,,0.0,capture_gps_anchor,125,1,2026-06-23T01:00,24.3,96.0,23.6,0.0,3.0,1005.1,85.0,2026-06-23 01:00:00+09:00,0.0,0.0,0.0,0.30000000000000004,1.6,1.6,9.0,1,1,-19963.655537665818,-536836.9365752895,0,,0,0,0,0,0,,0,0,0,0,0,,0,0,0,0,0,,0,0,0,0,0,,0,0,0,0,0,,0,0,0,0,0,,0,0,0,0,0,,0,0,0,0,0,,0,0,0,0,0,,0,0,0,0,0,,0,0,0,0,0,,0,0,0,0,0,,0,0,0,0,0,,0,0,0,0,0,,0,0,0,0,0,,0,0,0,0,0,,0,0,0,0,0,,0,0,0,0,0,,0,0,0,0,0,,0,0,0,0,primary,9.999999999972564,31.494438798248268,0.0,3.0,116.28204825043348,1574.2107620919226,18.285546809860545,2182.670078104328,4805.367561625483,7339.783070350282,1.4166666666666667,0.36243803828370164,0.9320078692827986,0,7.421810465556135,0.999965283052304,-0.008332628044344504,0.5041663140221723,0,0.6999999999999993,1,,2026-06-23 01:00:00+09:00,179.0,3.0,1.0,0.06,1,jma_O9_predicted
capture_anchor:126,-1,OSM_ro877_0_12,2026-06-23 01:39:00+09:00,2026-06-23 01:39:00+09:00,0,,1.791540478614234,,0.0,capture_gps_anchor,126,1,2026-06-23T02:00,24.6,98.0,24.2,0.0,2.0,1004.8,74.0,2026-06-23 02:00:00+09:00,0.0,0.0,0.0,0.2,1.6,1.6,10.0,1,1,-19743.946941166207,-535560.8791188037,0,,0,0,0,0,0,,0,0,0,0,0,,0,0,0,0,0,,0,0,0,0,0,,0,0,0,0,0,,0,0,0,0,0,,0,0,0,0,0,,0,0,0,0,0,,0,0,0,0,0,,0,0,0,0,0,,0,0,0,0,0,,0,0,0,0,0,,0,0,0,0,0,,0,0,0,0,0,,0,0,0,0,0,,0,0,0,0,0,,0,0,0,0,0,,0,0,0,0,0,,0,0,0,0,0,,0,0,0,0,service,9.999999999960325,136.01366548017302,17.51864298476289,6.0,200.4470347139682,1280.9035174191902,147.36382249529936,2689.6314111377988,5221.685318003229,7749.083466717021,1.65,0.4186597375374281,0.9081431738250813,0,7.431532687777306,0.9999459068714558,-0.010401121623259445,0.5052005608116297,0,0.40000000000000213,1,,2026-06-23 02:00:00+09:00,172.0,-7.0,-1.0,0.0,1,jma_O9_predicted
capture_anchor:127,-1,OSM_ro445_0_6,2026-06-23 01:56:00+09:00,2026-06-23 01:56:00+09:00,0,,4.25140079835697,,0.0,capture_gps_anchor,127,1,2026-06-23T02:00,24.6,98.0,24.2,0.0,2.0,1004.8,74.0,2026-06-23 02:00:00+09:00,0.0,0.0,0.0,0.2,1.6,1.6,10.0,1,1,-20251.764866936708,-534323.3175375665,0,,0,0,0,0,0,,0,0,0,0,0,,0,0,0,0,0,,0,0,0,0,0,,0,0,0,0,0,,0,0,0,0,0,,0,0,0,0,0,,0,0,0,0,0,,0,0,0,0,0,,0,0,0,0,0,,0,0,0,0,0,,0,0,0,0,0,,0,0,0,0,0,,0,0,0,0,0,,0,0,0,0,0,,0,0,0,0,0,,0,0,0,0,0,,0,0,0,0,0,,0,0,0,0,0,,0,0,0,0,primary,9.999999999966494,340.763378412139,21.325058805360015,3.0,1139.4256662741216,37.68796262164555,2.7717352679729554,2688.052264039263,4165.665909685842,8879.421333777875,1.9333333333333333,0.48480962024633695,0.8746197071393959,0,7.4433382433331445,0.9999166262819171,-0.012912803142182704,0.5064564015710914,0,0.40000000000000213,1,,2026-06-23 02:00:00+09:00,172.0,-7.0,-1.0,0.0,1,jma_O9_predicted
capture_anchor:129,-1,OSM_ro136_0_284,2026-06-23 22:12:00+09:00,2026-06-23 22:12:00+09:00,0,,5.349170473427938,,0.0,capture_gps_anchor,129,1,2026-06-23T22:00,26.5,93.0,25.3,0.1,51.0,1006.6,73.0,2026-06-23 22:00:00+09:00,0.1,0.09999999999999268,0.20000000000000356,1.1,2.0,3.6,0.0,1,1,-14983.71035866292,-538837.5320696282,0,,0,0,0,0,0,,0,0,0,0,0,,0,0,0,0,0,,0,0,0,0,0,,0,0,0,0,0,,0,0,0,0,0,,0,0,0,0,0,,0,0,0,0,0,,0,0,0,0,0,,0,0,0,0,0,,0,0,0,0,0,,0,0,0,0,0,,0,0,0,0,0,,0,0,0,0,0,,0,0,0,0,0,,0,0,0,0,0,,0,0,0,0,0,,0,0,0,0,0,,0,0,0,0,0,,0,0,0,0,secondary,9.999999999953141,190.62500213386997,0.0,5.0,80.5986275540356,185.62183931194062,193.55555950012896,1864.577209980072,407.9658155749801,1980.5386351968764,22.2,-0.45399049973954697,0.8910065241883678,0,8.287782687778034,0.9815128465772286,-0.19139626956622136,0.5956981347831107,0,1.1999999999999993,0,,2026-06-23 22:00:00+09:00,131.0,16.0,1.0,0.12,1,jma_O9_predicted
capture_anchor:130,-1,OSM_ro136_0_265,2026-06-23 22:17:00+09:00,2026-06-23 22:17:00+09:00,0,,1.8005235366417438,,0.0,capture_gps_anchor,130,1,2026-06-23T22:00,26.5,93.0,25.3,0.1,51.0,1006.6,73.0,2026-06-23 22:00:00+09:00,0.1,0.09999999999999268,0.20000000000000356,1.1,2.0,3.6,0.0,1,1,-14850.128219220338,-538733.5603247071,0,,0,0,0,0,0,,0,0,0,0,0,,0,0,0,0,0,,0,0,0,0,0,,0,0,0,0,0,,0,0,0,0,0,,0,0,0,0,0,,0,0,0,0,0,,0,0,0,0,0,,0,0,0,0,0,,0,0,0,0,0,,0,0,0,0,0,,0,0,0,0,0,,0,0,0,0,0,,0,0,0,0,0,,0,0,0,0,0,,0,0,0,0,0,,0,0,0,0,0,,0,0,0,0,0,,0,0,0,0,secondary,10.000000000055355,194.16090817829703,7.946762646167969,5.0,204.0309346199887,323.5548626010509,362.817980732519,1858.0175730460244,461.7535693344489,1916.8954880374347,22.283333333333335,-0.4344452574044169,0.900698239322588,0,8.29125491000066,0.9813711789533858,-0.19212133957382704,0.5960606697869135,0,1.1999999999999993,0,,2026-06-23 22:00:00+09:00,131.0,16.0,1.0,0.12,1,jma_O9_predicted
capture_anchor:131,-1,OSM_ro364_0_3,2026-06-23 23:25:00+09:00,2026-06-23 23:25:00+09:00,0,,3.644849627495046,,0.0,capture_gps_anchor,131,1,2026-06-23T23:00,26.7,93.0,25.4,0.2,51.0,1006.7,88.0,2026-06-23 23:00:00+09:00,0.2,0.2999999999999927,0.4000000000000036,1.3,2.2,3.8,0.0,1,1,-11553.26937677899,-535871.3685293205,0,,0,0,0,0,0,,0,0,0,0,0,,0,0,0,0,0,,0,0,0,0,0,,0,0,0,0,0,,0,0,0,0,0,,0,0,0,0,0,,0,0,0,0,0,,0,0,0,0,0,,0,0,0,0,0,,0,0,0,0,0,,0,0,0,0,0,,0,0,0,0,0,,0,0,0,0,0,,0,0,0,0,0,,0,0,0,0,0,,0,0,0,0,0,,0,0,0,0,0,,0,0,0,0,0,,0,0,0,0,unclassified,10.000000000005,114.93131414517308,0.0,10.0,26.95494456556245,230.7876936674488,27.711035293729154,4.798288174986578,3635.681017094575,4139.590188102353,23.416666666666668,-0.1521233861899172,0.9883615104677607,0,8.338477132222195,0.9793913547694466,-0.20197171634381889,0.6009858581719094,0,1.3000000000000007,0,,2026-06-23 23:00:00+09:00,150.0,19.0,1.0,0.18,1,jma_O9_predicted
capture_anchor:132,-1,OSM_ro48_0_39,2026-06-24 01:11:00+09:00,2026-06-24 01:11:00+09:00,0,,0.9554229158212988,,0.0,capture_gps_anchor,132,1,2026-06-24T01:00,26.5,94.0,25.5,0.2,51.0,1005.9,45.0,2026-06-24 01:00:00+09:00,0.2,0.6000000000000001,0.7000000000000036,1.6,2.6,4.2,0.0,1,1,-10899.470988924922,-532560.9892222063,0,,0,0,0,0,0,,0,0,0,0,0,,0,0,0,0,0,,0,0,0,0,0,,0,0,0,0,0,,0,0,0,0,0,,0,0,0,0,0,,0,0,0,0,0,,0,0,0,0,0,,0,0,0,0,0,,0,0,0,0,0,,0,0,0,0,0,,0,0,0,0,0,,0,0,0,0,0,,0,0,0,0,0,,0,0,0,0,0,,0,0,0,0,0,,0,0,0,0,0,,0,0,0,0,0,,0,0,0,0,unclassified,10.000000000030814,231.84712369791475,0.0,10.0,813.1366775022585,65.60791872928975,1480.8180463245906,3376.322979295494,6876.422478629099,7483.0962055626915,1.1833333333333333,0.30486429902801077,0.9523957996432784,0,8.412088243333145,0.9761080533390021,-0.21728568339111504,0.6086428416955575,0,1.0,0,,2026-06-24 01:00:00+09:00,176.0,10.0,1.0,0.12,1,jma_O9_predicted
capture_anchor:133,-1,OSM_ro480_0_94,2026-06-24 02:06:00+09:00,2026-06-24 02:06:00+09:00,0,,3.0353773971020814,,0.0,capture_gps_anchor,133,1,2026-06-24T02:00,26.1,96.0,25.4,0.2,51.0,1005.5,100.0,2026-06-24 02:00:00+09:00,0.2,0.6000000000000001,0.9000000000000037,1.6,2.8,4.4,0.0,1,1,-14137.263732875695,-538114.8097180563,0,,0,0,0,0,0,,0,0,0,0,0,,0,0,0,0,0,,0,0,0,0,0,,0,0,0,0,0,,0,0,0,0,0,,0,0,0,0,0,,0,0,0,0,0,,0,0,0,0,0,,0,0,0,0,0,,0,0,0,0,0,,0,0,0,0,0,,0,0,0,0,0,,0,0,0,0,0,,0,0,0,0,0,,0,0,0,0,0,,0,0,0,0,0,,0,0,0,0,0,,0,0,0,0,0,,0,0,0,0,unclassified,9.999999999945038,230.06700070144709,0.0,10.0,451.97232052699957,384.83794081073785,469.16905697968,2113.2276557562536,971.4778330892094,1866.7184458400968,2.1,0.5224985647159488,0.8526401643540922,0,8.450282687778397,0.9743100511227968,-0.22521084405750325,0.6126054220287516,0,0.7000000000000028,1,,2026-06-24 02:00:00+09:00,177.0,1.0,1.0,0.06,1,jma_O9_predicted
capture_anchor:135,-1,OSM_ro877_0_13,2026-06-25 02:13:00+09:00,2026-06-25 02:13:00+09:00,0,,1.934127553296949,,0.0,capture_gps_anchor,135,1,2026-06-25T02:00,26.6,93.0,25.3,0.0,3.0,1004.6,91.0,2026-06-25 02:00:00+09:00,0.0,0.0,0.4000000000000036,0.7000000000000001,3.2,6.000000000000001,4.0,1,1,-19737.952266294553,-535568.8113880728,0,,0,0,0,0,0,,0,0,0,0,0,,0,0,0,0,0,,0,0,0,0,0,,0,0,0,0,0,,0,0,0,0,0,,0,0,0,0,0,,0,0,0,0,0,,0,0,0,0,0,,0,0,0,0,0,,0,0,0,0,0,,0,0,0,0,0,,0,0,0,0,0,,0,0,0,0,0,,0,0,0,0,0,,0,0,0,0,0,,0,0,0,0,0,,0,0,0,0,0,,0,0,0,0,0,,0,0,0,0,service,10.000000000048306,145.41797336584034,0.0,6.0,205.68099979859517,1289.7037206311861,155.2007651852129,2691.6685442998582,5212.204332434834,7739.748036130362,2.216666666666667,0.5482932295199138,0.8362861558477596,0,9.455143798888983,0.9043413038106222,-0.42681003528748473,0.7134050176437423,0,1.3000000000000007,0,,2026-06-25 02:00:00+09:00,176.0,8.0,1.0,0.12,1,jma_O9_predicted
capture_anchor:136,-1,OSM_ro527_0_44,2026-06-25 03:49:00+09:00,2026-06-25 03:49:00+09:00,0,,12.187548049572712,,0.0,capture_gps_anchor,136,1,2026-06-25T04:00,27.0,86.0,24.5,0.0,0.0,1003.8,16.0,2026-06-25 04:00:00+09:00,0.0,0.0,0.0,0.4,2.8,6.000000000000001,6.0,1,1,-11951.750160119402,-533659.2058671,0,,0,0,0,0,0,,0,0,0,0,0,,0,0,0,0,0,,0,0,0,0,0,,0,0,0,0,0,,0,0,0,0,0,,0,0,0,0,0,,0,0,0,0,0,,0,0,0,0,0,,0,0,0,0,0,,0,0,0,0,0,,0,0,0,0,0,,0,0,0,0,0,,0,0,0,0,0,,0,0,0,0,0,,0,0,0,0,0,,0,0,0,0,0,,0,0,0,0,0,,0,0,0,0,0,,0,0,0,0,unclassified,9.999999999983377,194.9092451479748,16.873167120115085,10.0,402.56511587895415,922.9191796427132,2231.337841020689,2135.8877758547646,5483.262357479256,6164.532071521253,3.8166666666666664,0.8410390129643924,0.540974471367994,0,9.52181046555468,0.8981964091383448,-0.43959437054059647,0.7197971852702982,0,2.5,0,,2026-06-25 04:00:00+09:00,165.0,-11.0,-1.0,0.0,1,jma_O9_predicted
capture_anchor:137,-1,OSM_ro137_0_33,2026-06-25 04:02:00+09:00,2026-06-25 04:02:00+09:00,0,,0.38281304195079996,,0.0,capture_gps_anchor,137,1,2026-06-25T04:00,27.0,86.0,24.5,0.0,0.0,1003.8,16.0,2026-06-25 04:00:00+09:00,0.0,0.0,0.0,0.4,2.8,6.000000000000001,6.0,1,1,-10361.13205063542,-532519.7909651434,0,,0,0,0,0,0,,0,0,0,0,0,,0,0,0,0,0,,0,0,0,0,0,,0,0,0,0,0,,0,0,0,0,0,,0,0,0,0,0,,0,0,0,0,0,,0,0,0,0,0,,0,0,0,0,0,,0,0,0,0,0,,0,0,0,0,0,,0,0,0,0,0,,0,0,0,0,0,,0,0,0,0,0,,0,0,0,0,0,,0,0,0,0,0,,0,0,0,0,0,,0,0,0,0,0,,0,0,0,0,unclassified,10.000000000037957,333.3948471254148,0.0,10.0,307.9119618254955,50.43148247055995,1015.2877212604046,3561.849261766185,7139.245898840948,7695.674385826273,4.033333333333333,0.8703556959398996,0.49242356010346733,0,9.53083824333278,0.8973503672129605,-0.4413188399136898,0.7206594199568449,0,2.5,0,,2026-06-25 04:00:00+09:00,165.0,-11.0,-1.0,0.0,1,jma_O9_predicted
capture_anchor:138,-1,OSM_ro221_0_25,2026-06-28 20:52:00+09:00,2026-06-28 20:52:00+09:00,0,,1.6573812867872226,,0.0,capture_gps_anchor,138,1,2026-06-28T21:00,24.9,97.0,24.5,0.1,51.0,1009.4,98.0,2026-06-28 21:00:00+09:00,0.1,0.30000000000000004,2.7000000000000037,4.6,9.0,11.1,0.0,1,1,-14230.52098920385,-537234.7151951833,0,,0,0,0,0,0,,0,0,0,0,0,,0,0,0,0,0,,0,0,0,0,0,,0,0,0,0,0,,0,0,0,0,0,,0,0,0,0,0,,0,0,0,0,0,,0,0,0,0,0,,0,0,0,0,0,,0,0,0,0,0,,0,0,0,0,0,,0,0,0,0,0,,0,0,0,0,0,,0,0,0,0,0,,0,0,0,0,0,,0,0,0,0,0,,0,0,0,0,0,,0,0,0,0,0,,0,0,0,0,unclassified,9.999999999966512,57.17368209867453,10.327641232682765,10.0,228.779070166108,1177.3463683008117,43.357366523639946,2487.943950048939,1434.1714858869318,2700.641534981308,20.866666666666667,-0.7313537016191703,0.6819983600624986,0,13.232227132221468,0.32043506433183305,-0.9472704838358756,0.9736352419179378,0,0.3999999999999986,1,,2026-06-28 21:00:00+09:00,157.0,-19.0,-1.0,0.06,1,jma_O9_predicted
capture_anchor:139,-1,OSM_ro137_0_62,2026-06-28 23:20:00+09:00,2026-06-28 23:20:00+09:00,0,,2.5209731599020984,,0.0,capture_gps_anchor,139,1,2026-06-28T23:00,24.8,98.0,24.4,0.1,51.0,1010.3,100.0,2026-06-28 23:00:00+09:00,0.1,0.19999999999999224,1.1000000000000036,4.2,8.1,11.0,0.0,1,1,-10593.396140042823,-532395.8686367257,0,,0,0,0,0,0,,0,0,0,0,0,,0,0,0,0,0,,0,0,0,0,0,,0,0,0,0,0,,0,0,0,0,0,,0,0,0,0,0,,0,0,0,0,0,,0,0,0,0,0,,0,0,0,0,0,,0,0,0,0,0,,0,0,0,0,0,,0,0,0,0,0,,0,0,0,0,0,,0,0,0,0,0,,0,0,0,0,0,,0,0,0,0,0,,0,0,0,0,0,,0,0,0,0,0,,0,0,0,0,unclassified,10.000000000049262,0.050986490357161074,0.0,10.0,571.0988217853146,26.06006812472205,1278.3255439073596,3610.147083750018,7150.603484398004,7734.035817616579,23.333333333333332,-0.1736481776669304,0.984807753012208,0,13.335004909999569,0.299645289704872,-0.9540506801830201,0.9770253400915101,0,0.40000000000000213,1,,2026-06-28 23:00:00+09:00,121.0,-16.0,-1.0,0.12,1,jma_O9_predicted
capture_anchor:140,-1,OSM_ro877_0_9,2026-06-29 00:29:00+09:00,2026-06-29 00:29:00+09:00,0,,1.4993196629236993,,0.0,capture_gps_anchor,140,1,2026-06-29T00:00,24.9,98.0,24.5,0.4,51.0,1010.0,100.0,2026-06-29 00:00:00+09:00,0.4,0.49999999999999223,0.8000000000000038,4.2,8.5,11.399999999999999,0.0,1,1,-19768.472894933235,-535544.1507586576,0,,0,0,0,0,0,,0,0,0,0,0,,0,0,0,0,0,,0,0,0,0,0,,0,0,0,0,0,,0,0,0,0,0,,0,0,0,0,0,,0,0,0,0,0,,0,0,0,0,0,,0,0,0,0,0,,0,0,0,0,0,,0,0,0,0,0,,0,0,0,0,0,,0,0,0,0,0,,0,0,0,0,0,,0,0,0,0,0,,0,0,0,0,0,,0,0,0,0,0,,0,0,0,0,0,,0,0,0,0,service,9.999999999979604,106.6673603805437,27.177486999529663,6.0,196.46438544685438,1260.6381093104017,119.64999005691382,2674.7565656847396,5251.367482832626,7778.761157788424,0.48333333333333334,0.12619896913582973,0.992004949679715,0,13.382921576665993,0.28990317913221136,-0.9570559788899691,0.9785279894449845,0,0.3999999999999986,1,,2026-06-29 00:00:00+09:00,115.0,-6.0,-1.0,0.06,1,jma_O9_predicted
capture_anchor:141,-1,OSM_ro877_0_16,2026-06-29 00:35:00+09:00,2026-06-29 00:35:00+09:00,0,,3.2370940484162176,,0.0,capture_gps_anchor,141,1,2026-06-29T01:00,25.2,98.0,24.9,0.3,51.0,1009.6,100.0,2026-06-29 01:00:00+09:00,0.3,0.7999999999999923,1.0000000000000038,4.2,8.8,11.6,0.0,1,1,-19721.48055255179,-535593.8802663687,0,,0,0,0,0,0,,0,0,0,0,0,,0,0,0,0,0,,0,0,0,0,0,,0,0,0,0,0,,0,0,0,0,0,,0,0,0,0,0,,0,0,0,0,0,,0,0,0,0,0,,0,0,0,0,0,,0,0,0,0,0,,0,0,0,0,0,,0,0,0,0,0,,0,0,0,0,0,,0,0,0,0,0,,0,0,0,0,0,,0,0,0,0,0,,0,0,0,0,0,,0,0,0,0,0,,0,0,0,0,service,9.999999999989303,148.37629229134632,5.268894533699722,6.0,224.90506568785202,1317.1917696163966,177.98331190674796,2696.0866502494346,5184.2721054665,7712.336380719148,0.5833333333333334,0.15212338618991672,0.9883615104677607,0,13.387088243333508,0.28905460045373876,-0.957312612450358,0.978656306225179,0,0.3000000000000007,1,,2026-06-29 01:00:00+09:00,121.0,6.0,1.0,0.0,1,jma_O9_predicted
capture_anchor:142,-1,OSM_ro780_0_28,2026-06-29 00:55:00+09:00,2026-06-29 00:55:00+09:00,0,,2.7330903401907207,,0.0,capture_gps_anchor,142,1,2026-06-29T01:00,25.2,98.0,24.9,0.3,51.0,1009.6,100.0,2026-06-29 01:00:00+09:00,0.3,0.7999999999999923,1.0000000000000038,4.2,8.8,11.6,0.0,1,1,-20182.894839822977,-534452.2698987559,0,,0,0,0,0,0,,0,0,0,0,0,,0,0,0,0,0,,0,0,0,0,0,,0,0,0,0,0,,0,0,0,0,0,,0,0,0,0,0,,0,0,0,0,0,,0,0,0,0,0,,0,0,0,0,0,,0,0,0,0,0,,0,0,0,0,0,,0,0,0,0,0,,0,0,0,0,0,,0,0,0,0,0,,0,0,0,0,0,,0,0,0,0,0,,0,0,0,0,0,,0,0,0,0,0,,0,0,0,0,primary,10.000000000077463,348.37271345374484,13.30794607722197,3.0,1057.250936544081,122.09165519216629,6.646012052421019,2688.8334516062973,4291.875885045037,8746.226540700418,0.9166666666666666,0.23768589232617307,0.9713420698132614,0,13.400977132222195,0.28622436785211386,-0.9581626225477895,0.9790813112738947,0,0.3000000000000007,1,,2026-06-29 01:00:00+09:00,121.0,6.0,1.0,0.0,1,jma_O9_predicted
capture_anchor:143,-1,OSM_ro445_0_55,2026-06-29 00:59:00+09:00,2026-06-29 00:59:00+09:00,0,,2.934700765305358,,0.0,capture_gps_anchor,143,1,2026-06-29T01:00,25.2,98.0,24.9,0.3,51.0,1009.6,100.0,2026-06-29 01:00:00+09:00,0.3,0.7999999999999923,1.0000000000000038,4.2,8.8,11.6,0.0,1,1,-20496.521864929782,-533949.2056565734,0,,0,0,0,0,0,,0,0,0,0,0,,0,0,0,0,0,,0,0,0,0,0,,0,0,0,0,0,,0,0,0,0,0,,0,0,0,0,0,,0,0,0,0,0,,0,0,0,0,0,,0,0,0,0,0,,0,0,0,0,0,,0,0,0,0,0,,0,0,0,0,0,,0,0,0,0,0,,0,0,0,0,0,,0,0,0,0,0,,0,0,0,0,0,,0,0,0,0,0,,0,0,0,0,0,,0,0,0,0,primary,9.999999999969711,326.33409869952175,0.0,3.0,713.622025357018,476.8585482660093,129.92913215827676,2695.30479856127,3812.5513148263053,9303.125357047937,0.9833333333333333,0.25460194820552756,0.9670459389139432,0,13.403754909999932,0.28565802059795853,-0.9583316207180353,0.9791658103590177,0,0.3000000000000007,1,,2026-06-29 01:00:00+09:00,121.0,6.0,1.0,0.0,1,jma_O9_predicted
capture_anchor:144,-1,OSM_ro553_0_26,2026-06-29 01:03:00+09:00,2026-06-29 01:03:00+09:00,0,,1.2612981782006667,,0.0,capture_gps_anchor,144,1,2026-06-29T01:00,25.2,98.0,24.9,0.3,51.0,1009.6,100.0,2026-06-29 01:00:00+09:00,0.3,0.7999999999999923,1.0000000000000038,4.2,8.8,11.6,0.0,1,1,-20623.1223132945,-533495.2864973247,0,,0,0,0,0,0,,0,0,0,0,0,,0,0,0,0,0,,0,0,0,0,0,,0,0,0,0,0,,0,0,0,0,0,,0,0,0,0,0,,0,0,0,0,0,,0,0,0,0,0,,0,0,0,0,0,,0,0,0,0,0,,0,0,0,0,0,,0,0,0,0,0,,0,0,0,0,0,,0,0,0,0,0,,0,0,0,0,0,,0,0,0,0,0,,0,0,0,0,0,,0,0,0,0,0,,0,0,0,0,primary,9.999999999999481,191.20940344632692,0.0,3.0,247.5345595783046,258.4137298425458,86.31483208128914,2914.020000492871,3381.04908297581,9689.137641469817,1.05,0.27144044986507426,0.9624552364536473,0,13.40653268777767,0.2850915735607161,-0.9585002841338519,0.979250142066926,0,0.3000000000000007,1,,2026-06-29 01:00:00+09:00,121.0,6.0,1.0,0.0,1,jma_O9_predicted
capture_anchor:145,-1,OSM_ro916_0_175,2026-06-29 01:06:00+09:00,2026-06-29 01:06:00+09:00,0,,0.5557756213182943,,0.0,capture_gps_anchor,145,1,2026-06-29T01:00,25.2,98.0,24.9,0.3,51.0,1009.6,100.0,2026-06-29 01:00:00+09:00,0.3,0.7999999999999923,1.0000000000000038,4.2,8.8,11.6,0.0,1,1,-20723.63307227991,-533185.5566516706,0,,0,0,0,0,0,,0,0,0,0,0,,0,0,0,0,0,,0,0,0,0,0,,0,0,0,0,0,,0,0,0,0,0,,0,0,0,0,0,,0,0,0,0,0,,0,0,0,0,0,,0,0,0,0,0,,0,0,0,0,0,,0,0,0,0,0,,0,0,0,0,0,,0,0,0,0,0,,0,0,0,0,0,,0,0,0,0,0,,0,0,0,0,0,,0,0,0,0,0,,0,0,0,0,0,,0,0,0,0,primary,9.999999999981004,114.89015577589828,0.0,3.0,101.07942339008868,104.22127669255809,4.517376205217636,3087.152749881519,3096.2987261229246,9966.995453219626,1.1,0.28401534470392265,0.958819734868193,0,13.408616021110518,0.2846666729192531,-0.9586265619776467,0.9793132809888234,0,0.3000000000000007,1,,2026-06-29 01:00:00+09:00,121.0,6.0,1.0,0.0,1,jma_O9_predicted
capture_anchor:146,-1,OSM_ro916_0_148,2026-06-29 01:08:00+09:00,2026-06-29 01:08:00+09:00,0,,1.138361130384794,,0.0,capture_gps_anchor,146,1,2026-06-29T01:00,25.2,98.0,24.9,0.3,51.0,1009.6,100.0,2026-06-29 01:00:00+09:00,0.3,0.7999999999999923,1.0000000000000038,4.2,8.8,11.6,0.0,1,1,-20938.630654978966,-533037.128603887,0,,0,0,0,0,0,,0,0,0,0,0,,0,0,0,0,0,,0,0,0,0,0,,0,0,0,0,0,,0,0,0,0,0,,0,0,0,0,0,,0,0,0,0,0,,0,0,0,0,0,,0,0,0,0,0,,0,0,0,0,0,,0,0,0,0,0,,0,0,0,0,0,,0,0,0,0,0,,0,0,0,0,0,,0,0,0,0,0,,0,0,0,0,0,,0,0,0,0,0,,0,0,0,0,0,,0,0,0,0,primary,10.000000000005144,104.81695896901118,0.0,3.0,362.2587082347138,365.1935982594726,67.29788729997779,3085.9702924843214,3007.5447179183047,10226.633054986301,1.1333333333333333,0.2923717047227367,0.9563047559630355,0,13.410004910000296,0.2843833747455425,-0.9587106425654909,0.9793553212827455,0,0.3000000000000007,1,,2026-06-29 01:00:00+09:00,121.0,6.0,1.0,0.0,1,jma_O9_predicted
capture_anchor:147,-1,OSM_ro86_0_218,2026-06-29 01:19:00+09:00,2026-06-29 01:19:00+09:00,0,,3.0831933845261728,,0.0,capture_gps_anchor,147,1,2026-06-29T01:00,25.2,98.0,24.9,0.3,51.0,1009.6,100.0,2026-06-29 01:00:00+09:00,0.3,0.7999999999999923,1.0000000000000038,4.2,8.8,11.6,0.0,1,1,-20900.448371161583,-531241.3693629147,0,,0,0,0,0,0,,0,0,0,0,0,,0,0,0,0,0,,0,0,0,0,0,,0,0,0,0,0,,0,0,0,0,0,,0,0,0,0,0,,0,0,0,0,0,,0,0,0,0,0,,0,0,0,0,0,,0,0,0,0,0,,0,0,0,0,0,,0,0,0,0,0,,0,0,0,0,0,,0,0,0,0,0,,0,0,0,0,0,,0,0,0,0,0,,0,0,0,0,0,,0,0,0,0,0,,0,0,0,0,primary,10.000000000033118,226.4607200229603,9.13371585835361,3.0,1353.2518294454646,68.59375411577835,450.04028410903044,4641.22995855154,1367.6668362205878,11457.645442447969,1.3166666666666667,0.337916718003327,0.9411760152563706,0,13.41764379888862,0.28282479153870344,-0.9591715890762659,0.979585794538133,0,0.3000000000000007,1,,2026-06-29 01:00:00+09:00,121.0,6.0,1.0,0.0,1,jma_O9_predicted
capture_anchor:187,-1,OSM_ro278_0_5,2026-07-01 01:12:00+09:00,2026-07-01 01:12:00+09:00,0,,0.10660710562607588,,0.0,capture_gps_anchor,187,1,2026-07-01T01:00,25.7,95.0,24.8,0.0,3.0,1011.3,98.0,2026-07-01 01:00:00+09:00,0.0,0.0,0.0,0.0,0.5,15.7,13.0,1,1,-11655.636834793182,-535672.9839059084,0,,0,0,0,0,0,,0,0,0,0,0,,0,0,0,0,0,,0,0,0,0,0,,0,0,0,0,0,,0,0,0,0,0,,0,0,0,0,0,,0,0,0,0,0,,0,0,0,0,0,,0,0,0,0,0,,0,0,0,0,0,,0,0,0,0,0,,0,0,0,0,0,,0,0,0,0,0,,0,0,0,0,0,,0,0,0,0,0,,0,0,0,0,0,,0,0,0,0,0,,0,0,0,0,0,,0,0,0,0,track,9.999999999956877,8.83556453703369,0.0,8.0,55.00262274447617,282.30291433760544,211.44334660950847,179.71538324575474,3749.3655386788664,4289.634288916729,1.2,0.3090169943749474,0.9510565162951535,0,15.412782687778034,-0.13732989538608556,-0.9905253655678116,0.9952626827839057,0,0.8999999999999986,1,,2026-07-01 01:00:00+09:00,110.0,-8.0,-1.0,0.06,1,jma_O9_predicted
capture_anchor:188,-1,OSM_ro37_0_22,2026-07-01 02:04:00+09:00,2026-07-01 02:04:00+09:00,0,,3.3830719091390793,,0.0,capture_gps_anchor,188,1,2026-07-01T02:00,25.7,95.0,24.8,0.0,2.0,1010.9,74.0,2026-07-01 02:00:00+09:00,0.0,0.0,0.0,0.0,0.5,15.5,14.0,1,1,-13342.153286046363,-535528.2891382629,0,,0,0,0,0,0,,0,0,0,0,0,,0,0,0,0,0,,0,0,0,0,0,,0,0,0,0,0,,0,0,0,0,0,,0,0,0,0,0,,0,0,0,0,0,,0,0,0,0,0,,0,0,0,0,0,,0,0,0,0,0,,0,0,0,0,0,,0,0,0,0,0,,0,0,0,0,0,,0,0,0,0,0,,0,0,0,0,0,,0,0,0,0,0,,0,0,0,0,0,,0,0,0,0,0,,0,0,0,0,unclassified,9.999999999968866,242.62815035703687,20.625010426926053,10.0,1389.2706553822275,50.715784149545236,94.96399953786715,1288.6425208403853,3329.606537542694,4196.779762075944,2.066666666666667,0.5150380749100542,0.8571673007021123,0,15.44889379888862,-0.14493628499942154,-0.9894409903023861,0.994720495151193,0,0.8999999999999986,1,,2026-07-01 02:00:00+09:00,114.0,4.0,1.0,0.0,1,jma_O9_predicted
capture_anchor:189,-1,OSM_ro877_0_8,2026-07-01 03:02:00+09:00,2026-07-01 03:02:00+09:00,0,,0.8266895956444645,,0.0,capture_gps_anchor,189,1,2026-07-01T03:00,25.7,93.0,24.4,0.0,0.0,1010.9,9.0,2026-07-01 03:00:00+09:00,0.0,0.0,0.0,0.0,0.5,15.1,15.0,1,1,-19778.237001003738,-535543.074060349,0,,0,0,0,0,0,,0,0,0,0,0,,0,0,0,0,0,,0,0,0,0,0,,0,0,0,0,0,,0,0,0,0,0,,0,0,0,0,0,,0,0,0,0,0,,0,0,0,0,0,,0,0,0,0,0,,0,0,0,0,0,,0,0,0,0,0,,0,0,0,0,0,,0,0,0,0,0,,0,0,0,0,0,,0,0,0,0,0,,0,0,0,0,0,,0,0,0,0,0,,0,0,0,0,0,,0,0,0,0,service,10.000000000011376,96.40105145821258,15.852590334487843,6.0,200.74733944129707,1258.2055810321185,109.86143846598563,2666.449460166914,5259.95223776252,7787.552226829145,3.033333333333333,0.7132504491541815,0.700909264299851,0,15.48917157666672,-0.15341022076092176,-0.9881625899446331,0.9940812949723166,0,1.3000000000000007,0,,2026-07-01 03:00:00+09:00,131.0,17.0,1.0,0.06,1,jma_O9_predicted
capture_anchor:190,-1,OSM_ro780_0_30,2026-07-01 03:22:00+09:00,2026-07-01 03:22:00+09:00,0,,0.12443164400219998,,0.0,capture_gps_anchor,190,1,2026-07-01T03:00,25.7,93.0,24.4,0.0,0.0,1010.9,9.0,2026-07-01 03:00:00+09:00,0.0,0.0,0.0,0.0,0.5,15.1,15.0,1,1,-20188.5857702586,-534433.1278047593,0,,0,0,0,0,0,,0,0,0,0,0,,0,0,0,0,0,,0,0,0,0,0,,0,0,0,0,0,,0,0,0,0,0,,0,0,0,0,0,,0,0,0,0,0,,0,0,0,0,0,,0,0,0,0,0,,0,0,0,0,0,,0,0,0,0,0,,0,0,0,0,0,,0,0,0,0,0,,0,0,0,0,0,,0,0,0,0,0,,0,0,0,0,0,,0,0,0,0,0,,0,0,0,0,0,,0,0,0,0,primary,10.000000000030628,344.68799946064036,0.0,3.0,1076.7485036073444,102.12448070898326,5.453543825344021,2692.264780185353,4272.916353848769,8762.372792273352,3.3666666666666667,0.7716245833877199,0.6360782202777641,0,15.503060465555407,-0.15632968668233657,-0.9877049301597125,0.9938524650798563,0,1.3000000000000007,0,,2026-07-01 03:00:00+09:00,131.0,17.0,1.0,0.06,1,jma_O9_predicted
capture_anchor:148,-1,OSM_ro879_0_4,2026-07-02 01:13:00+09:00,2026-07-02 01:13:00+09:00,0,,2.637694882150521,,0.0,capture_gps_anchor,148,1,2026-07-02T01:00,26.2,94.0,25.2,0.0,3.0,1010.8,97.0,2026-07-02 01:00:00+09:00,0.0,0.0,0.0,0.0,0.0,0.5,37.0,1,1,-19821.71675342508,-535489.4558868462,0,,0,0,0,0,0,,0,0,0,0,0,,0,0,0,0,0,,0,0,0,0,0,,0,0,0,0,0,,0,0,0,0,0,,0,0,0,0,0,,0,0,0,0,0,,0,0,0,0,0,,0,0,0,0,0,,0,0,0,0,0,,0,0,0,0,0,,0,0,0,0,0,,0,0,0,0,0,,0,0,0,0,0,,0,0,0,0,0,,0,0,0,0,0,,0,0,0,0,0,,0,0,0,0,0,,0,0,0,0,service,9.99999999996943,60.10764223063018,72.55568832619883,6.0,191.59098225777768,1199.6790275943445,68.44203919508979,2651.7531786696086,5326.469806788348,7853.166624742337,1.2166666666666668,0.31316380648374953,0.949699126201877,0,16.413477132222923,-0.3435381266760499,-0.9391387307101706,0.9695693653550853,0,1.0,0,,2026-07-02 01:00:00+09:00,111.0,-15.0,-1.0,0.12,1,jma_O9_predicted
capture_anchor:149,-1,GPXROAD_20260816_01_27,2026-07-02 01:27:00+09:00,2026-07-02 01:27:00+09:00,0,,1.138374300843428,,0.0,capture_gps_anchor,149,1,2026-07-02T01:00,26.2,94.0,25.2,0.0,3.0,1010.8,97.0,2026-07-02 01:00:00+09:00,0.0,0.0,0.0,0.0,0.0,0.5,37.0,1,1,-19383.68468569372,-535367.2283397763,0,,0,0,0,0,0,,0,0,0,0,0,,0,0,0,0,0,,0,0,0,0,0,,0,0,0,0,0,,0,0,0,0,0,,0,0,0,0,0,,0,0,0,0,0,,0,0,0,0,0,,0,0,0,0,0,,0,0,0,0,0,,0,0,0,0,0,,0,0,0,0,0,,0,0,0,0,0,,0,0,0,0,0,,0,0,0,0,0,,0,0,0,0,0,,0,0,0,0,0,,0,0,0,0,0,,0,0,0,0,track,9.999999999992664,,,8.0,284.13574066518385,1143.7092880024634,510.1392572574655,3098.1874486730867,5053.565565619339,7559.670521878614,1.45,0.3705574375098362,0.9288095528719242,0,16.423199354444094,-0.3454800782903034,-0.9384260841987108,0.9692130420993554,0,1.0,0,,2026-07-02 01:00:00+09:00,111.0,-15.0,-1.0,0.12,1,jma_O9_predicted
capture_anchor:150,-1,OSM_ro878_0_1,2026-07-02 02:57:00+09:00,2026-07-02 02:57:00+09:00,0,,1.6003427926449525,,0.0,capture_gps_anchor,150,1,2026-07-02T03:00,26.2,95.0,25.3,0.0,3.0,1010.4,100.0,2026-07-02 03:00:00+09:00,0.0,0.0,0.0,0.0,0.0,0.5,39.0,1,1,-19673.16784847587,-535657.2881228571,0,,0,0,0,0,0,,0,0,0,0,0,,0,0,0,0,0,,0,0,0,0,0,,0,0,0,0,0,,0,0,0,0,0,,0,0,0,0,0,,0,0,0,0,0,,0,0,0,0,0,,0,0,0,0,0,,0,0,0,0,0,,0,0,0,0,0,,0,0,0,0,0,,0,0,0,0,0,,0,0,0,0,0,,0,0,0,0,0,,0,0,0,0,0,,0,0,0,0,0,,0,0,0,0,0,,0,0,0,0,service,9.999999999976433,168.4599043107055,12.46438182433235,6.0,281.8411672383694,1387.017077891852,237.44175551662045,2714.8337837378085,5108.27647482943,7637.479086531964,2.95,0.6977904598416802,0.7163019434246543,0,16.485699354444094,-0.35792839575281354,-0.9337490366869554,0.9668745183434777,0,0.8999999999999986,1,,2026-07-02 03:00:00+09:00,118.0,10.0,1.0,0.0,1,jma_O9_predicted
capture_anchor:151,-1,OSM_ro961_0_14,2026-07-02 03:38:00+09:00,2026-07-02 03:38:00+09:00,0,,4.925188850312511,,0.0,capture_gps_anchor,151,1,2026-07-02T04:00,25.9,96.0,25.2,0.0,3.0,1010.1,99.0,2026-07-02 04:00:00+09:00,0.0,0.0,0.0,0.0,0.0,0.5,40.0,1,1,-11988.258202398234,-535384.284738065,0,,0,0,0,0,0,,0,0,0,0,0,,0,0,0,0,0,,0,0,0,0,0,,0,0,0,0,0,,0,0,0,0,0,,0,0,0,0,0,,0,0,0,0,0,,0,0,0,0,0,,0,0,0,0,0,,0,0,0,0,0,,0,0,0,0,0,,0,0,0,0,0,,0,0,0,0,0,,0,0,0,0,0,,0,0,0,0,0,,0,0,0,0,0,,0,0,0,0,0,,0,0,0,0,0,,0,0,0,0,track,9.999999999995477,267.400222547251,0.0,8.0,279.5747129564293,27.205394994602457,524.8005706287482,410.4234666621336,3852.886948515466,4470.53291524263,3.6333333333333333,0.8141155183563192,0.5807029557109398,0,16.514171576666357,-0.36357844314132987,-0.9315635864947314,0.9657817932473657,0,0.6999999999999993,1,,2026-07-02 04:00:00+09:00,139.0,21.0,1.0,0.06,1,jma_O9_predicted
capture_anchor:152,-1,OSM_ro48_0_26,2026-07-09 00:17:00+09:00,2026-07-09 00:17:00+09:00,0,,2.4607629461525793,,0.0,capture_gps_anchor,152,1,2026-07-09T00:00,26.5,86.0,24.0,0.0,1.0,1007.0,31.0,2026-07-09 00:00:00+09:00,0.0,0.0,0.0,0.0,0.0,0.4,37.0,1,1,-10815.681496834568,-532464.411310805,0,,0,0,0,0,0,,0,0,0,0,0,,0,0,0,0,0,,0,0,0,0,0,,0,0,0,0,0,,0,0,0,0,0,,0,0,0,0,0,,0,0,0,0,0,,0,0,0,0,0,,0,0,0,0,0,,0,0,0,0,0,,0,0,0,0,0,,0,0,0,0,0,,0,0,0,0,0,,0,0,0,0,0,,0,0,0,0,0,,0,0,0,0,0,,0,0,0,0,0,,0,0,0,0,0,,0,0,0,0,unclassified,10.000000000052665,226.82748137346658,0.0,10.0,751.1529974458795,63.87891917333667,1444.1035535829321,3488.502153302664,6998.041679462081,7600.060455541164,0.2833333333333333,0.07410849019539922,0.9972501850994857,0,23.37458824333278,-0.9661344667074193,0.25803912928075545,0.3709804353596223,0,2.5,0,,2026-07-09 00:00:00+09:00,187.0,10.0,1.0,0.12,1,jma_O9_predicted
capture_anchor:153,-1,OSM_ro338_0_10,2026-07-09 00:37:00+09:00,2026-07-09 00:37:00+09:00,0,,11.426320012937952,,0.0,capture_gps_anchor,153,1,2026-07-09T01:00,26.4,86.0,23.9,0.0,1.0,1006.7,34.0,2026-07-09 01:00:00+09:00,0.0,0.0,0.0,0.0,0.0,0.4,38.0,1,1,-9795.338208595047,-532954.2752279748,0,,0,0,0,0,0,,0,0,0,0,0,,0,0,0,0,0,,0,0,0,0,0,,0,0,0,0,0,,0,0,0,0,0,,0,0,0,0,0,,0,0,0,0,0,,0,0,0,0,0,,0,0,0,0,0,,0,0,0,0,0,,0,0,0,0,0,,0,0,0,0,0,,0,0,0,0,0,,0,0,0,0,0,,0,0,0,0,0,,0,0,0,0,0,,0,0,0,0,0,,0,0,0,0,0,,0,0,0,0,unclassified,10.000000000001297,103.90997350307191,0.0,10.0,196.8469209086119,104.7410332234282,312.26423505376243,3403.7116568475153,7039.821560643879,7519.946519725827,0.6166666666666667,0.1607425656038261,0.9869963665602319,0,23.388477132221468,-0.9653677124710407,0.26089304267923685,0.3695534786603816,0,2.5,0,,2026-07-09 01:00:00+09:00,187.0,0.0,0.0,0.06,1,jma_O9_predicted
capture_anchor:154,-1,OSM_ro877_0_10,2026-07-09 23:21:00+09:00,2026-07-09 23:21:00+09:00,0,,3.067809106264909,,0.0,capture_gps_anchor,154,1,2026-07-09T23:00,27.7,91.0,26.0,0.0,3.0,1006.8,100.0,2026-07-09 23:00:00+09:00,0.0,0.0,0.100000000000004,0.9000000000000005,1.2000000000000002,1.2000000000000002,4.0,1,1,-19759.619666525254,-535548.5705976753,0,,0,0,0,0,0,,0,0,0,0,0,,0,0,0,0,0,,0,0,0,0,0,,0,0,0,0,0,,0,0,0,0,0,,0,0,0,0,0,,0,0,0,0,0,,0,0,0,0,0,,0,0,0,0,0,,0,0,0,0,0,,0,0,0,0,0,,0,0,0,0,0,,0,0,0,0,0,,0,0,0,0,0,,0,0,0,0,0,,0,0,0,0,0,,0,0,0,0,0,,0,0,0,0,0,,0,0,0,0,service,10.000000000019202,122.49864131455047,10.626782229740229,6.0,195.96595845654483,1266.3102136109296,129.20723944977132,2680.800194925526,5241.590901576529,7768.925440246333,23.35,-0.16934950384902406,0.9855560590580779,0,24.335699354444458,-0.8936033381993752,0.4488575207779558,0.2755712396110221,0,1.6999999999999993,0,,2026-07-09 23:00:00+09:00,162.0,19.0,1.0,0.18,1,jma_O9_predicted
capture_anchor:155,-1,OSM_ro877_0_25,2026-07-09 23:30:00+09:00,2026-07-09 23:30:00+09:00,0,,0.6123688410032231,,0.0,capture_gps_anchor,155,1,2026-07-09T23:00,27.7,91.0,26.0,0.0,3.0,1006.8,100.0,2026-07-09 23:00:00+09:00,0.0,0.0,0.100000000000004,0.9000000000000005,1.2000000000000002,1.2000000000000002,4.0,1,1,-19656.771192644504,-535650.2353933125,0,,0,0,0,0,0,,0,0,0,0,0,,0,0,0,0,0,,0,0,0,0,0,,0,0,0,0,0,,0,0,0,0,0,,0,0,0,0,0,,0,0,0,0,0,,0,0,0,0,0,,0,0,0,0,0,,0,0,0,0,0,,0,0,0,0,0,,0,0,0,0,0,,0,0,0,0,0,,0,0,0,0,0,,0,0,0,0,0,,0,0,0,0,0,,0,0,0,0,0,,0,0,0,0,0,,0,0,0,0,service,10.00000000000196,92.70408296041785,0.0,6.0,274.95267805351955,1380.4885882049502,251.16852845310623,2732.6826781613427,5098.90937703374,7627.4500147906665,23.5,-0.13052619222005168,0.9914448613738104,0,24.34194935444482,-0.8930056555325848,0.4500454412465683,0.27497727937671584,0,1.6999999999999993,0,,2026-07-09 23:00:00+09:00,162.0,19.0,1.0,0.18,1,jma_O9_predicted
capture_anchor:156,-1,OSM_ro916_0_22,2026-07-11 00:43:00+09:00,2026-07-11 00:43:00+09:00,0,,3.2216617424686422,,0.0,capture_gps_anchor,156,1,2026-07-11T01:00,27.1,84.0,24.2,0.2,51.0,1002.8,100.0,2026-07-11 01:00:00+09:00,0.2,0.39999999999999203,0.6000000000000041,1.6000000000000005,5.3999999999999995,6.6,0.0,1,1,-21493.66238960688,-532058.1816344479,0,,0,0,0,0,0,,0,0,0,0,0,,0,0,0,0,0,,0,0,0,0,0,,0,0,0,0,0,,0,0,0,0,0,,0,0,0,0,0,,0,0,0,0,0,,0,0,0,0,0,,0,0,0,0,0,,0,0,0,0,0,,0,0,0,0,0,,0,0,0,0,0,,0,0,0,0,0,,0,0,0,0,0,,0,0,0,0,0,,0,0,0,0,0,,0,0,0,0,0,,0,0,0,0,0,,0,0,0,0,primary,10.000000000006336,105.86768227446976,0.0,3.0,735.6170073855097,115.61726853760572,290.21498560240383,3641.0766929857064,2377.0216158667167,11293.507198883819,0.7166666666666667,0.1865240360087346,0.9824503977255098,0,25.392643798888983,-0.7710097254570513,0.6368233689577059,0.18158831552114707,0,2.900000000000002,0,,2026-07-11 01:00:00+09:00,179.0,16.0,1.0,0.18,1,jma_O9_predicted
capture_anchor:157,-1,OSM_ro877_0_14,2026-07-11 01:05:00+09:00,2026-07-11 01:05:00+09:00,0,,0.511079791764034,,0.0,capture_gps_anchor,157,1,2026-07-11T01:00,27.1,84.0,24.2,0.2,51.0,1002.8,100.0,2026-07-11 01:00:00+09:00,0.2,0.39999999999999203,0.6000000000000041,1.6000000000000005,5.3999999999999995,6.6,0.0,1,1,-19732.338238175656,-535577.0858544861,0,,0,0,0,0,0,,0,0,0,0,0,,0,0,0,0,0,,0,0,0,0,0,,0,0,0,0,0,,0,0,0,0,0,,0,0,0,0,0,,0,0,0,0,0,,0,0,0,0,0,,0,0,0,0,0,,0,0,0,0,0,,0,0,0,0,0,,0,0,0,0,0,,0,0,0,0,0,,0,0,0,0,0,,0,0,0,0,0,,0,0,0,0,0,,0,0,0,0,0,,0,0,0,0,0,,0,0,0,0,service,10.000000000023402,146.60404112698797,1.6507129509253673,6.0,211.69543822043622,1298.7940421387527,162.76848689582795,2693.251378821958,5202.8376488626045,7730.549119023215,1.0833333333333333,0.27982901403099203,0.9600498543859287,0,25.407921576667448,-0.76893557650539,0.6393262697436447,0.18033686512817765,0,2.900000000000002,0,,2026-07-11 01:00:00+09:00,179.0,16.0,1.0,0.18,1,jma_O9_predicted
capture_anchor:158,-1,OSM_ro249_0_28,2026-07-17 00:35:00+09:00,2026-07-17 00:35:00+09:00,0,,7.327885054597923,,0.0,capture_gps_anchor,158,1,2026-07-17T01:00,27.3,91.0,25.8,0.0,3.0,1004.6,99.0,2026-07-17 01:00:00+09:00,0.0,0.0,0.0,0.10000000000000045,0.8999999999999999,1.2,7.0,1,1,-9924.475794767797,-535006.6659686608,0,,0,0,0,0,0,,0,0,0,0,0,,0,0,0,0,0,,0,0,0,0,0,,0,0,0,0,0,,0,0,0,0,0,,0,0,0,0,0,,0,0,0,0,0,,0,0,0,0,0,,0,0,0,0,0,,0,0,0,0,0,,0,0,0,0,0,,0,0,0,0,0,,0,0,0,0,0,,0,0,0,0,0,,0,0,0,0,0,,0,0,0,0,0,,0,0,0,0,0,,0,0,0,0,0,,0,0,0,0,unclassified,10.000000000009749,175.78617259003295,17.372450856209923,10.0,759.0970505858138,1245.69375482598,658.6530238363638,1780.469756759388,5330.047551463745,5670.0240096884645,0.5833333333333334,0.15212338618991672,0.9883615104677607,0,1.8564995733335081,0.3848128245512192,0.922994631653355,0.03850268417332248,0,1.5,0,,2026-07-17 01:00:00+09:00,109.0,-28.0,-1.0,0.12,1,jma_O9_predicted
capture_anchor:159,-1,OSM_ro438_0_3,2026-07-17 02:34:00+09:00,2026-07-17 02:34:00+09:00,0,,5.906450750651384,,0.0,capture_gps_anchor,159,1,2026-07-17T03:00,27.1,93.0,25.9,0.0,3.0,1004.0,99.0,2026-07-17 03:00:00+09:00,0.0,0.0,0.0,0.10000000000000045,0.8999999999999999,1.2,9.0,1,1,-20667.517007635135,-536163.6897590425,0,,0,0,0,0,0,,0,0,0,0,0,,0,0,0,0,0,,0,0,0,0,0,,0,0,0,0,0,,0,0,0,0,0,,0,0,0,0,0,,0,0,0,0,0,,0,0,0,0,0,,0,0,0,0,0,,0,0,0,0,0,,0,0,0,0,0,,0,0,0,0,0,,0,0,0,0,0,,0,0,0,0,0,,0,0,0,0,0,,0,0,0,0,0,,0,0,0,0,0,,0,0,0,0,0,,0,0,0,0,primary,9.999999999982261,110.93928430994492,0.0,3.0,851.9873934784952,1883.9297116528726,46.04607621818909,1603.0452895208416,5718.057263071647,8260.389211193477,2.5666666666666664,0.6225146366376195,0.7826081568524139,0,1.9391384622225587,0.4009814921922566,0.9160861547470692,0.04195692262646539,0,1.2000000000000028,0,,2026-07-17 03:00:00+09:00,98.0,3.0,1.0,0.0,1,jma_O9_predicted
capture_anchor:160,-1,OSM_ro880_0_3,2026-07-17 02:59:00+09:00,2026-07-17 02:59:00+09:00,0,,8.115629296855742,,0.0,capture_gps_anchor,160,1,2026-07-17T03:00,27.1,93.0,25.9,0.0,3.0,1004.0,99.0,2026-07-17 03:00:00+09:00,0.0,0.0,0.0,0.10000000000000045,0.8999999999999999,1.2,9.0,1,1,-19689.62607925216,-535512.7689701944,0,,0,0,0,0,0,,0,0,0,0,0,,0,0,0,0,0,,0,0,0,0,0,,0,0,0,0,0,,0,0,0,0,0,,0,0,0,0,0,,0,0,0,0,0,,0,0,0,0,0,,0,0,0,0,0,,0,0,0,0,0,,0,0,0,0,0,,0,0,0,0,0,,0,0,0,0,0,,0,0,0,0,0,,0,0,0,0,0,,0,0,0,0,0,,0,0,0,0,0,,0,0,0,0,0,,0,0,0,0,service,9.999999999980764,145.41434594231987,0.0,6.0,139.00907570946612,1242.1871162900575,195.74212387319938,2759.3974874296896,5205.7656303730555,7729.806453957684,2.9833333333333334,0.7040147244559682,0.7101853756232854,0,1.956499573333872,0.4043626806097956,0.9145987221345001,0.042700638932749946,0,1.2000000000000028,0,,2026-07-17 03:00:00+09:00,98.0,3.0,1.0,0.0,1,jma_O9_predicted
capture_anchor:161,-1,OSM_ro136_0_266,2026-07-17 21:53:00+09:00,2026-07-17 21:53:00+09:00,0,,1.5803302047421053,,0.0,capture_gps_anchor,161,1,2026-07-17T22:00,27.6,89.0,25.7,0.0,2.0,1003.9,51.0,2026-07-17 22:00:00+09:00,0.0,0.0,0.0,0.10000000000000045,0.09999999999999995,1.0,11.0,1,1,-14852.896217716883,-538743.1658262048,0,,0,0,0,0,0,,0,0,0,0,0,,0,0,0,0,0,,0,0,0,0,0,,0,0,0,0,0,,0,0,0,0,0,,0,0,0,0,0,,0,0,0,0,0,,0,0,0,0,0,,0,0,0,0,0,,0,0,0,0,0,,0,0,0,0,0,,0,0,0,0,0,,0,0,0,0,0,,0,0,0,0,0,,0,0,0,0,0,,0,0,0,0,0,,0,0,0,0,0,,0,0,0,0,0,,0,0,0,0,secondary,10.000000000041734,196.386764933214,0.0,5.0,199.00499115915784,318.90738525581276,354.8381869382806,1852.1008155912498,463.1088987273064,1914.1187413156247,21.883333333333333,-0.5262139236518699,0.8503522249955626,0,2.7439995733324167,0.5512296139871583,0.8343535897109621,0.08282320514451896,0,1.9000000000000021,0,,2026-07-17 22:00:00+09:00,208.0,-4.0,-1.0,0.0,1,jma_O9_predicted
capture_anchor:162,-1,OSM_ro48_0_65,2026-07-17 23:12:00+09:00,2026-07-17 23:12:00+09:00,0,,10.332501398283535,,0.0,capture_gps_anchor,162,1,2026-07-17T23:00,27.3,93.0,26.0,0.0,2.0,1004.2,56.0,2026-07-17 23:00:00+09:00,0.0,0.0,0.0,0.0,0.09999999999999995,1.0,12.0,1,1,-11037.477845260906,-532759.140215893,0,,0,0,0,0,0,,0,0,0,0,0,,0,0,0,0,0,,0,0,0,0,0,,0,0,0,0,0,,0,0,0,0,0,,0,0,0,0,0,,0,0,0,0,0,,0,0,0,0,0,,0,0,0,0,0,,0,0,0,0,0,,0,0,0,0,0,,0,0,0,0,0,,0,0,0,0,0,,0,0,0,0,0,,0,0,0,0,0,,0,0,0,0,0,,0,0,0,0,0,,0,0,0,0,0,,0,0,0,0,unclassified,10.000000000040023,187.56253567671382,15.535127902644973,10.0,947.2933429936236,102.45323050660411,1532.3393352196817,3155.635910785264,6640.460012232691,7253.734542205038,23.2,-0.20791169081775987,0.9781476007338056,0,2.7988606844440937,0.5609310224758021,0.8278625417448546,0.08606872912757269,0,1.3000000000000007,0,,2026-07-17 23:00:00+09:00,186.0,-22.0,-1.0,0.06,1,jma_O9_predicted
capture_anchor:163,-1,OSM_ro338_0_7,2026-07-17 23:24:00+09:00,2026-07-17 23:24:00+09:00,0,,0.46080250372469217,,0.0,capture_gps_anchor,163,1,2026-07-17T23:00,27.3,93.0,26.0,0.0,2.0,1004.2,56.0,2026-07-17 23:00:00+09:00,0.0,0.0,0.0,0.0,0.09999999999999995,1.0,12.0,1,1,-9823.991406637686,-532945.4285189221,0,,0,0,0,0,0,,0,0,0,0,0,,0,0,0,0,0,,0,0,0,0,0,,0,0,0,0,0,,0,0,0,0,0,,0,0,0,0,0,,0,0,0,0,0,,0,0,0,0,0,,0,0,0,0,0,,0,0,0,0,0,,0,0,0,0,0,,0,0,0,0,0,,0,0,0,0,0,,0,0,0,0,0,,0,0,0,0,0,,0,0,0,0,0,,0,0,0,0,0,,0,0,0,0,0,,0,0,0,0,unclassified,10.00000000001178,107.97797487639792,0.0,10.0,226.43431145573152,84.24403714418084,341.9720435135412,3397.675911753408,7032.009784029815,7515.457533340691,23.4,-0.15643446504023198,0.9876883405951375,0,2.807194017777306,0.5623980003705279,0.8268666695297566,0.08656666523512169,0,1.3000000000000007,0,,2026-07-17 23:00:00+09:00,186.0,-22.0,-1.0,0.06,1,jma_O9_predicted
capture_anchor:165,-1,OSM_ro94_0_0,2026-07-20 23:01:00+09:00,2026-07-20 23:01:00+09:00,0,,8.048552700525502,,0.0,capture_gps_anchor,165,1,2026-07-20T23:00,27.5,87.0,25.0,0.0,1.0,1007.8,24.0,2026-07-20 23:00:00+09:00,0.0,0.0,0.0,0.3000000000000005,1.1,1.1,10.0,1,1,-9895.16535289098,-532876.5585617993,0,,0,0,0,0,0,,0,0,0,0,0,,0,0,0,0,0,,0,0,0,0,0,,0,0,0,0,0,,0,0,0,0,0,,0,0,0,0,0,,0,0,0,0,0,,0,0,0,0,0,,0,0,0,0,0,,0,0,0,0,0,,0,0,0,0,0,,0,0,0,0,0,,0,0,0,0,0,,0,0,0,0,0,,0,0,0,0,0,,0,0,0,0,0,,0,0,0,0,0,,0,0,0,0,0,,0,0,0,0,unclassified,10.00000000001032,136.09319143944538,0.0,10.0,284.55294795496303,11.684514667915192,436.26728427157246,3425.5313858930367,7053.127646769742,7547.309482509791,23.016666666666666,-0.2546019482055278,0.9670459389139431,0,5.791221795555771,0.9432187877829229,0.332172121607629,0.3339139391961855,0,2.5,0,,2026-07-20 23:00:00+09:00,195.0,5.0,1.0,0.06,1,jma_O9_predicted
capture_anchor:166,-1,OSM_ro249_0_13,2026-07-20 23:53:00+09:00,2026-07-20 23:53:00+09:00,0,,0.18667649179026646,,0.0,capture_gps_anchor,166,1,2026-07-21T00:00,27.5,85.0,24.7,0.0,1.0,1007.7,21.0,2026-07-21 00:00:00+09:00,0.0,0.0,0.0,0.20000000000000046,1.1,1.1,11.0,1,1,-9906.479765645936,-534903.9102241411,0,,0,0,0,0,0,,0,0,0,0,0,,0,0,0,0,0,,0,0,0,0,0,,0,0,0,0,0,,0,0,0,0,0,,0,0,0,0,0,,0,0,0,0,0,,0,0,0,0,0,,0,0,0,0,0,,0,0,0,0,0,,0,0,0,0,0,,0,0,0,0,0,,0,0,0,0,0,,0,0,0,0,0,,0,0,0,0,0,,0,0,0,0,0,,0,0,0,0,0,,0,0,0,0,0,,0,0,0,0,unclassified,10.00000000000736,132.63429211331976,11.148674653811497,10.0,858.1496566436138,1323.3698030220648,721.4847244657201,1850.8482884246766,5417.693276074461,5765.9106231592405,23.883333333333333,-0.03053851320982278,0.9995335908367129,0,5.827332906666356,0.9457431050476764,0.32491534167345765,0.3375423291632712,0,2.8000000000000007,0,,2026-07-21 00:00:00+09:00,187.0,-8.0,-1.0,0.0,1,jma_O9_predicted
capture_anchor:167,-1,OSM_ro877_0_26,2026-07-23 05:23:00+09:00,2026-07-23 05:23:00+09:00,0,,1.469209320645923,,0.0,capture_gps_anchor,167,1,2026-07-23T05:00,26.7,86.0,24.2,0.0,0.0,1007.8,7.0,2026-07-23 05:00:00+09:00,0.0,0.0,0.0,0.10000000000000045,2.1999999999999997,2.3,11.0,1,1,-19646.959923474333,-535649.6797018289,0,,0,0,0,0,0,,0,0,0,0,0,,0,0,0,0,0,,0,0,0,0,0,,0,0,0,0,0,,0,0,0,0,0,,0,0,0,0,0,,0,0,0,0,0,,0,0,0,0,0,,0,0,0,0,0,,0,0,0,0,0,,0,0,0,0,0,,0,0,0,0,0,,0,0,0,0,0,,0,0,0,0,0,,0,0,0,0,0,,0,0,0,0,0,,0,0,0,0,0,,0,0,0,0,0,,0,0,0,0,service,9.999999999989587,75.27800140506497,25.021321389217235,6.0,274.96301509340316,1380.3387505324104,260.51265339931734,2741.932172486102,5091.2115338841895,7619.485589364069,5.383333333333334,0.9869963665602319,0.1607425656038261,0,8.056499573332417,0.9897394411945343,-0.14288400380704303,0.5714420019035216,0,2.5,0,,2026-07-23 05:00:00+09:00,109.0,-21.0,-1.0,0.24,1,jma_O9_predicted
capture_anchor:168,-1,OSM_ro289_0_57,2026-07-25 02:51:00+09:00,2026-07-25 02:51:00+09:00,0,,0.34691508736134796,,0.0,capture_gps_anchor,168,1,2026-07-25T03:00,27.6,90.0,25.7,0.0,3.0,1009.9,98.0,2026-07-25 03:00:00+09:00,0.0,0.0,0.0,0.20000000000000046,0.30000000000000004,1.2000000000000002,10.0,1,1,-10352.54783369675,-534965.129566573,0,,0,0,0,0,0,,0,0,0,0,0,,0,0,0,0,0,,0,0,0,0,0,,0,0,0,0,0,,0,0,0,0,0,,0,0,0,0,0,,0,0,0,0,0,,0,0,0,0,0,,0,0,0,0,0,,0,0,0,0,0,,0,0,0,0,0,,0,0,0,0,0,,0,0,0,0,0,,0,0,0,0,0,,0,0,0,0,0,,0,0,0,0,0,,0,0,0,0,0,,0,0,0,0,0,,0,0,0,0,unclassified,9.99999999992712,173.89807242174174,3.887095829885311,10.0,704.9387244487652,970.7681320459333,1032.4456624988095,1459.0578800534436,5079.471953460821,5480.487588991953,2.85,0.6788007455329418,0.7343225094356854,0,9.950944017778397,0.8543730166602428,-0.51966022399533,0.7598301119976649,0,1.9000000000000021,0,,2026-07-25 03:00:00+09:00,172.0,-1.0,-1.0,0.0,1,jma_O9_predicted
capture_anchor:169,-1,OSM_ro249_0_2,2026-07-25 03:00:00+09:00,2026-07-25 03:00:00+09:00,0,,2.4981294242215317,,0.0,capture_gps_anchor,169,1,2026-07-25T03:00,27.6,90.0,25.7,0.0,3.0,1009.9,98.0,2026-07-25 03:00:00+09:00,0.0,0.0,0.0,0.20000000000000046,0.30000000000000004,1.2000000000000002,10.0,1,1,-10002.406506276979,-534861.2033100893,0,,0,0,0,0,0,,0,0,0,0,0,,0,0,0,0,0,,0,0,0,0,0,,0,0,0,0,0,,0,0,0,0,0,,0,0,0,0,0,,0,0,0,0,0,,0,0,0,0,0,,0,0,0,0,0,,0,0,0,0,0,,0,0,0,0,0,,0,0,0,0,0,,0,0,0,0,0,,0,0,0,0,0,,0,0,0,0,0,,0,0,0,0,0,,0,0,0,0,0,,0,0,0,0,0,,0,0,0,0,unclassified,9.999999999985274,109.24093836732072,0.0,10.0,779.3149885827386,1280.344754924723,816.9066469697947,1796.9245567699631,5385.335953811681,5750.292501986449,3.0,0.7071067811865475,0.7071067811865476,0,9.957194017776942,0.8536812149587691,-0.5207959132198714,0.7603979566099357,0,1.9000000000000021,0,,2026-07-25 03:00:00+09:00,172.0,-1.0,-1.0,0.0,1,jma_O9_predicted
capture_anchor:170,-1,OSM_ro42_0_33,2026-07-25 03:25:00+09:00,2026-07-25 03:25:00+09:00,0,,12.819239113912115,,0.0,capture_gps_anchor,170,1,2026-07-25T03:00,27.6,90.0,25.7,0.0,3.0,1009.9,98.0,2026-07-25 03:00:00+09:00,0.0,0.0,0.0,0.20000000000000046,0.30000000000000004,1.2000000000000002,10.0,1,1,-10466.806677817309,-536035.7058698803,0,,0,0,0,0,0,,0,0,0,0,0,,0,0,0,0,0,,0,0,0,0,0,,0,0,0,0,0,,0,0,0,0,0,,0,0,0,0,0,,0,0,0,0,0,,0,0,0,0,0,,0,0,0,0,0,,0,0,0,0,0,,0,0,0,0,0,,0,0,0,0,0,,0,0,0,0,0,,0,0,0,0,0,,0,0,0,0,0,,0,0,0,0,0,,0,0,0,0,0,,0,0,0,0,0,,0,0,0,0,unclassified,10.000000000066118,45.00428623200543,0.0,10.0,404.9860142560823,539.6406452184049,414.2212915289111,979.882680608449,4219.171883536588,4513.664901568267,3.4166666666666665,0.7798844830928817,0.6259234721840591,0,9.974555128888255,0.8517516264680048,-0.5239457670495185,0.7619728835247592,0,1.9000000000000021,0,,2026-07-25 03:00:00+09:00,172.0,-1.0,-1.0,0.0,1,jma_O9_predicted
capture_anchor:171,-1,OSM_ro364_0_43,2026-07-25 03:41:00+09:00,2026-07-25 03:41:00+09:00,0,,1.8639530876690058,,0.0,capture_gps_anchor,171,1,2026-07-25T04:00,27.2,90.0,25.5,0.0,3.0,1009.7,99.0,2026-07-25 04:00:00+09:00,0.0,0.0,0.0,0.10000000000000045,0.30000000000000004,1.2000000000000002,11.0,1,1,-11170.161812492275,-535898.4174402619,0,,0,0,0,0,0,,0,0,0,0,0,,0,0,0,0,0,,0,0,0,0,0,,0,0,0,0,0,,0,0,0,0,0,,0,0,0,0,0,,0,0,0,0,0,,0,0,0,0,0,,0,0,0,0,0,,0,0,0,0,0,,0,0,0,0,0,,0,0,0,0,0,,0,0,0,0,0,,0,0,0,0,0,,0,0,0,0,0,,0,0,0,0,0,,0,0,0,0,0,,0,0,0,0,0,,0,0,0,0,unclassified,9.999999999985883,70.82670228730774,7.144746815012184,10.0,387.49777397864585,14.432451083466718,281.15361771902616,275.2140283795754,3839.689467324902,4271.249774568302,3.6833333333333336,0.8216469379421637,0.569996762596303,0,9.985666239999205,0.8505105889132125,-0.5259579243119172,0.7629789621559586,0,1.6999999999999993,0,,2026-07-25 04:00:00+09:00,164.0,-8.0,-1.0,0.06,1,jma_O9_predicted
capture_anchor:172,-1,OSM_ro136_0_267,2026-07-26 00:25:00+09:00,2026-07-26 00:25:00+09:00,0,,1.5759572448827435,,0.0,capture_gps_anchor,172,1,2026-07-26T00:00,26.9,92.0,25.4,0.0,0.0,1009.8,2.0,2026-07-26 00:00:00+09:00,0.0,0.0,0.0,4.500000000000001,5.5,5.8,6.0,1,1,-14855.787464464202,-538752.7290929902,0,,0,0,0,0,0,,0,0,0,0,0,,0,0,0,0,0,,0,0,0,0,0,,0,0,0,0,0,,0,0,0,0,0,,0,0,0,0,0,,0,0,0,0,0,,0,0,0,0,0,,0,0,0,0,0,,0,0,0,0,0,,0,0,0,0,0,,0,0,0,0,0,,0,0,0,0,0,,0,0,0,0,0,,0,0,0,0,0,,0,0,0,0,0,,0,0,0,0,0,,0,0,0,0,0,,0,0,0,0,secondary,9.999999999917856,199.9181276878037,14.318704187555,5.0,194.24988343164662,314.39416635164895,346.88690873066633,1846.3283943510744,464.5459995526572,1911.51725982385,0.4166666666666667,0.10886687485196457,0.9940563382223196,0,10.849555128888255,0.7400514037772665,-0.6725503102127731,0.8362751551063865,0,1.5,0,,2026-07-26 00:00:00+09:00,144.0,8.0,1.0,0.06,1,jma_O9_predicted
capture_anchor:173,-1,OSM_ro191_0_64,2026-07-26 02:14:00+09:00,2026-07-26 02:14:00+09:00,0,,1.7655353442233925,,0.0,capture_gps_anchor,173,1,2026-07-26T02:00,26.4,91.0,24.9,0.0,0.0,1009.1,0.0,2026-07-26 02:00:00+09:00,0.0,0.0,0.0,3.0000000000000004,5.5,5.8,8.0,1,1,-9947.87244321291,-533507.2412185457,0,,0,0,0,0,0,,0,0,0,0,0,,0,0,0,0,0,,0,0,0,0,0,,0,0,0,0,0,,0,0,0,0,0,,0,0,0,0,0,,0,0,0,0,0,,0,0,0,0,0,,0,0,0,0,0,,0,0,0,0,0,,0,0,0,0,0,,0,0,0,0,0,,0,0,0,0,0,,0,0,0,0,0,,0,0,0,0,0,,0,0,0,0,0,,0,0,0,0,0,,0,0,0,0,0,,0,0,0,0,unclassified,10.000000000042048,130.6369708389828,0.0,10.0,632.8323432730294,251.7651802089131,359.3583007180926,2849.358594855537,6493.288632020707,6956.637916635101,2.2333333333333334,0.5519369853120581,0.8338858220671682,0,10.925249573333872,0.7291241971754866,-0.6843814032344846,0.8421907016172423,0,1.5,0,,2026-07-26 02:00:00+09:00,168.0,12.0,1.0,0.18,1,jma_O9_predicted
capture_anchor:174,-1,OSM_ro289_0_38,2026-07-26 02:41:00+09:00,2026-07-26 02:41:00+09:00,0,,3.624473207288246,,0.0,capture_gps_anchor,174,1,2026-07-26T03:00,26.4,92.0,24.9,0.0,0.0,1009.0,0.0,2026-07-26 03:00:00+09:00,0.0,0.0,0.0,2.0000000000000004,5.5,5.8,9.0,1,1,-10272.916571063133,-534912.8924931607,0,,0,0,0,0,0,,0,0,0,0,0,,0,0,0,0,0,,0,0,0,0,0,,0,0,0,0,0,,0,0,0,0,0,,0,0,0,0,0,,0,0,0,0,0,,0,0,0,0,0,,0,0,0,0,0,,0,0,0,0,0,,0,0,0,0,0,,0,0,0,0,0,,0,0,0,0,0,,0,0,0,0,0,,0,0,0,0,0,,0,0,0,0,0,,0,0,0,0,0,,0,0,0,0,0,,0,0,0,0,unclassified,9.99999999994527,195.2560743148169,0.0,10.0,755.4011430958313,1060.4189031066965,991.1093568145587,1553.38528724626,5170.376088527847,5565.572629515597,2.6833333333333336,0.646123979642964,0.7632324697825288,0,10.943999573333144,0.7263881219642935,-0.687284727219503,0.8436423636097514,0,1.5,0,,2026-07-26 03:00:00+09:00,176.0,8.0,1.0,0.12,1,jma_O9_predicted
capture_anchor:175,-1,OSM_ro364_0_14,2026-07-26 03:36:00+09:00,2026-07-26 03:36:00+09:00,0,,0.20242735428238368,,0.0,capture_gps_anchor,175,1,2026-07-26T04:00,26.0,92.0,24.6,0.0,0.0,1008.9,2.0,2026-07-26 04:00:00+09:00,0.0,0.0,0.0,1.1000000000000005,5.5,5.8,10.0,1,1,-11455.630687021236,-535921.5981895479,0,,0,0,0,0,0,,0,0,0,0,0,,0,0,0,0,0,,0,0,0,0,0,,0,0,0,0,0,,0,0,0,0,0,,0,0,0,0,0,,0,0,0,0,0,,0,0,0,0,0,,0,0,0,0,0,,0,0,0,0,0,,0,0,0,0,0,,0,0,0,0,0,,0,0,0,0,0,,0,0,0,0,0,,0,0,0,0,0,,0,0,0,0,0,,0,0,0,0,0,,0,0,0,0,0,,0,0,0,0,unclassified,10.000000000016087,117.98000815244347,14.02993352210035,10.0,132.33150368436023,140.4760928796652,31.528945492229226,4.956242636442531,3649.497393354763,4130.293317262016,3.6,0.8090169943749475,0.5877852522924731,0,10.982194017778397,0.7207789215466973,-0.693165020939444,0.846582510469722,0,1.3999999999999986,0,,2026-07-26 04:00:00+09:00,176.0,0.0,0.0,0.06,1,jma_O9_predicted
capture_anchor:176,-1,OSM_ro132_0_12,2026-07-26 03:48:00+09:00,2026-07-26 03:48:00+09:00,0,,1.3306060138730773,,0.0,capture_gps_anchor,176,1,2026-07-26T04:00,26.0,92.0,24.6,0.0,0.0,1008.9,2.0,2026-07-26 04:00:00+09:00,0.0,0.0,0.0,1.1000000000000005,5.5,5.8,10.0,1,1,-11819.837596545907,-535314.8253260971,0,,0,0,0,0,0,,0,0,0,0,0,,0,0,0,0,0,,0,0,0,0,0,,0,0,0,0,0,,0,0,0,0,0,,0,0,0,0,0,,0,0,0,0,0,,0,0,0,0,0,,0,0,0,0,0,,0,0,0,0,0,,0,0,0,0,0,,0,0,0,0,0,,0,0,0,0,0,,0,0,0,0,0,,0,0,0,0,0,,0,0,0,0,0,,0,0,0,0,0,,0,0,0,0,0,,0,0,0,0,unclassified,10.000000000047052,201.01677355254043,1.2785882918112463,10.0,209.60912386432776,34.59521357462686,570.8275725521119,511.1346222870937,3987.1528686907996,4581.282833105448,3.8,0.8386705679454239,0.5446390350150272,0,10.99052735111161,0.7195487572992855,-0.6944419240433674,0.8472209620216837,0,1.3999999999999986,0,,2026-07-26 04:00:00+09:00,176.0,0.0,0.0,0.06,1,jma_O9_predicted
capture_anchor:177,-1,OSM_ro42_0_49,2026-07-27 00:00:00+09:00,2026-07-27 00:00:00+09:00,0,,2.392972206550472,,0.0,capture_gps_anchor,177,1,2026-07-27T00:00,26.8,92.0,25.4,0.0,1.0,1009.5,20.0,2026-07-27 00:00:00+09:00,0.0,0.0,0.30000000000000404,5.1000000000000005,5.9,11.4,4.0,1,1,-10341.113291331101,-535961.1392383544,0,,0,0,0,0,0,,0,0,0,0,0,,0,0,0,0,0,,0,0,0,0,0,,0,0,0,0,0,,0,0,0,0,0,,0,0,0,0,0,,0,0,0,0,0,,0,0,0,0,0,,0,0,0,0,0,,0,0,0,0,0,,0,0,0,0,0,,0,0,0,0,0,,0,0,0,0,0,,0,0,0,0,0,,0,0,0,0,0,,0,0,0,0,0,,0,0,0,0,0,,0,0,0,0,0,,0,0,0,0,unclassified,10.000000000003944,104.71290502212207,0.0,10.0,296.4942755061544,620.4270733607646,544.5996055875319,1101.1602870604354,4362.193233402086,4646.988913873744,0.0,0.0,1.0,0,11.832194017776942,0.5843444276924381,-0.8115057546467536,0.9057528773233767,0,1.4000000000000021,0,,2026-07-27 00:00:00+09:00,131.0,3.0,1.0,0.0,1,jma_O9_predicted
capture_anchor:178,-1,OSM_ro249_0_43,2026-07-27 00:21:00+09:00,2026-07-27 00:21:00+09:00,0,,4.442931247496597,,0.0,capture_gps_anchor,178,1,2026-07-27T00:00,26.8,92.0,25.4,0.0,1.0,1009.5,20.0,2026-07-27 00:00:00+09:00,0.0,0.0,0.30000000000000404,5.1000000000000005,5.9,11.4,4.0,1,1,-9985.834258510395,-535129.1205897034,0,,0,0,0,0,0,,0,0,0,0,0,,0,0,0,0,0,,0,0,0,0,0,,0,0,0,0,0,,0,0,0,0,0,,0,0,0,0,0,,0,0,0,0,0,,0,0,0,0,0,,0,0,0,0,0,,0,0,0,0,0,,0,0,0,0,0,,0,0,0,0,0,,0,0,0,0,0,,0,0,0,0,0,,0,0,0,0,0,,0,0,0,0,0,,0,0,0,0,0,,0,0,0,0,0,,0,0,0,0,unclassified,9.999999999971791,199.40200923195414,13.42503926939844,10.0,622.3296241391739,1125.1021764210545,632.7688712176418,1666.0599894998309,5198.841902311237,5534.021803961301,0.35,0.09150161866340238,0.9958049275746618,0,11.846777351110518,0.5818236161675377,-0.813314994125726,0.906657497062863,0,1.4000000000000021,0,,2026-07-27 00:00:00+09:00,131.0,3.0,1.0,0.0,1,jma_O9_predicted
capture_anchor:179,-1,OSM_ro440_0_101,2026-07-31 00:51:00+09:00,2026-07-31 00:51:00+09:00,0,,5.608740560807985,,0.0,capture_gps_anchor,179,1,2026-07-31T01:00,26.3,88.0,24.1,0.0,0.0,1008.7,2.0,2026-07-31 01:00:00+09:00,0.0,0.0,0.0,0.7000000000000004,1.0,2.7,10.0,1,1,-10709.441540790871,-536030.2628227953,0,,0,0,0,0,0,,0,0,0,0,0,,0,0,0,0,0,,0,0,0,0,0,,0,0,0,0,0,,0,0,0,0,0,,0,0,0,0,0,,0,0,0,0,0,,0,0,0,0,0,,0,0,0,0,0,,0,0,0,0,0,,0,0,0,0,0,,0,0,0,0,0,,0,0,0,0,0,,0,0,0,0,0,,0,0,0,0,0,,0,0,0,0,0,,0,0,0,0,0,,0,0,0,0,0,,0,0,0,0,unclassified,10.000000000010845,24.93395416850302,0.0,10.0,548.7872675177898,353.4943716915846,347.909856048585,738.0819068442595,4048.217450597923,4384.42838329905,0.85,0.2206974350215011,0.9753423205085127,0,15.867610684444458,-0.2323940768542572,-0.9726217111719528,0.9863108555859764,0,2.1999999999999993,0,,2026-07-31 01:00:00+09:00,101.0,-14.0,-1.0,0.06,1,jma_O9_predicted
capture_anchor:180,-1,OSM_ro280_0_53,2026-07-31 01:58:00+09:00,2026-07-31 01:58:00+09:00,0,,9.53548109213941,,0.0,capture_gps_anchor,180,1,2026-07-31T02:00,26.1,88.0,24.0,0.0,0.0,1008.8,5.0,2026-07-31 02:00:00+09:00,0.0,0.0,0.0,0.30000000000000043,1.0,2.7,11.0,1,1,-10171.342668987021,-533940.2036127786,0,,0,0,0,0,0,,0,0,0,0,0,,0,0,0,0,0,,0,0,0,0,0,,0,0,0,0,0,,0,0,0,0,0,,0,0,0,0,0,,0,0,0,0,0,,0,0,0,0,0,,0,0,0,0,0,,0,0,0,0,0,,0,0,0,0,0,,0,0,0,0,0,,0,0,0,0,0,,0,0,0,0,0,,0,0,0,0,0,,0,0,0,0,0,,0,0,0,0,0,,0,0,0,0,0,,0,0,0,0,unclassified,9.999999999993605,207.75753499984373,0.0,10.0,258.35599260103083,466.4878351700292,705.8532662357001,2363.8807532503133,6009.495257462229,6469.430778289264,1.9666666666666668,0.49242356010346716,0.8703556959398997,0,15.914138462222922,-0.242011151709978,-0.9702734678676986,0.9851367339338493,0,2.1000000000000014,0,,2026-07-31 02:00:00+09:00,102.0,1.0,1.0,0.0,1,jma_O9_predicted
capture_anchor:181,-1,OSM_ro88_0_45,2026-07-31 03:18:00+09:00,2026-07-31 03:18:00+09:00,0,,5.899949567373316,,0.0,capture_gps_anchor,181,1,2026-07-31T03:00,26.1,89.0,24.2,0.0,0.0,1008.7,12.0,2026-07-31 03:00:00+09:00,0.0,0.0,0.0,0.0,1.0,2.7,12.0,1,1,-12755.51632697181,-533752.390732445,0,,0,0,0,0,0,,0,0,0,0,0,,0,0,0,0,0,,0,0,0,0,0,,0,0,0,0,0,,0,0,0,0,0,,0,0,0,0,0,,0,0,0,0,0,,0,0,0,0,0,,0,0,0,0,0,,0,0,0,0,0,,0,0,0,0,0,,0,0,0,0,0,,0,0,0,0,0,,0,0,0,0,0,,0,0,0,0,0,,0,0,0,0,0,,0,0,0,0,0,,0,0,0,0,0,,0,0,0,0,tertiary,10.000000000010926,291.953572296865,0.0,7.0,391.8217346273141,517.2665807296826,1869.7784717939853,2178.8964301375822,5153.397024228314,5974.962407772047,3.3,0.7604059656000309,0.6494480483301837,0,15.96969401777767,-0.2534630794467317,-0.9673450611634815,0.9836725305817408,0,1.9000000000000021,0,,2026-07-31 03:00:00+09:00,118.0,16.0,1.0,0.06,1,jma_O9_predicted
capture_anchor:182,-1,OSM_ro280_0_21,2026-08-01 00:35:00+09:00,2026-08-01 00:35:00+09:00,0,,0.16150916918129818,,0.0,capture_gps_anchor,182,1,2026-08-01T01:00,26.5,87.0,24.1,0.0,1.0,1007.8,27.0,2026-08-01 01:00:00+09:00,0.0,0.0,0.0,0.0,0.0,1.0,34.0,1,1,-10065.119241148224,-533801.7073181565,0,,0,0,0,0,0,,0,0,0,0,0,,0,0,0,0,0,,0,0,0,0,0,,0,0,0,0,0,,0,0,0,0,0,,0,0,0,0,0,,0,0,0,0,0,,0,0,0,0,0,,0,0,0,0,0,,0,0,0,0,0,,0,0,0,0,0,,0,0,0,0,0,,0,0,0,0,0,,0,0,0,0,0,,0,0,0,0,0,,0,0,0,0,0,,0,0,0,0,0,,0,0,0,0,0,,0,0,0,0,unclassified,9.999999999990568,177.0837110969627,15.311035740015058,10.0,432.8400901578262,382.08723020869843,546.7072232567456,2537.8408807066066,6183.787384525208,6640.9655065696,0.5833333333333334,0.15212338618991672,0.9883615104677607,0,16.856499573333508,-0.43040647093309137,-0.9026351808892239,0.951317590444612,0,2.3999999999999986,0,,2026-08-01 01:00:00+09:00,100.0,-23.0,-1.0,0.12,1,jma_O9_predicted
capture_anchor:196,-1,OSM_ro51_0_4,2026-08-02 00:50:00+09:00,2026-08-02 00:50:00+09:00,0,,0.35045061575850067,,0.0,capture_gps_anchor,196,1,2026-08-02T01:00,27.9,82.0,24.5,0.0,0.0,1006.8,14.0,2026-08-02 01:00:00+09:00,0.0,0.0,0.0,2.4000000000000004,3.1999999999999997,3.1999999999999997,7.0,1,1,-16026.38384218376,-535639.6264471003,0,,0,0,0,0,0,,0,0,0,0,0,,0,0,0,0,0,,0,0,0,0,0,,0,0,0,0,0,,0,0,0,0,0,,0,0,0,0,0,,0,0,0,0,0,,0,0,0,0,0,,0,0,0,0,0,,0,0,0,0,0,,0,0,0,0,0,,0,0,0,0,0,,0,0,0,0,0,,0,0,0,0,0,,0,0,0,0,0,,0,0,0,0,0,,0,0,0,0,0,,0,0,0,0,0,,0,0,0,0,unclassified,10.000000000019568,178.4463773509906,9.359730952598937,10.0,16.483895681352124,177.10949450131878,13.85789804697567,3922.386578696319,2747.967762159486,4970.169741641671,0.8333333333333334,0.21643961393810288,0.9762960071199334,0,17.86691623999957,-0.6130600475139182,-0.790036314445249,0.8950181572226246,0,3.3999999999999986,0,,2026-08-02 01:00:00+09:00,106.0,-29.0,-1.0,0.18,1,jma_O9_predicted
capture_anchor:197,-1,OSM_ro440_0_94,2026-08-02 01:43:00+09:00,2026-08-02 01:43:00+09:00,0,,8.19135258529476,,0.0,capture_gps_anchor,197,1,2026-08-02T02:00,27.9,82.0,24.5,0.0,0.0,1006.9,15.0,2026-08-02 02:00:00+09:00,0.0,0.0,0.0,1.8000000000000005,3.1999999999999997,3.1999999999999997,8.0,1,1,-10750.275260513967,-536086.5736406015,0,,0,0,0,0,0,,0,0,0,0,0,,0,0,0,0,0,,0,0,0,0,0,,0,0,0,0,0,,0,0,0,0,0,,0,0,0,0,0,,0,0,0,0,0,,0,0,0,0,0,,0,0,0,0,0,,0,0,0,0,0,,0,0,0,0,7,107.43387409488498,0,0,3,7,7,107.43387409488498,0,0,3,7,7,107.43387409488498,0,0,3,7,7,107.43387409488498,0,0,3,7,0,1449.819705887225,0,0,0,0,0,1449.819705887225,0,0,0,0,0,1449.819705887225,0,0,0,0,0,1449.819705887225,0,0,0,0,unclassified,10.000000000049772,35.09160270941504,0.0,10.0,616.8259105875593,378.1348879900019,279.0153301210837,706.9942173034624,3979.5138384970733,4314.984381852468,1.7166666666666668,0.4344452574044171,0.9006982393225879,0,17.903721795555043,-0.6192280164025284,-0.7852112223486047,0.8926056111743024,0,3.3999999999999986,0,,2026-08-02 02:00:00+09:00,89.0,-17.0,-1.0,0.12,1,jma_O9_predicted
capture_anchor:198,-1,OSM_ro249_0_14,2026-08-02 02:20:00+09:00,2026-08-02 02:20:00+09:00,0,,2.8956476261248,,0.0,capture_gps_anchor,198,1,2026-08-02T02:00,27.9,82.0,24.5,0.0,0.0,1006.9,15.0,2026-08-02 02:00:00+09:00,0.0,0.0,0.0,1.8000000000000005,3.1999999999999997,3.1999999999999997,8.0,1,1,-9900.41387156691,-534911.5955911923,3,309.3761662176263,0,0,0,3,3,309.3761662176263,0,0,0,3,3,309.3761662176263,0,0,0,3,3,309.3761662176263,0,0,0,3,0,,0,0,0,0,0,,0,0,0,0,0,,0,0,0,0,0,,0,0,0,0,0,,0,0,0,0,0,,0,0,0,0,0,,0,0,0,0,0,,0,0,0,0,0,1165.117039208554,0,0,0,0,0,1165.117039208554,0,0,0,0,0,1165.117039208554,0,0,0,0,0,1165.117039208554,0,0,0,0,0,2532.609136493193,0,0,0,0,0,2532.609136493193,0,0,0,0,0,2532.609136493193,0,0,0,0,0,2532.609136493193,0,0,0,0,unclassified,10.000000000068376,157.402569386682,33.575826598802735,10.0,854.1164778440242,1323.1603239424394,711.6967294272305,1851.6570126338847,5416.1296276636085,5762.764163069426,2.3333333333333335,0.5735764363510462,0.8191520442889918,0,17.92941623999957,-0.6235114705731029,-0.7818142017536946,0.8909071008768473,0,3.3999999999999986,0,,2026-08-02 02:00:00+09:00,89.0,-17.0,-1.0,0.12,1,jma_O9_predicted
capture_anchor:200,-1,OSM_ro136_0_263,2026-08-03 00:01:00+09:00,2026-08-03 00:01:00+09:00,0,,3.424745563882787,,0.0,capture_gps_anchor,200,1,2026-08-03T00:00,27.6,83.0,24.5,0.0,2.0,1006.2,59.0,2026-08-03 00:00:00+09:00,0.0,0.0,0.0,0.0,0.0,3.1999999999999997,30.0,1,1,-14846.842299199583,-538713.8540591777,0,5284.546976915386,0,0,0,0,0,5284.546976915386,0,0,0,0,0,5284.546976915386,0,0,0,0,0,5284.546976915386,0,0,0,0,0,5832.306039375509,0,0,0,0,0,5832.306039375509,0,0,0,0,0,5832.306039375509,0,0,0,0,0,5832.306039375509,0,0,0,0,0,6771.995563666886,0,0,0,0,0,6771.995563666886,0,0,0,0,0,6771.995563666886,0,0,0,0,0,6771.995563666886,0,0,0,0,0,4487.423912241181,0,0,0,0,0,4487.423912241181,0,0,0,0,0,4487.423912241181,0,0,0,0,0,4487.423912241181,0,0,0,0,0,3807.231048283027,0,0,0,0,0,3807.231048283027,0,0,0,0,0,3807.231048283027,0,0,0,0,0,3807.231048283027,0,0,0,0,secondary,10.000000000034637,188.44000228726526,0.0,5.0,213.18257022832123,331.51969829732707,376.57577189032304,1871.7059284590282,457.40422539587456,1924.7510167501462,0.016666666666666666,0.004363309284746571,0.9999904807207345,0,18.83288846222183,-0.761391458502738,-0.6482924085002642,0.8241462042501321,0,3.1000000000000014,0,,2026-08-03 00:00:00+09:00,150.0,-32.0,-1.0,0.12,1,jma_O9_predicted
capture_anchor:201,-1,OSM_ro191_0_92,2026-08-03 01:45:00+09:00,2026-08-03 01:45:00+09:00,0,,7.904262202940849,,0.0,capture_gps_anchor,201,1,2026-08-03T02:00,27.3,84.0,24.3,0.0,2.0,1005.7,58.0,2026-08-03 02:00:00+09:00,0.0,0.0,0.0,0.0,0.0,3.1999999999999997,32.0,1,1,-9976.274635426484,-533611.1156470099,2,331.98910783144,0,0,0,2,2,331.98910783144,0,0,0,2,2,331.98910783144,0,0,0,2,2,331.98910783144,0,0,0,2,0,1327.6616124068898,0,0,0,0,0,1327.6616124068898,0,0,0,0,0,1327.6616124068898,0,0,0,0,0,1327.6616124068898,0,0,0,0,34,51.66031486713672,0,3,3,34,34,51.66031486713672,0,3,3,34,34,51.66031486713672,0,3,3,34,34,51.66031486713672,0,3,3,34,0,609.2461103253803,0,0,0,0,0,609.2461103253803,0,0,0,0,0,609.2461103253803,0,0,0,0,0,609.2461103253803,0,0,0,0,0,1047.449709698381,0,0,0,0,0,1047.449709698381,0,0,0,0,0,1047.449709698381,0,0,0,0,0,1047.449709698381,0,0,0,0,unclassified,9.99999999998167,280.48632000513425,17.039829590342833,10.0,640.3424466643806,295.2560460448609,400.17895122749655,2746.2411378595552,6391.293406585497,6851.125277692004,1.75,0.44228869021900125,0.8968727415326884,0,18.90511068444482,-0.7712632423185222,-0.6365163085485874,0.8182581542742937,0,3.0,0,,2026-08-03 02:00:00+09:00,92.0,-25.0,-1.0,0.12,1,jma_O9_predicted
capture_anchor:202,-1,OSM_ro42_0_53,2026-08-03 02:38:00+09:00,2026-08-03 02:38:00+09:00,0,,5.529234156350105,,0.0,capture_gps_anchor,202,1,2026-08-03T03:00,27.3,83.0,24.3,0.0,2.0,1006.0,65.0,2026-08-03 03:00:00+09:00,0.0,0.0,0.0,0.0,0.0,3.1999999999999997,33.0,1,1,-10311.745269070001,-535980.8424751918,2,46.015218749248724,1,1,1,2,2,46.015218749248724,1,1,1,2,2,46.015218749248724,1,1,1,2,2,46.015218749248724,1,1,1,2,0,962.6238143187278,0,0,0,0,0,962.6238143187278,0,0,0,0,0,962.6238143187278,0,0,0,0,0,962.6238143187278,0,0,0,0,0,986.1675272795884,0,0,0,0,0,986.1675272795884,0,0,0,0,0,986.1675272795884,0,0,0,0,0,986.1675272795884,0,0,0,0,3,21.57412102283452,1,1,3,3,3,21.57412102283452,1,1,3,3,3,21.57412102283452,1,1,3,3,3,21.57412102283452,1,1,3,3,0,1039.27476722507,0,0,0,0,0,1039.27476722507,0,0,0,0,0,1039.27476722507,0,0,0,0,0,1039.27476722507,0,0,0,0,unclassified,9.999999999946608,179.44868395254161,0.0,10.0,313.275691009795,654.8084195840241,545.4601731564954,1131.04879503148,4370.758829019001,4648.144655657246,2.6333333333333333,0.636078220277764,0.7716245833877199,0,18.941916240000296,-0.776224146550831,-0.6304570360551415,0.8152285180275707,0,3.0,0,,2026-08-03 03:00:00+09:00,81.0,-11.0,-1.0,0.06,1,jma_O9_predicted
capture_anchor:203,-1,OSM_ro440_0_71,2026-08-03 23:34:00+09:00,2026-08-03 23:34:00+09:00,0,,7.365682487283376,,0.0,capture_gps_anchor,203,1,2026-08-04T00:00,26.3,90.0,24.5,0.0,0.0,1005.1,16.0,2026-08-04 00:00:00+09:00,0.0,0.0999999999999919,0.8000000000000039,4.6000000000000005,4.8999999999999995,4.9,2.0,1,1,-10734.739200623411,-535981.29035218,3,159.12984689401856,0,0,1,3,3,159.12984689401856,0,0,1,3,3,159.12984689401856,0,0,1,3,3,159.12984689401856,0,0,1,3,0,1042.6277766565954,0,0,0,0,0,1042.6277766565954,0,0,0,0,0,1042.6277766565954,0,0,0,0,0,1042.6277766565954,0,0,0,0,0,597.2234004236795,0,0,0,0,0,597.2234004236795,0,0,0,0,0,597.2234004236795,0,0,0,0,0,597.2234004236795,0,0,0,0,10,96.76078664457705,0,3,3,10,10,96.76078664457705,0,3,3,10,10,96.76078664457705,0,3,3,10,10,96.76078664457705,0,3,3,10,0,1107.8509749785444,0,0,0,0,0,1107.8509749785444,0,0,0,0,0,1107.8509749785444,0,0,0,0,0,1107.8509749785444,0,0,0,0,unclassified,10.000000000079904,201.03821133378494,15.34649792564747,10.0,538.113897870656,299.38928032016264,380.4874162138762,708.5028822056794,4065.425532565891,4412.235278785429,23.566666666666666,-0.11320321376790789,0.9935718556765873,0,19.81413846222256,-0.8792264631720836,-0.47640405797800317,0.7382020289890016,0,1.8000000000000007,0,,2026-08-04 00:00:00+09:00,166.0,-27.0,-1.0,0.06,1,jma_O9_predicted
capture_anchor:204,-1,OSM_ro440_0_82,2026-08-03 23:38:00+09:00,2026-08-03 23:38:00+09:00,0,,6.547825248437777,,0.0,capture_gps_anchor,204,1,2026-08-04T00:00,26.3,90.0,24.5,0.0,0.0,1005.1,16.0,2026-08-04 00:00:00+09:00,0.0,0.0999999999999919,0.8000000000000039,4.6000000000000005,4.8999999999999995,4.9,2.0,1,1,-10785.886361359011,-536078.6350119212,3,206.3057386911975,0,0,1,3,3,206.3057386911975,0,0,1,3,3,206.3057386911975,0,0,1,3,3,206.3057386911975,0,0,1,3,0,1152.189513509394,0,0,0,0,0,1152.189513509394,0,0,0,0,0,1152.189513509394,0,0,0,0,0,1152.189513509394,0,0,0,0,0,553.2397123082828,0,0,0,0,0,553.2397123082828,0,0,0,0,0,553.2397123082828,0,0,0,0,0,553.2397123082828,0,0,0,0,10,78.9106502222799,0,3,3,10,10,78.9106502222799,0,3,3,10,10,78.9106502222799,0,3,3,10,10,78.9106502222799,0,3,3,10,0,1216.9781859838145,0,0,0,0,0,1216.9781859838145,0,0,0,0,0,1216.9781859838145,0,0,0,0,0,1216.9781859838145,0,0,0,0,unclassified,9.99999999999679,207.64089176879153,0.0,10.0,638.2945108050862,349.78570323391057,270.5282284600349,670.511625280307,3960.05829844087,4302.597343630084,23.633333333333333,-0.09584575252022448,0.9953961983671787,0,19.816916240000296,-0.8795078759214197,-0.4758843306857168,0.7379421653428584,0,1.8000000000000007,0,,2026-08-04 00:00:00+09:00,166.0,-27.0,-1.0,0.06,1,jma_O9_predicted
capture_anchor:208,-1,OSM_ro249_0_50,2026-08-06 01:11:00+09:00,2026-08-06 01:11:00+09:00,0,,10.935592643768318,,0.0,capture_gps_anchor,208,1,2026-08-06T01:00,28.0,79.0,24.1,0.0,3.0,996.6,95.0,2026-08-06 01:00:00+09:00,0.0,0.0,0.100000000000004,0.7000000000000005,3.4,9.4,5.0,1,1,-10003.010162400777,-535195.0183781018,2,222.0552941095807,0,0,1,2,6,47.80302661520742,1,1,4,6,6,47.80302661520742,1,1,4,6,6,47.80302661520742,1,1,4,6,8,47.891271942512546,1,1,1,8,10,47.891271942512546,1,1,1,10,10,47.891271942512546,1,1,1,10,10,47.891271942512546,1,1,1,10,33,293.7950728071719,0,0,0,33,33,293.7950728071719,0,0,0,33,33,293.7950728071719,0,0,0,33,33,293.7950728071719,0,0,0,33,15,40.67556020448311,1,2,4,15,19,40.67556020448311,1,2,4,19,19,40.67556020448311,1,2,4,19,19,40.67556020448311,1,2,4,19,1,429.51366078897377,0,0,0,1,1,429.51366078897377,0,0,0,1,1,429.51366078897377,0,0,0,1,1,429.51366078897377,0,0,0,1,unclassified,9.999999999997959,171.14661500173247,0.0,10.0,556.9771421192379,1075.394856230736,616.4730935233719,1620.0528735551231,5139.3275360852185,5469.636042194205,1.1833333333333333,0.30486429902801077,0.9523957996432784,0,21.881499573333144,-0.9983935235761164,-0.05666014543986574,0.5283300727199328,0,3.8999999999999986,0,,2026-08-06 01:00:00+09:00,167.0,-22.0,-1.0,0.06,1,jma_O9_predicted
capture_anchor:209,-1,OSM_ro364_0_65,2026-08-06 01:47:00+09:00,2026-08-06 01:47:00+09:00,0,,2.572520657749399,,0.0,capture_gps_anchor,209,1,2026-08-06T02:00,28.0,78.0,23.9,0.0,3.0,996.3,88.0,2026-08-06 02:00:00+09:00,0.0,0.0,0.0,0.3000000000000005,3.3,9.4,6.0,1,1,-11035.986361064039,-535816.1850942251,1,279.7906186077589,0,0,0,1,1,279.7906186077589,0,0,0,1,1,279.7906186077589,0,0,0,1,1,279.7906186077589,0,0,0,1,0,1064.9813451023053,0,0,0,0,0,1062.1773719450523,0,0,0,0,0,1062.1773719450523,0,0,0,0,0,1062.1773719450523,0,0,0,0,2,342.95989042854103,0,0,0,2,2,342.95989042854103,0,0,0,2,2,342.95989042854103,0,0,0,2,2,342.95989042854103,0,0,0,2,0,643.9475020797386,0,0,0,0,7,49.99244054711265,1,1,2,7,7,49.99244054711265,1,1,2,7,7,49.99244054711265,1,1,2,7,0,1110.8004482365654,0,0,0,0,0,1110.8004482365654,0,0,0,0,0,1110.8004482365654,0,0,0,0,0,1110.8004482365654,0,0,0,0,unclassified,10.00000000000245,194.1887737391155,17.398512531422853,10.0,510.70548197329333,5.794575522047693,436.8932173708606,424.8015320329868,3988.0121097760625,4405.537380273084,1.7833333333333332,0.45009844103743496,0.892978943411137,0,21.90649957333278,-0.9986807855298468,-0.05134869631731763,0.5256743481586588,0,4.100000000000001,0,,2026-08-06 02:00:00+09:00,139.0,-28.0,-1.0,0.12,1,jma_O9_predicted
capture_anchor:211,-1,OSM_ro142_0_7,2026-08-10 00:03:00+09:00,2026-08-10 00:03:00+09:00,0,,3.022317222723356,,0.0,capture_gps_anchor,211,1,2026-08-10T00:00,26.9,90.0,25.2,0.0,3.0,1001.2,99.0,2026-08-10 00:00:00+09:00,0.0,0.0,0.4000000000000071,0.5,11.0,128.0,3.0,1,1,-10176.975911775884,-535283.7638695639,0,,0,0,0,0,2,386.0846632095359,0,0,0,2,6,86.19930212846606,0,1,3,6,6,86.19930212846606,0,1,3,6,3,353.2311453073403,0,0,0,3,11,199.07748020385085,0,0,1,11,13,199.07748020385085,0,0,1,13,13,199.07748020385085,0,0,1,13,10,203.2702768014651,0,0,5,10,43,203.2702768014651,0,0,5,43,43,203.2702768014651,0,0,5,43,43,203.2702768014651,0,0,5,43,0,815.9219105568253,0,0,0,0,11,121.12173589878874,0,0,4,11,15,121.12173589878874,0,0,4,15,15,121.12173589878874,0,0,4,15,0,1895.8945268808468,0,0,0,0,1,382.9474564532617,0,0,0,1,1,382.9474564532617,0,0,0,1,1,382.9474564532617,0,0,0,1,unclassified,10.000000000079458,6.835918078159182,0.0,10.0,402.54000163136334,880.686780899866,746.9477062444195,1424.7586345099119,4955.194971136789,5300.082330902446,0.05,0.01308959557134444,0.999914327574007,0,25.83427735111161,-0.7078567886111786,0.7063559774059176,0.1468220112970412,0,1.6999999999999993,0,,2026-08-10 00:00:00+09:00,151.0,11.0,1.0,0.06,1,jma_O9_predicted
capture_anchor:212,-1,OSM_ro877_0_9,2026-08-10 01:38:00+09:00,2026-08-10 01:38:00+09:00,0,,0.9767340368136103,,0.0,capture_gps_anchor,212,1,2026-08-10T02:00,26.4,95.0,25.6,0.1,51.0,1000.7,99.0,2026-08-10 02:00:00+09:00,0.1,0.09999999999999645,0.30000000000000715,0.6000000000000001,11.1,111.69999999999999,0.0,1,1,-19768.472894933235,-535544.1507586576,0,8299.886705024574,0,0,0,0,0,4555.701916400905,0,0,0,0,0,4555.701916400905,0,0,0,0,0,4555.701916400905,0,0,0,0,0,4808.011512351602,0,0,0,0,0,4808.011512351602,0,0,0,0,0,4808.011512351602,0,0,0,0,0,4808.011512351602,0,0,0,0,0,6391.137879799155,0,0,0,0,0,3366.22219835375,0,0,0,0,0,3366.22219835375,0,0,0,0,0,3366.22219835375,0,0,0,0,0,9470.169165619585,0,0,0,0,0,9470.169165619585,0,0,0,0,0,7823.5960659130515,0,0,0,0,0,7823.5960659130515,0,0,0,0,0,9779.253986879561,0,0,0,0,0,9405.93982366358,0,0,0,0,0,7584.819803413983,0,0,0,0,0,7584.819803413983,0,0,0,0,service,9.999999999979604,106.6673603805437,27.177486999529663,6.0,196.46438544685438,1260.6381093104017,119.64999005691382,2674.7565656847396,5251.367482832626,7778.761157788424,1.6333333333333333,0.414693242656239,0.9099612708765432,0,25.900249573332417,-0.6978723849188468,0.7162221264158773,0.14188893679206133,0,0.7999999999999972,1,,2026-08-10 02:00:00+09:00,182.0,15.0,1.0,0.18,1,jma_O9_predicted
capture_anchor:213,-1,OSM_ro104_0_31,2026-08-11 23:32:00+09:00,2026-08-11 23:32:00+09:00,0,,1.1467311327688998,,0.0,capture_gps_anchor,213,1,2026-08-12T00:00,25.6,88.0,23.5,0.0,3.0,1001.3,98.0,2026-08-12 00:00:00+09:00,0.0,0.0,0.0,0.7,1.1,7.2,6.0,1,1,-10376.578646401613,-534418.966404127,0,1856.0735502392165,0,0,0,0,0,1729.2941724324041,0,0,0,0,4,53.35509315696785,0,1,2,4,4,53.35509315696785,0,1,2,4,3,165.67960944550396,0,0,1,3,5,121.38385674884337,0,0,2,5,10,121.38385674884337,0,0,4,10,10,121.38385674884337,0,0,4,10,0,554.8735548887296,0,0,0,0,0,554.8735548887296,0,0,0,0,0,554.8735548887296,0,0,0,0,0,554.8735548887296,0,0,0,0,1,71.68828454416038,0,1,1,1,6,71.68828454416038,0,1,1,6,24,71.68828454416038,0,1,5,24,24,71.68828454416038,0,1,5,24,0,1040.7732038557294,0,0,0,0,0,923.8755491971573,0,0,0,0,1,316.82181418532156,0,0,0,1,1,316.82181418532156,0,0,0,1,unclassified,10.000000000044981,178.04666681558865,0.0,10.0,274.2139721774906,936.8064119892512,1134.247065120102,1852.0028108990646,5499.405111333104,5949.583514001407,23.533333333333335,-0.12186934340514723,0.9925461516413221,0,27.81274957333278,-0.3574185639390817,0.9339443078426704,0.033027846078664824,0,2.1000000000000014,0,,2026-08-12 00:00:00+09:00,110.0,-7.0,-1.0,0.06,1,jma_O9_predicted
capture_anchor:214,-1,OSM_ro42_0_81,2026-08-12 00:15:00+09:00,2026-08-12 00:15:00+09:00,0,,7.124416214651991,,0.0,capture_gps_anchor,214,1,2026-08-12T00:00,25.6,88.0,23.5,0.0,3.0,1001.3,98.0,2026-08-12 00:00:00+09:00,0.0,0.0,0.0,0.7,1.1,7.2,6.0,1,1,-10182.29837177148,-535961.9663590022,0,803.1473802504169,0,0,0,0,0,803.1473802504169,0,0,0,0,3,131.33393619215263,0,0,1,3,3,131.33393619215263,0,0,1,3,1,69.82105121984185,0,1,1,1,1,69.82105121984185,0,1,1,1,1,69.82105121984185,0,1,1,1,1,69.82105121984185,0,1,1,1,0,771.0973591362239,0,0,0,0,0,771.0973591362239,0,0,0,0,1,462.4563829601765,0,0,0,1,1,462.4563829601765,0,0,0,1,0,1051.7988278006796,0,0,0,0,1,421.1365408071467,0,0,0,1,6,92.38452915865669,0,2,5,6,6,92.38452915865669,0,2,5,6,0,2573.7999148423028,0,0,0,0,0,2467.5717087283056,0,0,0,0,0,1033.429822334438,0,0,0,0,0,1033.429822334438,0,0,0,0,unclassified,9.999999999997367,357.2301339843309,14.607962317573481,10.0,315.7536983029462,771.8559474343053,640.1070584316186,1259.9652194534954,4480.2982902466365,4740.345086787703,0.25,0.06540312923014306,0.9978589232386035,0,27.84261068444482,-0.35147756527992746,0.9361963047913051,0.031901847604347444,0,2.1000000000000014,0,,2026-08-12 00:00:00+09:00,110.0,-7.0,-1.0,0.06,1,jma_O9_predicted
capture_anchor:215,-1,OSM_ro42_0_58,2026-08-12 22:28:00+09:00,2026-08-12 22:28:00+09:00,0,,4.810855312291939,,0.0,capture_gps_anchor,215,1,2026-08-12T22:00,25.4,89.0,23.5,0.0,0.0,1000.4,17.0,2026-08-12 22:00:00+09:00,0.0,0.09999999999999634,0.8000000000000069,3.6,4.0,5.2,1.0,1,1,-10293.684174932507,-536023.5258580358,0,540.3156204146992,0,0,0,0,0,540.3156204146992,0,0,0,0,1,291.01228630101053,0,0,0,1,3,4.174750016410064,1,1,1,3,3,109.18666632464652,0,0,2,3,3,109.18666632464652,0,0,2,3,3,109.18666632464652,0,0,2,3,3,109.18666632464652,0,0,2,3,0,863.9943424067294,0,0,0,0,0,863.9943424067294,0,0,0,0,1,352.46285952006303,0,0,0,1,1,352.46285952006303,0,0,0,1,1,40.980538185551,1,1,1,1,2,40.980538185551,1,1,1,2,4,40.980538185551,1,1,3,4,7,26.736082580335914,2,4,6,7,0,2635.6979258172555,0,0,0,0,0,2525.953078897954,0,0,0,0,0,1082.7239204604566,0,0,0,0,0,1082.7239204604566,0,0,0,0,unclassified,10.000000000031541,169.98704256664496,3.169399670651501,10.0,355.64423950710153,687.5978587091777,522.2684053039292,1151.375118899563,4355.916812311629,4624.3637499526285,22.466666666666665,-0.3907311284892739,0.9205048534524403,0,28.768305128888983,-0.16147993643745212,0.9868759953145868,0.0065620023427065965,0,1.8999999999999986,0,,2026-08-12 22:00:00+09:00,151.0,-33.0,-1.0,0.12,1,jma_O9_predicted
capture_anchor:216,-1,OSM_ro289_0_1,2026-08-12 23:12:00+09:00,2026-08-12 23:12:00+09:00,0,,9.38228706090637,,0.0,capture_gps_anchor,216,1,2026-08-12T23:00,25.3,89.0,23.4,0.0,0.0,1000.5,18.0,2026-08-12 23:00:00+09:00,0.0,0.09999999999999634,0.30000000000000693,3.1,4.0,5.2,2.0,1,1,-10257.57836145089,-534705.6508826988,1,465.4229975839985,0,0,0,1,1,465.4229975839985,0,0,0,1,5,193.6764129381706,0,0,1,5,6,64.51208884663207,0,1,2,6,13,45.79384195001785,1,2,2,13,15,45.79384195001785,1,2,3,15,24,43.44907981496448,2,3,6,24,26,43.44907981496448,2,3,7,26,15,282.1321114850183,0,0,0,15,25,282.1321114850183,0,0,0,25,48,270.6175925019189,0,0,0,48,48,270.6175925019189,0,0,0,48,12,105.7746576772027,0,0,9,12,19,30.920872101260116,2,2,16,19,29,30.920872101260116,2,2,22,29,35,30.920872101260116,2,2,27,35,0,1317.3413436164453,0,0,0,0,0,1209.1012104989093,0,0,0,0,2,18.317786517838694,1,1,1,2,2,18.317786517838694,1,1,1,2,unclassified,9.999999999975953,129.1739942245752,11.773535075366567,10.0,559.0404166467207,1218.9195112173954,1107.544376852176,1707.064419732184,5341.298156917032,5753.025593955422,23.2,-0.20791169081775987,0.9781476007338056,0,28.798860684444094,-0.155060625510196,0.9879049561655143,0.006047521917242837,0,1.9000000000000021,0,,2026-08-12 23:00:00+09:00,120.0,-31.0,-1.0,0.18,1,jma_O9_predicted
capture_anchor:217,-1,GPXROAD_20260816_01_0,2026-08-13 01:42:00+09:00,2026-08-13 01:42:00+09:00,0,,2.7687423958329087,,0.0,capture_gps_anchor,217,1,2026-08-13T02:00,25.1,89.0,23.1,0.0,0.0,999.7,9.0,2026-08-13 02:00:00+09:00,0.0,0.0,0.10000000000000689,2.2,4.0,4.9,5.0,1,1,-19627.053902411033,-535366.9804174127,0,4082.084319514662,0,0,0,0,0,4082.084319514662,0,0,0,0,0,4082.084319514662,0,0,0,0,0,4082.084319514662,0,0,0,0,0,4708.60506134525,0,0,0,0,0,4708.60506134525,0,0,0,0,0,4708.60506134525,0,0,0,0,0,4708.60506134525,0,0,0,0,5,281.15693284642776,0,0,0,5,5,281.15693284642776,0,0,0,5,5,281.15693284642776,0,0,0,5,5,281.15693284642776,0,0,0,5,0,5680.526183050908,0,0,0,0,0,5680.526183050908,0,0,0,0,0,5680.526183050908,0,0,0,0,0,5680.526183050908,0,0,0,0,0,4172.337033038622,0,0,0,0,0,4172.337033038622,0,0,0,0,0,4172.337033038622,0,0,0,0,0,4172.337033038622,0,0,0,0,track,10.00000000000745,,,8.0,41.52936956749539,1099.3001366933183,269.6127781843822,2881.027572609256,5222.252536148636,7759.183547279595,1.7,0.43051109680829514,0.9025852843498606,0,28.903027351110154,-0.13312899532111455,0.9910987188997827,0.004450640550108631,0,2.0,0,,2026-08-13 02:00:00+09:00,113.0,15.0,1.0,0.0,1,jma_O9_predicted
capture_anchor:218,-1,OSM_ro916_0_93,2026-08-13 02:01:00+09:00,2026-08-13 02:01:00+09:00,0,,2.4807270206608987,,0.0,capture_gps_anchor,218,1,2026-08-13T02:00,25.1,89.0,23.1,0.0,0.0,999.7,9.0,2026-08-13 02:00:00+09:00,0.0,0.0,0.10000000000000689,2.2,4.0,4.9,5.0,1,1,-21276.6822210864,-532657.1990553454,0,6368.362414939427,0,0,0,0,0,6368.362414939427,0,0,0,0,0,6368.362414939427,0,0,0,0,0,6368.362414939427,0,0,0,0,0,7308.661260825291,0,0,0,0,0,7308.661260825291,0,0,0,0,0,7308.661260825291,0,0,0,0,0,7308.661260825291,0,0,0,0,0,3009.033138642302,0,0,0,0,0,3009.033138642302,0,0,0,0,0,3009.033138642302,0,0,0,0,0,3009.033138642302,0,0,0,0,0,8663.204210622987,0,0,0,0,0,8663.204210622987,0,0,0,0,0,8663.204210622987,0,0,0,0,0,8663.204210622987,0,0,0,0,0,6436.14724973929,0,0,0,0,0,6436.14724973929,0,0,0,0,0,6436.14724973929,0,0,0,0,0,6436.14724973929,0,0,0,0,primary,10.000000000020943,151.92432557960421,7.046871872939505,3.0,864.0899463400707,359.1215638181406,21.994127236689863,3240.6671689348814,2777.9236872935617,10731.129165920882,2.0166666666666666,0.5037739770455262,0.8638355052043958,0,28.91622179555577,-0.13034609855980142,0.9914685545140797,0.004265722742960165,0,2.0,0,,2026-08-13 02:00:00+09:00,113.0,15.0,1.0,0.0,1,jma_O9_predicted
capture_anchor:223,-1,OSM_ro37_0_149,2026-08-15 23:20:00+09:00,2026-08-15 23:20:00+09:00,0,,0.9523248147631934,,0.0,capture_gps_anchor,223,1,2026-08-15T23:00,25.4,90.0,23.7,0.0,3.0,1004.4,100.0,2026-08-15 23:00:00+09:00,0.0,0.09999999999999601,0.7000000000000072,8.100000000000001,12.8,17.0,2.0,1,1,-12630.466655025819,-535744.1561826386,0,1087.9893805849858,0,0,0,0,0,1087.9893805849858,0,0,0,0,0,1087.9893805849858,0,0,0,0,0,1087.9893805849858,0,0,0,0,0,600.6710672159003,0,0,0,0,0,600.6710672159003,0,0,0,0,0,600.6710672159003,0,0,0,0,1,452.9173289704229,0,0,0,1,0,631.4822248454126,0,0,0,0,0,631.4822248454126,0,0,0,0,0,631.4822248454126,0,0,0,0,0,631.4822248454126,0,0,0,0,0,1260.5035381900148,0,0,0,0,0,1260.5035381900148,0,0,0,0,0,1260.5035381900148,0,0,0,0,0,820.5417724484472,0,0,0,0,0,607.1376993412163,0,0,0,0,0,515.2407188813005,0,0,0,0,0,515.2407188813005,0,0,0,0,1,494.5529094264249,0,0,0,1,unclassified,10.000000000008338,100.13269659913743,0.0,10.0,660.7667510249594,532.5306123288555,168.57069668925328,544.9616387353786,3291.094561067246,4000.563002542561,23.333333333333332,-0.1736481776669304,0.984807753012208,0,2.2738275699995683,0.46514584994035446,0.8852340584745174,0.05738297076274129,0,1.6999999999999993,0,,2026-08-15 23:00:00+09:00,166.0,-34.0,-1.0,0.06,1,jma_O9_predicted
capture_anchor:227,-1,OSM_ro448_0_34,2026-08-18 00:48:00+09:00,2026-08-18 00:48:00+09:00,0,,7.738900146057962,,0.0,capture_gps_anchor,227,1,2026-08-18T01:00,26.6,81.0,23.0,0.0,2.0,1007.1,76.0,2026-08-18 01:00:00+09:00,0.0,0.0,0.20000000000000712,0.7,2.4,2.4999999999999996,4.0,1,1,-10094.191068226666,-532997.3568929466,1,492.53590093243497,0,0,0,1,3,256.28128668678244,0,0,0,3,3,256.28128668678244,0,0,0,3,13,171.53782504271186,0,0,1,13,4,277.4082247466147,0,0,0,4,8,277.4082247466147,0,0,0,8,9,277.4082247466147,0,0,0,9,11,265.29591938274075,0,0,0,11,21,223.23105688859738,0,0,5,21,41,223.23105688859738,0,0,5,41,51,29.576557568589795,5,5,10,51,96,29.576557568589795,5,5,10,96,0,1475.9231749402504,0,0,0,0,0,1475.9231749402504,0,0,0,0,0,1475.9231749402504,0,0,0,0,1,230.90821913960625,0,0,1,1,1,207.96776604212678,0,0,1,1,3,64.89119144105769,0,1,2,3,4,64.89119144105769,0,1,2,4,9,64.89119144105769,0,1,2,9,unclassified,10.000000000011909,150.95111865270792,19.08736196254688,10.0,324.2569057350159,150.51077958186582,565.6094526177694,3227.1850693263364,6847.252165660001,7354.991297553392,0.8,0.20791169081775931,0.9781476007338057,2,4.334938681111609,0.7970166481131503,0.6039573351077696,0.1980213324461152,0,3.6000000000000014,0,,2026-08-18 01:00:00+09:00,125.0,-34.0,-1.0,0.18,1,jma_O9_predicted
capture_anchor:229,-1,OSM_ro104_0_87,2026-08-19 23:02:00+09:00,2026-08-19 23:02:00+09:00,0,,7.7508551861394475,,0.0,capture_gps_anchor,229,1,2026-08-19T23:00,26.8,91.0,25.3,0.1,51.0,1008.5,48.0,2026-08-19 23:00:00+09:00,0.1,0.39999999999999597,1.1000000000000072,5.7,8.700000000000001,9.3,0.0,1,1,-10365.579082987086,-534623.5704857087,0,1207.5593956400357,0,0,0,0,0,1207.5593956400357,0,0,0,0,0,576.1407226166655,0,0,0,0,3,65.54246047306646,0,1,2,3,8,79.80773695954072,0,2,2,8,21,79.80773695954072,0,3,3,21,34,62.132801134384444,0,5,7,34,47,62.132801134384444,0,5,11,47,0,1167.255190601976,0,0,0,0,20,160.92900291056426,0,0,10,20,35,160.92900291056426,0,0,15,35,65,160.92900291056426,0,0,15,65,6,116.13847766142787,0,0,3,6,16,23.762107233324326,1,1,9,16,27,12.578363537002677,3,3,14,27,52,12.578363537002677,6,6,20,52,1,252.65024549644912,0,0,0,1,1,252.65024549644912,0,0,0,1,1,252.65024549644912,0,0,0,1,3,149.98968158512295,0,0,1,3,unclassified,9.999999999963654,131.97503856024036,19.473252283731767,10.0,475.30024886028383,1139.6859756724552,1242.6075605362867,1696.1137495968787,5340.598140758753,5773.189032746119,23.033333333333335,-0.250380004054441,0.9681476403781079,1,6.26132757000066,0.9716741252304238,0.2363247645882476,0.3818376177058762,0,1.5,0,,2026-08-19 23:00:00+09:00,189.0,-2.0,-1.0,0.0,1,jma_O9_predicted
capture_anchor:232,-1,OSM_ro877_0_23,2026-08-20 01:44:00+09:00,2026-08-20 01:44:00+09:00,0,,2.3474806426696917,,0.0,capture_gps_anchor,232,2,2026-08-20T02:00,26.5,89.0,24.5,0.2,51.0,1007.8,93.0,2026-08-20 02:00:00+09:00,0.2,0.799999999999996,1.2000000000000073,2.8000000000000003,9.2,10.1,0.0,1,2,-19675.329652926437,-535645.4191787285,0,5843.029229970424,0,0,0,0,0,4313.451722462323,0,0,0,0,0,4088.5693238425706,0,0,0,0,0,4088.5693238425706,0,0,0,0,0,7641.061877110406,0,0,0,0,1,414.8198700222679,0,0,0,1,1,414.8198700222679,0,0,0,1,1,414.8198700222679,0,0,0,1,0,7643.810703281003,0,0,0,0,13,64.25548967764126,0,5,5,13,23,64.25548967764126,0,10,10,23,23,64.25548967764126,0,10,10,23,0,5560.982562019946,0,0,0,0,0,899.086123681898,0,0,0,0,0,899.086123681898,0,0,0,0,0,899.086123681898,0,0,0,0,0,8986.071294367159,0,0,0,0,0,6409.995494938315,0,0,0,0,0,3396.431979131141,0,0,0,0,0,3396.431979131141,0,0,0,0,service,9.9999999999675,127.83159713698052,2.250601969366869,6.0,270.02698874230134,1375.0976316512545,231.9964081131758,2717.48668140517,5116.860080167884,7645.682252923867,1.7333333333333334,0.4383711467890774,0.898794046299167,1,6.373827569999932,0.9770520185607068,0.2130008286989709,0.39349958565051457,0,2.0,0,,2026-08-20 02:00:00+09:00,131.0,-24.0,-1.0,0.18,1,jma_O9_predicted
capture_anchor:235,-1,OSM_ro448_0_30,2026-08-24 00:04:00+09:00,2026-08-24 00:04:00+09:00,0,,7.355917416881794,,0.0,capture_gps_anchor,235,1,2026-08-24T00:00,27.0,80.0,23.3,0.0,3.0,1009.7,93.0,2026-08-24 00:00:00+09:00,0.0,0.0,0.0,1.0000000000000002,2.1,6.8,6.0,1,1,-10096.477580126913,-532957.9584319042,1,214.37600102353994,0,0,1,1,1,214.37600102353994,0,0,1,1,2,214.37600102353994,0,0,1,2,7,214.37600102353994,0,0,4,7,3,314.2729990891399,0,0,0,3,5,314.2729990891399,0,0,0,5,8,314.2729990891399,0,0,0,8,15,303.5722336874062,0,0,0,15,20,20.67565885320363,5,5,5,20,30,20.67565885320363,5,5,5,30,46,20.67565885320363,5,5,11,46,66,15.239726342622987,10,10,16,66,0,1265.5615375684572,0,0,0,0,0,1229.2161694410754,0,0,0,0,0,1229.2161694410754,0,0,0,0,0,722.4411328030349,0,0,0,0,2,238.27608776286692,0,0,2,2,4,238.27608776286692,0,0,3,4,4,238.27608776286692,0,0,3,4,10,25.437868789145966,1,1,5,10,unclassified,9.999999999968493,181.01672698071906,0.0,10.0,284.8683540061888,154.93333270240657,585.2593233886984,3261.3691083390445,6880.090268437411,7390.097207546789,0.06666666666666667,0.01745240643728351,0.9998476951563913,3,10.30438312555468,0.8129163141592335,-0.5823805166502107,0.7911902583251054,0,3.6999999999999993,0,,2026-08-24 00:00:00+09:00,147.0,7.0,1.0,0.06,1,jma_O9_predicted
capture_anchor:236,-1,OSM_ro174_0_21,2026-08-24 02:48:00+09:00,2026-08-24 02:48:00+09:00,0,,8.762177711736415,,0.0,capture_gps_anchor,236,1,2026-08-24T03:00,26.8,84.0,23.9,0.0,3.0,1008.6,100.0,2026-08-24 03:00:00+09:00,0.0,0.0,0.0,0.6000000000000002,1.0,6.8,9.0,1,1,-19170.68640892775,-534844.1273067344,0,4246.057646290318,0,0,0,0,0,4246.057646290318,0,0,0,0,0,4028.5829163386834,0,0,0,0,0,3683.295971755483,0,0,0,0,0,778.8887542331249,0,0,0,0,0,717.7264256354434,0,0,0,0,0,559.5850830352748,0,0,0,0,0,559.5850830352748,0,0,0,0,0,557.2452449231413,0,0,0,0,0,557.2452449231413,0,0,0,0,0,557.2452449231413,0,0,0,0,0,557.2452449231413,0,0,0,0,1,264.7903572059516,0,0,0,1,1,264.7903572059516,0,0,0,1,1,264.7903572059516,0,0,0,1,1,264.7903572059516,0,0,0,1,0,906.4452491922128,0,0,0,0,0,906.4452491922128,0,0,0,0,0,906.4452491922128,0,0,0,0,0,906.4452491922128,0,0,0,0,residential,10.000000000004382,277.89500609072246,0.0,4.0,727.5846678283037,768.4735905339178,815.3453304942865,3503.10052343602,4764.626711970293,7709.819602227528,2.8,0.6691306063588582,0.7431448254773942,0,10.41827201444373,0.7985667988334366,-0.6019061951840315,0.8009530975920158,0,2.900000000000002,0,,2026-08-24 03:00:00+09:00,171.0,5.0,1.0,0.06,1,jma_O9_predicted
capture_anchor:240,-1,OSM_ro126_0_167,2026-08-28 00:00:00+09:00,2026-08-28 00:00:00+09:00,0,,8.245296233597523,,0.0,capture_gps_anchor,240,1,2026-08-28T00:00,25.8,96.0,25.2,0.3,51.0,1004.1,76.0,2026-08-28 00:00:00+09:00,0.3,3.699999999999993,4.600000000000008,7.1000000000000005,9.4,129.3,0.0,1,1,-16332.80268281242,-531864.3576138255,2,442.6998175415472,0,0,0,2,3,305.3972177987011,0,0,0,3,3,305.3972177987011,0,0,0,3,3,305.3972177987011,0,0,0,3,0,1163.679073608723,0,0,0,0,1,107.91157364464114,0,0,1,1,1,107.91157364464114,0,0,1,1,1,107.91157364464114,0,0,1,1,6,28.521782939850944,5,5,5,6,6,28.521782939850944,5,5,5,6,6,28.521782939850944,5,5,5,6,6,28.521782939850944,5,5,5,6,0,516.1813806477667,0,0,0,0,0,516.1813806477667,0,0,0,0,0,516.1813806477667,0,0,0,0,0,516.1813806477667,0,0,0,0,1,317.5946550941725,0,0,0,1,4,223.27994357975143,0,0,1,4,4,223.27994357975143,0,0,1,4,4,223.27994357975143,0,0,1,4,track,10.000000000007612,102.1618190064379,18.53328359781267,8.0,1286.7624658007946,1194.4643015412282,3469.1542181354193,5817.95886395257,4056.148742367013,8467.639323451698,0.0,0.0,1.0,0,14.301605347776942,0.09849853753003095,-0.9951371956189986,0.9975685978094992,0,0.6000000000000014,1,,2026-08-28 00:00:00+09:00,94.0,-16.0,-1.0,0.12,1,jma_O9_predicted
capture_anchor:242,-1,OSM_ro42_0_79,2026-08-28 02:08:00+09:00,2026-08-28 02:08:00+09:00,0,,4.410869507327661,,0.0,capture_gps_anchor,242,1,2026-08-28T02:00,25.8,96.0,25.1,0.1,51.0,1003.8,63.0,2026-08-28 02:00:00+09:00,0.1,0.5999999999999929,4.300000000000007,6.8,9.7,111.0,0.0,1,1,-10178.365551023506,-535981.5020849052,1,53.37319178550149,0,1,1,1,2,53.37319178550149,0,1,2,2,2,53.37319178550149,0,1,2,2,2,53.37319178550149,0,1,2,2,4,8.864068857092851,3,3,3,4,5,8.864068857092851,3,3,3,5,5,8.864068857092851,3,3,3,5,7,8.864068857092851,3,4,5,7,0,966.8684926713634,0,0,0,0,0,572.6369160395574,0,0,0,0,0,572.6369160395574,0,0,0,0,0,537.0220070171807,0,0,0,0,5,32.84575059661364,2,2,4,5,10,32.84575059661364,2,3,7,10,12,32.84575059661364,2,4,9,12,17,32.84575059661364,2,4,14,17,0,2813.221333463167,0,0,0,0,0,1536.287334062532,0,0,0,0,3,279.8744439975444,0,0,0,3,3,279.8744439975444,0,0,0,3,unclassified,9.999999999983327,346.759603909604,0.0,10.0,335.39777997207136,781.2122402329618,622.6816786361726,1264.3749106223527,4470.4911499032905,4727.154694536071,2.1333333333333333,0.5299192642332049,0.848048096156426,7,14.390494236666356,0.07966123867475866,-0.9968219936642666,0.9984109968321333,0,0.6999999999999993,1,,2026-08-28 02:00:00+09:00,110.0,16.0,1.0,0.0,1,jma_O9_predicted
capture_anchor:243,-1,OSM_ro205_0_15,2026-08-28 22:06:00+09:00,2026-08-28 22:06:00+09:00,0,,0.8509767228999473,,0.0,capture_gps_anchor,243,1,2026-08-28T22:00,26.8,93.0,25.5,0.1,51.0,1005.9,38.0,2026-08-28 22:00:00+09:00,0.1,0.1999999999999928,0.4000000000000071,4.6,7.8,17.2,0.0,1,1,-19123.053720363834,-533054.003330025,0,3149.1454922982257,0,0,0,0,0,3136.0590207393216,0,0,0,0,0,3136.0590207393216,0,0,0,0,0,3136.0590207393216,0,0,0,0,0,1572.1384938574058,0,0,0,0,0,760.2869917166412,0,0,0,0,0,760.2869917166412,0,0,0,0,0,760.2869917166412,0,0,0,0,0,653.7490006103537,0,0,0,0,0,652.5800462647201,0,0,0,0,0,652.5800462647201,0,0,0,0,0,652.5800462647201,0,0,0,0,1,136.61351542076918,0,0,1,1,1,136.61351542076918,0,0,1,1,1,136.61351542076918,0,0,1,1,1,136.61351542076918,0,0,1,1,0,1599.826915554138,0,0,0,0,0,1599.826915554138,0,0,0,0,0,1599.826915554138,0,0,0,0,0,1599.826915554138,0,0,0,0,residential,9.999999999983558,197.4060678225433,8.144048034497445,4.0,1001.8922273525297,1008.0963058346878,1491.4990250077053,4329.556669193263,3038.193790859694,8921.581386749547,22.1,-0.47715876025960796,0.8788171126619656,2,15.222438681110518,-0.0971127190534934,-0.9952733894754935,0.9976366947377467,0,1.3000000000000007,0,,2026-08-28 22:00:00+09:00,151.0,-35.0,-1.0,0.12,1,jma_O9_predicted
capture_anchor:244,-1,OSM_ro126_0_62,2026-08-28 22:45:00+09:00,2026-08-28 22:45:00+09:00,0,,0.5155714214477357,,0.0,capture_gps_anchor,244,1,2026-08-28T23:00,26.7,93.0,25.4,0.1,51.0,1006.1,34.0,2026-08-28 23:00:00+09:00,0.1,0.30000000000000004,0.4000000000000071,3.9,7.7,16.900000000000002,0.0,1,1,-16474.421978367427,-531108.3500543896,1,296.8580280469708,0,0,0,1,2,296.8580280469708,0,0,0,2,2,296.8580280469708,0,0,0,2,2,296.8580280469708,0,0,0,2,3,240.26025248773263,0,0,1,3,3,240.26025248773263,0,0,1,3,3,240.26025248773263,0,0,1,3,3,240.26025248773263,0,0,1,3,5,175.50926135705654,0,0,1,5,7,175.50926135705654,0,0,1,7,7,175.50926135705654,0,0,1,7,7,175.50926135705654,0,0,1,7,0,1204.9740904981736,0,0,0,0,1,262.03893197572955,0,0,0,1,1,262.03893197572955,0,0,0,1,1,262.03893197572955,0,0,0,1,0,2261.095532021365,0,0,0,0,3,172.61301684499517,0,0,1,3,3,172.61301684499517,0,0,1,3,3,172.61301684499517,0,0,1,3,track,9.999999999909255,176.41868120053823,0.0,8.0,1793.5773917431661,863.3027402517835,3814.13526735785,6453.510461220578,3657.9723073629602,9223.778003024327,22.75,-0.32143946530316186,0.9469301294951056,1,15.249522014444821,-0.10284632385815198,-0.9946972572943308,0.9973486286471653,0,1.3000000000000007,0,,2026-08-28 23:00:00+09:00,115.0,-36.0,-1.0,0.18,1,jma_O9_predicted
capture_anchor:245,-1,OSM_ro440_0_41,2026-08-29 01:22:00+09:00,2026-08-29 01:22:00+09:00,0,,0.7068106180326801,,0.0,capture_gps_anchor,245,1,2026-08-29T01:00,26.6,92.0,25.2,0.1,51.0,1005.8,42.0,2026-08-29 01:00:00+09:00,0.1,0.30000000000000004,0.5000000000000071,2.6,7.4,17.0,0.0,1,1,-10964.719471009585,-536010.0751724617,6,18.441774621747232,2,2,4,6,11,18.441774621747232,2,2,9,11,12,18.441774621747232,2,2,9,12,13,18.441774621747232,2,2,10,13,0,747.123199748952,0,0,0,0,0,747.123199748952,0,0,0,0,2,227.4279847291704,0,0,2,2,4,216.2561921938441,0,0,3,4,17,84.41103338109826,0,1,11,17,17,84.41103338109826,0,1,11,17,33,84.41103338109826,0,1,27,33,39,84.41103338109826,0,1,33,39,4,208.02745870480595,0,0,3,4,23,61.74145635915499,0,4,16,23,31,61.74145635915499,0,4,20,31,44,47.719826431612,1,5,26,44,0,795.4435456757378,0,0,0,0,0,795.4435456757378,0,0,0,0,1,269.10747204415657,0,0,0,1,2,269.10747204415657,0,0,0,2,unclassified,10.000000000028725,46.8622816767749,9.028107360198476,10.0,616.4639493603589,198.77186467062168,261.99918614756007,482.361542366001,3887.3653435685906,4269.498309315143,1.3666666666666667,0.35020738125946743,0.9366721892483976,4,15.358549792221467,-0.12589127148119636,-0.9920440452746278,0.9960220226373139,0,1.4000000000000021,0,,2026-08-29 01:00:00+09:00,80.0,-9.0,-1.0,0.06,1,jma_O9_predicted
capture_anchor:246,-1,OSM_ro448_0_62,2026-08-29 02:26:00+09:00,2026-08-29 02:26:00+09:00,0,,6.1509626395887045,,0.0,capture_gps_anchor,246,1,2026-08-29T02:00,26.5,93.0,25.2,0.1,51.0,1005.6,88.0,2026-08-29 02:00:00+09:00,0.1,0.30000000000000004,0.6000000000000001,1.7,7.3999999999999995,17.1,0.0,1,1,-10077.018120921965,-533212.691178547,5,40.5800292777607,1,1,1,5,8,40.5800292777607,1,1,2,8,9,40.5800292777607,1,1,2,9,12,40.5800292777607,1,1,3,12,9,95.7502453396549,0,2,7,9,10,95.7502453396549,0,2,7,10,15,95.7502453396549,0,4,10,15,30,95.7502453396549,0,8,17,30,78,102.67569001870615,0,0,30,78,100,102.67569001870615,0,0,50,100,133,102.67569001870615,0,0,65,133,206,77.98872682796241,0,10,95,206,0,1329.0428888935178,0,0,0,0,1,134.44018121479866,0,0,1,1,1,134.44018121479866,0,0,1,1,1,134.44018121479866,0,0,1,1,1,33.99010517968709,1,1,1,1,4,13.152437232836649,2,3,3,4,7,13.152437232836649,3,4,5,7,12,8.857934541118013,4,5,7,12,unclassified,9.999999999981352,235.76867415296704,0.0,10.0,531.3614283719223,35.30387642207853,496.67809200494065,3043.504328522062,6671.486775711043,7165.876665987081,2.4333333333333336,0.5948227867513413,0.8038568606172173,5,15.402994236667084,-0.13526665550313455,-0.9908092308355814,0.9954046154177907,0,1.3000000000000007,0,,2026-08-29 02:00:00+09:00,89.0,9.0,1.0,0.0,1,jma_O9_predicted
capture_anchor:247,-1,OSM_ro42_0_32,2026-08-29 23:58:00+09:00,2026-08-29 23:58:00+09:00,0,,5.366106166055077,,0.0,capture_gps_anchor,247,1,,,,,,,,,,,,,,,,,1,1,-10473.878274587965,-536042.7764086938,2,145.79880798081973,0,0,2,2,9,145.79880798081973,0,0,3,9,9,145.79880798081973,0,0,3,9,10,145.79880798081973,0,0,3,10,6,302.9102409877285,0,0,0,6,6,302.9102409877285,0,0,0,6,9,256.06456731071654,0,0,0,9,12,112.94034061792044,0,0,1,12,5,225.32529882872035,0,0,5,5,5,225.32529882872035,0,0,5,5,11,225.32529882872035,0,0,5,11,12,225.32529882872035,0,0,5,12,5,26.661759618110818,1,2,2,5,18,26.661759618110818,2,4,6,18,19,26.661759618110818,2,4,6,19,27,26.661759618110818,2,4,12,27,1,318.8922911605336,0,0,0,1,1,318.8922911605336,0,0,0,1,2,227.3084103414166,0,0,1,2,4,23.359898424175036,1,1,3,4,unclassified,9.999999999985091,45.0042862324845,0.0,10.0,414.38171877095584,537.4814653868561,404.6585430483729,973.5594442392525,4209.179567471668,4503.824546454338,23.966666666666665,-0.008726535498374524,0.9999619230641713,4,16.300216458888983,-0.3208088978263835,-0.9471439442214795,0.9735719721107398,0,,0,,2026-08-30 00:00:00+09:00,92.0,-34.0,-1.0,0.18,1,jma_O9_predicted
