timestamp,session_start,event_type,species,individual_count,size,wetness,lat,lon,raw_text,night_date,event_signature,segment_id,event_match_distance_m,unmatched_reason
2026-08-02 00:28:00+09:00,2026-08-02 00:27:00+09:00,目撃,その他,1,,ドライ,28.14169156783547,129.3484584557569,"2026/08/02 0:28
目撃

1匹
リュウキュウアオバズク
ドライ
瀬戸内町県道626号
28.14169156783547
129.3484584557569
",2026-08-02,"2026-08-01 15:28:00+00:00|その他|目撃|28.1416916|129.3484585|2026/08/02 0:28
目撃

1匹
リュウキュウアオバズク
ドライ
瀬戸内町県道626号
28.14169156783547
129.3484584557569
",OSM_ro136_0_243,3.55380039402144,
2026-08-02 00:50:00+09:00,2026-08-02 00:27:00+09:00,捕獲,ハブ,1,中,ドライ,28.16784377023349,129.3368015044549,"2026/08/02 0:50
捕獲
ハブ捕獲中
移動中 海に向かって
道路脇
ドライ
瀬戸内町阿木名
28.16784377023349
129.3368015044549
",2026-08-02,"2026-08-01 15:50:00+00:00|ハブ|捕獲|28.1678438|129.3368015|2026/08/02 0:50
捕獲
ハブ捕獲中
移動中 海に向かって
道路脇
ドライ
瀬戸内町阿木名
28.16784377023349
129.3368015044549
",OSM_ro51_0_4,0.353972215193264,
2026-08-02 01:06:00+09:00,2026-08-02 00:27:00+09:00,目撃,クロウサギ,1,,ドライ,28.16482106119999,129.3758046390733,"2026/08/02 1:06
目撃

1匹
クロウサギ
ドライ
瀬戸内町節子
28.16482106119999
129.3758046390733
",2026-08-02,"2026-08-01 16:06:00+00:00|クロウサギ|目撃|28.1648211|129.3758046|2026/08/02 1:06
目撃

1匹
クロウサギ
ドライ
瀬戸内町節子
28.16482106119999
129.3758046390733
",OSM_ro34_0_43,3.380924413069893,
2026-08-02 01:11:00+09:00,2026-08-02 00:27:00+09:00,目撃,ヤマシギ,1,,ドライ,28.17108533344828,129.3783140937247,"2026/08/02 1:11
目撃

1匹
ヤマシギ
ドライ
瀬戸内町節子
28.17108533344828
129.3783140937247
",2026-08-02,"2026-08-01 16:11:00+00:00|ヤマシギ|目撃|28.1710853|129.3783141|2026/08/02 1:11
目撃

1匹
ヤマシギ
ドライ
瀬戸内町節子
28.17108533344828
129.3783140937247
",OSM_ro146_0_344,4.203731652315549,
2026-08-02 01:26:00+09:00,2026-08-02 00:27:00+09:00,目撃,ヤマシギ,1,,ドライ,28.16586713179895,129.3875842945067,"2026/08/02 1:26
目撃

1匹
ヤマシギ
ドライ
瀬戸内町節子
28.16586713179895
129.3875842945067
",2026-08-02,"2026-08-01 16:26:00+00:00|ヤマシギ|目撃|28.1658671|129.3875843|2026/08/02 1:26
目撃

1匹
ヤマシギ
ドライ
瀬戸内町節子
28.16586713179895
129.3875842945067
",OSM_ro364_0_71,3.790839572324423,
2026-08-02 01:29:00+09:00,2026-08-02 00:27:00+09:00,目撃,ヤマシギ,1,,ドライ,28.16472928909706,129.3869261549221,"2026/08/02 1:29
目撃

1匹
ヤマシギ
ドライ
瀬戸内町節子
28.16472928909706
129.3869261549221
",2026-08-02,"2026-08-01 16:29:00+00:00|ヤマシギ|目撃|28.1647293|129.3869262|2026/08/02 1:29
目撃

1匹
ヤマシギ
ドライ
瀬戸内町節子
28.16472928909706
129.3869261549221
",OSM_ro364_0_92,4.745087154873421,
2026-08-02 01:31:00+09:00,2026-08-02 00:27:00+09:00,目撃,ヤマシギ,2,,ドライ,28.16372905751506,129.3859786245112,"2026/08/02 1:31
目撃

2匹
ヤマシギ
ドライ
瀬戸内町節子
28.16372905751506
129.3859786245112
",2026-08-02,"2026-08-01 16:31:00+00:00|ヤマシギ|目撃|28.1637291|129.3859786|2026/08/02 1:31
目撃

2匹
ヤマシギ
ドライ
瀬戸内町節子
28.16372905751506
129.3859786245112
",OSM_ro440_0_6,4.90176403014418,
2026-08-02 01:36:00+09:00,2026-08-02 00:27:00+09:00,目撃,ヤマシギ,3,,ドライ,28.16455962356119,129.3897501968999,"2026/08/02 1:36
目撃

3匹
ヤマシギ
ドライ
瀬戸内町節子
28.16455962356119
129.3897501968999
",2026-08-02,"2026-08-01 16:36:00+00:00|ヤマシギ|目撃|28.1645596|129.3897502|2026/08/02 1:36
目撃

3匹
ヤマシギ
ドライ
瀬戸内町節子
28.16455962356119
129.3897501968999
",OSM_ro440_0_60,12.986578862703519,
2026-08-02 01:43:00+09:00,2026-08-02 00:27:00+09:00,捕獲,ハブ,1,大,ドライ,28.16391857735673,129.3904589187808,"2026/08/02 1:43
捕獲
ハブ捕獲大
とぐろ
道路脇
ドライ
瀬戸内町節子
28.16391857735673
129.3904589187808
",2026-08-02,"2026-08-01 16:43:00+00:00|ハブ|捕獲|28.1639186|129.3904589|2026/08/02 1:43
捕獲
ハブ捕獲大
とぐろ
道路脇
ドライ
瀬戸内町節子
28.16391857735673
129.3904589187808
",OSM_ro440_0_95,8.272744436613781,
2026-08-02 01:51:00+09:00,2026-08-02 00:27:00+09:00,目撃,ヤマシギ,1,,ドライ,28.1646431768234,129.3950124961409,"2026/08/02 1:51
目撃

1匹
クロウサギ
ヤマシギ
ドライ
瀬戸内町節子
28.1646431768234
129.3950124961409
",2026-08-02,"2026-08-01 16:51:00+00:00|ヤマシギ|目撃|28.1646432|129.3950125|2026/08/02 1:51
目撃

1匹
クロウサギ
ヤマシギ
ドライ
瀬戸内町節子
28.1646431768234
129.3950124961409
",OSM_ro42_0_56,1.5289849544818348,
2026-08-02 01:52:00+09:00,2026-08-02 00:27:00+09:00,目撃,ネズミ,1,,ドライ,28.16444188300705,129.3951379381166,"2026/08/02 1:52
目撃

1匹
シラガケナガネズミ
ドライ
瀬戸内町節子
28.16444188300705
129.3951379381166
",2026-08-02,"2026-08-01 16:52:00+00:00|ネズミ|目撃|28.1644419|129.3951379|2026/08/02 1:52
目撃

1匹
シラガケナガネズミ
ドライ
瀬戸内町節子
28.16444188300705
129.3951379381166
",OSM_ro42_0_59,4.194256550852028,
2026-08-02 01:54:00+09:00,2026-08-02 00:27:00+09:00,目撃,ヤマシギ,2,,ドライ,28.16420170029849,129.3960757424206,"2026/08/02 1:54
目撃

2匹
ヤマシギ
ドライ
瀬戸内町節子
28.16420170029849
129.3960757424206
",2026-08-02,"2026-08-01 16:54:00+00:00|ヤマシギ|目撃|28.1642017|129.3960757|2026/08/02 1:54
目撃

2匹
ヤマシギ
ドライ
瀬戸内町節子
28.16420170029849
129.3960757424206
",OSM_ro42_0_71,9.341136651732983,
2026-08-02 01:58:00+09:00,2026-08-02 00:27:00+09:00,目撃,ネズミ,1,,ドライ,28.16729275408133,129.3952922773131,"2026/08/02 1:58
目撃

1匹
ネズミ
ドライ

28.16729275408133
129.3952922773131
",2026-08-02,"2026-08-01 16:58:00+00:00|ネズミ|目撃|28.1672928|129.3952923|2026/08/02 1:58
目撃

1匹
ネズミ
ドライ

28.16729275408133
129.3952922773131
",OSM_ro560_0_9,2.103335862047959,
2026-08-02 02:07:00+09:00,2026-08-02 00:27:00+09:00,目撃,ネズミ,1,,ドライ,28.17170623261439,129.3969492323179,"2026/08/02 2:07
目撃

1匹
ネズミ
ドライ

28.17170623261439
129.3969492323179
",2026-08-02,"2026-08-01 17:07:00+00:00|ネズミ|目撃|28.1717062|129.3969492|2026/08/02 2:07
目撃

1匹
ネズミ
ドライ

28.17170623261439
129.3969492323179
",OSM_ro142_0_30,11.305829911675819,
2026-08-02 02:10:00+09:00,2026-08-02 00:27:00+09:00,目撃,ネズミ,1,,ドライ,28.17038424344311,129.3985240425181,"2026/08/02 2:10
目撃

1匹
ネズミ
ヤマシギ
ドライ

28.17038424344311
129.3985240425181
",2026-08-02,"2026-08-01 17:10:00+00:00|ネズミ|目撃|28.1703842|129.398524|2026/08/02 2:10
目撃

1匹
ネズミ
ヤマシギ
ドライ

28.17038424344311
129.3985240425181
",OSM_ro185_0_1,7.209701974712607,
2026-08-02 02:14:00+09:00,2026-08-02 00:27:00+09:00,目撃,ネズミ,1,,ドライ,28.17174899444552,129.398572988023,"2026/08/02 2:14
目撃

1匹
ネズミ
ドライ
瀬戸内町節子
28.17174899444552
129.398572988023
",2026-08-02,"2026-08-01 17:14:00+00:00|ネズミ|目撃|28.171749|129.398573|2026/08/02 2:14
目撃

1匹
ネズミ
ドライ
瀬戸内町節子
28.17174899444552
129.398572988023
",OSM_ro249_0_63,15.845662727059118,
2026-08-02 02:20:00+09:00,2026-08-02 00:27:00+09:00,捕獲,ハブ,1,大,ドライ,28.17448552822773,129.3991489164011,"2026/08/02 2:20
捕獲
ハブ捕獲大
伸び
道路中央
ドライ
瀬戸内町節子
28.17448552822773
129.3991489164011
",2026-08-02,"2026-08-01 17:20:00+00:00|ハブ|捕獲|28.1744855|129.3991489|2026/08/02 2:20
捕獲
ハブ捕獲大
伸び
道路中央
ドライ
瀬戸内町節子
28.17448552822773
129.3991489164011
",OSM_ro249_0_14,2.9243586101074683,
2026-08-02 02:22:00+09:00,2026-08-02 00:27:00+09:00,目撃,ヤマシギ,1,,ドライ,28.17486348207613,129.397845444164,"2026/08/02 2:22
目撃

1匹
ヤマシギ
ドライ
瀬戸内町節子
28.17486348207613
129.397845444164
",2026-08-02,"2026-08-01 17:22:00+00:00|ヤマシギ|目撃|28.1748635|129.3978454|2026/08/02 2:22
目撃

1匹
ヤマシギ
ドライ
瀬戸内町節子
28.17486348207613
129.397845444164
",OSM_ro289_0_103,3.9678824883461585,
2026-08-02 02:27:00+09:00,2026-08-02 00:27:00+09:00,目撃,オットンガエル,1,,ドライ,28.17352164016419,129.3947530330987,"2026/08/02 2:27
目撃

1匹
オットンガエル
ドライ

28.17352164016419
129.3947530330987
",2026-08-02,"2026-08-01 17:27:00+00:00|オットンガエル|目撃|28.1735216|129.394753|2026/08/02 2:27
目撃

1匹
オットンガエル
ドライ

28.17352164016419
129.3947530330987
",OSM_ro289_0_64,3.5408258177308447,
2026-08-02 02:30:00+09:00,2026-08-02 00:27:00+09:00,目撃,オットンガエル,1,,ドライ,28.17467288422377,129.3948040181118,"2026/08/02 2:30
目撃

1匹
オットンガエル
ドライ

28.17467288422377
129.3948040181118
",2026-08-02,"2026-08-01 17:30:00+00:00|オットンガエル|目撃|28.1746729|129.394804|2026/08/02 2:30
目撃

1匹
オットンガエル
ドライ

28.17467288422377
129.3948040181118
",OSM_ro289_0_47,1.814501035437193,
2026-08-02 02:31:00+09:00,2026-08-02 00:27:00+09:00,目撃,ヤマシギ,3,,ドライ,28.1746714323995,129.3954460379721,"2026/08/02 2:31
目撃

3匹
ヤマシギ
ドライ
瀬戸内町節子
28.1746714323995
129.3954460379721
",2026-08-02,"2026-08-01 17:31:00+00:00|ヤマシギ|目撃|28.1746714|129.395446|2026/08/02 2:31
目撃

3匹
ヤマシギ
ドライ
瀬戸内町節子
28.1746714323995
129.3954460379721
",OSM_ro289_0_36,2.6206903837676423,
2026-08-02 02:34:00+09:00,2026-08-02 00:27:00+09:00,目撃,ネズミ,1,,ドライ,28.17596025994766,129.3960276222996,"2026/08/02 2:34
目撃

1匹
ネズミ
ドライ

28.17596025994766
129.3960276222996
",2026-08-02,"2026-08-01 17:34:00+00:00|ネズミ|目撃|28.1759603|129.3960276|2026/08/02 2:34
目撃

1匹
ネズミ
ドライ

28.17596025994766
129.3960276222996
",OSM_ro289_0_8,1.004099597564763,
2026-08-02 02:37:00+09:00,2026-08-02 00:27:00+09:00,目撃,ヤマシギ,2,,ドライ,28.17718477179629,129.394212157053,"2026/08/02 2:37
目撃

2匹
ヤマシギ
ドライ

28.17718477179629
129.394212157053
",2026-08-02,"2026-08-01 17:37:00+00:00|ヤマシギ|目撃|28.1771848|129.3942122|2026/08/02 2:37
目撃

2匹
ヤマシギ
ドライ

28.17718477179629
129.394212157053
",OSM_ro104_0_86,7.931664990693036,
2026-08-02 02:45:00+09:00,2026-08-02 00:27:00+09:00,目撃,ヤマシギ,3,,ドライ,28.18153149461597,129.3951587841665,"2026/08/02 2:45
目撃

3匹
ヤマシギ
ドライ
瀬戸内町嘉徳
28.18153149461597
129.3951587841665
",2026-08-02,"2026-08-01 17:45:00+00:00|ヤマシギ|目撃|28.1815315|129.3951588|2026/08/02 2:45
目撃

3匹
ヤマシギ
ドライ
瀬戸内町嘉徳
28.18153149461597
129.3951587841665
",OSM_ro280_0_80,9.58796725582351,
2026-08-02 02:45:00+09:00,2026-08-02 00:27:00+09:00,目撃,ネズミ,1,,ドライ,28.18209556965363,129.395581185177,"2026/08/02 2:45
目撃

1匹
ネズミ
ドライ
瀬戸内町嘉徳
28.18209556965363
129.395581185177
",2026-08-02,"2026-08-01 17:45:00+00:00|ネズミ|目撃|28.1820956|129.3955812|2026/08/02 2:45
目撃

1匹
ネズミ
ドライ
瀬戸内町嘉徳
28.18209556965363
129.395581185177
",OSM_ro280_0_71,12.33938147015544,
2026-08-02 02:48:00+09:00,2026-08-02 00:27:00+09:00,目撃,カエル,1,,ドライ,28.1839897863289,129.3968685536964,"2026/08/02 2:48
目撃

1匹
カエル
ドライ

28.1839897863289
129.3968685536964
",2026-08-02,"2026-08-01 17:48:00+00:00|カエル|目撃|28.1839898|129.3968686|2026/08/02 2:48
目撃

1匹
カエル
ドライ

28.1839897863289
129.3968685536964
",OSM_ro280_0_39,6.994252260097017,
2026-08-02 02:53:00+09:00,2026-08-02 00:27:00+09:00,目撃,ヒメハブ,1,,ドライ,28.18621762495159,129.3985989908641,"2026/08/02 2:53
目撃

1匹
ヒメハブ
ドライ

28.18621762495159
129.3985989908641
",2026-08-02,"2026-08-01 17:53:00+00:00|ヒメハブ|目撃|28.1862176|129.398599|2026/08/02 2:53
目撃

1匹
ヒメハブ
ドライ

28.18621762495159
129.3985989908641
",OSM_ro191_0_91,5.072512293105835,
2026-08-02 02:53:00+09:00,2026-08-02 00:27:00+09:00,目撃,カエル,3,,ドライ,28.18616145437881,129.3989117105782,"2026/08/02 2:53
目撃

3匹
カエル
ドライ

28.18616145437881
129.3989117105782
",2026-08-02,"2026-08-01 17:53:00+00:00|カエル|目撃|28.1861615|129.3989117|2026/08/02 2:53
目撃

3匹
カエル
ドライ

28.18616145437881
129.3989117105782
",OSM_ro191_0_88,12.454059901281086,
2026-08-02 03:02:00+09:00,2026-08-02 00:27:00+09:00,目撃,カエル,5,,ウエット,28.1876935796745,129.395373727793,"2026/08/02 3:02
目撃

5匹以上
カエル
ウエット
瀬戸内町嘉徳
28.1876935796745
129.395373727793
",2026-08-02,"2026-08-01 18:02:00+00:00|カエル|目撃|28.1876936|129.3953737|2026/08/02 3:02
目撃

5匹以上
カエル
ウエット
瀬戸内町嘉徳
28.1876935796745
129.395373727793
",OSM_ro448_0_95,3.7764596075732872,
2026-08-02 03:02:00+09:00,2026-08-02 00:27:00+09:00,目撃,カエル,5,,ウエット,28.18800868433375,129.395525920689,"2026/08/02 3:02
目撃

5匹以上
カエル
ウエット
瀬戸内町嘉徳
28.18800868433375
129.395525920689
",2026-08-02,"2026-08-01 18:02:00+00:00|カエル|目撃|28.1880087|129.3955259|2026/08/02 3:02
目撃

5匹以上
カエル
ウエット
瀬戸内町嘉徳
28.18800868433375
129.395525920689
",OSM_ro448_0_91,7.2885155312565235,
2026-08-02 03:02:00+09:00,2026-08-02 00:27:00+09:00,目撃,カエル,5,,ソークド(水跳ね),28.18830751083003,129.3958558640585,"2026/08/02 3:02
目撃

5匹以上
カエル
ソークド(水跳ね)
瀬戸内町嘉徳
28.18830751083003
129.3958558640585
",2026-08-02,"2026-08-01 18:02:00+00:00|カエル|目撃|28.1883075|129.3958559|2026/08/02 3:02
目撃

5匹以上
カエル
ソークド(水跳ね)
瀬戸内町嘉徳
28.18830751083003
129.3958558640585
",OSM_ro448_0_86,5.50752750099601,
2026-08-02 03:08:00+09:00,2026-08-02 00:27:00+09:00,目撃,ネズミ,1,,ドライ,28.19431731291964,129.397689993403,"2026/08/02 3:08
目撃

1匹
ネズミ
ドライ
瀬戸内町嘉徳
28.19431731291964
129.397689993403
",2026-08-02,"2026-08-01 18:08:00+00:00|ネズミ|目撃|28.1943173|129.39769|2026/08/02 3:08
目撃

1匹
ネズミ
ドライ
瀬戸内町嘉徳
28.19431731291964
129.397689993403
",OSM_ro257_0_21,6.448861469936804,
2026-08-02 03:12:00+09:00,2026-08-02 00:27:00+09:00,目撃,ネズミ,1,,ドライ,28.19181947178804,129.4014481369347,"2026/08/02 3:12
目撃

1匹
ネズミ
ドライ
瀬戸内町嘉徳
28.19181947178804
129.4014481369347
",2026-08-02,"2026-08-01 18:12:00+00:00|ネズミ|目撃|28.1918195|129.4014481|2026/08/02 3:12
目撃

1匹
ネズミ
ドライ
瀬戸内町嘉徳
28.19181947178804
129.4014481369347
",OSM_ro338_0_23,4.044554231919885,
2026-08-02 03:20:00+09:00,2026-08-02 00:27:00+09:00,目撃,ネズミ,1,,ドライ,28.19523829553489,129.3951842534676,"2026/08/02 3:20
目撃

1匹
ネズミ
ドライ

28.19523829553489
129.3951842534676
",2026-08-02,"2026-08-01 18:20:00+00:00|ネズミ|目撃|28.1952383|129.3951843|2026/08/02 3:20
目撃

1匹
ネズミ
ドライ

28.19523829553489
129.3951842534676
",OSM_ro137_0_21,4.247287089040066,
2026-08-02 03:20:00+09:00,2026-08-02 00:27:00+09:00,目撃,クロウサギ,2,,ドライ,28.19523284887837,129.3951565750511,"2026/08/02 3:20
目撃

2匹
クロウサギ
ドライ

28.19523284887837
129.3951565750511
",2026-08-02,"2026-08-01 18:20:00+00:00|クロウサギ|目撃|28.1952328|129.3951566|2026/08/02 3:20
目撃

2匹
クロウサギ
ドライ

28.19523284887837
129.3951565750511
",OSM_ro137_0_21,2.95295076889537,
2026-08-02 03:22:00+09:00,2026-08-02 00:27:00+09:00,目撃,ネズミ,1,,ドライ,28.19667399349847,129.393576407745,"2026/08/02 3:22
目撃

1匹
ネズミ
ドライ
瀬戸内町嘉徳
28.19667399349847
129.393576407745
",2026-08-02,"2026-08-01 18:22:00+00:00|ネズミ|目撃|28.196674|129.3935764|2026/08/02 3:22
目撃

1匹
ネズミ
ドライ
瀬戸内町嘉徳
28.19667399349847
129.393576407745
",OSM_ro137_0_45,5.677223949198819,
2026-08-02 03:27:00+09:00,2026-08-02 00:27:00+09:00,目撃,クロウサギ,1,,ドライ,28.19637454855317,129.3895413476672,"2026/08/02 3:27
目撃

1匹
クロウサギ
ドライ

28.19637454855317
129.3895413476672
",2026-08-02,"2026-08-01 18:27:00+00:00|クロウサギ|目撃|28.1963745|129.3895413|2026/08/02 3:27
目撃

1匹
クロウサギ
ドライ

28.19637454855317
129.3895413476672
",OSM_ro48_0_30,3.6362386953462322,
2026-08-02 03:27:00+09:00,2026-08-02 00:27:00+09:00,目撃,ネズミ,1,,ドライ,28.19546539123958,129.3885706001437,"2026/08/02 3:27
目撃

1匹
ネズミ
リュウキュウコノハズク
ドライ

28.19546539123958
129.3885706001437
",2026-08-02,"2026-08-01 18:27:00+00:00|ネズミ|目撃|28.1954654|129.3885706|2026/08/02 3:27
目撃

1匹
ネズミ
リュウキュウコノハズク
ドライ

28.19546539123958
129.3885706001437
",OSM_ro48_0_44,1.8460299295746678,
2026-08-02 03:29:00+09:00,2026-08-02 00:27:00+09:00,目撃,クロウサギ,1,,ドライ,28.19393821419272,129.3876149648357,"2026/08/02 3:29
目撃

1匹
クロウサギ
ドライ

28.19393821419272
129.3876149648357
",2026-08-02,"2026-08-01 18:29:00+00:00|クロウサギ|目撃|28.1939382|129.387615|2026/08/02 3:29
目撃

1匹
クロウサギ
ドライ

28.19393821419272
129.3876149648357
",OSM_ro48_0_65,3.3457494406740635,
2026-08-02 03:48:00+09:00,2026-08-02 00:27:00+09:00,轢死,ハブ,1,,ドライ,28.19392442520336,129.3639142641858,"2026/08/02 3:48
轢死

1匹
ハブ
ドライ

28.19392442520336
129.3639142641858
",2026-08-02,"2026-08-01 18:48:00+00:00|ハブ|轢死|28.1939244|129.3639143|2026/08/02 3:48
轢死

1匹
ハブ
ドライ

28.19392442520336
129.3639142641858
",OSM_ro88_0_198,2.354061465756843,
2026-08-02 04:12:00+09:00,2026-08-02 00:27:00+09:00,目撃,その他,1,,ドライ,28.16107989393452,129.3454126233198,"2026/08/02 4:12
目撃

1匹
リュウキュウコノハズク
ドライ
瀬戸内町伊須
28.16107989393452
129.3454126233198

4:30終了

8/2 23:307探索開始",2026-08-02,"2026-08-01 19:12:00+00:00|その他|目撃|28.1610799|129.3454126|2026/08/02 4:12
目撃

1匹
リュウキュウコノハズク
ドライ
瀬戸内町伊須
28.16107989393452
129.3454126233198

4:30終了

8/2 23:307探索開始",OSM_ro306_0_77,0.8392770883191564,
2026-08-03 00:01:00+09:00,2026-08-02 00:27:00+09:00,捕獲,ハブ,1,小,ドライ,28.1401033329104,129.3488082537958,"2026/08/03 0:01
捕獲
ハブ捕獲小
とぐろ
木の上
ドライ
瀬戸内町県道626号
28.1401033329104
129.3488082537958
",2026-08-02,"2026-08-02 15:01:00+00:00|ハブ|捕獲|28.1401033|129.3488083|2026/08/03 0:01
捕獲
ハブ捕獲小
とぐろ
木の上
ドライ
瀬戸内町県道626号
28.1401033329104
129.3488082537958
",OSM_ro136_0_266,3.459104195277066,
2026-08-03 00:09:00+09:00,2026-08-02 00:27:00+09:00,轢死,ネズミ,1,,ドライ,28.14245548015944,129.3524689548835,"2026/08/03 0:09
轢死

1匹
ネズミ
ドライ
瀬戸内町伊須
28.14245548015944
129.3524689548835
",2026-08-02,"2026-08-02 15:09:00+00:00|ネズミ|轢死|28.1424555|129.352469|2026/08/03 0:09
轢死

1匹
ネズミ
ドライ
瀬戸内町伊須
28.14245548015944
129.3524689548835
",OSM_ro446_0_52,6.724828380814817,
2026-08-03 00:38:00+09:00,2026-08-02 00:27:00+09:00,目撃,カエル,1,,ドライ,28.17546485899554,129.3631977617895,"2026/08/03 0:38
目撃

1匹
カエル
ドライ
瀬戸内町網野子
28.17546485899554
129.3631977617895
",2026-08-02,"2026-08-02 15:38:00+00:00|カエル|目撃|28.1754649|129.3631978|2026/08/03 0:38
目撃

1匹
カエル
ドライ
瀬戸内町網野子
28.17546485899554
129.3631977617895
",OSM_ro129_0_205,4.3124720609120955,
2026-08-03 00:59:00+09:00,2026-08-02 00:27:00+09:00,目撃,クロウサギ,1,,ドライ,28.19184380425527,129.38752774653,"2026/08/03 0:59
目撃

1匹
クロウサギ
ドライ

28.19184380425527
129.38752774653
",2026-08-02,"2026-08-02 15:59:00+00:00|クロウサギ|目撃|28.1918438|129.3875277|2026/08/03 0:59
目撃

1匹
クロウサギ
ドライ

28.19184380425527
129.38752774653
",OSM_ro48_0_90,5.967666528745372,
2026-08-03 01:08:00+09:00,2026-08-02 00:27:00+09:00,目撃,クロウサギ,1,,ドライ,28.19689247443445,129.3931351131097,"2026/08/03 1:08
目撃

1匹
クロウサギ
ドライ

28.19689247443445
129.3931351131097
",2026-08-02,"2026-08-02 16:08:00+00:00|クロウサギ|目撃|28.1968925|129.3931351|2026/08/03 1:08
目撃

1匹
クロウサギ
ドライ

28.19689247443445
129.3931351131097
",OSM_ro137_0_50,11.568619541951156,
2026-08-03 01:18:00+09:00,2026-08-02 00:27:00+09:00,目撃,ネズミ,1,,ドライ,28.19210845973193,129.400795063465,"2026/08/03 1:18
目撃

1匹
ネズミ
ドライ
瀬戸内町嘉徳
28.19210845973193
129.400795063465
",2026-08-02,"2026-08-02 16:18:00+00:00|ネズミ|目撃|28.1921085|129.4007951|2026/08/03 1:18
目撃

1匹
ネズミ
ドライ
瀬戸内町嘉徳
28.19210845973193
129.400795063465
",OSM_ro338_0_16,6.7691369564014305,
2026-08-03 01:21:00+09:00,2026-08-02 00:27:00+09:00,目撃,ヤマシギ,1,,ドライ,28.19260160182834,129.3993372016619,"2026/08/03 1:21
目撃

1匹
ヤマシギ
ドライ
瀬戸内町嘉徳
28.19260160182834
129.3993372016619
",2026-08-02,"2026-08-02 16:21:00+00:00|ヤマシギ|目撃|28.1926016|129.3993372|2026/08/03 1:21
目撃

1匹
ヤマシギ
ドライ
瀬戸内町嘉徳
28.19260160182834
129.3993372016619
",OSM_ro338_0_0,10.173176809160584,
2026-08-03 01:30:00+09:00,2026-08-02 00:27:00+09:00,目撃,ネズミ,1,,ドライ,28.19044264419566,129.3980964500428,"2026/08/03 1:30
目撃

1匹
ネズミ
ドライ
瀬戸内町嘉徳
28.19044264419566
129.3980964500428
",2026-08-02,"2026-08-02 16:30:00+00:00|ネズミ|目撃|28.1904426|129.3980965|2026/08/03 1:30
目撃

1匹
ネズミ
ドライ
瀬戸内町嘉徳
28.19044264419566
129.3980964500428
",OSM_ro448_0_52,3.718388147194882,
2026-08-03 01:33:00+09:00,2026-08-02 00:27:00+09:00,目撃,カエル,5,,ウエット,28.18827525533851,129.395870504285,"2026/08/03 1:33
目撃

5匹以上
カエル
ウエット
瀬戸内町嘉徳
28.18827525533851
129.395870504285
",2026-08-02,"2026-08-02 16:33:00+00:00|カエル|目撃|28.1882753|129.3958705|2026/08/03 1:33
目撃

5匹以上
カエル
ウエット
瀬戸内町嘉徳
28.18827525533851
129.395870504285
",OSM_ro448_0_86,1.9592903939937825,
2026-08-03 01:34:00+09:00,2026-08-02 00:27:00+09:00,目撃,ネズミ,1,,ドライ,28.18793026401414,129.3956102420922,"2026/08/03 1:34
目撃

1匹
ネズミ
クロウサギ
ドライ
瀬戸内町嘉徳
28.18793026401414
129.3956102420922
",2026-08-02,"2026-08-02 16:34:00+00:00|ネズミ|目撃|28.1879303|129.3956102|2026/08/03 1:34
目撃

1匹
ネズミ
クロウサギ
ドライ
瀬戸内町嘉徳
28.18793026401414
129.3956102420922
",OSM_ro448_0_91,4.779263531074075,
2026-08-03 01:34:00+09:00,2026-08-02 00:27:00+09:00,目撃,カエル,5,,ウェット,28.1878490628355,129.3956144787977,"2026/08/03 1:34
目撃

5匹以上
カエル
ウェット
瀬戸内町嘉徳
28.1878490628355
129.3956144787977
",2026-08-02,"2026-08-02 16:34:00+00:00|カエル|目撃|28.1878491|129.3956145|2026/08/03 1:34
目撃

5匹以上
カエル
ウェット
瀬戸内町嘉徳
28.1878490628355
129.3956144787977
",OSM_ro448_0_92,10.348117977661962,
2026-08-03 01:35:00+09:00,2026-08-02 00:27:00+09:00,目撃,カエル,5,,ウエット,28.18765741890333,129.3953347876894,"2026/08/03 1:35
目撃

5匹以上
カエル
ウエット

28.18765741890333
129.3953347876894
",2026-08-02,"2026-08-02 16:35:00+00:00|カエル|目撃|28.1876574|129.3953348|2026/08/03 1:35
目撃

5匹以上
カエル
ウエット

28.18765741890333
129.3953347876894
",OSM_ro448_0_95,3.9843398093313205,
2026-08-03 01:45:00+09:00,2026-08-02 00:27:00+09:00,捕獲,ハブ,1,中,ドライ,28.18629334918014,129.3984246550308,"2026/08/03 1:45
捕獲
ハブ捕獲中
移動中
山裾
ドライ

28.18629334918014
129.3984246550308
",2026-08-02,"2026-08-02 16:45:00+00:00|ハブ|捕獲|28.1862933|129.3984247|2026/08/03 1:45
捕獲
ハブ捕獲中
移動中
山裾
ドライ

28.18629334918014
129.3984246550308
",OSM_ro191_0_93,7.982629877947711,
2026-08-03 01:49:00+09:00,2026-08-02 00:27:00+09:00,目撃,ヤマシギ,1,,ドライ,28.18452695266362,129.3970121508097,"2026/08/03 1:49
目撃

1匹
ヤマシギ
ドライ

28.18452695266362
129.3970121508097
",2026-08-02,"2026-08-02 16:49:00+00:00|ヤマシギ|目撃|28.184527|129.3970122|2026/08/03 1:49
目撃

1匹
ヤマシギ
ドライ

28.18452695266362
129.3970121508097
",OSM_ro280_0_27,17.495935161853442,
2026-08-03 01:51:00+09:00,2026-08-02 00:27:00+09:00,目撃,ネズミ,1,,ドライ,28.18325161550929,129.3963353650637,"2026/08/03 1:51
目撃

1匹
ネズミ
ドライ
瀬戸内町嘉徳
28.18325161550929
129.3963353650637
",2026-08-02,"2026-08-02 16:51:00+00:00|ネズミ|目撃|28.1832516|129.3963354|2026/08/03 1:51
目撃

1匹
ネズミ
ドライ
瀬戸内町嘉徳
28.18325161550929
129.3963353650637
",OSM_ro280_0_54,6.137349589246426,
2026-08-03 01:54:00+09:00,2026-08-02 00:27:00+09:00,目撃,ヤマシギ,1,,ドライ,28.18137233126216,129.3949977486861,"2026/08/03 1:54
目撃

1匹
ヤマシギ
ドライ
瀬戸内町嘉徳
28.18137233126216
129.3949977486861
",2026-08-02,"2026-08-02 16:54:00+00:00|ヤマシギ|目撃|28.1813723|129.3949977|2026/08/03 1:54
目撃

1匹
ヤマシギ
ドライ
瀬戸内町嘉徳
28.18137233126216
129.3949977486861
",OSM_ro280_0_82,2.580151262923533,
2026-08-03 01:56:00+09:00,2026-08-02 00:27:00+09:00,目撃,ヤマシギ,1,,ドライ,28.18064749965237,129.3945285432899,"2026/08/03 1:56
目撃

1匹
ヤマシギ
ドライ
瀬戸内町節子
28.18064749965237
129.3945285432899
",2026-08-02,"2026-08-02 16:56:00+00:00|ヤマシギ|目撃|28.1806475|129.3945285|2026/08/03 1:56
目撃

1匹
ヤマシギ
ドライ
瀬戸内町節子
28.18064749965237
129.3945285432899
",OSM_ro104_0_9,7.926943836266373,
2026-08-03 01:57:00+09:00,2026-08-02 00:27:00+09:00,目撃,ネズミ,1,,ドライ,28.17939468627583,129.3941715820761,"2026/08/03 1:57
目撃

1匹
ネズミ
ドライ

28.17939468627583
129.3941715820761
",2026-08-02,"2026-08-02 16:57:00+00:00|ネズミ|目撃|28.1793947|129.3941716|2026/08/03 1:57
目撃

1匹
ネズミ
ドライ

28.17939468627583
129.3941715820761
",OSM_ro104_0_26,5.768624042202804,
2026-08-03 02:02:00+09:00,2026-08-02 00:27:00+09:00,目撃,ネズミ,1,,ドライ,28.17712242446791,129.3937681418602,"2026/08/03 2:02
目撃

1匹
ネズミ
ドライ

28.17712242446791
129.3937681418602
",2026-08-02,"2026-08-02 17:02:00+00:00|ネズミ|目撃|28.1771224|129.3937681|2026/08/03 2:02
目撃

1匹
ネズミ
ドライ

28.17712242446791
129.3937681418602
",OSM_ro104_0_77,11.399754520977321,
2026-08-03 02:03:00+09:00,2026-08-02 00:27:00+09:00,目撃,ヤマシギ,1,,ドライ,28.17722096751245,129.3944067576688,"2026/08/03 2:03
目撃

1匹
ヤマシギ
ドライ
瀬戸内町節子
28.17722096751245
129.3944067576688
",2026-08-02,"2026-08-02 17:03:00+00:00|ヤマシギ|目撃|28.177221|129.3944068|2026/08/03 2:03
目撃

1匹
ヤマシギ
ドライ
瀬戸内町節子
28.17722096751245
129.3944067576688
",OSM_ro104_0_87,11.373810359434147,
2026-08-03 02:05:00+09:00,2026-08-02 00:27:00+09:00,目撃,オットンガエル,1,,ドライ,28.17634605642337,129.3950924580891,"2026/08/03 2:05
目撃

1匹
オットンガエル
ドライ

28.17634605642337
129.3950924580891
",2026-08-02,"2026-08-02 17:05:00+00:00|オットンガエル|目撃|28.1763461|129.3950925|2026/08/03 2:05
目撃

1匹
オットンガエル
ドライ

28.17634605642337
129.3950924580891
",OSM_ro104_0_100,5.277820447729512,
2026-08-03 02:05:00+09:00,2026-08-02 00:27:00+09:00,目撃,クロウサギ,1,,ドライ,28.17635593776225,129.3957211235488,"2026/08/03 2:05
目撃

1匹
クロウサギ
ドライ

28.17635593776225
129.3957211235488
",2026-08-02,"2026-08-02 17:05:00+00:00|クロウサギ|目撃|28.1763559|129.3957211|2026/08/03 2:05
目撃

1匹
クロウサギ
ドライ

28.17635593776225
129.3957211235488
",OSM_ro289_0_2,13.461651410840805,
2026-08-03 02:06:00+09:00,2026-08-02 00:27:00+09:00,目撃,ヤマシギ,2,,ドライ,28.17604734397947,129.396728855655,"2026/08/03 2:06
目撃

2匹
ヤマシギ
ドライ
瀬戸内町節子
28.17604734397947
129.396728855655
",2026-08-02,"2026-08-02 17:06:00+00:00|ヤマシギ|目撃|28.1760473|129.3967289|2026/08/03 2:06
目撃

2匹
ヤマシギ
ドライ
瀬戸内町節子
28.17604734397947
129.396728855655
",OSM_ro289_0_14,10.297306819431013,
2026-08-03 02:08:00+09:00,2026-08-02 00:27:00+09:00,目撃,ヤマシギ,1,,ドライ,28.17503027309548,129.3958032734578,"2026/08/03 2:08
目撃

1匹
ヤマシギ
ドライ
瀬戸内町節子
28.17503027309548
129.3958032734578
",2026-08-02,"2026-08-02 17:08:00+00:00|ヤマシギ|目撃|28.1750303|129.3958033|2026/08/03 2:08
目撃

1匹
ヤマシギ
ドライ
瀬戸内町節子
28.17503027309548
129.3958032734578
",OSM_ro289_0_31,1.9050050022936516,
2026-08-03 02:08:00+09:00,2026-08-02 00:27:00+09:00,目撃,ヤマシギ,1,,ドライ,28.17435140434257,129.3954129002248,"2026/08/03 2:08
目撃

1匹
ヤマシギ
ドライ

28.17435140434257
129.3954129002248
",2026-08-02,"2026-08-02 17:08:00+00:00|ヤマシギ|目撃|28.1743514|129.3954129|2026/08/03 2:08
目撃

1匹
ヤマシギ
ドライ

28.17435140434257
129.3954129002248
",OSM_ro289_0_39,7.399934854985722,
2026-08-03 02:10:00+09:00,2026-08-02 00:27:00+09:00,目撃,クロウサギ,1,,ドライ,28.17420924242979,129.3945928017399,"2026/08/03 2:10
目撃

1匹
クロウサギ
ドライ

28.17420924242979
129.3945928017399
",2026-08-02,"2026-08-02 17:10:00+00:00|クロウサギ|目撃|28.1742092|129.3945928|2026/08/03 2:10
目撃

1匹
クロウサギ
ドライ

28.17420924242979
129.3945928017399
",OSM_ro289_0_55,5.81449101776874,
2026-08-03 02:11:00+09:00,2026-08-02 00:27:00+09:00,目撃,カエル,5,,ドライ,28.17372930585872,129.3945840463944,"2026/08/03 2:11
目撃

5匹以上
カエル
ドライ
瀬戸内町節子
28.17372930585872
129.3945840463944
",2026-08-02,"2026-08-02 17:11:00+00:00|カエル|目撃|28.1737293|129.394584|2026/08/03 2:11
目撃

5匹以上
カエル
ドライ
瀬戸内町節子
28.17372930585872
129.3945840463944
",OSM_ro289_0_61,1.7005549267105489,
2026-08-03 02:17:00+09:00,2026-08-02 00:27:00+09:00,目撃,ネズミ,1,,ドライ,28.17424932147282,129.3988665210164,"2026/08/03 2:17
目撃

1匹
ネズミ
ドライ

28.17424932147282
129.3988665210164
",2026-08-02,"2026-08-02 17:17:00+00:00|ネズミ|目撃|28.1742493|129.3988665|2026/08/03 2:17
目撃

1匹
ネズミ
ドライ

28.17424932147282
129.3988665210164
",OSM_ro249_0_19,0.05173466091970815,
2026-08-03 02:18:00+09:00,2026-08-02 00:27:00+09:00,目撃,ネズミ,1,,ドライ,28.17383490448157,129.3988376482083,"2026/08/03 2:18
目撃

1匹
ネズミ
ヤマシギ
ドライ

28.17383490448157
129.3988376482083
",2026-08-02,"2026-08-02 17:18:00+00:00|ネズミ|目撃|28.1738349|129.3988376|2026/08/03 2:18
目撃

1匹
ネズミ
ヤマシギ
ドライ

28.17383490448157
129.3988376482083
",OSM_ro249_0_26,4.949721536592149,
2026-08-03 02:27:00+09:00,2026-08-02 00:27:00+09:00,目撃,アカマタ,1,,ドライ,28.17068330401333,129.3963202725352,"2026/08/03 2:27
目撃

1匹
アカマタ
ドライ

28.17068330401333
129.3963202725352
",2026-08-02,"2026-08-02 17:27:00+00:00|アカマタ|目撃|28.1706833|129.3963203|2026/08/03 2:27
目撃

1匹
アカマタ
ドライ

28.17068330401333
129.3963202725352
",OSM_ro142_0_2,1.7290243147195377,
2026-08-03 02:38:00+09:00,2026-08-02 00:27:00+09:00,捕獲,ハブ,1,大,ドライ,28.16483521807404,129.394938257724,"2026/08/03 2:38
捕獲
ハブ捕獲大
とぐろ
道路脇
ドライ
瀬戸内町節子
28.16483521807404
129.394938257724
",2026-08-02,"2026-08-02 17:38:00+00:00|ハブ|捕獲|28.1648352|129.3949383|2026/08/03 2:38
捕獲
ハブ捕獲大
とぐろ
道路脇
ドライ
瀬戸内町節子
28.16483521807404
129.394938257724
",OSM_ro42_0_54,5.5841188978901215,
2026-08-03 02:40:00+09:00,2026-08-02 00:27:00+09:00,目撃,ヤマシギ,2,,ドライ,28.16448710844922,129.3938416946769,"2026/08/03 2:40
目撃

2匹
ヤマシギ
ドライ

28.16448710844922
129.3938416946769
",2026-08-02,"2026-08-02 17:40:00+00:00|ヤマシギ|目撃|28.1644871|129.3938417|2026/08/03 2:40
目撃

2匹
ヤマシギ
ドライ

28.16448710844922
129.3938416946769
",OSM_ro42_0_38,16.048591845758818,
2026-08-03 02:42:00+09:00,2026-08-02 00:27:00+09:00,目撃,ネズミ,1,,ドライ,28.16435732894099,129.3922173775327,"2026/08/03 2:42
目撃

1匹
ネズミ
ドライ

28.16435732894099
129.3922173775327",2026-08-02,"2026-08-02 17:42:00+00:00|ネズミ|目撃|28.1643573|129.3922174|2026/08/03 2:42
目撃

1匹
ネズミ
ドライ

28.16435732894099
129.3922173775327",OSM_ro42_0_16,2.8761023876579768,
2026-08-03 22:01:00+09:00,2026-08-02 00:27:00+09:00,目撃,カエル,5,,ドライ,28.1446091445255,129.319612110297,"2026/08/03 22:01
目撃

5匹以上
カエル
ドライ
瀬戸内町古仁屋瀬久井西7
28.1446091445255
129.319612110297",2026-08-02,"2026-08-03 13:01:00+00:00|カエル|目撃|28.1446091|129.3196121|2026/08/03 22:01
目撃

5匹以上
カエル
ドライ
瀬戸内町古仁屋瀬久井西7
28.1446091445255
129.319612110297",OSM_ro122_0_3,1.7413317300401339,
2026-08-03 22:08:00+09:00,2026-08-02 00:27:00+09:00,目撃,ネズミ,1,,ドライ,28.13184564938797,129.3364474625641,"2026/08/03 22:08
目撃

1匹
ネズミ
ドライ
瀬戸内町県道626号
28.13184564938797
129.3364474625641
",2026-08-02,"2026-08-03 13:08:00+00:00|ネズミ|目撃|28.1318456|129.3364475|2026/08/03 22:08
目撃

1匹
ネズミ
ドライ
瀬戸内町県道626号
28.13184564938797
129.3364474625641
",OSM_ro119_0_378,3.631827610197214,
2026-08-03 22:24:00+09:00,2026-08-02 00:27:00+09:00,目撃,ネズミ,1,,ドライ,28.1439221832546,129.3527963647037,"2026/08/03 22:24
目撃

1匹
ネズミ
ドライ
瀬戸内町伊須
28.1439221832546
129.3527963647037
",2026-08-02,"2026-08-03 13:24:00+00:00|ネズミ|目撃|28.1439222|129.3527964|2026/08/03 22:24
目撃

1匹
ネズミ
ドライ
瀬戸内町伊須
28.1439221832546
129.3527963647037
",OSM_ro446_0_31,8.587753481928043,
2026-08-03 22:34:00+09:00,2026-08-02 00:27:00+09:00,目撃,アマミハナサキガエル,1,,ドライ,28.15579173014205,129.352288805603,"2026/08/03 22:34
目撃

1匹
アマミハナサキガエル
ドライ

28.15579173014205
129.352288805603",2026-08-02,"2026-08-03 13:34:00+00:00|アマミハナサキガエル|目撃|28.1557917|129.3522888|2026/08/03 22:34
目撃

1匹
アマミハナサキガエル
ドライ

28.15579173014205
129.352288805603",OSM_ro221_0_80,7.484126441190738,
2026-08-03 22:49:00+09:00,2026-08-02 00:27:00+09:00,目撃,ネズミ,1,,ドライ,28.17152589975067,129.3449700037432,"2026/08/03 22:49
目撃

1匹
ネズミ
ドライ
瀬戸内町国道58号
28.17152589975067
129.3449700037432
",2026-08-02,"2026-08-03 13:49:00+00:00|ネズミ|目撃|28.1715259|129.34497|2026/08/03 22:49
目撃

1匹
ネズミ
ドライ
瀬戸内町国道58号
28.17152589975067
129.3449700037432
",OSM_ro39_0_96,0.9123301690686043,
2026-08-03 23:02:00+09:00,2026-08-02 00:27:00+09:00,目撃,オットンガエル,1,,ドライ,28.16655924157247,129.3759709965592,"2026/08/03 23:02
目撃

1匹
オットンガエル
ドライ
瀬戸内町節子132
28.16655924157247
129.3759709965592",2026-08-02,"2026-08-03 14:02:00+00:00|オットンガエル|目撃|28.1665592|129.375971|2026/08/03 23:02
目撃

1匹
オットンガエル
ドライ
瀬戸内町節子132
28.16655924157247
129.3759709965592",OSM_ro34_0_64,5.476611106973842,
2026-08-03 23:08:00+09:00,2026-08-02 00:27:00+09:00,目撃,カエル,1,,ウエット,28.17059049940143,129.3795522587854,"2026/08/03 23:08
目撃

1匹
カエル
ウエット
瀬戸内町節子
28.17059049940143
129.3795522587854
",2026-08-02,"2026-08-03 14:08:00+00:00|カエル|目撃|28.1705905|129.3795523|2026/08/03 23:08
目撃

1匹
カエル
ウエット
瀬戸内町節子
28.17059049940143
129.3795522587854
",OSM_ro132_0_15,2.970475791730268,
2026-08-03 23:10:00+09:00,2026-08-02 00:27:00+09:00,目撃,カエル,3,,ウエット,28.16926041138447,129.3802336606725,"2026/08/03 23:10
目撃

3匹
カエル
ウエット
瀬戸内町節子
28.16926041138447
129.3802336606725",2026-08-02,"2026-08-03 14:10:00+00:00|カエル|目撃|28.1692604|129.3802337|2026/08/03 23:10
目撃

3匹
カエル
ウエット
瀬戸内町節子
28.16926041138447
129.3802336606725",OSM_ro441_0_2,4.069812194509946,
2026-08-03 23:17:00+09:00,2026-08-02 00:27:00+09:00,目撃,カエル,1,,ソークド(水跳ね),28.16475033470805,129.3846062555978,"2026/08/03 23:17
目撃

1匹
カエル
ソークド(水跳ね)
瀬戸内町節子
28.16475033470805
129.3846062555978
",2026-08-02,"2026-08-03 14:17:00+00:00|カエル|目撃|28.1647503|129.3846063|2026/08/03 23:17
目撃

1匹
カエル
ソークド(水跳ね)
瀬戸内町節子
28.16475033470805
129.3846062555978
",,62.7462006507465,nearest OSM highway exceeds match threshold
2026-08-03 23:26:00+09:00,2026-08-02 00:27:00+09:00,目撃,ネズミ,1,,ウェット,28.1640927581531,129.386270159464,"2026/08/03 23:26
目撃

1匹
ネズミ
ウェット
瀬戸内町節子
28.1640927581531
129.386270159464",2026-08-02,"2026-08-03 14:26:00+00:00|ネズミ|目撃|28.1640928|129.3862702|2026/08/03 23:26
目撃

1匹
ネズミ
ウェット
瀬戸内町節子
28.1640927581531
129.386270159464",OSM_ro364_0_105,10.158088487912627,
2026-08-03 23:34:00+09:00,2026-08-02 00:27:00+09:00,捕獲,ハブ,1,大,ウェット,28.16482505232971,129.390767555647,"2026/08/03 23:34
捕獲
ハブ捕獲大
とぐろ
山裾
ウェット

28.16482505232971
129.390767555647
",2026-08-02,"2026-08-03 14:34:00+00:00|ハブ|捕獲|28.1648251|129.3907676|2026/08/03 23:34
捕獲
ハブ捕獲大
とぐろ
山裾
ウェット

28.16482505232971
129.390767555647
",OSM_ro440_0_71,7.438862898778414,
2026-08-03 23:38:00+09:00,2026-08-02 00:27:00+09:00,捕獲,ハブ,1,大,ウエット,28.16396140884933,129.390248644394,"2026/08/03 23:38
捕獲
ハブ捕獲大
移動中
山裾
ウエット

28.16396140884933
129.390248644394",2026-08-02,"2026-08-03 14:38:00+00:00|ハブ|捕獲|28.1639614|129.3902486|2026/08/03 23:38
捕獲
ハブ捕獲大
移動中
山裾
ウエット

28.16396140884933
129.390248644394",OSM_ro440_0_82,6.612881659809192,
2026-08-03 23:42:00+09:00,2026-08-02 00:27:00+09:00,目撃,カエル,1,,ウエット,28.16478882495945,129.3916098439216,"2026/08/03 23:42
目撃

1匹
カエル
ウエット
瀬戸内町節子
28.16478882495945
129.3916098439216
",2026-08-02,"2026-08-03 14:42:00+00:00|カエル|目撃|28.1647888|129.3916098|2026/08/03 23:42
目撃

1匹
カエル
ウエット
瀬戸内町節子
28.16478882495945
129.3916098439216
",OSM_ro42_0_8,9.162035911290536,
2026-08-03 23:45:00+09:00,2026-08-02 00:27:00+09:00,目撃,ヒメハブ,1,,ウエット,28.16412846647533,129.3932687767928,"2026/08/03 23:45
目撃

1匹
ヒメハブ
ウエット
瀬戸内町節子
28.16412846647533
129.3932687767928",2026-08-02,"2026-08-03 14:45:00+00:00|ヒメハブ|目撃|28.1641285|129.3932688|2026/08/03 23:45
目撃

1匹
ヒメハブ
ウエット
瀬戸内町節子
28.16412846647533
129.3932687767928",OSM_ro42_0_31,5.776743725882069,
2026-08-04 00:01:00+09:00,2026-08-02 00:27:00+09:00,目撃,ヤマシギ,2,,ウエット,28.1721917375216,129.3966490480247,"2026/08/04 0:01
目撃

2匹
ヤマシギ
ウエット

28.1721917375216
129.3966490480247
",2026-08-02,"2026-08-03 15:01:00+00:00|ヤマシギ|目撃|28.1721917|129.396649|2026/08/04 0:01
目撃

2匹
ヤマシギ
ウエット

28.1721917375216
129.3966490480247
",OSM_ro142_0_24,8.057945270681024,
2026-08-04 00:11:00+09:00,2026-08-02 00:27:00+09:00,目撃,オットンガエル,1,,ウエット,28.17153824758435,129.3983348769696,"2026/08/04 0:11
目撃

1匹
オットンガエル
ウエット

28.17153824758435
129.3983348769696
",2026-08-02,"2026-08-03 15:11:00+00:00|オットンガエル|目撃|28.1715382|129.3983349|2026/08/04 0:11
目撃

1匹
オットンガエル
ウエット

28.17153824758435
129.3983348769696
",OSM_ro249_0_58,17.520295303806275,
2026-08-04 00:12:00+09:00,2026-08-02 00:27:00+09:00,目撃,アカマタ,1,,ウエット,28.17179158598905,129.3982196994483,"2026/08/04 0:12
目撃

1匹
アカマタ
ウエット
瀬戸内町節子
28.17179158598905
129.3982196994483
",2026-08-02,"2026-08-03 15:12:00+00:00|アカマタ|目撃|28.1717916|129.3982197|2026/08/04 0:12
目撃

1匹
アカマタ
ウエット
瀬戸内町節子
28.17179158598905
129.3982196994483
",OSM_ro249_0_52,6.230817795157155,
2026-08-04 00:12:00+09:00,2026-08-02 00:27:00+09:00,目撃,ヤマシギ,1,,ウエット,28.17227356416354,129.3982809445185,"2026/08/04 0:12
目撃

1匹
ヤマシギ
ウエット
瀬戸内町節子
28.17227356416354
129.3982809445185
",2026-08-02,"2026-08-03 15:12:00+00:00|ヤマシギ|目撃|28.1722736|129.3982809|2026/08/04 0:12
目撃

1匹
ヤマシギ
ウエット
瀬戸内町節子
28.17227356416354
129.3982809445185
",OSM_ro249_0_46,9.707376139492265,
2026-08-04 00:15:00+09:00,2026-08-02 00:27:00+09:00,目撃,カエル,3,,ウエット,28.17452453668096,129.3990756896484,"2026/08/04 0:15
目撃

3匹
カエル
ウエット
瀬戸内町節子
28.17452453668096
129.3990756896484
",2026-08-02,"2026-08-03 15:15:00+00:00|カエル|目撃|28.1745245|129.3990757|2026/08/04 0:15
目撃

3匹
カエル
ウエット
瀬戸内町節子
28.17452453668096
129.3990756896484
",OSM_ro249_0_13,5.409824783709799,
2026-08-04 00:18:00+09:00,2026-08-02 00:27:00+09:00,目撃,ヤマシギ,1,,ウエット,28.17433366544786,129.3967950277716,"2026/08/04 0:18
目撃

1匹
ヤマシギ
ウエット

28.17433366544786
129.3967950277716
",2026-08-02,"2026-08-03 15:18:00+00:00|ヤマシギ|目撃|28.1743337|129.396795|2026/08/04 0:18
目撃

1匹
ヤマシギ
ウエット

28.17433366544786
129.3967950277716
",OSM_ro289_0_87,8.355855663768322,
2026-08-04 00:19:00+09:00,2026-08-02 00:27:00+09:00,目撃,カエル,5,,ウエット,28.1739841847002,129.3962385063018,"2026/08/04 0:19
目撃

5匹以上
カエル
ウエット
瀬戸内町節子
28.1739841847002
129.3962385063018
",2026-08-02,"2026-08-03 15:19:00+00:00|カエル|目撃|28.1739842|129.3962385|2026/08/04 0:19
目撃

5匹以上
カエル
ウエット
瀬戸内町節子
28.1739841847002
129.3962385063018
",OSM_ro289_0_81,0.2334085220891902,
2026-08-04 00:19:00+09:00,2026-08-02 00:27:00+09:00,目撃,オットンガエル,1,,ウエット,28.17394153674418,129.3960593761742,"2026/08/04 0:19
目撃

1匹
オットンガエル
ウエット
瀬戸内町節子
28.17394153674418
129.3960593761742
",2026-08-02,"2026-08-03 15:19:00+00:00|オットンガエル|目撃|28.1739415|129.3960594|2026/08/04 0:19
目撃

1匹
オットンガエル
ウエット
瀬戸内町節子
28.17394153674418
129.3960593761742
",OSM_ro289_0_79,7.868188331269655,
2026-08-04 00:20:00+09:00,2026-08-02 00:27:00+09:00,目撃,カエル,5,,ウエット,28.17350006605511,129.3952701239562,"2026/08/04 0:20
目撃

5匹以上
カエル
ウエット
瀬戸内町節子
28.17350006605511
129.3952701239562
",2026-08-02,"2026-08-03 15:20:00+00:00|カエル|目撃|28.1735001|129.3952701|2026/08/04 0:20
目撃

5匹以上
カエル
ウエット
瀬戸内町節子
28.17350006605511
129.3952701239562
",OSM_ro289_0_69,0.8508889149198418,
2026-08-04 00:20:00+09:00,2026-08-02 00:27:00+09:00,目撃,オットンガエル,1,,ウエット,28.17348010437647,129.3952342322582,"2026/08/04 0:20
目撃

1匹
オットンガエル
ウエット
瀬戸内町節子
28.17348010437647
129.3952342322582
",2026-08-02,"2026-08-03 15:20:00+00:00|オットンガエル|目撃|28.1734801|129.3952342|2026/08/04 0:20
目撃

1匹
オットンガエル
ウエット
瀬戸内町節子
28.17348010437647
129.3952342322582
",OSM_ro289_0_69,2.9531404626980726,
2026-08-04 00:21:00+09:00,2026-08-02 00:27:00+09:00,目撃,アマミハナサキガエル,1,,ウエット,28.17345340137132,129.3947536931154,"2026/08/04 0:21
目撃

1匹
アマミハナサキガエル
ウエット

28.17345340137132
129.3947536931154
",2026-08-02,"2026-08-03 15:21:00+00:00|アマミハナサキガエル|目撃|28.1734534|129.3947537|2026/08/04 0:21
目撃

1匹
アマミハナサキガエル
ウエット

28.17345340137132
129.3947536931154
",OSM_ro289_0_64,2.939162100997766,
2026-08-04 00:22:00+09:00,2026-08-02 00:27:00+09:00,目撃,ヒメハブ,1,,ウエット,28.17356558290692,129.3946302204367,"2026/08/04 0:22
目撃

1匹
ヒメハブ
ウエット

28.17356558290692
129.3946302204367
",2026-08-02,"2026-08-03 15:22:00+00:00|ヒメハブ|目撃|28.1735656|129.3946302|2026/08/04 0:22
目撃

1匹
ヒメハブ
ウエット

28.17356558290692
129.3946302204367
",OSM_ro289_0_62,1.6714123069189881,
2026-08-04 00:23:00+09:00,2026-08-02 00:27:00+09:00,目撃,オットンガエル,3,,ウエット,28.17374581994487,129.3944991386221,"2026/08/04 0:23
目撃

3匹
オットンガエル
ウエット

28.17374581994487
129.3944991386221
",2026-08-02,"2026-08-03 15:23:00+00:00|オットンガエル|目撃|28.1737458|129.3944991|2026/08/04 0:23
目撃

3匹
オットンガエル
ウエット

28.17374581994487
129.3944991386221
",OSM_ro289_0_60,9.892529057739432,
2026-08-04 00:23:00+09:00,2026-08-02 00:27:00+09:00,目撃,カエル,5,,ウエット,28.17379743177617,129.3945446449773,"2026/08/04 0:23
目撃

5匹以上
カエル
ウエット

28.17379743177617
129.3945446449773
",2026-08-02,"2026-08-03 15:23:00+00:00|カエル|目撃|28.1737974|129.3945446|2026/08/04 0:23
目撃

5匹以上
カエル
ウエット

28.17379743177617
129.3945446449773
",OSM_ro289_0_60,4.822404176415479,
2026-08-04 00:25:00+09:00,2026-08-02 00:27:00+09:00,目撃,オットンガエル,1,,ウエット,28.17456023636514,129.3949406916919,"2026/08/04 0:25
目撃

1匹
オットンガエル
ウエット

28.17456023636514
129.3949406916919
",2026-08-02,"2026-08-03 15:25:00+00:00|オットンガエル|目撃|28.1745602|129.3949407|2026/08/04 0:25
目撃

1匹
オットンガエル
ウエット

28.17456023636514
129.3949406916919
",OSM_ro289_0_45,4.15897730180677,
2026-08-04 00:28:00+09:00,2026-08-02 00:27:00+09:00,目撃,ヤマシギ,1,,ウエット,28.17611689827132,129.3965979330871,"2026/08/04 0:28
目撃

1匹
ヤマシギ
ウエット
瀬戸内町節子
28.17611689827132
129.3965979330871
",2026-08-02,"2026-08-03 15:28:00+00:00|ヤマシギ|目撃|28.1761169|129.3965979|2026/08/04 0:28
目撃

1匹
ヤマシギ
ウエット
瀬戸内町節子
28.17611689827132
129.3965979330871
",OSM_ro289_0_13,8.203819883859634,
2026-08-04 00:32:00+09:00,2026-08-02 00:27:00+09:00,目撃,オットンガエル,1,,ウエット,28.17756640069242,129.3934706452547,"2026/08/04 0:32
目撃

1匹
オットンガエル
アマミハナサキガエル
ウエット
瀬戸内町節子
28.17756640069242
129.3934706452547
",2026-08-02,"2026-08-03 15:32:00+00:00|オットンガエル|目撃|28.1775664|129.3934706|2026/08/04 0:32
目撃

1匹
オットンガエル
アマミハナサキガエル
ウエット
瀬戸内町節子
28.17756640069242
129.3934706452547
",OSM_ro104_0_71,3.5509727683800567,
2026-08-04 00:33:00+09:00,2026-08-02 00:27:00+09:00,目撃,オットンガエル,1,,ドライ,28.17803015847985,129.3934331314017,"2026/08/04 0:33
目撃

1匹
オットンガエル
ドライ
瀬戸内町節子
28.17803015847985
129.3934331314017
",2026-08-02,"2026-08-03 15:33:00+00:00|オットンガエル|目撃|28.1780302|129.3934331|2026/08/04 0:33
目撃

1匹
オットンガエル
ドライ
瀬戸内町節子
28.17803015847985
129.3934331314017
",OSM_ro104_0_66,0.2949692658382143,
2026-08-04 00:41:00+09:00,2026-08-02 00:27:00+09:00,目撃,ヤマシギ,3,,ウエット,28.18253525752104,129.3959868652559,"2026/08/04 0:41
目撃

3匹
ヤマシギ
ウエット
瀬戸内町嘉徳
28.18253525752104
129.3959868652559
",2026-08-02,"2026-08-03 15:41:00+00:00|ヤマシギ|目撃|28.1825353|129.3959869|2026/08/04 0:41
目撃

3匹
ヤマシギ
ウエット
瀬戸内町嘉徳
28.18253525752104
129.3959868652559
",OSM_ro280_0_65,6.680895191435855,
2026-08-04 00:45:00+09:00,2026-08-02 00:27:00+09:00,目撃,オットンガエル,3,,ウエット,28.18459896134893,129.397378933956,"2026/08/04 0:45
目撃

3匹
オットンガエル
ウエット

28.18459896134893
129.397378933956
",2026-08-02,"2026-08-03 15:45:00+00:00|オットンガエル|目撃|28.184599|129.3973789|2026/08/04 0:45
目撃

3匹
オットンガエル
ウエット

28.18459896134893
129.397378933956
",OSM_ro280_0_20,6.658518337051263,
2026-08-04 00:49:00+09:00,2026-08-02 00:27:00+09:00,目撃,ヒメハブ,1,,ウエット,28.18633617020944,129.3984413424275,"2026/08/04 0:49
目撃

1匹
ヒメハブ
ウエット

28.18633617020944
129.3984413424275
",2026-08-02,"2026-08-03 15:49:00+00:00|ヒメハブ|目撃|28.1863362|129.3984413|2026/08/04 0:49
目撃

1匹
ヒメハブ
ウエット

28.18633617020944
129.3984413424275
",OSM_ro191_0_93,13.05031562123036,
2026-08-04 00:52:00+09:00,2026-08-02 00:27:00+09:00,目撃,カエル,5,,ウエット,28.18682947986176,129.3989459419326,"2026/08/04 0:52
目撃

5匹以上
カエル
ウエット

28.18682947986176
129.3989459419326
",2026-08-02,"2026-08-03 15:52:00+00:00|カエル|目撃|28.1868295|129.3989459|2026/08/04 0:52
目撃

5匹以上
カエル
ウエット

28.18682947986176
129.3989459419326
",OSM_ro191_0_70,1.105499710144652,
2026-08-04 00:57:00+09:00,2026-08-02 00:27:00+09:00,目撃,クロウサギ,1,,ウエット,28.1863049718287,129.3949054907335,"2026/08/04 0:57
目撃

1匹
クロウサギ
ウエット

28.1863049718287
129.3949054907335
",2026-08-02,"2026-08-03 15:57:00+00:00|クロウサギ|目撃|28.186305|129.3949055|2026/08/04 0:57
目撃

1匹
クロウサギ
ウエット

28.1863049718287
129.3949054907335
",OSM_ro191_0_9,4.128304284384397,
2026-08-04 01:00:00+09:00,2026-08-02 00:27:00+09:00,目撃,オットンガエル,2,,ウエット,28.18941876349099,129.3966348360359,"2026/08/04 1:00
目撃

2匹
オットンガエル
ウエット
瀬戸内町嘉徳
28.18941876349099
129.3966348360359
",2026-08-02,"2026-08-03 16:00:00+00:00|オットンガエル|目撃|28.1894188|129.3966348|2026/08/04 1:00
目撃

2匹
オットンガエル
ウエット
瀬戸内町嘉徳
28.18941876349099
129.3966348360359
",OSM_ro448_0_71,3.079163390969262,
2026-08-04 01:04:00+09:00,2026-08-02 00:27:00+09:00,目撃,ネズミ,1,,ウエット,28.19414363845931,129.3970640190355,"2026/08/04 1:04
目撃

1匹
ネズミ
ウエット
瀬戸内町嘉徳
28.19414363845931
129.3970640190355
",2026-08-02,"2026-08-03 16:04:00+00:00|ネズミ|目撃|28.1941436|129.397064|2026/08/04 1:04
目撃

1匹
ネズミ
ウエット
瀬戸内町嘉徳
28.19414363845931
129.3970640190355
",OSM_ro448_0_6,4.372080616596126,
2026-08-04 01:11:00+09:00,2026-08-02 00:27:00+09:00,目撃,ネズミ,2,,ウエット,28.19203922591821,129.4009500240296,"2026/08/04 1:11
目撃

2匹
ネズミ
ウエット
瀬戸内町嘉徳
28.19203922591821
129.4009500240296
",2026-08-02,"2026-08-03 16:11:00+00:00|ネズミ|目撃|28.1920392|129.40095|2026/08/04 1:11
目撃

2匹
ネズミ
ウエット
瀬戸内町嘉徳
28.19203922591821
129.4009500240296
",OSM_ro338_0_17,1.9602961246775503,
2026-08-04 01:18:00+09:00,2026-08-02 00:27:00+09:00,目撃,クロウサギ,2,,ウエット,28.19503759184033,129.3960971253444,"2026/08/04 1:18
目撃

2匹
クロウサギ
ウエット

28.19503759184033
129.3960971253444
",2026-08-02,"2026-08-03 16:18:00+00:00|クロウサギ|目撃|28.1950376|129.3960971|2026/08/04 1:18
目撃

2匹
クロウサギ
ウエット

28.19503759184033
129.3960971253444
",OSM_ro137_0_12,5.713117618207002,
2026-08-04 01:19:00+09:00,2026-08-02 00:27:00+09:00,目撃,ネズミ,1,,ウエット,28.19608074908075,129.3944299572207,"2026/08/04 1:19
目撃

1匹
ネズミ
アマミハナサキガエル
ウエット

28.19608074908075
129.3944299572207
",2026-08-02,"2026-08-03 16:19:00+00:00|ネズミ|目撃|28.1960807|129.39443|2026/08/04 1:19
目撃

1匹
ネズミ
アマミハナサキガエル
ウエット

28.19608074908075
129.3944299572207
",OSM_ro137_0_34,2.235098514646823,
2026-08-04 01:21:00+09:00,2026-08-02 00:27:00+09:00,目撃,ネズミ,1,,ウエット,28.19720079379624,129.3920111920034,"2026/08/04 1:21
目撃

1匹
ネズミ
ウエット
瀬戸内町嘉徳
28.19720079379624
129.3920111920034
",2026-08-02,"2026-08-03 16:21:00+00:00|ネズミ|目撃|28.1972008|129.3920112|2026/08/04 1:21
目撃

1匹
ネズミ
ウエット
瀬戸内町嘉徳
28.19720079379624
129.3920111920034
",OSM_ro137_0_63,8.210168443571206,
2026-08-04 01:22:00+09:00,2026-08-02 00:27:00+09:00,目撃,ヒメハブ,1,,ウエット,28.19850527435744,129.3922322946968,"2026/08/04 1:22
目撃

1匹
ヒメハブ
ウエット
瀬戸内町嘉徳
28.19850527435744
129.3922322946968
",2026-08-02,"2026-08-03 16:22:00+00:00|ヒメハブ|目撃|28.1985053|129.3922323|2026/08/04 1:22
目撃

1匹
ヒメハブ
ウエット
瀬戸内町嘉徳
28.19850527435744
129.3922322946968
",OSM_ro137_0_78,19.871811555843223,
2026-08-04 01:23:00+09:00,2026-08-02 00:27:00+09:00,目撃,ネズミ,1,,ウエット,28.19845401752564,129.3914255450803,"2026/08/04 1:23
目撃

1匹
ネズミ
ウエット

28.19845401752564
129.3914255450803
",2026-08-02,"2026-08-03 16:23:00+00:00|ネズミ|目撃|28.198454|129.3914255|2026/08/04 1:23
目撃

1匹
ネズミ
ウエット

28.19845401752564
129.3914255450803
",OSM_ro137_0_104,7.849974750054653,
2026-08-04 01:24:00+09:00,2026-08-02 00:27:00+09:00,目撃,ネズミ,1,,ウエット,28.19713403881791,129.3905417028076,"2026/08/04 1:24
目撃

1匹
ネズミ
ウエット
瀬戸内町嘉徳
28.19713403881791
129.3905417028076
",2026-08-02,"2026-08-03 16:24:00+00:00|ネズミ|目撃|28.197134|129.3905417|2026/08/04 1:24
目撃

1匹
ネズミ
ウエット
瀬戸内町嘉徳
28.19713403881791
129.3905417028076
",OSM_ro48_0_17,4.84559327452859,
2026-08-04 01:24:00+09:00,2026-08-02 00:27:00+09:00,目撃,ネズミ,1,,ウエット,28.19695885433267,129.390294355307,"2026/08/04 1:24
目撃

1匹
ネズミ
ウエット
瀬戸内町嘉徳
28.19695885433267
129.390294355307
",2026-08-02,"2026-08-03 16:24:00+00:00|ネズミ|目撃|28.1969589|129.3902944|2026/08/04 1:24
目撃

1匹
ネズミ
ウエット
瀬戸内町嘉徳
28.19695885433267
129.390294355307
",OSM_ro48_0_20,0.6951640757681266,
2026-08-04 01:25:00+09:00,2026-08-02 00:27:00+09:00,目撃,ネズミ,1,,ウエット,28.19650045283952,129.3897754961334,"2026/08/04 1:25
目撃

1匹
ネズミ
ウエット
瀬戸内町嘉徳
28.19650045283952
129.3897754961334
",2026-08-02,"2026-08-03 16:25:00+00:00|ネズミ|目撃|28.1965005|129.3897755|2026/08/04 1:25
目撃

1匹
ネズミ
ウエット
瀬戸内町嘉徳
28.19650045283952
129.3897754961334
",OSM_ro48_0_27,1.981252595830565,
2026-08-04 01:26:00+09:00,2026-08-02 00:27:00+09:00,目撃,ネズミ,1,,ウエット,28.19540145081235,129.388417778316,"2026/08/04 1:26
目撃

1匹
ネズミ
カエル
ウエット
瀬戸内町嘉徳
28.19540145081235
129.388417778316
",2026-08-02,"2026-08-03 16:26:00+00:00|ネズミ|目撃|28.1954015|129.3884178|2026/08/04 1:26
目撃

1匹
ネズミ
カエル
ウエット
瀬戸内町嘉徳
28.19540145081235
129.388417778316
",OSM_ro48_0_46,1.0412478117222452,
2026-08-04 02:06:00+09:00,2026-08-02 00:27:00+09:00,目撃,ハブ,1,,ウエット,28.14557852113017,129.3200551434617,"2026/08/04 2:06
目撃

1匹
ハブ
ウエット
瀬戸内町古仁屋瀬久井西5-1
28.14557852113017
129.3200551434617",2026-08-02,"2026-08-03 17:06:00+00:00|ハブ|目撃|28.1455785|129.3200551|2026/08/04 2:06
目撃

1匹
ハブ
ウエット
瀬戸内町古仁屋瀬久井西5-1
28.14557852113017
129.3200551434617",OSM_ro663_0_12,11.709487295586912,
2026-08-04 02:06:00+09:00,2026-08-02 00:27:00+09:00,目撃,ハブ,1,,ウエット,28.14557852113017,129.3200551434617,"2026/08/04 2:06
目撃

1匹
ハブ
ウエット
瀬戸内町古仁屋瀬久井西5-1
28.14557852113017
129.3200551434617",2026-08-02,"2026-08-03 17:06:00+00:00|ハブ|目撃|28.1455785|129.3200551|2026/08/04 2:06
目撃

1匹
ハブ
ウエット
瀬戸内町古仁屋瀬久井西5-1
28.14557852113017
129.3200551434617",OSM_ro166_0_2,11.709487295586912,
2026-08-05 21:08:00+09:00,2026-08-02 00:27:00+09:00,轢死,リュウキュウアオヘビ,1,,ドライ,28.19037667581098,129.3658776234138,"2026/08/05 21:08
轢死

1匹
リュウキュウアオヘビ
ドライ

28.19037667581098
129.3658776234138
",2026-08-02,"2026-08-05 12:08:00+00:00|リュウキュウアオヘビ|轢死|28.1903767|129.3658776|2026/08/05 21:08
轢死

1匹
リュウキュウアオヘビ
ドライ

28.19037667581098
129.3658776234138
",OSM_ro88_0_152,1.39452801709817,
2026-08-05 21:10:00+09:00,2026-08-02 00:27:00+09:00,轢死,リュウキュウアオヘビ,1,,ウエット,28.19889976381667,129.3646999901668,"2026/08/05 21:10
轢死

1匹
リュウキュウアオヘビ
ウエット

28.19889976381667
129.3646999901668
",2026-08-02,"2026-08-05 12:10:00+00:00|リュウキュウアオヘビ|轢死|28.1988998|129.3647|2026/08/05 21:10
轢死

1匹
リュウキュウアオヘビ
ウエット

28.19889976381667
129.3646999901668
",OSM_ro88_0_256,1.4495013117066964,
2026-08-05 21:12:00+09:00,2026-08-02 00:27:00+09:00,目撃,アマミハナサキガエル,3,,ウエット,28.2030775245363,129.3639785900184,"2026/08/05 21:12
目撃

3匹
アマミハナサキガエル
ウエット

28.2030775245363
129.3639785900184
",2026-08-02,"2026-08-05 12:12:00+00:00|アマミハナサキガエル|目撃|28.2030775|129.3639786|2026/08/05 21:12
目撃

3匹
アマミハナサキガエル
ウエット

28.2030775245363
129.3639785900184
",OSM_ro88_0_311,3.6184751672807876,
2026-08-05 23:52:00+09:00,2026-08-02 00:27:00+09:00,目撃,ネズミ,1,,ウエット,28.23429006959857,129.372834993924,"2026/08/05 23:52
目撃

1匹
ネズミ
ウエット

28.23429006959857
129.372834993924
",2026-08-02,"2026-08-05 14:52:00+00:00|ネズミ|目撃|28.2342901|129.372835|2026/08/05 23:52
目撃

1匹
ネズミ
ウエット

28.23429006959857
129.372834993924
",OSM_ro567_0_91,0.493002722710791,
2026-08-05 23:54:00+09:00,2026-08-02 00:27:00+09:00,轢死,ハブ,1,,ウエット,28.23366672268904,129.3690452446503,"2026/08/05 23:54
轢死

1匹
ハブ
ウエット
奄美市国道58号
28.23366672268904
129.3690452446503
",2026-08-02,"2026-08-05 14:54:00+00:00|ハブ|轢死|28.2336667|129.3690452|2026/08/05 23:54
轢死

1匹
ハブ
ウエット
奄美市国道58号
28.23366672268904
129.3690452446503
",OSM_ro567_0_43,1.0403842566057369,
2026-08-05 23:54:00+09:00,2026-08-02 00:27:00+09:00,目撃,クロウサギ,1,,ウエット,28.23313203152683,129.3684655766334,"2026/08/05 23:54
目撃

1匹
クロウサギ
ウエット
奄美市国道58号
28.23313203152683
129.3684655766334
",2026-08-02,"2026-08-05 14:54:00+00:00|クロウサギ|目撃|28.233132|129.3684656|2026/08/05 23:54
目撃

1匹
クロウサギ
ウエット
奄美市国道58号
28.23313203152683
129.3684655766334
",OSM_ro567_0_34,0.8348405023689748,
2026-08-05 23:56:00+09:00,2026-08-02 00:27:00+09:00,目撃,ネズミ,1,,ウエット,28.22895699527,129.3664448679118,"2026/08/05 23:56
目撃

1匹
ネズミ
ウエット
奄美市国道58号
28.22895699527
129.3664448679118",2026-08-02,"2026-08-05 14:56:00+00:00|ネズミ|目撃|28.228957|129.3664449|2026/08/05 23:56
目撃

1匹
ネズミ
ウエット
奄美市国道58号
28.22895699527
129.3664448679118",OSM_ro740_0_15,8.734106096328041,
2026-08-06 00:18:00+09:00,2026-08-02 00:27:00+09:00,目撃,カエル,2,,ウエット,28.18764936120961,129.3828214248945,"2026/08/06 0:18
目撃

2匹
カエル
ウエット
瀬戸内町嘉徳
28.18764936120961
129.3828214248945
",2026-08-02,"2026-08-05 15:18:00+00:00|カエル|目撃|28.1876494|129.3828214|2026/08/06 0:18
目撃

2匹
カエル
ウエット
瀬戸内町嘉徳
28.18764936120961
129.3828214248945
",OSM_ro246_0_61,5.336513997407229,
2026-08-06 00:22:00+09:00,2026-08-02 00:27:00+09:00,目撃,アカマタ,1,,ウエット,28.19469901927483,129.3877804787137,"2026/08/06 0:22
目撃

1匹
アカマタ
ウエット

28.19469901927483
129.3877804787137
",2026-08-02,"2026-08-05 15:22:00+00:00|アカマタ|目撃|28.194699|129.3877805|2026/08/06 0:22
目撃

1匹
アカマタ
ウエット

28.19469901927483
129.3877804787137
",OSM_ro48_0_56,2.973596688139376,
2026-08-06 00:23:00+09:00,2026-08-02 00:27:00+09:00,目撃,クロウサギ,1,,ウエット,28.19602263853489,129.3893757836606,"2026/08/06 0:23
目撃

1匹
クロウサギ
ウエット

28.19602263853489
129.3893757836606
",2026-08-02,"2026-08-05 15:23:00+00:00|クロウサギ|目撃|28.1960226|129.3893758|2026/08/06 0:23
目撃

1匹
クロウサギ
ウエット

28.19602263853489
129.3893757836606
",OSM_ro48_0_34,0.5305457333921424,
2026-08-06 00:27:00+09:00,2026-08-02 00:27:00+09:00,目撃,クロウサギ,1,,ウエット,28.19499307265676,129.3963130044487,"2026/08/06 0:27
目撃

1匹
クロウサギ
ウエット

28.19499307265676
129.3963130044487
",2026-08-02,"2026-08-05 15:27:00+00:00|クロウサギ|目撃|28.1949931|129.396313|2026/08/06 0:27
目撃

1匹
クロウサギ
ウエット

28.19499307265676
129.3963130044487
",OSM_ro137_0_9,10.895541913963893,
2026-08-06 00:31:00+09:00,2026-08-02 00:27:00+09:00,目撃,ネズミ,1,,ウエット,28.1943347459668,129.3971493806029,"2026/08/06 0:31
目撃

1匹
ネズミ
ウエット
瀬戸内町嘉徳
28.1943347459668
129.3971493806029
",2026-08-02,"2026-08-05 15:31:00+00:00|ネズミ|目撃|28.1943347|129.3971494|2026/08/06 0:31
目撃

1匹
ネズミ
ウエット
瀬戸内町嘉徳
28.1943347459668
129.3971493806029
",OSM_ro448_0_3,6.986192606773144,
2026-08-06 00:35:00+09:00,2026-08-02 00:27:00+09:00,目撃,カエル,5,,ウエット,28.18817079178926,129.3956849119797,"2026/08/06 0:35
目撃

5匹以上
カエル
ウエット
瀬戸内町嘉徳
28.18817079178926
129.3956849119797
",2026-08-02,"2026-08-05 15:35:00+00:00|カエル|目撃|28.1881708|129.3956849|2026/08/06 0:35
目撃

5匹以上
カエル
ウエット
瀬戸内町嘉徳
28.18817079178926
129.3956849119797
",OSM_ro448_0_89,7.294951616032689,
2026-08-06 00:35:00+09:00,2026-08-02 00:27:00+09:00,目撃,カエル,5,,ウエット,28.1880670720888,129.395575844621,"2026/08/06 0:35
目撃

5匹以上
カエル
ウエット
瀬戸内町嘉徳
28.1880670720888
129.395575844621
",2026-08-02,"2026-08-05 15:35:00+00:00|カエル|目撃|28.1880671|129.3955758|2026/08/06 0:35
目撃

5匹以上
カエル
ウエット
瀬戸内町嘉徳
28.1880670720888
129.395575844621
",OSM_ro448_0_90,7.84016664410039,
2026-08-06 00:36:00+09:00,2026-08-02 00:27:00+09:00,目撃,カエル,5,,ウエット,28.18767318003217,129.3953519571451,"2026/08/06 0:36
目撃

5匹以上
カエル
ウエット

28.18767318003217
129.3953519571451
",2026-08-02,"2026-08-05 15:36:00+00:00|カエル|目撃|28.1876732|129.395352|2026/08/06 0:36
目撃

5匹以上
カエル
ウエット

28.18767318003217
129.3953519571451
",OSM_ro448_0_95,3.9073491338809254,
2026-08-06 00:36:00+09:00,2026-08-02 00:27:00+09:00,目撃,クロウサギ,1,,ウエット,28.18724673744514,129.3950074526861,"2026/08/06 0:36
目撃

1匹
クロウサギ
ウエット

28.18724673744514
129.3950074526861
",2026-08-02,"2026-08-05 15:36:00+00:00|クロウサギ|目撃|28.1872467|129.3950075|2026/08/06 0:36
目撃

1匹
クロウサギ
ウエット

28.18724673744514
129.3950074526861
",OSM_ro448_0_101,1.9029614497594505,
2026-08-06 00:37:00+09:00,2026-08-02 00:27:00+09:00,目撃,カエル,5,,ウエット,28.18635419757292,129.395002905247,"2026/08/06 0:37
目撃

5匹以上
カエル
ウエット

28.18635419757292
129.395002905247
",2026-08-02,"2026-08-05 15:37:00+00:00|カエル|目撃|28.1863542|129.3950029|2026/08/06 0:37
目撃

5匹以上
カエル
ウエット

28.18635419757292
129.395002905247
",OSM_ro191_0_8,11.427315157103195,
2026-08-06 00:43:00+09:00,2026-08-02 00:27:00+09:00,目撃,カエル,5,,ウエット,28.18636381259392,129.3991479127549,"2026/08/06 0:43
目撃

5匹以上
カエル
ウエット
瀬戸内町嘉徳
28.18636381259392
129.3991479127549
",2026-08-02,"2026-08-05 15:43:00+00:00|カエル|目撃|28.1863638|129.3991479|2026/08/06 0:43
目撃

5匹以上
カエル
ウエット
瀬戸内町嘉徳
28.18636381259392
129.3991479127549
",OSM_ro191_0_78,6.966053125950257,
2026-08-06 00:45:00+09:00,2026-08-02 00:27:00+09:00,目撃,ヤマシギ,1,,ウエット,28.18559886940128,129.397154122315,"2026/08/06 0:45
目撃

1匹
ヤマシギ
ウエット
瀬戸内町嘉徳
28.18559886940128
129.397154122315
",2026-08-02,"2026-08-05 15:45:00+00:00|ヤマシギ|目撃|28.1855989|129.3971541|2026/08/06 0:45
目撃

1匹
ヤマシギ
ウエット
瀬戸内町嘉徳
28.18559886940128
129.397154122315
",OSM_ro280_0_8,0.4158875053012751,
2026-08-06 00:46:00+09:00,2026-08-02 00:27:00+09:00,目撃,オットンガエル,1,,ウエット,28.18419734039595,129.3972844413864,"2026/08/06 0:46
目撃

1匹
オットンガエル
ウエット
瀬戸内町嘉徳
28.18419734039595
129.3972844413864
",2026-08-02,"2026-08-05 15:46:00+00:00|オットンガエル|目撃|28.1841973|129.3972844|2026/08/06 0:46
目撃

1匹
オットンガエル
ウエット
瀬戸内町嘉徳
28.18419734039595
129.3972844413864
",OSM_ro280_0_24,19.15772124339611,
2026-08-06 00:55:00+09:00,2026-08-02 00:27:00+09:00,目撃,オットンガエル,1,,ウエット,28.17814878102454,129.393455783901,"2026/08/06 0:55
目撃

1匹
オットンガエル
ウエット

28.17814878102454
129.393455783901
",2026-08-02,"2026-08-05 15:55:00+00:00|オットンガエル|目撃|28.1781488|129.3934558|2026/08/06 0:55
目撃

1匹
オットンガエル
ウエット

28.17814878102454
129.393455783901
",OSM_ro104_0_65,6.644825128194854,
2026-08-06 00:58:00+09:00,2026-08-02 00:27:00+09:00,目撃,ヤマシギ,2,,ドライ,28.17623796003451,129.3958255686155,"2026/08/06 0:58
目撃

2匹
ヤマシギ
リュウキュウアオバズク
ドライ

28.17623796003451
129.3958255686155
",2026-08-02,"2026-08-05 15:58:00+00:00|ヤマシギ|目撃|28.176238|129.3958256|2026/08/06 0:58
目撃

2匹
ヤマシギ
リュウキュウアオバズク
ドライ

28.17623796003451
129.3958255686155
",OSM_ro289_0_4,11.475542811333392,
2026-08-06 00:59:00+09:00,2026-08-02 00:27:00+09:00,目撃,ヤマシギ,3,,ドライ,28.17588992593267,129.396679769893,"2026/08/06 0:59
目撃

3匹
ヤマシギ
ドライ
瀬戸内町節子
28.17588992593267
129.396679769893
",2026-08-02,"2026-08-05 15:59:00+00:00|ヤマシギ|目撃|28.1758899|129.3966798|2026/08/06 0:59
目撃

3匹
ヤマシギ
ドライ
瀬戸内町節子
28.17588992593267
129.396679769893
",OSM_ro289_0_15,1.9576631886370637,
2026-08-06 01:00:00+09:00,2026-08-02 00:27:00+09:00,目撃,ヤマシギ,2,,ドライ,28.17423541363701,129.3952795070614,"2026/08/06 1:00
目撃

2匹
ヤマシギ
ドライ
瀬戸内町節子
28.17423541363701
129.3952795070614
",2026-08-02,"2026-08-05 16:00:00+00:00|ヤマシギ|目撃|28.1742354|129.3952795|2026/08/06 1:00
目撃

2匹
ヤマシギ
ドライ
瀬戸内町節子
28.17423541363701
129.3952795070614
",OSM_ro289_0_41,10.048067968487299,
2026-08-06 01:01:00+09:00,2026-08-02 00:27:00+09:00,目撃,オットンガエル,1,,ウエット,28.17450487533909,129.3949278255554,"2026/08/06 1:01
目撃

1匹
オットンガエル
ウエット

28.17450487533909
129.3949278255554
",2026-08-02,"2026-08-05 16:01:00+00:00|オットンガエル|目撃|28.1745049|129.3949278|2026/08/06 1:01
目撃

1匹
オットンガエル
ウエット

28.17450487533909
129.3949278255554
",OSM_ro289_0_45,8.523660494384734,
2026-08-06 01:03:00+09:00,2026-08-02 00:27:00+09:00,目撃,カエル,5,,ドライ,28.17359516101743,129.3946057744724,"2026/08/06 1:03
目撃

5匹以上
カエル
ドライ
瀬戸内町節子
28.17359516101743
129.3946057744724
",2026-08-02,"2026-08-05 16:03:00+00:00|カエル|目撃|28.1735952|129.3946058|2026/08/06 1:03
目撃

5匹以上
カエル
ドライ
瀬戸内町節子
28.17359516101743
129.3946057744724
",OSM_ro289_0_62,2.327061505499147,
2026-08-06 01:03:00+09:00,2026-08-02 00:27:00+09:00,目撃,カエル,5,,ドライ,28.17352517629641,129.3950354271871,"2026/08/06 1:03
目撃

5匹以上
カエル
ドライ
瀬戸内町節子
28.17352517629641
129.3950354271871
",2026-08-02,"2026-08-05 16:03:00+00:00|カエル|目撃|28.1735252|129.3950354|2026/08/06 1:03
目撃

5匹以上
カエル
ドライ
瀬戸内町節子
28.17352517629641
129.3950354271871
",OSM_ro289_0_67,4.7819272196270814,
2026-08-06 01:10:00+09:00,2026-08-02 00:27:00+09:00,目撃,ヤマシギ,1,,ドライ,28.17246008735139,129.3983641182971,"2026/08/06 1:10
目撃

1匹
ヤマシギ
ドライ

28.17246008735139
129.3983641182971
",2026-08-02,"2026-08-05 16:10:00+00:00|ヤマシギ|目撃|28.1724601|129.3983641|2026/08/06 1:10
目撃

1匹
ヤマシギ
ドライ

28.17246008735139
129.3983641182971
",OSM_ro249_0_44,8.12436579864643,
2026-08-06 01:11:00+09:00,2026-08-02 00:27:00+09:00,捕獲,ハブ,1,小,ドライ,28.17191374066648,129.3982474991073,"2026/08/06 1:11
捕獲
ハブ捕獲小
移動中
道路中央
ドライ
瀬戸内町節子
28.17191374066648
129.3982474991073
",2026-08-02,"2026-08-05 16:11:00+00:00|ハブ|捕獲|28.1719137|129.3982475|2026/08/06 1:11
捕獲
ハブ捕獲小
移動中
道路中央
ドライ
瀬戸内町節子
28.17191374066648
129.3982474991073
",OSM_ro249_0_51,11.044048125514621,
2026-08-06 01:14:00+09:00,2026-08-02 00:27:00+09:00,目撃,ヤマシギ,1,,ドライ,28.17023938108616,129.3990615348941,"2026/08/06 1:14
目撃

1匹
ヤマシギ
ドライ

28.17023938108616
129.3990615348941
",2026-08-02,"2026-08-05 16:14:00+00:00|ヤマシギ|目撃|28.1702394|129.3990615|2026/08/06 1:14
目撃

1匹
ヤマシギ
ドライ

28.17023938108616
129.3990615348941
",OSM_ro185_0_8,8.02156058342108,
2026-08-06 01:20:00+09:00,2026-08-02 00:27:00+09:00,目撃,ヤマシギ,1,,ウエット,28.16880265218263,129.3960637298897,"2026/08/06 1:20
目撃

1匹
ヤマシギ
ウエット

28.16880265218263
129.3960637298897
",2026-08-02,"2026-08-05 16:20:00+00:00|ヤマシギ|目撃|28.1688027|129.3960637|2026/08/06 1:20
目撃

1匹
ヤマシギ
ウエット

28.16880265218263
129.3960637298897
",OSM_ro313_0_17,3.5562719887109164,
2026-08-06 01:47:00+09:00,2026-08-02 00:27:00+09:00,捕獲,ハブ,1,大,ドライ,28.16631845715695,129.3876464208157,"2026/08/06 1:47
捕獲
ハブ捕獲大
待機中
木の上
ドライ
瀬戸内町節子
28.16631845715695
129.3876464208157

8/6 2:30終了",2026-08-02,"2026-08-05 16:47:00+00:00|ハブ|捕獲|28.1663185|129.3876464|2026/08/06 1:47
捕獲
ハブ捕獲大
待機中
木の上
ドライ
瀬戸内町節子
28.16631845715695
129.3876464208157

8/6 2:30終了",OSM_ro364_0_66,2.5980956355765126,
2026-08-09 21:57:00+09:00,2026-08-09 21:13:00+09:00,目撃,オットンガエル,1,,ウエット,28.16018018072126,129.3467024075375,"2026/08/09 21:57
目撃

1匹
オットンガエル
ウエット
瀬戸内町伊須
28.16018018072126
129.3467024075375
",2026-08-09,"2026-08-09 12:57:00+00:00|オットンガエル|目撃|28.1601802|129.3467024|2026/08/09 21:57
目撃

1匹
オットンガエル
ウエット
瀬戸内町伊須
28.16018018072126
129.3467024075375
",OSM_ro306_0_58,1.3381164800406276,
2026-08-09 21:57:00+09:00,2026-08-09 21:13:00+09:00,轢死,ハブ,1,,ウエット,28.16030767095019,129.3466554759535,"2026/08/09 21:57
轢死

1匹
ハブ
ウエット
瀬戸内町伊須
28.16030767095019
129.3466554759535
",2026-08-09,"2026-08-09 12:57:00+00:00|ハブ|轢死|28.1603077|129.3466555|2026/08/09 21:57
轢死

1匹
ハブ
ウエット
瀬戸内町伊須
28.16030767095019
129.3466554759535
",OSM_ro306_0_60,0.15085560190397754,
2026-08-09 22:12:00+09:00,2026-08-09 21:13:00+09:00,目撃,カエル,5,,ドライ,28.1734044308126,129.3635542855204,"2026/08/09 22:12
目撃

5匹以上
カエル
ドライ
瀬戸内町網野子
28.1734044308126
129.3635542855204
",2026-08-09,"2026-08-09 13:12:00+00:00|カエル|目撃|28.1734044|129.3635543|2026/08/09 22:12
目撃

5匹以上
カエル
ドライ
瀬戸内町網野子
28.1734044308126
129.3635542855204
",OSM_ro129_0_231,2.6702162113636554,
2026-08-09 22:13:00+09:00,2026-08-09 21:13:00+09:00,目撃,カエル,5,,ソークド(水跳ね),28.1751270271198,129.3634592976831,"2026/08/09 22:13
目撃

5匹以上
カエル
ソークド(水跳ね)
瀬戸内町網野子
28.1751270271198
129.3634592976831
",2026-08-09,"2026-08-09 13:13:00+00:00|カエル|目撃|28.175127|129.3634593|2026/08/09 22:13
目撃

5匹以上
カエル
ソークド(水跳ね)
瀬戸内町網野子
28.1751270271198
129.3634592976831
",OSM_ro129_0_209,0.7502470790084929,
2026-08-09 22:13:00+09:00,2026-08-09 21:13:00+09:00,目撃,カエル,5,,ソークド(水跳ね),28.17591101898997,129.3633645108763,"2026/08/09 22:13
目撃

5匹以上
カエル
ソークド(水跳ね)
瀬戸内町網野子
28.17591101898997
129.3633645108763
",2026-08-09,"2026-08-09 13:13:00+00:00|カエル|目撃|28.175911|129.3633645|2026/08/09 22:13
目撃

5匹以上
カエル
ソークド(水跳ね)
瀬戸内町網野子
28.17591101898997
129.3633645108763
",OSM_ro129_0_200,2.57093489505871,
2026-08-09 22:15:00+09:00,2026-08-09 21:13:00+09:00,目撃,カエル,5,,ソークド(水跳ね),28.17864213721771,129.3657544159965,"2026/08/09 22:15
目撃

5匹以上
カエル
ソークド(水跳ね)
瀬戸内町網野子
28.17864213721771
129.3657544159965
",2026-08-09,"2026-08-09 13:15:00+00:00|カエル|目撃|28.1786421|129.3657544|2026/08/09 22:15
目撃

5匹以上
カエル
ソークド(水跳ね)
瀬戸内町網野子
28.17864213721771
129.3657544159965
",OSM_ro129_0_155,7.24620512680433,
2026-08-09 22:18:00+09:00,2026-08-09 21:13:00+09:00,目撃,カエル,5,,ソークド(水跳ね),28.1813375700198,129.3694922079399,"2026/08/09 22:18
目撃

5匹以上
カエル
ソークド(水跳ね)
瀬戸内町網野子
28.1813375700198
129.3694922079399",2026-08-09,"2026-08-09 13:18:00+00:00|カエル|目撃|28.1813376|129.3694922|2026/08/09 22:18
目撃

5匹以上
カエル
ソークド(水跳ね)
瀬戸内町網野子
28.1813375700198
129.3694922079399",OSM_ro129_0_70,6.848896469111422,
2026-08-09 22:22:00+09:00,2026-08-09 21:13:00+09:00,轢死,リュウキュウアオヘビ,1,,ドライ,28.181020960173,129.3756014651902,"2026/08/09 22:22
轢死

1匹
リュウキュウアオヘビ
ドライ
瀬戸内町網野子
28.181020960173
129.3756014651902
",2026-08-09,"2026-08-09 13:22:00+00:00|リュウキュウアオヘビ|轢死|28.181021|129.3756015|2026/08/09 22:22
轢死

1匹
リュウキュウアオヘビ
ドライ
瀬戸内町網野子
28.181020960173
129.3756014651902
",OSM_ro456_0_38,1.430037935269177,
2026-08-09 22:25:00+09:00,2026-08-09 21:13:00+09:00,轢死,リュウキュウアオヘビ,1,,ウエット,28.18387062498392,129.3778765892187,"2026/08/09 22:25
轢死

1匹
リュウキュウアオヘビ
ウエット
瀬戸内町節子
28.18387062498392
129.3778765892187
",2026-08-09,"2026-08-09 13:25:00+00:00|リュウキュウアオヘビ|轢死|28.1838706|129.3778766|2026/08/09 22:25
轢死

1匹
リュウキュウアオヘビ
ウエット
瀬戸内町節子
28.18387062498392
129.3778765892187
",OSM_ro527_0_72,1.968017930426923,
2026-08-09 22:29:00+09:00,2026-08-09 21:13:00+09:00,目撃,オットンガエル,1,,ウエット,28.18773986155838,129.3819115510125,"2026/08/09 22:29
目撃

1匹
オットンガエル
ウエット
瀬戸内町嘉徳
28.18773986155838
129.3819115510125
",2026-08-09,"2026-08-09 13:29:00+00:00|オットンガエル|目撃|28.1877399|129.3819116|2026/08/09 22:29
目撃

1匹
オットンガエル
ウエット
瀬戸内町嘉徳
28.18773986155838
129.3819115510125
",OSM_ro246_0_73,10.981902539766045,
2026-08-09 22:34:00+09:00,2026-08-09 21:13:00+09:00,目撃,カエル,5,,ソークド(水跳ね),28.19377911161572,129.387573276324,"2026/08/09 22:34
目撃

5匹以上
カエル
ソークド(水跳ね)
瀬戸内町嘉徳
28.19377911161572
129.387573276324
",2026-08-09,"2026-08-09 13:34:00+00:00|カエル|目撃|28.1937791|129.3875733|2026/08/09 22:34
目撃

5匹以上
カエル
ソークド(水跳ね)
瀬戸内町嘉徳
28.19377911161572
129.387573276324
",OSM_ro48_0_67,0.34834599761483503,
2026-08-09 22:48:00+09:00,2026-08-09 21:13:00+09:00,目撃,アカマタ,1,,ドライ,28.19284793757065,129.3991017181479,"2026/08/09 22:48
目撃

1匹
アカマタ
ドライ
瀬戸内町嘉徳
28.19284793757065
129.3991017181479
",2026-08-09,"2026-08-09 13:48:00+00:00|アカマタ|目撃|28.1928479|129.3991017|2026/08/09 22:48
目撃

1匹
アカマタ
ドライ
瀬戸内町嘉徳
28.19284793757065
129.3991017181479
",OSM_ro257_0_0,8.252956758362162,
2026-08-09 22:57:00+09:00,2026-08-09 21:13:00+09:00,目撃,カエル,5,,ウエット,28.19201923359065,129.3972680752946,"2026/08/09 22:57
目撃

5匹以上
カエル
ウエット
瀬戸内町嘉徳
28.19201923359065
129.3972680752946
",2026-08-09,"2026-08-09 13:57:00+00:00|カエル|目撃|28.1920192|129.3972681|2026/08/09 22:57
目撃

5匹以上
カエル
ウエット
瀬戸内町嘉徳
28.19201923359065
129.3972680752946
",OSM_ro448_0_31,10.848299546504727,
2026-08-09 23:03:00+09:00,2026-08-09 21:13:00+09:00,目撃,クロウサギ,1,,ウエット,28.18823110455508,129.3958069414025,"2026/08/09 23:03
目撃

1匹
クロウサギ
ウエット
瀬戸内町嘉徳
28.18823110455508
129.3958069414025
",2026-08-09,"2026-08-09 14:03:00+00:00|クロウサギ|目撃|28.1882311|129.3958069|2026/08/09 23:03
目撃

1匹
クロウサギ
ウエット
瀬戸内町嘉徳
28.18823110455508
129.3958069414025
",OSM_ro448_0_87,3.078250636647137,
2026-08-09 23:03:00+09:00,2026-08-09 21:13:00+09:00,目撃,オットンガエル,1,,ウエット,28.18802485079847,129.3956087167647,"2026/08/09 23:03
目撃

1匹
オットンガエル
ウエット
瀬戸内町嘉徳
28.18802485079847
129.3956087167647
",2026-08-09,"2026-08-09 14:03:00+00:00|オットンガエル|目撃|28.1880249|129.3956087|2026/08/09 23:03
目撃

1匹
オットンガエル
ウエット
瀬戸内町嘉徳
28.18802485079847
129.3956087167647
",OSM_ro448_0_90,2.2802119671008394,
2026-08-09 23:04:00+09:00,2026-08-09 21:13:00+09:00,目撃,カエル,5,,ウエット,28.18781343215167,129.3955710060696,"2026/08/09 23:04
目撃

5匹以上
カエル
ウエット

28.18781343215167
129.3955710060696
",2026-08-09,"2026-08-09 14:04:00+00:00|カエル|目撃|28.1878134|129.395571|2026/08/09 23:04
目撃

5匹以上
カエル
ウエット

28.18781343215167
129.3955710060696
",OSM_ro448_0_92,8.7366767808854,
2026-08-09 23:11:00+09:00,2026-08-09 21:13:00+09:00,目撃,カエル,5,,ウエット,28.18722003631742,129.3986164275249,"2026/08/09 23:11
目撃

5匹以上
カエル
ウエット

28.18722003631742
129.3986164275249
",2026-08-09,"2026-08-09 14:11:00+00:00|カエル|目撃|28.18722|129.3986164|2026/08/09 23:11
目撃

5匹以上
カエル
ウエット

28.18722003631742
129.3986164275249
",OSM_ro191_0_64,0.983969717209717,
2026-08-09 23:13:00+09:00,2026-08-09 21:13:00+09:00,目撃,カエル,5,,ウエット,28.18613581733271,129.3988370889762,"2026/08/09 23:13
目撃

5匹以上
カエル
ウエット

28.18613581733271
129.3988370889762
",2026-08-09,"2026-08-09 14:13:00+00:00|カエル|目撃|28.1861358|129.3988371|2026/08/09 23:13
目撃

5匹以上
カエル
ウエット

28.18613581733271
129.3988370889762
",OSM_ro191_0_88,6.616524725450962,
2026-08-09 23:19:00+09:00,2026-08-09 21:13:00+09:00,目撃,オットンガエル,1,,ウエット,28.18428587160691,129.3971383712145,"2026/08/09 23:19
目撃

1匹
オットンガエル
ウエット
瀬戸内町嘉徳
28.18428587160691
129.3971383712145
",2026-08-09,"2026-08-09 14:19:00+00:00|オットンガエル|目撃|28.1842859|129.3971384|2026/08/09 23:19
目撃

1匹
オットンガエル
ウエット
瀬戸内町嘉徳
28.18428587160691
129.3971383712145
",OSM_ro280_0_25,20.429080359909022,
2026-08-09 23:26:00+09:00,2026-08-09 21:13:00+09:00,目撃,オットンガエル,1,,ウエット,28.18042375483654,129.3942133422659,"2026/08/09 23:26
目撃

1匹
オットンガエル
ウエット

28.18042375483654
129.3942133422659
",2026-08-09,"2026-08-09 14:26:00+00:00|オットンガエル|目撃|28.1804238|129.3942133|2026/08/09 23:26
目撃

1匹
オットンガエル
ウエット

28.18042375483654
129.3942133422659
",OSM_ro104_0_13,0.8753741301992491,
2026-08-09 23:28:00+09:00,2026-08-09 21:13:00+09:00,目撃,ヤマシギ,1,,ドライ,28.17830847277536,129.3945166566343,"2026/08/09 23:28
目撃

1匹
ヤマシギ
ドライ
瀬戸内町節子
28.17830847277536
129.3945166566343
",2026-08-09,"2026-08-09 14:28:00+00:00|ヤマシギ|目撃|28.1783085|129.3945167|2026/08/09 23:28
目撃

1匹
ヤマシギ
ドライ
瀬戸内町節子
28.17830847277536
129.3945166566343
",OSM_ro104_0_39,1.9667306388234,
2026-08-09 23:33:00+09:00,2026-08-09 21:13:00+09:00,目撃,アカマタ,1,,ウエット,28.17708860087408,129.3941247563195,"2026/08/09 23:33
目撃

1匹
アカマタ
ウエット

28.17708860087408
129.3941247563195
",2026-08-09,"2026-08-09 14:33:00+00:00|アカマタ|目撃|28.1770886|129.3941248|2026/08/09 23:33
目撃

1匹
アカマタ
ウエット

28.17708860087408
129.3941247563195
",OSM_ro104_0_85,8.04702714729503,
2026-08-09 23:34:00+09:00,2026-08-09 21:13:00+09:00,目撃,オットンガエル,1,,ウエット,28.17632861610711,129.3950689635351,"2026/08/09 23:34
目撃

1匹
オットンガエル
ウエット
瀬戸内町節子
28.17632861610711
129.3950689635351
",2026-08-09,"2026-08-09 14:34:00+00:00|オットンガエル|目撃|28.1763286|129.395069|2026/08/09 23:34
目撃

1匹
オットンガエル
ウエット
瀬戸内町節子
28.17632861610711
129.3950689635351
",OSM_ro104_0_100,3.9514196463193367,
2026-08-09 23:36:00+09:00,2026-08-09 21:13:00+09:00,目撃,オットンガエル,1,,ウエット,28.1760516609714,129.3959602286029,"2026/08/09 23:36
目撃

1匹
オットンガエル
ウエット

28.1760516609714
129.3959602286029
",2026-08-09,"2026-08-09 14:36:00+00:00|オットンガエル|目撃|28.1760517|129.3959602|2026/08/09 23:36
目撃

1匹
オットンガエル
ウエット

28.1760516609714
129.3959602286029
",OSM_ro289_0_6,4.997534231678965,
2026-08-09 23:41:00+09:00,2026-08-09 21:13:00+09:00,目撃,オットンガエル,2,,ウエット,28.17392202562485,129.394627232225,"2026/08/09 23:41
目撃

2匹
オットンガエル
ウエット

28.17392202562485
129.394627232225
",2026-08-09,"2026-08-09 14:41:00+00:00|オットンガエル|目撃|28.173922|129.3946272|2026/08/09 23:41
目撃

2匹
オットンガエル
ウエット

28.17392202562485
129.394627232225
",OSM_ro289_0_59,4.726731126254582,
2026-08-09 23:41:00+09:00,2026-08-09 21:13:00+09:00,目撃,カエル,5,,ソークド(水跳ね),28.17393137359652,129.3946217521242,"2026/08/09 23:41
目撃

5匹以上
カエル
ソークド(水跳ね)

28.17393137359652
129.3946217521242
",2026-08-09,"2026-08-09 14:41:00+00:00|カエル|目撃|28.1739314|129.3946218|2026/08/09 23:41
目撃

5匹以上
カエル
ソークド(水跳ね)

28.17393137359652
129.3946217521242
",OSM_ro289_0_58,4.2911028101763575,
2026-08-09 23:47:00+09:00,2026-08-09 21:13:00+09:00,目撃,オットンガエル,1,,ウエット,28.1749199335475,129.3984333960832,"2026/08/09 23:47
目撃

1匹
オットンガエル
ウエット

28.1749199335475
129.3984333960832
",2026-08-09,"2026-08-09 14:47:00+00:00|オットンガエル|目撃|28.1749199|129.3984334|2026/08/09 23:47
目撃

1匹
オットンガエル
ウエット

28.1749199335475
129.3984333960832
",OSM_ro249_0_5,1.4997389930286105,
2026-08-09 23:51:00+09:00,2026-08-09 21:13:00+09:00,目撃,カエル,5,,ウエット,28.17173746696613,129.3983136749933,"2026/08/09 23:51
目撃

5匹以上
カエル
ウエット

28.17173746696613
129.3983136749933
",2026-08-09,"2026-08-09 14:51:00+00:00|カエル|目撃|28.1717375|129.3983137|2026/08/09 23:51
目撃

5匹以上
カエル
ウエット

28.17173746696613
129.3983136749933
",OSM_ro249_0_53,15.554731719879666,
2026-08-10 00:03:00+09:00,2026-08-09 21:13:00+09:00,捕獲,ハブ,1,大,ウエット,28.17113135385257,129.3963921663737,"2026/08/10 0:03
捕獲
ハブ捕獲大
移動中
道路中央
ウエット

28.17113135385257
129.3963921663737
",2026-08-09,"2026-08-09 15:03:00+00:00|ハブ|捕獲|28.1711314|129.3963922|2026/08/10 0:03
捕獲
ハブ捕獲大
移動中
道路中央
ウエット

28.17113135385257
129.3963921663737
",OSM_ro142_0_7,3.052296377022289,
2026-08-10 00:13:00+09:00,2026-08-09 21:13:00+09:00,目撃,オットンガエル,1,,ドライ,28.16556953633242,129.3966363158677,"2026/08/10 0:13
目撃

1匹
オットンガエル
ドライ

28.16556953633242
129.3966363158677
",2026-08-09,"2026-08-09 15:13:00+00:00|オットンガエル|目撃|28.1655695|129.3966363|2026/08/10 0:13
目撃

1匹
オットンガエル
ドライ

28.16556953633242
129.3966363158677
",OSM_ro42_0_89,15.717496535380308,
2026-08-10 00:23:00+09:00,2026-08-09 21:13:00+09:00,目撃,オットンガエル,1,,ウエット,28.16360657020309,129.3902618012777,"2026/08/10 0:23
目撃

1匹
オットンガエル
ウエット
瀬戸内町節子
28.16360657020309
129.3902618012777
",2026-08-09,"2026-08-09 15:23:00+00:00|オットンガエル|目撃|28.1636066|129.3902618|2026/08/10 0:23
目撃

1匹
オットンガエル
ウエット
瀬戸内町節子
28.16360657020309
129.3902618012777
",OSM_ro440_0_91,3.726673422110278,
2026-08-10 00:39:00+09:00,2026-08-09 21:13:00+09:00,目撃,アカマタ,1,,ドライ,28.16575876316323,129.3875606950292,"2026/08/10 0:39
目撃

1匹
アカマタ
ドライ
瀬戸内町節子
28.16575876316323
129.3875606950292
",2026-08-09,"2026-08-09 15:39:00+00:00|アカマタ|目撃|28.1657588|129.3875607|2026/08/10 0:39
目撃

1匹
アカマタ
ドライ
瀬戸内町節子
28.16575876316323
129.3875606950292
",OSM_ro364_0_72,11.14432193774962,
2026-08-10 00:47:00+09:00,2026-08-09 21:13:00+09:00,目撃,ネズミ,1,,ウエット,28.16543278005984,129.3831298295223,"2026/08/10 0:47
目撃

1匹
ネズミ
オットンガエル
ウエット
瀬戸内町節子
28.16543278005984
129.3831298295223
",2026-08-09,"2026-08-09 15:47:00+00:00|ネズミ|目撃|28.1654328|129.3831298|2026/08/10 0:47
目撃

1匹
ネズミ
オットンガエル
ウエット
瀬戸内町節子
28.16543278005984
129.3831298295223
",OSM_ro364_0_12,4.793313845738689,
2026-08-10 00:52:00+09:00,2026-08-09 21:13:00+09:00,目撃,カエル,5,,ソークド(水跳ね),28.1684178627968,129.3793559357056,"2026/08/10 0:52
目撃

5匹以上
カエル
ソークド(水跳ね)
瀬戸内町節子
28.1684178627968
129.3793559357056
",2026-08-09,"2026-08-09 15:52:00+00:00|カエル|目撃|28.1684179|129.3793559|2026/08/10 0:52
目撃

5匹以上
カエル
ソークド(水跳ね)
瀬戸内町節子
28.1684178627968
129.3793559357056
",OSM_ro132_0_40,2.7966671537103203,
2026-08-10 00:52:00+09:00,2026-08-09 21:13:00+09:00,目撃,カエル,5,,ソークド(水跳ね),28.16887525041413,129.37931577959,"2026/08/10 0:52
目撃

5匹以上
カエル
ソークド(水跳ね)
瀬戸内町節子
28.16887525041413
129.37931577959
",2026-08-09,"2026-08-09 15:52:00+00:00|カエル|目撃|28.1688753|129.3793158|2026/08/10 0:52
目撃

5匹以上
カエル
ソークド(水跳ね)
瀬戸内町節子
28.16887525041413
129.37931577959
",OSM_ro132_0_35,3.5868396790483015,
2026-08-10 00:58:00+09:00,2026-08-09 21:13:00+09:00,目撃,カエル,5,,ソークド(水跳ね),28.16922955503756,129.3774343926255,"2026/08/10 0:58
目撃

5匹以上
カエル
ソークド(水跳ね)
瀬戸内町節子
28.16922955503756
129.3774343926255
",2026-08-09,"2026-08-09 15:58:00+00:00|カエル|目撃|28.1692296|129.3774344|2026/08/10 0:58
目撃

5匹以上
カエル
ソークド(水跳ね)
瀬戸内町節子
28.16922955503756
129.3774343926255
",OSM_ro961_0_30,0.7257554749967157,
2026-08-10 01:38:00+09:00,2026-08-09 21:13:00+09:00,捕獲,ハブ,1,極小,ドライ,28.16864873235512,129.2987224485423,"2026/08/10 1:38
捕獲
ハブ捕獲極小
とぐろ
ブロック上
ドライ
瀬戸内町久根津1022
28.16864873235512
129.2987224485423
",2026-08-09,"2026-08-09 16:38:00+00:00|ハブ|捕獲|28.1686487|129.2987224|2026/08/10 1:38
捕獲
ハブ捕獲極小
とぐろ
ブロック上
ドライ
瀬戸内町久根津1022
28.16864873235512
129.2987224485423
",OSM_ro877_0_10,0.9866326363123713,
2026-08-10 01:46:00+09:00,2026-08-09 21:13:00+09:00,目撃,カエル,5,,ソークド(水跳ね),28.16774711106924,129.3004157138387,"2026/08/10 1:46
目撃

5匹以上
カエル
ソークド(水跳ね)
瀬戸内町久根津854
28.16774711106924
129.3004157138387",2026-08-09,"2026-08-09 16:46:00+00:00|カエル|目撃|28.1677471|129.3004157|2026/08/10 1:46
目撃

5匹以上
カエル
ソークド(水跳ね)
瀬戸内町久根津854
28.16774711106924
129.3004157138387",OSM_ro880_0_20,0.43256696251142296,
2026-08-11 21:44:00+09:00,2026-08-11 21:28:00+09:00,目撃,カエル,5,,ソークド(水跳ね),28.16006322586501,129.3208118583705,"2026/08/11 21:44
目撃

5匹以上
カエル
ソークド(水跳ね)
瀬戸内町古仁屋
28.16006322586501
129.3208118583705
",2026-08-11,"2026-08-11 12:44:00+00:00|カエル|目撃|28.1600632|129.3208119|2026/08/11 21:44
目撃

5匹以上
カエル
ソークド(水跳ね)
瀬戸内町古仁屋
28.16006322586501
129.3208118583705
",OSM_ro149_0_20,5.722165946821368,
2026-08-11 21:45:00+09:00,2026-08-11 21:28:00+09:00,目撃,カエル,5,,ソークド(水跳ね),28.16036058725294,129.3214294524405,"2026/08/11 21:45
目撃

5匹以上
カエル
ソークド(水跳ね)
瀬戸内町古仁屋
28.16036058725294
129.3214294524405
",2026-08-11,"2026-08-11 12:45:00+00:00|カエル|目撃|28.1603606|129.3214295|2026/08/11 21:45
目撃

5匹以上
カエル
ソークド(水跳ね)
瀬戸内町古仁屋
28.16036058725294
129.3214294524405
",OSM_ro149_0_13,1.2866368205460184,
2026-08-11 21:46:00+09:00,2026-08-11 21:28:00+09:00,目撃,カエル,5,,ソークド(水跳ね),28.15976761025925,129.3225527195825,"2026/08/11 21:46
目撃

5匹以上
カエル
ソークド(水跳ね)
瀬戸内町古仁屋
28.15976761025925
129.3225527195825
",2026-08-11,"2026-08-11 12:46:00+00:00|カエル|目撃|28.1597676|129.3225527|2026/08/11 21:46
目撃

5匹以上
カエル
ソークド(水跳ね)
瀬戸内町古仁屋
28.15976761025925
129.3225527195825
",OSM_ro149_0_0,8.557374011671012,
2026-08-11 21:56:00+09:00,2026-08-11 21:28:00+09:00,目撃,クロウサギ,1,,ドライ,28.17001659869171,129.3426142266749,"2026/08/11 21:56
目撃

1匹
クロウサギ
ドライ
瀬戸内町国道58号
28.17001659869171
129.3426142266749
",2026-08-11,"2026-08-11 12:56:00+00:00|クロウサギ|目撃|28.1700166|129.3426142|2026/08/11 21:56
目撃

1匹
クロウサギ
ドライ
瀬戸内町国道58号
28.17001659869171
129.3426142266749
",OSM_ro39_0_67,2.9238794732418762,
2026-08-11 22:06:00+09:00,2026-08-11 21:28:00+09:00,目撃,カエル,5,,ドライ,28.17370513550885,129.3637512681739,"2026/08/11 22:06
目撃

5匹以上
カエル
ドライ
瀬戸内町網野子
28.17370513550885
129.3637512681739
",2026-08-11,"2026-08-11 13:06:00+00:00|カエル|目撃|28.1737051|129.3637513|2026/08/11 22:06
目撃

5匹以上
カエル
ドライ
瀬戸内町網野子
28.17370513550885
129.3637512681739
",OSM_ro129_0_227,1.1449259312202051,
2026-08-11 22:07:00+09:00,2026-08-11 21:28:00+09:00,目撃,カエル,5,,ソークド(水跳ね),28.17574376709831,129.3632444936188,"2026/08/11 22:07
目撃

5匹以上
カエル
ソークド(水跳ね)
瀬戸内町網野子
28.17574376709831
129.3632444936188
",2026-08-11,"2026-08-11 13:07:00+00:00|カエル|目撃|28.1757438|129.3632445|2026/08/11 22:07
目撃

5匹以上
カエル
ソークド(水跳ね)
瀬戸内町網野子
28.17574376709831
129.3632444936188
",OSM_ro129_0_202,0.9039935898315186,
2026-08-11 22:08:00+09:00,2026-08-11 21:28:00+09:00,目撃,クロウサギ,1,,ドライ,28.17748584919997,129.3641523966825,"2026/08/11 22:08
目撃

1匹
クロウサギ
ドライ
瀬戸内町網野子
28.17748584919997
129.3641523966825
",2026-08-11,"2026-08-11 13:08:00+00:00|クロウサギ|目撃|28.1774858|129.3641524|2026/08/11 22:08
目撃

1匹
クロウサギ
ドライ
瀬戸内町網野子
28.17748584919997
129.3641523966825
",OSM_ro129_0_179,0.4058406211608652,
2026-08-11 22:09:00+09:00,2026-08-11 21:28:00+09:00,目撃,カエル,5,,ソークド(水跳ね),28.17875974222542,129.3657210496015,"2026/08/11 22:09
目撃

5匹以上
カエル
ソークド(水跳ね)
瀬戸内町網野子729
28.17875974222542
129.3657210496015
",2026-08-11,"2026-08-11 13:09:00+00:00|カエル|目撃|28.1787597|129.365721|2026/08/11 22:09
目撃

5匹以上
カエル
ソークド(水跳ね)
瀬戸内町網野子729
28.17875974222542
129.3657210496015
",OSM_ro129_0_154,4.510312188968753,
2026-08-11 22:15:00+09:00,2026-08-11 21:28:00+09:00,目撃,オットンガエル,1,,ドライ,28.18358134017128,129.369711391598,"2026/08/11 22:15
目撃

1匹
オットンガエル
ドライ
瀬戸内町網野子
28.18358134017128
129.369711391598
",2026-08-11,"2026-08-11 13:15:00+00:00|オットンガエル|目撃|28.1835813|129.3697114|2026/08/11 22:15
目撃

1匹
オットンガエル
ドライ
瀬戸内町網野子
28.18358134017128
129.369711391598
",OSM_ro129_0_44,1.778934235089965,
2026-08-11 22:20:00+09:00,2026-08-11 21:28:00+09:00,目撃,ヤマシギ,1,,ドライ,28.18318884054811,129.3777654321949,"2026/08/11 22:20
目撃

1匹
ヤマシギ
ドライ

28.18318884054811
129.3777654321949
",2026-08-11,"2026-08-11 13:20:00+00:00|ヤマシギ|目撃|28.1831888|129.3777654|2026/08/11 22:20
目撃

1匹
ヤマシギ
ドライ

28.18318884054811
129.3777654321949
",OSM_ro527_0_80,8.198924748459207,
2026-08-11 22:31:00+09:00,2026-08-11 21:28:00+09:00,目撃,オットンガエル,1,,ドライ,28.19361992157779,129.3875527932596,"2026/08/11 22:31
目撃

1匹
オットンガエル
ドライ

28.19361992157779
129.3875527932596
",2026-08-11,"2026-08-11 13:31:00+00:00|オットンガエル|目撃|28.1936199|129.3875528|2026/08/11 22:31
目撃

1匹
オットンガエル
ドライ

28.19361992157779
129.3875527932596
",OSM_ro48_0_69,5.575655179104738,
2026-08-11 22:31:00+09:00,2026-08-11 21:28:00+09:00,目撃,カエル,5,,ソークド(水跳ね),28.19388017799578,129.3875422416216,"2026/08/11 22:31
目撃

5匹以上
カエル
ソークド(水跳ね)
瀬戸内町嘉徳
28.19388017799578
129.3875422416216
",2026-08-11,"2026-08-11 13:31:00+00:00|カエル|目撃|28.1938802|129.3875422|2026/08/11 22:31
目撃

5匹以上
カエル
ソークド(水跳ね)
瀬戸内町嘉徳
28.19388017799578
129.3875422416216
",OSM_ro48_0_66,2.5620781501838064,
2026-08-11 22:36:00+09:00,2026-08-11 21:28:00+09:00,目撃,ヒメハブ,1,,ドライ,28.19778820354823,129.3922560299353,"2026/08/11 22:36
目撃

1匹
ヒメハブ
ドライ
瀬戸内町嘉徳
28.19778820354823
129.3922560299353
",2026-08-11,"2026-08-11 13:36:00+00:00|ヒメハブ|目撃|28.1977882|129.392256|2026/08/11 22:36
目撃

1匹
ヒメハブ
ドライ
瀬戸内町嘉徳
28.19778820354823
129.3922560299353
",OSM_ro137_0_70,2.839047608965536,
2026-08-11 22:41:00+09:00,2026-08-11 21:28:00+09:00,目撃,ヒメハブ,1,,ドライ,28.19548961152588,129.3949364547436,"2026/08/11 22:41
目撃

1匹
ヒメハブ
クロウサギ
ドライ

28.19548961152588
129.3949364547436
",2026-08-11,"2026-08-11 13:41:00+00:00|ヒメハブ|目撃|28.1954896|129.3949365|2026/08/11 22:41
目撃

1匹
ヒメハブ
クロウサギ
ドライ

28.19548961152588
129.3949364547436
",OSM_ro137_0_25,12.121199974836744,
2026-08-11 22:43:00+09:00,2026-08-11 21:28:00+09:00,目撃,クロウサギ,1,,ドライ,28.19420904302823,129.3977880870621,"2026/08/11 22:43
目撃

1匹
クロウサギ
ドライ
瀬戸内町嘉徳
28.19420904302823
129.3977880870621
",2026-08-11,"2026-08-11 13:43:00+00:00|クロウサギ|目撃|28.194209|129.3977881|2026/08/11 22:43
目撃

1匹
クロウサギ
ドライ
瀬戸内町嘉徳
28.19420904302823
129.3977880870621
",OSM_ro257_0_20,4.944798601026577,
2026-08-11 23:04:00+09:00,2026-08-11 21:28:00+09:00,目撃,オットンガエル,2,,ドライ,28.18929567107663,129.3965537359663,"2026/08/11 23:04
目撃

2匹
オットンガエル
ドライ
瀬戸内町嘉徳
28.18929567107663
129.3965537359663
",2026-08-11,"2026-08-11 14:04:00+00:00|オットンガエル|目撃|28.1892957|129.3965537|2026/08/11 23:04
目撃

2匹
オットンガエル
ドライ
瀬戸内町嘉徳
28.18929567107663
129.3965537359663
",OSM_ro448_0_73,0.9597485369185236,
2026-08-11 23:05:00+09:00,2026-08-11 21:28:00+09:00,目撃,オットンガエル,1,,ドライ,28.18848690065105,129.3960457594313,"2026/08/11 23:05
目撃

1匹
オットンガエル
ドライ
瀬戸内町嘉徳
28.18848690065105
129.3960457594313
",2026-08-11,"2026-08-11 14:05:00+00:00|オットンガエル|目撃|28.1884869|129.3960458|2026/08/11 23:05
目撃

1匹
オットンガエル
ドライ
瀬戸内町嘉徳
28.18848690065105
129.3960457594313
",OSM_ro448_0_83,1.84238931538639,
2026-08-11 23:05:00+09:00,2026-08-11 21:28:00+09:00,目撃,カエル,5,,ソークド(水跳ね),28.18838031484028,129.3959923062845,"2026/08/11 23:05
目撃

5匹以上
カエル
ソークド(水跳ね)
瀬戸内町嘉徳
28.18838031484028
129.3959923062845
",2026-08-11,"2026-08-11 14:05:00+00:00|カエル|目撃|28.1883803|129.3959923|2026/08/11 23:05
目撃

5匹以上
カエル
ソークド(水跳ね)
瀬戸内町嘉徳
28.18838031484028
129.3959923062845
",OSM_ro448_0_85,2.4104471430112167,
2026-08-11 23:08:00+09:00,2026-08-11 21:28:00+09:00,目撃,オットンガエル,1,,ウエット,28.18652817451392,129.3950712891785,"2026/08/11 23:08
目撃

1匹
オットンガエル
ウエット

28.18652817451392
129.3950712891785
",2026-08-11,"2026-08-11 14:08:00+00:00|オットンガエル|目撃|28.1865282|129.3950713|2026/08/11 23:08
目撃

1匹
オットンガエル
ウエット

28.18652817451392
129.3950712891785
",OSM_ro191_0_6,11.400038905571874,
2026-08-11 23:15:00+09:00,2026-08-11 21:28:00+09:00,目撃,カエル,2,,ソークド(水跳ね),28.18680950526745,129.3989498129691,"2026/08/11 23:15
目撃

2匹
カエル
ソークド(水跳ね)

28.18680950526745
129.3989498129691
",2026-08-11,"2026-08-11 14:15:00+00:00|カエル|目撃|28.1868095|129.3989498|2026/08/11 23:15
目撃

2匹
カエル
ソークド(水跳ね)

28.18680950526745
129.3989498129691
",OSM_ro191_0_70,2.2543251293459936,
2026-08-11 23:18:00+09:00,2026-08-11 21:28:00+09:00,目撃,アマミハナサキガエル,1,,ウエット,28.18630165737068,129.3984723100915,"2026/08/11 23:18
目撃

1匹
アマミハナサキガエル
ウエット

28.18630165737068
129.3984723100915
",2026-08-11,"2026-08-11 14:18:00+00:00|アマミハナサキガエル|目撃|28.1863017|129.3984723|2026/08/11 23:18
目撃

1匹
アマミハナサキガエル
ウエット

28.18630165737068
129.3984723100915
",OSM_ro191_0_92,10.284473730139881,
2026-08-11 23:32:00+09:00,2026-08-11 21:28:00+09:00,捕獲,ハブ,1,大,ドライ,28.17893067464573,129.3943322119328,"2026/08/11 23:32
捕獲
ハブ捕獲大
とぐろ
道路脇
ドライ

28.17893067464573
129.3943322119328
",2026-08-11,"2026-08-11 14:32:00+00:00|ハブ|捕獲|28.1789307|129.3943322|2026/08/11 23:32
捕獲
ハブ捕獲大
とぐろ
道路脇
ドライ

28.17893067464573
129.3943322119328
",OSM_ro104_0_31,1.158111519757944,
2026-08-11 23:35:00+09:00,2026-08-11 21:28:00+09:00,目撃,カエル,5,,ソークド(水跳ね),28.17843573170133,129.3932479681487,"2026/08/11 23:35
目撃

5匹以上
カエル
ソークド(水跳ね)

28.17843573170133
129.3932479681487
",2026-08-11,"2026-08-11 14:35:00+00:00|カエル|目撃|28.1784357|129.393248|2026/08/11 23:35
目撃

5匹以上
カエル
ソークド(水跳ね)

28.17843573170133
129.3932479681487
",OSM_ro104_0_61,2.84227494131704,
2026-08-11 23:40:00+09:00,2026-08-11 21:28:00+09:00,目撃,ヤマシギ,1,,ドライ,28.17616370978521,129.3965924796679,"2026/08/11 23:40
目撃

1匹
ヤマシギ
ドライ

28.17616370978521
129.3965924796679
",2026-08-11,"2026-08-11 14:40:00+00:00|ヤマシギ|目撃|28.1761637|129.3965925|2026/08/11 23:40
目撃

1匹
ヤマシギ
ドライ

28.17616370978521
129.3965924796679
",OSM_ro289_0_13,13.060430372125422,
2026-08-11 23:42:00+09:00,2026-08-11 21:28:00+09:00,目撃,ヤマシギ,1,,ドライ,28.17526998845841,129.395726622359,"2026/08/11 23:42
目撃

1匹
ヤマシギ
ドライ
瀬戸内町節子
28.17526998845841
129.395726622359
",2026-08-11,"2026-08-11 14:42:00+00:00|ヤマシギ|目撃|28.17527|129.3957266|2026/08/11 23:42
目撃

1匹
ヤマシギ
ドライ
瀬戸内町節子
28.17526998845841
129.395726622359
",OSM_ro289_0_28,1.4973989921507431,
2026-08-11 23:42:00+09:00,2026-08-11 21:28:00+09:00,目撃,ヤマシギ,2,,ドライ,28.17446665786041,129.3954105707574,"2026/08/11 23:42
目撃

2匹
ヤマシギ
ドライ
瀬戸内町節子
28.17446665786041
129.3954105707574
",2026-08-11,"2026-08-11 14:42:00+00:00|ヤマシギ|目撃|28.1744667|129.3954106|2026/08/11 23:42
目撃

2匹
ヤマシギ
ドライ
瀬戸内町節子
28.17446665786041
129.3954105707574
",OSM_ro289_0_38,3.118697993739867,
2026-08-11 23:45:00+09:00,2026-08-11 21:28:00+09:00,目撃,カエル,5,,ウエット,28.17393295217521,129.3945965841703,"2026/08/11 23:45
目撃

5匹以上
カエル
ウエット

28.17393295217521
129.3945965841703
",2026-08-11,"2026-08-11 14:45:00+00:00|カエル|目撃|28.173933|129.3945966|2026/08/11 23:45
目撃

5匹以上
カエル
ウエット

28.17393295217521
129.3945965841703
",OSM_ro289_0_58,1.8256033897284072,
2026-08-11 23:51:00+09:00,2026-08-11 21:28:00+09:00,目撃,ヤマシギ,2,,ドライ,28.17435131855398,129.3990421728437,"2026/08/11 23:51
目撃

2匹
ヤマシギ
ドライ
瀬戸内町節子
28.17435131855398
129.3990421728437
",2026-08-11,"2026-08-11 14:51:00+00:00|ヤマシギ|目撃|28.1743513|129.3990422|2026/08/11 23:51
目撃

2匹
ヤマシギ
ドライ
瀬戸内町節子
28.17435131855398
129.3990421728437
",OSM_ro249_0_16,0.1437314324563856,
2026-08-11 23:52:00+09:00,2026-08-11 21:28:00+09:00,目撃,オットンガエル,1,,ウエット,28.17410471706985,129.3986259833953,"2026/08/11 23:52
目撃

1匹
オットンガエル
ウエット
瀬戸内町節子
28.17410471706985
129.3986259833953
",2026-08-11,"2026-08-11 14:52:00+00:00|オットンガエル|目撃|28.1741047|129.398626|2026/08/11 23:52
目撃

1匹
オットンガエル
ウエット
瀬戸内町節子
28.17410471706985
129.3986259833953
",OSM_ro249_0_21,0.2957391176773547,
2026-08-12 00:03:00+09:00,2026-08-11 21:28:00+09:00,目撃,ネズミ,1,,ドライ,28.17225207000148,129.3965969994511,"2026/08/12 0:03
目撃

1匹
ネズミ
ドライ

28.17225207000148
129.3965969994511
",2026-08-11,"2026-08-11 15:03:00+00:00|ネズミ|目撃|28.1722521|129.396597|2026/08/12 0:03
目撃

1匹
ネズミ
ドライ

28.17225207000148
129.3965969994511
",OSM_ro142_0_23,8.199080239458851,
2026-08-12 00:15:00+09:00,2026-08-11 21:28:00+09:00,捕獲,ハブ,1,大,ドライ,28.16499992144932,129.3963838515218,"2026/08/12 0:15
捕獲
ハブ捕獲大
とぐろ
道路脇
ドライ

28.16499992144932
129.3963838515218
",2026-08-11,"2026-08-11 15:15:00+00:00|ハブ|捕獲|28.1649999|129.3963839|2026/08/12 0:15
捕獲
ハブ捕獲大
とぐろ
道路脇
ドライ

28.16499992144932
129.3963838515218
",OSM_ro42_0_82,7.19511224315732,
2026-08-12 00:18:00+09:00,2026-08-11 21:28:00+09:00,目撃,ヤマシギ,1,,ドライ,28.16410907536398,129.3953346018585,"2026/08/12 0:18
目撃

1匹
ヤマシギ
ドライ
瀬戸内町節子
28.16410907536398
129.3953346018585
",2026-08-11,"2026-08-11 15:18:00+00:00|ヤマシギ|目撃|28.1641091|129.3953346|2026/08/12 0:18
目撃

1匹
ヤマシギ
ドライ
瀬戸内町節子
28.16410907536398
129.3953346018585
",OSM_ro42_0_62,9.28018056617432,
2026-08-12 00:35:00+09:00,2026-08-11 21:28:00+09:00,目撃,ヤマシギ,1,,ドライ,28.16313637286079,129.3862123789004,"2026/08/12 0:35
目撃

1匹
ヤマシギ
ドライ
瀬戸内町節子
28.16313637286079
129.3862123789004
",2026-08-11,"2026-08-11 15:35:00+00:00|ヤマシギ|目撃|28.1631364|129.3862124|2026/08/12 0:35
目撃

1匹
ヤマシギ
ドライ
瀬戸内町節子
28.16313637286079
129.3862123789004
",OSM_ro440_0_13,7.264081349831675,
2026-08-12 01:05:00+09:00,2026-08-11 21:28:00+09:00,目撃,クロウサギ,1,,ドライ,28.16541793827842,129.3664276648081,"2026/08/12 1:05
目撃

1匹
クロウサギ
ドライ
瀬戸内町節子
28.16541793827842
129.3664276648081
",2026-08-11,"2026-08-11 16:05:00+00:00|クロウサギ|目撃|28.1654179|129.3664277|2026/08/12 1:05
目撃

1匹
クロウサギ
ドライ
瀬戸内町節子
28.16541793827842
129.3664276648081
",OSM_ro37_0_88,4.71193989145106,
2026-08-12 01:07:00+09:00,2026-08-11 21:28:00+09:00,目撃,クロウサギ,1,,ドライ,28.16747145855144,129.3652393543864,"2026/08/12 1:07
目撃

1匹
クロウサギ
ドライ
瀬戸内町網野子
28.16747145855144
129.3652393543864
",2026-08-11,"2026-08-11 16:07:00+00:00|クロウサギ|目撃|28.1674715|129.3652394|2026/08/12 1:07
目撃

1匹
クロウサギ
ドライ
瀬戸内町網野子
28.16747145855144
129.3652393543864
",OSM_ro37_0_49,3.089900876495891,
2026-08-12 01:19:00+09:00,2026-08-11 21:28:00+09:00,目撃,ネズミ,1,,ドライ,28.1636094497317,129.3410094819393,"2026/08/12 1:19
目撃

1匹
ネズミ
ドライ
瀬戸内町伊須
28.1636094497317
129.3410094819393
",2026-08-11,"2026-08-11 16:19:00+00:00|ネズミ|目撃|28.1636094|129.3410095|2026/08/12 1:19
目撃

1匹
ネズミ
ドライ
瀬戸内町伊須
28.1636094497317
129.3410094819393
",OSM_ro170_0_26,5.125478470270727,
2026-08-12 01:36:00+09:00,2026-08-11 21:28:00+09:00,目撃,ヤマシギ,1,,ドライ,28.14533270250856,129.3557218543824,"2026/08/12 1:36
目撃

1匹
ヤマシギ
ドライ
瀬戸内町伊須
28.14533270250856
129.3557218543824",2026-08-11,"2026-08-11 16:36:00+00:00|ヤマシギ|目撃|28.1453327|129.3557219|2026/08/12 1:36
目撃

1匹
ヤマシギ
ドライ
瀬戸内町伊須
28.14533270250856
129.3557218543824",OSM_ro480_0_99,3.7405474679145265,
2026-08-12 20:56:00+09:00,2026-08-11 21:28:00+09:00,目撃,アカマタ,1,,ドライ,28.14104728615464,129.3490254315578,"2026/08/12 20:56
目撃

1匹
アカマタ
ドライ
瀬戸内町県道626号
28.14104728615464
129.3490254315578
",2026-08-11,"2026-08-12 11:56:00+00:00|アカマタ|目撃|28.1410473|129.3490254|2026/08/12 20:56
目撃

1匹
アカマタ
ドライ
瀬戸内町県道626号
28.14104728615464
129.3490254315578
",OSM_ro136_0_255,4.159645775929039,
2026-08-12 20:58:00+09:00,2026-08-11 21:28:00+09:00,目撃,ヤマシギ,1,,ドライ,28.1417634499463,129.3481976172996,"2026/08/12 20:58
目撃

1匹
ヤマシギ
ドライ
瀬戸内町県道626号
28.1417634499463
129.3481976172996
",2026-08-11,"2026-08-12 11:58:00+00:00|ヤマシギ|目撃|28.1417634|129.3481976|2026/08/12 20:58
目撃

1匹
ヤマシギ
ドライ
瀬戸内町県道626号
28.1417634499463
129.3481976172996
",OSM_ro136_0_241,2.176177175456096,
2026-08-12 21:15:00+09:00,2026-08-11 21:28:00+09:00,目撃,アカマタ,1,,ドライ,28.15126516952833,129.35534136753,"2026/08/12 21:15
目撃

1匹
アカマタ
ドライ
瀬戸内町伊須418
28.15126516952833
129.35534136753
",2026-08-11,"2026-08-12 12:15:00+00:00|アカマタ|目撃|28.1512652|129.3553414|2026/08/12 21:15
目撃

1匹
アカマタ
ドライ
瀬戸内町伊須418
28.15126516952833
129.35534136753
",OSM_ro562_0_20,1.9155156068933161,
2026-08-12 21:17:00+09:00,2026-08-11 21:28:00+09:00,目撃,アカマタ,1,,ドライ,28.15425188563852,129.3553339122531,"2026/08/12 21:17
目撃

1匹
アカマタ
ドライ
瀬戸内町伊須
28.15425188563852
129.3553339122531
",2026-08-11,"2026-08-12 12:17:00+00:00|アカマタ|目撃|28.1542519|129.3553339|2026/08/12 21:17
目撃

1匹
アカマタ
ドライ
瀬戸内町伊須
28.15425188563852
129.3553339122531
",OSM_ro221_0_37,2.6706288243769714,
2026-08-12 21:30:00+09:00,2026-08-11 21:28:00+09:00,轢死,ネズミ,1,,ドライ,28.1700185341254,129.3418517041273,"2026/08/12 21:30
轢死

1匹
ネズミ
ドライ
瀬戸内町阿木名2216-5
28.1700185341254
129.3418517041273
",2026-08-11,"2026-08-12 12:30:00+00:00|ネズミ|轢死|28.1700185|129.3418517|2026/08/12 21:30
轢死

1匹
ネズミ
ドライ
瀬戸内町阿木名2216-5
28.1700185341254
129.3418517041273
",OSM_ro39_0_59,2.1936379113424924,
2026-08-12 21:37:00+09:00,2026-08-11 21:28:00+09:00,目撃,クロウサギ,1,,ドライ,28.16750980942735,129.3652296179437,"2026/08/12 21:37
目撃

1匹
クロウサギ
ドライ
瀬戸内町網野子
28.16750980942735
129.3652296179437
",2026-08-11,"2026-08-12 12:37:00+00:00|クロウサギ|目撃|28.1675098|129.3652296|2026/08/12 21:37
目撃

1匹
クロウサギ
ドライ
瀬戸内町網野子
28.16750980942735
129.3652296179437
",OSM_ro37_0_48,0.38039789819011893,
2026-08-12 21:48:00+09:00,2026-08-11 21:28:00+09:00,目撃,ヒャン,1,,ドライ,28.16951832830724,129.3773864473151,"2026/08/12 21:48
目撃

1匹
ヒャン
ドライ
瀬戸内町節子
28.16951832830724
129.3773864473151
",2026-08-11,"2026-08-12 12:48:00+00:00|ヒャン|目撃|28.1695183|129.3773864|2026/08/12 21:48
目撃

1匹
ヒャン
ドライ
瀬戸内町節子
28.16951832830724
129.3773864473151
",OSM_ro961_0_27,0.6640743495677325,
2026-08-12 21:54:00+09:00,2026-08-11 21:28:00+09:00,目撃,カエル,1,,ドライ,28.1690922146904,129.3806035395058,"2026/08/12 21:54
目撃

1匹
カエル
ドライ
瀬戸内町節子
28.1690922146904
129.3806035395058",2026-08-11,"2026-08-12 12:54:00+00:00|カエル|目撃|28.1690922|129.3806035|2026/08/12 21:54
目撃

1匹
カエル
ドライ
瀬戸内町節子
28.1690922146904
129.3806035395058",OSM_ro278_0_27,5.166459920297143,
2026-08-12 22:00:00+09:00,2026-08-11 21:28:00+09:00,目撃,オットンガエル,1,,ドライ,28.16536112733431,129.3833562818324,"2026/08/12 22:00
目撃

1匹
オットンガエル
ドライ
瀬戸内町節子1335
28.16536112733431
129.3833562818324",2026-08-11,"2026-08-12 13:00:00+00:00|オットンガエル|目撃|28.1653611|129.3833563|2026/08/12 22:00
目撃

1匹
オットンガエル
ドライ
瀬戸内町節子1335
28.16536112733431
129.3833562818324",OSM_ro364_0_14,0.6496473219401446,
2026-08-12 22:09:00+09:00,2026-08-11 21:28:00+09:00,目撃,ヤマシギ,1,,ドライ,28.16324487150701,129.3863781504521,"2026/08/12 22:09
目撃

1匹
ヤマシギ
ドライ
瀬戸内町節子
28.16324487150701
129.3863781504521
",2026-08-11,"2026-08-12 13:09:00+00:00|ヤマシギ|目撃|28.1632449|129.3863782|2026/08/12 22:09
目撃

1匹
ヤマシギ
ドライ
瀬戸内町節子
28.16324487150701
129.3863781504521
",OSM_ro440_0_14,3.482554273569843,
2026-08-12 22:14:00+09:00,2026-08-11 21:28:00+09:00,目撃,ネズミ,1,,ドライ,28.16464322734693,129.389680996663,"2026/08/12 22:14
目撃

1匹
ネズミ
ドライ

28.16464322734693
129.389680996663
",2026-08-11,"2026-08-12 13:14:00+00:00|ネズミ|目撃|28.1646432|129.389681|2026/08/12 22:14
目撃

1匹
ネズミ
ドライ

28.16464322734693
129.389680996663
",OSM_ro440_0_59,9.558427967447557,
2026-08-12 22:23:00+09:00,2026-08-11 21:28:00+09:00,目撃,イシカワガエル,1,,ドライ,28.16382123628546,129.3926528767359,"2026/08/12 22:23
目撃

1匹
イシカワガエル
ドライ

28.16382123628546
129.3926528767359
",2026-08-11,"2026-08-12 13:23:00+00:00|イシカワガエル|目撃|28.1638212|129.3926529|2026/08/12 22:23
目撃

1匹
イシカワガエル
ドライ

28.16382123628546
129.3926528767359
",OSM_ro42_0_23,2.630685313786288,
2026-08-12 22:24:00+09:00,2026-08-11 21:28:00+09:00,目撃,その他,1,,ドライ,28.16393996432061,129.3931408589926,"2026/08/12 22:24
目撃

1匹
リュウキュウアオバズク
ドライ

28.16393996432061
129.3931408589926
",2026-08-11,"2026-08-12 13:24:00+00:00|その他|目撃|28.16394|129.3931409|2026/08/12 22:24
目撃

1匹
リュウキュウアオバズク
ドライ

28.16393996432061
129.3931408589926
",OSM_ro42_0_28,6.087936097471571,
2026-08-12 22:25:00+09:00,2026-08-11 21:28:00+09:00,目撃,オットンガエル,1,,ドライ,28.16494296670196,129.3942147230538,"2026/08/12 22:25
目撃

1匹
オットンガエル
ドライ

28.16494296670196
129.3942147230538
",2026-08-11,"2026-08-12 13:25:00+00:00|オットンガエル|目撃|28.164943|129.3942147|2026/08/12 22:25
目撃

1匹
オットンガエル
ドライ

28.16494296670196
129.3942147230538
",OSM_ro42_0_44,7.997671272273915,
2026-08-12 22:28:00+09:00,2026-08-11 21:28:00+09:00,捕獲,ハブ,1,中,ドライ,28.16443546510732,129.3951324019098,"2026/08/12 22:28
捕獲
ハブ捕獲中
とぐろ
道路脇
ドライ
瀬戸内町節子
28.16443546510732
129.3951324019098
",2026-08-11,"2026-08-12 13:28:00+00:00|ハブ|捕獲|28.1644355|129.3951324|2026/08/12 22:28
捕獲
ハブ捕獲中
とぐろ
道路脇
ドライ
瀬戸内町節子
28.16443546510732
129.3951324019098
",OSM_ro42_0_59,4.858607905100522,
2026-08-12 22:29:00+09:00,2026-08-11 21:28:00+09:00,目撃,ヤマシギ,1,,ドライ,28.16416157330094,129.3951651774101,"2026/08/12 22:29
目撃

1匹
ヤマシギ
ドライ
瀬戸内町節子
28.16416157330094
129.3951651774101
",2026-08-11,"2026-08-12 13:29:00+00:00|ヤマシギ|目撃|28.1641616|129.3951652|2026/08/12 22:29
目撃

1匹
ヤマシギ
ドライ
瀬戸内町節子
28.16416157330094
129.3951651774101
",OSM_ro42_0_61,10.935145962949287,
2026-08-12 22:39:00+09:00,2026-08-11 21:28:00+09:00,目撃,カエル,1,,ドライ,28.16967466179918,129.3961329389467,"2026/08/12 22:39
目撃

1匹
カエル
ドライ

28.16967466179918
129.3961329389467
",2026-08-11,"2026-08-12 13:39:00+00:00|カエル|目撃|28.1696747|129.3961329|2026/08/12 22:39
目撃

1匹
カエル
ドライ

28.16967466179918
129.3961329389467
",OSM_ro313_0_27,2.229352527148533,
2026-08-12 22:42:00+09:00,2026-08-11 21:28:00+09:00,目撃,ヤマシギ,1,,ドライ,28.17209878574632,129.3961082896528,"2026/08/12 22:42
目撃

1匹
ヤマシギ
ドライ

28.17209878574632
129.3961082896528
",2026-08-11,"2026-08-12 13:42:00+00:00|ヤマシギ|目撃|28.1720988|129.3961083|2026/08/12 22:42
目撃

1匹
ヤマシギ
ドライ

28.17209878574632
129.3961082896528
",OSM_ro142_0_18,5.154506233439526,
2026-08-12 22:49:00+09:00,2026-08-11 21:28:00+09:00,目撃,ヤマシギ,1,,ウエット,28.17217123118017,129.3989814332195,"2026/08/12 22:49
目撃

1匹
ヤマシギ
ウエット

28.17217123118017
129.3989814332195
",2026-08-11,"2026-08-12 13:49:00+00:00|ヤマシギ|目撃|28.1721712|129.3989814|2026/08/12 22:49
目撃

1匹
ヤマシギ
ウエット

28.17217123118017
129.3989814332195
",OSM_ro249_0_70,8.370681573629755,
2026-08-12 22:52:00+09:00,2026-08-11 21:28:00+09:00,目撃,オットンガエル,1,,ウエット,28.17303509423185,129.3988955683794,"2026/08/12 22:52
目撃

1匹
オットンガエル
ヤマシギ
ウエット
瀬戸内町節子
28.17303509423185
129.3988955683794
",2026-08-11,"2026-08-12 13:52:00+00:00|オットンガエル|目撃|28.1730351|129.3988956|2026/08/12 22:52
目撃

1匹
オットンガエル
ヤマシギ
ウエット
瀬戸内町節子
28.17303509423185
129.3988955683794
",OSM_ro249_0_35,12.444429446768432,
2026-08-12 22:54:00+09:00,2026-08-11 21:28:00+09:00,目撃,オットンガエル,1,,ウエット,28.17435592449038,129.3990209874035,"2026/08/12 22:54
目撃

1匹
オットンガエル
ヤマシギ
ウエット
瀬戸内町節子
28.17435592449038
129.3990209874035
",2026-08-11,"2026-08-12 13:54:00+00:00|オットンガエル|目撃|28.1743559|129.399021|2026/08/12 22:54
目撃

1匹
オットンガエル
ヤマシギ
ウエット
瀬戸内町節子
28.17435592449038
129.3990209874035
",OSM_ro249_0_17,1.7198283259304654,
2026-08-12 22:59:00+09:00,2026-08-11 21:28:00+09:00,目撃,オットンガエル,1,,ウエット,28.17437156651517,129.3978584595017,"2026/08/12 22:59
目撃

1匹
オットンガエル
クロウサギ
ウエット

28.17437156651517
129.3978584595017",2026-08-11,"2026-08-12 13:59:00+00:00|オットンガエル|目撃|28.1743716|129.3978585|2026/08/12 22:59
目撃

1匹
オットンガエル
クロウサギ
ウエット

28.17437156651517
129.3978584595017",OSM_ro289_0_98,15.713385842199227,
2026-08-12 23:02:00+09:00,2026-08-11 21:28:00+09:00,目撃,オットンガエル,1,,ウエット,28.17405342613848,129.3964586098399,"2026/08/12 23:02
目撃

1匹
オットンガエル
ウエット
瀬戸内町節子
28.17405342613848
129.3964586098399
",2026-08-11,"2026-08-12 14:02:00+00:00|オットンガエル|目撃|28.1740534|129.3964586|2026/08/12 23:02
目撃

1匹
オットンガエル
ウエット
瀬戸内町節子
28.17405342613848
129.3964586098399
",OSM_ro289_0_83,4.901171655053431,
2026-08-12 23:03:00+09:00,2026-08-11 21:28:00+09:00,目撃,オットンガエル,1,,ウエット,28.17350095089035,129.3954359647757,"2026/08/12 23:03
目撃

1匹
オットンガエル
ウエット
瀬戸内町節子
28.17350095089035
129.3954359647757
",2026-08-11,"2026-08-12 14:03:00+00:00|オットンガエル|目撃|28.173501|129.395436|2026/08/12 23:03
目撃

1匹
オットンガエル
ウエット
瀬戸内町節子
28.17350095089035
129.3954359647757
",OSM_ro289_0_71,1.3534502619851834,
2026-08-12 23:04:00+09:00,2026-08-11 21:28:00+09:00,目撃,オットンガエル,1,,ウエット,28.17361993360252,129.3945503397368,"2026/08/12 23:04
目撃

1匹
オットンガエル
ウエット
瀬戸内町節子
28.17361993360252
129.3945503397368
",2026-08-11,"2026-08-12 14:04:00+00:00|オットンガエル|目撃|28.1736199|129.3945503|2026/08/12 23:04
目撃

1匹
オットンガエル
ウエット
瀬戸内町節子
28.17361993360252
129.3945503397368
",OSM_ro289_0_62,6.571072451977493,
2026-08-12 23:06:00+09:00,2026-08-11 21:28:00+09:00,目撃,ヤマシギ,2,,ウエット,28.17429823999417,129.3952653413288,"2026/08/12 23:06
目撃

2匹
ヤマシギ
ウエット
瀬戸内町節子
28.17429823999417
129.3952653413288
",2026-08-11,"2026-08-12 14:06:00+00:00|ヤマシギ|目撃|28.1742982|129.3952653|2026/08/12 23:06
目撃

2匹
ヤマシギ
ウエット
瀬戸内町節子
28.17429823999417
129.3952653413288
",OSM_ro289_0_41,2.980040156929514,
2026-08-12 23:08:00+09:00,2026-08-11 21:28:00+09:00,目撃,ヤマシギ,2,,ウエット,28.17596719190652,129.3967250848258,"2026/08/12 23:08
目撃

2匹
ヤマシギ
ウエット
瀬戸内町節子
28.17596719190652
129.3967250848258
",2026-08-11,"2026-08-12 14:08:00+00:00|ヤマシギ|目撃|28.1759672|129.3967251|2026/08/12 23:08
目撃

2匹
ヤマシギ
ウエット
瀬戸内町節子
28.17596719190652
129.3967250848258
",OSM_ro289_0_15,4.796310044722087,
2026-08-12 23:12:00+09:00,2026-08-11 21:28:00+09:00,捕獲,ハブ,1,小,ウエット,28.17642769034414,129.3955752641599,"2026/08/12 23:12
捕獲
ハブ捕獲小
伸び
道路脇
ウエット

28.17642769034414
129.3955752641599
",2026-08-11,"2026-08-12 14:12:00+00:00|ハブ|捕獲|28.1764277|129.3955753|2026/08/12 23:12
捕獲
ハブ捕獲小
伸び
道路脇
ウエット

28.17642769034414
129.3955752641599
",OSM_ro289_0_1,9.47538460520809,
2026-08-12 23:14:00+09:00,2026-08-11 21:28:00+09:00,目撃,ヤマシギ,2,,ウエット,28.17719776098797,129.3944516528948,"2026/08/12 23:14
目撃

2匹
ヤマシギ
ウエット
瀬戸内町節子
28.17719776098797
129.3944516528948
",2026-08-11,"2026-08-12 14:14:00+00:00|ヤマシギ|目撃|28.1771978|129.3944517|2026/08/12 23:14
目撃

2匹
ヤマシギ
ウエット
瀬戸内町節子
28.17719776098797
129.3944516528948
",OSM_ro104_0_87,11.008165861554643,
2026-08-12 23:15:00+09:00,2026-08-11 21:28:00+09:00,目撃,オットンガエル,1,,ウエット,28.17687730720257,129.3938466933585,"2026/08/12 23:15
目撃

1匹
オットンガエル
ウエット
瀬戸内町節子
28.17687730720257
129.3938466933585
",2026-08-11,"2026-08-12 14:15:00+00:00|オットンガエル|目撃|28.1768773|129.3938467|2026/08/12 23:15
目撃

1匹
オットンガエル
ウエット
瀬戸内町節子
28.17687730720257
129.3938466933585
",OSM_ro104_0_80,1.7093377235927378,
2026-08-12 23:15:00+09:00,2026-08-11 21:28:00+09:00,目撃,オットンガエル,1,,ウエット,28.17723121410046,129.3936928179972,"2026/08/12 23:15
目撃

1匹
オットンガエル
ウエット

28.17723121410046
129.3936928179972
",2026-08-11,"2026-08-12 14:15:00+00:00|オットンガエル|目撃|28.1772312|129.3936928|2026/08/12 23:15
目撃

1匹
オットンガエル
ウエット

28.17723121410046
129.3936928179972
",OSM_ro104_0_76,9.185996794115649,
2026-08-12 23:20:00+09:00,2026-08-11 21:28:00+09:00,目撃,アマミハナサキガエル,1,,ウエット,28.17938411364195,129.3941033873546,"2026/08/12 23:20
目撃

1匹
アマミハナサキガエル
ウエット
瀬戸内町節子
28.17938411364195
129.3941033873546
",2026-08-11,"2026-08-12 14:20:00+00:00|アマミハナサキガエル|目撃|28.1793841|129.3941034|2026/08/12 23:20
目撃

1匹
アマミハナサキガエル
ウエット
瀬戸内町節子
28.17938411364195
129.3941033873546
",OSM_ro104_0_26,1.0394724708781424,
2026-08-12 23:22:00+09:00,2026-08-11 21:28:00+09:00,目撃,オットンガエル,1,,ウエット,28.18136511958597,129.3949729793459,"2026/08/12 23:22
目撃

1匹
オットンガエル
ウエット
瀬戸内町嘉徳
28.18136511958597
129.3949729793459
",2026-08-11,"2026-08-12 14:22:00+00:00|オットンガエル|目撃|28.1813651|129.394973|2026/08/12 23:22
目撃

1匹
オットンガエル
ウエット
瀬戸内町嘉徳
28.18136511958597
129.3949729793459
",OSM_ro280_0_82,2.609046029054331,
2026-08-12 23:27:00+09:00,2026-08-11 21:28:00+09:00,目撃,オットンガエル,1,,ウエット,28.18389761329237,129.396883932729,"2026/08/12 23:27
目撃

1匹
オットンガエル
ウエット

28.18389761329237
129.396883932729
",2026-08-11,"2026-08-12 14:27:00+00:00|オットンガエル|目撃|28.1838976|129.3968839|2026/08/12 23:27
目撃

1匹
オットンガエル
ウエット

28.18389761329237
129.396883932729
",OSM_ro280_0_40,16.888464088610597,
2026-08-12 23:28:00+09:00,2026-08-11 21:28:00+09:00,目撃,カエル,2,,ウエット,28.18431538998932,129.3974265880849,"2026/08/12 23:28
目撃

2匹
カエル
ウエット

28.18431538998932
129.3974265880849
",2026-08-11,"2026-08-12 14:28:00+00:00|カエル|目撃|28.1843154|129.3974266|2026/08/12 23:28
目撃

2匹
カエル
ウエット

28.18431538998932
129.3974265880849
",OSM_ro280_0_23,4.8931099111548875,
2026-08-12 23:29:00+09:00,2026-08-11 21:28:00+09:00,目撃,オットンガエル,1,,ウエット,28.18552033729515,129.3971638001049,"2026/08/12 23:29
目撃

1匹
オットンガエル
ウエット
瀬戸内町嘉徳
28.18552033729515
129.3971638001049
",2026-08-11,"2026-08-12 14:29:00+00:00|オットンガエル|目撃|28.1855203|129.3971638|2026/08/12 23:29
目撃

1匹
オットンガエル
ウエット
瀬戸内町嘉徳
28.18552033729515
129.3971638001049
",OSM_ro280_0_9,3.862739452955164,
2026-08-12 23:34:00+09:00,2026-08-11 21:28:00+09:00,目撃,オットンガエル,1,,ウエット,28.18715473116205,129.3986673309716,"2026/08/12 23:34
目撃

1匹
オットンガエル
ウエット
瀬戸内町嘉徳
28.18715473116205
129.3986673309716
",2026-08-11,"2026-08-12 14:34:00+00:00|オットンガエル|目撃|28.1871547|129.3986673|2026/08/12 23:34
目撃

1匹
オットンガエル
ウエット
瀬戸内町嘉徳
28.18715473116205
129.3986673309716
",OSM_ro191_0_65,1.4152150586084726,
2026-08-12 23:41:00+09:00,2026-08-11 21:28:00+09:00,目撃,オットンガエル,1,,ウエット,28.18858315604646,129.395992959784,"2026/08/12 23:41
目撃

1匹
オットンガエル
ウエット
瀬戸内町嘉徳
28.18858315604646
129.395992959784
",2026-08-11,"2026-08-12 14:41:00+00:00|オットンガエル|目撃|28.1885832|129.395993|2026/08/12 23:41
目撃

1匹
オットンガエル
ウエット
瀬戸内町嘉徳
28.18858315604646
129.395992959784
",OSM_ro448_0_83,7.646238733860299,
2026-08-12 23:45:00+09:00,2026-08-11 21:28:00+09:00,目撃,クロウサギ,1,,ウエット,28.1923479255122,129.3971552615039,"2026/08/12 23:45
目撃

1匹
クロウサギ
ウエット
瀬戸内町嘉徳
28.1923479255122
129.3971552615039
",2026-08-11,"2026-08-12 14:45:00+00:00|クロウサギ|目撃|28.1923479|129.3971553|2026/08/12 23:45
目撃

1匹
クロウサギ
ウエット
瀬戸内町嘉徳
28.1923479255122
129.3971552615039
",OSM_ro448_0_28,5.138658523628771,
2026-08-12 23:47:00+09:00,2026-08-11 21:28:00+09:00,目撃,ネズミ,1,,ウエット,28.19407185673407,129.3970346830455,"2026/08/12 23:47
目撃

1匹
ネズミ
ウエット
瀬戸内町嘉徳
28.19407185673407
129.3970346830455
",2026-08-11,"2026-08-12 14:47:00+00:00|ネズミ|目撃|28.1940719|129.3970347|2026/08/12 23:47
目撃

1匹
ネズミ
ウエット
瀬戸内町嘉徳
28.19407185673407
129.3970346830455
",OSM_ro448_0_7,3.827855664870505,
2026-08-12 23:53:00+09:00,2026-08-11 21:28:00+09:00,目撃,カエル,4,,ウエット,28.19523515655288,129.4035847502454,"2026/08/12 23:53
目撃

4匹
カエル
ウエット
瀬戸内町嘉徳
28.19523515655288
129.4035847502454
",2026-08-11,"2026-08-12 14:53:00+00:00|カエル|目撃|28.1952352|129.4035848|2026/08/12 23:53
目撃

4匹
カエル
ウエット
瀬戸内町嘉徳
28.19523515655288
129.4035847502454
",OSM_ro484_0_41,10.089317919189662,
2026-08-12 23:54:00+09:00,2026-08-11 21:28:00+09:00,目撃,クロウサギ,2,,ウエット,28.19631187811898,129.4056194475509,"2026/08/12 23:54
目撃

2匹
クロウサギ
ウエット
瀬戸内町嘉徳
28.19631187811898
129.4056194475509
",2026-08-11,"2026-08-12 14:54:00+00:00|クロウサギ|目撃|28.1963119|129.4056194|2026/08/12 23:54
目撃

2匹
クロウサギ
ウエット
瀬戸内町嘉徳
28.19631187811898
129.4056194475509
",OSM_ro484_0_68,1.3313983296789602,
2026-08-13 00:07:00+09:00,2026-08-11 21:28:00+09:00,目撃,ネズミ,1,,ウエット,28.19690072634963,129.3922960860968,"2026/08/13 0:07
目撃

1匹
ネズミ
クロウサギ
ウエット

28.19690072634963
129.3922960860968
",2026-08-11,"2026-08-12 15:07:00+00:00|ネズミ|目撃|28.1969007|129.3922961|2026/08/13 0:07
目撃

1匹
ネズミ
クロウサギ
ウエット

28.19690072634963
129.3922960860968
",OSM_ro137_0_59,0.8979141338270006,
2026-08-13 00:08:00+09:00,2026-08-11 21:28:00+09:00,目撃,ネズミ,1,,ウエット,28.19723926485378,129.3920415732066,"2026/08/13 0:08
目撃

1匹
ネズミ
ウエット

28.19723926485378
129.3920415732066",2026-08-11,"2026-08-12 15:08:00+00:00|ネズミ|目撃|28.1972393|129.3920416|2026/08/13 0:08
目撃

1匹
ネズミ
ウエット

28.19723926485378
129.3920415732066",OSM_ro137_0_63,5.197960217277436,
2026-08-13 00:23:00+09:00,2026-08-11 21:28:00+09:00,轢死,リュウキュウアオヘビ,1,,ドライ,28.18234234486089,129.3743930654883,"2026/08/13 0:23
轢死

1匹
リュウキュウアオヘビ
ドライ
瀬戸内町国道58号
28.18234234486089
129.3743930654883
",2026-08-11,"2026-08-12 15:23:00+00:00|リュウキュウアオヘビ|轢死|28.1823423|129.3743931|2026/08/13 0:23
轢死

1匹
リュウキュウアオヘビ
ドライ
瀬戸内町国道58号
28.18234234486089
129.3743930654883
",OSM_ro456_0_14,1.4802969838780395,
2026-08-13 00:25:00+09:00,2026-08-11 21:28:00+09:00,目撃,オットンガエル,1,,ドライ,28.18374069518578,129.3701354188243,"2026/08/13 0:25
目撃

1匹
オットンガエル
ドライ
瀬戸内町網野子
28.18374069518578
129.3701354188243
",2026-08-11,"2026-08-12 15:25:00+00:00|オットンガエル|目撃|28.1837407|129.3701354|2026/08/13 0:25
目撃

1匹
オットンガエル
ドライ
瀬戸内町網野子
28.18374069518578
129.3701354188243
",OSM_ro129_0_39,0.7420318872411091,
2026-08-13 00:29:00+09:00,2026-08-11 21:28:00+09:00,目撃,ヒメハブ,1,,ドライ,28.17849297318835,129.3658515664966,"2026/08/13 0:29
目撃

1匹
ヒメハブ
ドライ
瀬戸内町網野子729
28.17849297318835
129.3658515664966
",2026-08-11,"2026-08-12 15:29:00+00:00|ヒメハブ|目撃|28.178493|129.3658516|2026/08/13 0:29
目撃

1匹
ヒメハブ
ドライ
瀬戸内町網野子729
28.17849297318835
129.3658515664966
",OSM_ro129_0_157,3.8038302637296777,
2026-08-13 00:30:00+09:00,2026-08-11 21:28:00+09:00,目撃,カエル,5,,ソークド(水跳ね),28.17592422453118,129.363374979474,"2026/08/13 0:30
目撃

5匹以上
カエル
ソークド(水跳ね)
瀬戸内町網野子
28.17592422453118
129.363374979474",2026-08-11,"2026-08-12 15:30:00+00:00|カエル|目撃|28.1759242|129.363375|2026/08/13 0:30
目撃

5匹以上
カエル
ソークド(水跳ね)
瀬戸内町網野子
28.17592422453118
129.363374979474",OSM_ro129_0_199,2.7760452780352565,
2026-08-13 01:42:00+09:00,2026-08-11 21:28:00+09:00,捕獲,ハブ,1,小,ウエット,28.17024567113178,129.3000524386923,"2026/08/13 1:42
捕獲
ハブ捕獲小
とぐろ
木の上
ウエット
瀬戸内町久根津469
28.17024567113178
129.3000524386923
",2026-08-11,"2026-08-12 16:42:00+00:00|ハブ|捕獲|28.1702457|129.3000524|2026/08/13 1:42
捕獲
ハブ捕獲小
とぐろ
木の上
ウエット
瀬戸内町久根津469
28.17024567113178
129.3000524386923
",OSM_ro301_0_0,33.09369640151626,
2026-08-13 01:44:00+09:00,2026-08-11 21:28:00+09:00,目撃,その他,1,,ウエット,28.1711252286563,129.2990031797543,"2026/08/13 1:44
目撃

1匹
リュウキュウアオバズク
ウエット
瀬戸内町久根津243-1
28.1711252286563
129.2990031797543
",2026-08-11,"2026-08-12 16:44:00+00:00|その他|目撃|28.1711252|129.2990032|2026/08/13 1:44
目撃

1匹
リュウキュウアオバズク
ウエット
瀬戸内町久根津243-1
28.1711252286563
129.2990031797543
",OSM_ro130_0_11,1.3643544318505967,
2026-08-13 01:44:00+09:00,2026-08-11 21:28:00+09:00,目撃,カエル,5,,ソークド(水跳ね),28.17128351740307,129.298795179344,"2026/08/13 1:44
目撃

5匹以上
カエル
ソークド(水跳ね)
瀬戸内町久根津
28.17128351740307
129.298795179344",2026-08-11,"2026-08-12 16:44:00+00:00|カエル|目撃|28.1712835|129.2987952|2026/08/13 1:44
目撃

5匹以上
カエル
ソークド(水跳ね)
瀬戸内町久根津
28.17128351740307
129.298795179344",OSM_ro130_0_13,0.12487216944007115,
2026-08-13 02:01:00+09:00,2026-08-11 21:28:00+09:00,捕獲,ハブ,1,中,ドライ,28.19472165899677,129.2832366336449,"2026/08/13 2:01
捕獲
ハブ捕獲中
移動中
道路中央
ドライ
瀬戸内町小名瀬
28.19472165899677
129.2832366336449
",2026-08-11,"2026-08-12 17:01:00+00:00|ハブ|捕獲|28.1947217|129.2832366|2026/08/13 2:01
捕獲
ハブ捕獲中
移動中
道路中央
ドライ
瀬戸内町小名瀬
28.19472165899677
129.2832366336449
",OSM_ro916_0_94,2.5059382731937707,
2026-08-13 02:15:00+09:00,2026-08-11 21:28:00+09:00,目撃,オットンガエル,1,,ウエット,28.20821902178645,129.2874640495998,"2026/08/13 2:15
目撃

1匹
オットンガエル
ウエット

28.20821902178645
129.2874640495998
",2026-08-11,"2026-08-12 17:15:00+00:00|オットンガエル|目撃|28.208219|129.287464|2026/08/13 2:15
目撃

1匹
オットンガエル
ウエット

28.20821902178645
129.2874640495998
",OSM_ro86_0_211,0.4537416882105416,
2026-08-13 02:44:00+09:00,2026-08-11 21:28:00+09:00,目撃,カエル,1,,ウエット,28.21396912416358,129.2887426952307,"2026/08/13 2:44
目撃

1匹
カエル
ウエット

28.21396912416358
129.2887426952307
",2026-08-11,"2026-08-12 17:44:00+00:00|カエル|目撃|28.2139691|129.2887427|2026/08/13 2:44
目撃

1匹
カエル
ウエット

28.21396912416358
129.2887426952307
",OSM_ro412_0_32,0.19644504133681984,
2026-08-13 02:49:00+09:00,2026-08-11 21:28:00+09:00,目撃,アカマタ,1,,ソークド(水跳ね),28.210460418175,129.2899337097867,"2026/08/13 2:49
目撃

1匹
アカマタ
ソークド(水跳ね)
瀬戸内町県道79号
28.210460418175
129.2899337097867
",2026-08-11,"2026-08-12 17:49:00+00:00|アカマタ|目撃|28.2104604|129.2899337|2026/08/13 2:49
目撃

1匹
アカマタ
ソークド(水跳ね)
瀬戸内町県道79号
28.210460418175
129.2899337097867
",OSM_ro86_0_172,0.8116013318354809,
2026-08-13 02:50:00+09:00,2026-08-11 21:28:00+09:00,目撃,ガラスヒヴァ,1,,ウエット,28.21013904032032,129.2889062953345,"2026/08/13 2:50
目撃

1匹
ガラスヒヴァ
ウエット
瀬戸内町県道79号
28.21013904032032
129.2889062953345
",2026-08-11,"2026-08-12 17:50:00+00:00|ガラスヒヴァ|目撃|28.210139|129.2889063|2026/08/13 2:50
目撃

1匹
ガラスヒヴァ
ウエット
瀬戸内町県道79号
28.21013904032032
129.2889062953345
",OSM_ro86_0_183,0.781651923281727,
2026-08-13 02:57:00+09:00,2026-08-11 21:28:00+09:00,目撃,クロウサギ,2,,ドライ,28.19476842902576,129.2832890789402,"2026/08/13 2:57
目撃

2匹
クロウサギ
ドライ
瀬戸内町県道79号
28.19476842902576
129.2832890789402
",2026-08-11,"2026-08-12 17:57:00+00:00|クロウサギ|目撃|28.1947684|129.2832891|2026/08/13 2:57
目撃

2匹
クロウサギ
ドライ
瀬戸内町県道79号
28.19476842902576
129.2832890789402
",OSM_ro916_0_93,4.398845604777048,
2026-08-13 02:58:00+09:00,2026-08-11 21:28:00+09:00,目撃,カエル,1,,ドライ,28.19132055263475,129.286699541992,"2026/08/13 2:58
目撃

1匹
カエル
ドライ

28.19132055263475
129.286699541992
",2026-08-11,"2026-08-12 17:58:00+00:00|カエル|目撃|28.1913206|129.2866995|2026/08/13 2:58
目撃

1匹
カエル
ドライ

28.19132055263475
129.286699541992
",OSM_ro916_0_149,4.064476003275258,
2026-08-13 03:25:00+09:00,2026-08-11 21:28:00+09:00,目撃,ヤマシギ,1,,ドライ,28.16466153888139,129.2911763805027,"2026/08/13 3:25
目撃

1匹
ヤマシギ
ドライ
瀬戸内町県道79号
28.16466153888139
129.2911763805027",2026-08-11,"2026-08-12 18:25:00+00:00|ヤマシギ|目撃|28.1646615|129.2911764|2026/08/13 3:25
目撃

1匹
ヤマシギ
ドライ
瀬戸内町県道79号
28.16466153888139
129.2911763805027",OSM_ro566_0_77,1.1392990120559119,
2026-08-13 20:25:00+09:00,2026-08-11 21:28:00+09:00,目撃,カエル,1,,ドライ,28.13143235220608,129.3331463316435,"2026/08/13 20:25
目撃

1匹
カエル
ドライ
瀬戸内町県道626号
28.13143235220608
129.3331463316435
",2026-08-11,"2026-08-13 11:25:00+00:00|カエル|目撃|28.1314324|129.3331463|2026/08/13 20:25
目撃

1匹
カエル
ドライ
瀬戸内町県道626号
28.13143235220608
129.3331463316435
",OSM_ro119_0_330,3.2310221060755744,
2026-08-13 20:41:00+09:00,2026-08-11 21:28:00+09:00,目撃,ヤマシギ,1,,ドライ,28.14173284094942,129.3482385155235,"2026/08/13 20:41
目撃

1匹
ヤマシギ
ドライ
瀬戸内町県道626号
28.14173284094942
129.3482385155235
",2026-08-11,"2026-08-13 11:41:00+00:00|ヤマシギ|目撃|28.1417328|129.3482385|2026/08/13 20:41
目撃

1匹
ヤマシギ
ドライ
瀬戸内町県道626号
28.14173284094942
129.3482385155235
",OSM_ro136_0_241,4.798869506975426,
2026-08-13 20:47:00+09:00,2026-08-11 21:28:00+09:00,目撃,ヤマシギ,1,,ドライ,28.14741866648672,129.3573374636368,"2026/08/13 20:47
目撃

1匹
ヤマシギ
ドライ
瀬戸内町伊須
28.14741866648672
129.3573374636368
",2026-08-11,"2026-08-13 11:47:00+00:00|ヤマシギ|目撃|28.1474187|129.3573375|2026/08/13 20:47
目撃

1匹
ヤマシギ
ドライ
瀬戸内町伊須
28.14741866648672
129.3573374636368
",OSM_ro480_0_64,5.303665748665985,
2026-08-13 20:56:00+09:00,2026-08-11 21:28:00+09:00,目撃,その他,1,,ドライ,28.15693711502334,129.3513410256287,"2026/08/13 20:56
目撃

1匹
アカショウビン
ドライ
瀬戸内町伊須
28.15693711502334
129.3513410256287
",2026-08-11,"2026-08-13 11:56:00+00:00|その他|目撃|28.1569371|129.351341|2026/08/13 20:56
目撃

1匹
アカショウビン
ドライ
瀬戸内町伊須
28.15693711502334
129.3513410256287
",OSM_ro221_0_97,3.5697821182773772,
2026-08-13 20:58:00+09:00,2026-08-11 21:28:00+09:00,轢死,ハブ,1,,ドライ,28.15745678712505,129.3488307158192,"2026/08/13 20:58
轢死

1匹
ハブ
ドライ

28.15745678712505
129.3488307158192
",2026-08-11,"2026-08-13 11:58:00+00:00|ハブ|轢死|28.1574568|129.3488307|2026/08/13 20:58
轢死

1匹
ハブ
ドライ

28.15745678712505
129.3488307158192
",OSM_ro306_0_18,1.150399024804754,
2026-08-13 21:01:00+09:00,2026-08-11 21:28:00+09:00,目撃,ネズミ,1,,ドライ,28.16200528802246,129.3430808663806,"2026/08/13 21:01
目撃

1匹
ネズミ
ドライ
瀬戸内町伊須
28.16200528802246
129.3430808663806
",2026-08-11,"2026-08-13 12:01:00+00:00|ネズミ|目撃|28.1620053|129.3430809|2026/08/13 21:01
目撃

1匹
ネズミ
ドライ
瀬戸内町伊須
28.16200528802246
129.3430808663806
",OSM_ro306_0_102,4.676529289179474,
2026-08-13 21:04:00+09:00,2026-08-11 21:28:00+09:00,捕獲,ハブ,1,中,ドライ,28.16596370234442,129.3383174166765,"2026/08/13 21:04
捕獲
ハブ捕獲中
移動中
道路中央
ドライ
瀬戸内町阿木名
28.16596370234442
129.3383174166765",2026-08-11,"2026-08-13 12:04:00+00:00|ハブ|捕獲|28.1659637|129.3383174|2026/08/13 21:04
捕獲
ハブ捕獲中
移動中
道路中央
ドライ
瀬戸内町阿木名
28.16596370234442
129.3383174166765",OSM_ro103_0_11,9.054049152638049,
2026-08-13 21:17:00+09:00,2026-08-11 21:28:00+09:00,目撃,カエル,1,,ウエット,28.17530398422703,129.3633234485566,"2026/08/13 21:17
目撃

1匹
カエル
ウエット
瀬戸内町網野子
28.17530398422703
129.3633234485566
",2026-08-11,"2026-08-13 12:17:00+00:00|カエル|目撃|28.175304|129.3633234|2026/08/13 21:17
目撃

1匹
カエル
ウエット
瀬戸内町網野子
28.17530398422703
129.3633234485566
",OSM_ro129_0_207,0.3813836091771699,
2026-08-13 21:18:00+09:00,2026-08-11 21:28:00+09:00,目撃,カエル,5,,ソークド(水跳ね),28.17600328065876,129.3633757319851,"2026/08/13 21:18
目撃

5匹以上
カエル
ソークド(水跳ね)
瀬戸内町網野子
28.17600328065876
129.3633757319851
",2026-08-11,"2026-08-13 12:18:00+00:00|カエル|目撃|28.1760033|129.3633757|2026/08/13 21:18
目撃

5匹以上
カエル
ソークド(水跳ね)
瀬戸内町網野子
28.17600328065876
129.3633757319851
",OSM_ro129_0_199,1.881708360154567,
2026-08-13 21:18:00+09:00,2026-08-11 21:28:00+09:00,目撃,クロウサギ,1,,ドライ,28.17738682083941,129.3640063659429,"2026/08/13 21:18
目撃

1匹
クロウサギ
ドライ
瀬戸内町網野子
28.17738682083941
129.3640063659429
",2026-08-11,"2026-08-13 12:18:00+00:00|クロウサギ|目撃|28.1773868|129.3640064|2026/08/13 21:18
目撃

1匹
クロウサギ
ドライ
瀬戸内町網野子
28.17738682083941
129.3640063659429
",OSM_ro129_0_181,0.7771197230385885,
2026-08-13 21:25:00+09:00,2026-08-11 21:28:00+09:00,目撃,オットンガエル,1,,ドライ,28.18241617551111,129.3743404568747,"2026/08/13 21:25
目撃

1匹
オットンガエル
ドライ
瀬戸内町国道58号
28.18241617551111
129.3743404568747",2026-08-11,"2026-08-13 12:25:00+00:00|オットンガエル|目撃|28.1824162|129.3743405|2026/08/13 21:25
目撃

1匹
オットンガエル
ドライ
瀬戸内町国道58号
28.18241617551111
129.3743404568747",OSM_ro456_0_13,5.081695176630741,
2026-08-13 21:33:00+09:00,2026-08-11 21:28:00+09:00,目撃,クロウサギ,1,,ドライ,28.18836528699152,129.3847428082677,"2026/08/13 21:33
目撃

1匹
クロウサギ
ドライ
瀬戸内町嘉徳
28.18836528699152
129.3847428082677
",2026-08-11,"2026-08-13 12:33:00+00:00|クロウサギ|目撃|28.1883653|129.3847428|2026/08/13 21:33
目撃

1匹
クロウサギ
ドライ
瀬戸内町嘉徳
28.18836528699152
129.3847428082677
",OSM_ro246_0_40,18.4997164503409,
2026-08-13 21:41:00+09:00,2026-08-11 21:28:00+09:00,目撃,その他,1,,ドライ,28.19755839360967,129.3921957782854,"2026/08/13 21:41
目撃

1匹
リュウキュウアオバズク
ドライ

28.19755839360967
129.3921957782854
",2026-08-11,"2026-08-13 12:41:00+00:00|その他|目撃|28.1975584|129.3921958|2026/08/13 21:41
目撃

1匹
リュウキュウアオバズク
ドライ

28.19755839360967
129.3921957782854
",OSM_ro137_0_67,1.4217093468368949,
2026-08-13 21:41:00+09:00,2026-08-11 21:28:00+09:00,目撃,カエル,1,,ドライ,28.19699228414418,129.3921624774766,"2026/08/13 21:41
目撃

1匹
カエル
ドライ

28.19699228414418
129.3921624774766
",2026-08-11,"2026-08-13 12:41:00+00:00|カエル|目撃|28.1969923|129.3921625|2026/08/13 21:41
目撃

1匹
カエル
ドライ

28.19699228414418
129.3921624774766
",OSM_ro137_0_60,0.3667539406701663,
2026-08-13 21:45:00+09:00,2026-08-11 21:28:00+09:00,目撃,その他,1,,ドライ,28.1949532849433,129.396891083293,"2026/08/13 21:45
目撃

1匹
アカショウビン
ドライ
瀬戸内町嘉徳
28.1949532849433
129.396891083293
",2026-08-11,"2026-08-13 12:45:00+00:00|その他|目撃|28.1949533|129.3968911|2026/08/13 21:45
目撃

1匹
アカショウビン
ドライ
瀬戸内町嘉徳
28.1949532849433
129.396891083293
",OSM_ro137_0_3,10.90390075543242,
2026-08-13 22:00:00+09:00,2026-08-11 21:28:00+09:00,目撃,カエル,5,,ソークド(水跳ね),28.18939549748534,129.3965871509346,"2026/08/13 22:00
目撃

5匹以上
カエル
ソークド(水跳ね)
瀬戸内町嘉徳
28.18939549748534
129.3965871509346
",2026-08-11,"2026-08-13 13:00:00+00:00|カエル|目撃|28.1893955|129.3965872|2026/08/13 22:00
目撃

5匹以上
カエル
ソークド(水跳ね)
瀬戸内町嘉徳
28.18939549748534
129.3965871509346
",OSM_ro448_0_72,3.757287826979263,
2026-08-13 22:00:00+09:00,2026-08-11 21:28:00+09:00,目撃,ネズミ,1,,ドライ,28.18903960219344,129.3964360355726,"2026/08/13 22:00
目撃

1匹
ネズミ
ドライ
瀬戸内町嘉徳
28.18903960219344
129.3964360355726
",2026-08-11,"2026-08-13 13:00:00+00:00|ネズミ|目撃|28.1890396|129.396436|2026/08/13 22:00
目撃

1匹
ネズミ
ドライ
瀬戸内町嘉徳
28.18903960219344
129.3964360355726
",OSM_ro448_0_76,1.3560033583273767,
2026-08-13 22:01:00+09:00,2026-08-11 21:28:00+09:00,目撃,カエル,5,,ソークド(水跳ね),28.18832124679851,129.3959813696686,"2026/08/13 22:01
目撃

5匹以上
カエル
ソークド(水跳ね)
瀬戸内町嘉徳
28.18832124679851
129.3959813696686
",2026-08-11,"2026-08-13 13:01:00+00:00|カエル|目撃|28.1883212|129.3959814|2026/08/13 22:01
目撃

5匹以上
カエル
ソークド(水跳ね)
瀬戸内町嘉徳
28.18832124679851
129.3959813696686
",OSM_ro448_0_85,4.3841019664110386,
2026-08-13 22:02:00+09:00,2026-08-11 21:28:00+09:00,目撃,カエル,5,,ソークド(水跳ね),28.18780756033275,129.3955366736891,"2026/08/13 22:02
目撃

5匹以上
カエル
ソークド(水跳ね)
瀬戸内町嘉徳
28.18780756033275
129.3955366736891
",2026-08-11,"2026-08-13 13:02:00+00:00|カエル|目撃|28.1878076|129.3955367|2026/08/13 22:02
目撃

5匹以上
カエル
ソークド(水跳ね)
瀬戸内町嘉徳
28.18780756033275
129.3955366736891
",OSM_ro448_0_93,6.169360720676418,
2026-08-13 22:08:00+09:00,2026-08-11 21:28:00+09:00,目撃,オットンガエル,1,,ドライ,28.1872085473755,129.3986270203921,"2026/08/13 22:08
目撃

1匹
オットンガエル
ドライ
瀬戸内町嘉徳
28.1872085473755
129.3986270203921
",2026-08-11,"2026-08-13 13:08:00+00:00|オットンガエル|目撃|28.1872085|129.398627|2026/08/13 22:08
目撃

1匹
オットンガエル
ドライ
瀬戸内町嘉徳
28.1872085473755
129.3986270203921
",OSM_ro191_0_64,0.5870026106990648,
2026-08-13 22:09:00+09:00,2026-08-11 21:28:00+09:00,目撃,カエル,5,,ソークド(水跳ね),28.18675295010272,129.3989454776035,"2026/08/13 22:09
目撃

5匹以上
カエル
ソークド(水跳ね)

28.18675295010272
129.3989454776035",2026-08-11,"2026-08-13 13:09:00+00:00|カエル|目撃|28.186753|129.3989455|2026/08/13 22:09
目撃

5匹以上
カエル
ソークド(水跳ね)

28.18675295010272
129.3989454776035",OSM_ro191_0_70,5.012944819116882,
2026-08-13 22:24:00+09:00,2026-08-11 21:28:00+09:00,目撃,カエル,5,,ソークド(水跳ね),28.17820181565073,129.3933862508328,"2026/08/13 22:24
目撃

5匹以上
カエル
ソークド(水跳ね)
瀬戸内町節子
28.17820181565073
129.3933862508328
",2026-08-11,"2026-08-13 13:24:00+00:00|カエル|目撃|28.1782018|129.3933863|2026/08/13 22:24
目撃

5匹以上
カエル
ソークド(水跳ね)
瀬戸内町節子
28.17820181565073
129.3933862508328
",OSM_ro104_0_64,3.354096543061367,
2026-08-13 22:26:00+09:00,2026-08-11 21:28:00+09:00,目撃,ヤマシギ,1,,ウエット,28.17721019503711,129.3942376152156,"2026/08/13 22:26
目撃

1匹
ヤマシギ
ウエット
瀬戸内町節子
28.17721019503711
129.3942376152156",2026-08-11,"2026-08-13 13:26:00+00:00|ヤマシギ|目撃|28.1772102|129.3942376|2026/08/13 22:26
目撃

1匹
ヤマシギ
ウエット
瀬戸内町節子
28.17721019503711
129.3942376152156",OSM_ro104_0_86,9.405236727454154,
2026-08-13 22:29:00+09:00,2026-08-11 21:28:00+09:00,目撃,ヤマシギ,3,,ドライ,28.17605011990138,129.3963891128789,"2026/08/13 22:29
目撃

3匹
ヤマシギ
ドライ
瀬戸内町節子
28.17605011990138
129.3963891128789
",2026-08-11,"2026-08-13 13:29:00+00:00|ヤマシギ|目撃|28.1760501|129.3963891|2026/08/13 22:29
目撃

3匹
ヤマシギ
ドライ
瀬戸内町節子
28.17605011990138
129.3963891128789
",OSM_ro289_0_12,3.0380104518641162,
2026-08-13 22:31:00+09:00,2026-08-11 21:28:00+09:00,目撃,ヤマシギ,1,,ドライ,28.17439783018975,129.3950068207934,"2026/08/13 22:31
目撃

1匹
ヤマシギ
ドライ

28.17439783018975
129.3950068207934
",2026-08-11,"2026-08-13 13:31:00+00:00|ヤマシギ|目撃|28.1743978|129.3950068|2026/08/13 22:31
目撃

1匹
ヤマシギ
ドライ

28.17439783018975
129.3950068207934
",OSM_ro289_0_43,5.526855943938527,
2026-08-13 22:32:00+09:00,2026-08-11 21:28:00+09:00,目撃,オットンガエル,1,,ドライ,28.17452209994943,129.3945063060428,"2026/08/13 22:32
目撃

1匹
オットンガエル
ドライ
瀬戸内町節子
28.17452209994943
129.3945063060428
",2026-08-11,"2026-08-13 13:32:00+00:00|オットンガエル|目撃|28.1745221|129.3945063|2026/08/13 22:32
目撃

1匹
オットンガエル
ドライ
瀬戸内町節子
28.17452209994943
129.3945063060428
",OSM_ro289_0_51,4.037314070634553,
2026-08-13 22:36:00+09:00,2026-08-11 21:28:00+09:00,目撃,ヤマシギ,1,,ドライ,28.17437074482421,129.3968028599796,"2026/08/13 22:36
目撃

1匹
ヤマシギ
ドライ

28.17437074482421
129.3968028599796
",2026-08-11,"2026-08-13 13:36:00+00:00|ヤマシギ|目撃|28.1743707|129.3968029|2026/08/13 22:36
目撃

1匹
ヤマシギ
ドライ

28.17437074482421
129.3968028599796
",OSM_ro289_0_87,12.505431223009213,
2026-08-13 22:38:00+09:00,2026-08-11 21:28:00+09:00,目撃,オットンガエル,1,,ドライ,28.1744390167605,129.3978439895058,"2026/08/13 22:38
目撃

1匹
オットンガエル
ドライ

28.1744390167605
129.3978439895058
",2026-08-11,"2026-08-13 13:38:00+00:00|オットンガエル|目撃|28.174439|129.397844|2026/08/13 22:38
目撃

1匹
オットンガエル
ドライ

28.1744390167605
129.3978439895058
",OSM_ro289_0_99,11.538230504660348,
2026-08-13 22:40:00+09:00,2026-08-11 21:28:00+09:00,目撃,ヤマシギ,1,,ドライ,28.17423904314266,129.3989153904859,"2026/08/13 22:40
目撃

1匹
ヤマシギ
ドライ
瀬戸内町節子
28.17423904314266
129.3989153904859
",2026-08-11,"2026-08-13 13:40:00+00:00|ヤマシギ|目撃|28.174239|129.3989154|2026/08/13 22:40
目撃

1匹
ヤマシギ
ドライ
瀬戸内町節子
28.17423904314266
129.3989153904859
",OSM_ro249_0_18,3.5514124537874454,
2026-08-13 22:57:00+09:00,2026-08-11 21:28:00+09:00,目撃,ヤマシギ,1,,ドライ,28.1693808904577,129.3961006553683,"2026/08/13 22:57
目撃

1匹
ヤマシギ
ドライ

28.1693808904577
129.3961006553683
",2026-08-11,"2026-08-13 13:57:00+00:00|ヤマシギ|目撃|28.1693809|129.3961007|2026/08/13 22:57
目撃

1匹
ヤマシギ
ドライ

28.1693808904577
129.3961006553683
",OSM_ro313_0_24,1.096297665559614,
2026-08-13 23:06:00+09:00,2026-08-11 21:28:00+09:00,目撃,ヤマシギ,2,,ドライ,28.16445937889494,129.3951164309785,"2026/08/13 23:06
目撃

2匹
ヤマシギ
ドライ
瀬戸内町節子
28.16445937889494
129.3951164309785
",2026-08-11,"2026-08-13 14:06:00+00:00|ヤマシギ|目撃|28.1644594|129.3951164|2026/08/13 23:06
目撃

2匹
ヤマシギ
ドライ
瀬戸内町節子
28.16445937889494
129.3951164309785
",OSM_ro42_0_58,5.958965335785015,
2026-08-13 23:22:00+09:00,2026-08-11 21:28:00+09:00,目撃,ヤマシギ,1,,ドライ,28.16322053539348,129.3864672783606,"2026/08/13 23:22
目撃

1匹
ヤマシギ
ドライ
瀬戸内町節子
28.16322053539348
129.3864672783606
",2026-08-11,"2026-08-13 14:22:00+00:00|ヤマシギ|目撃|28.1632205|129.3864673|2026/08/13 23:22
目撃

1匹
ヤマシギ
ドライ
瀬戸内町節子
28.16322053539348
129.3864672783606
",OSM_ro440_0_15,2.2466310456251106,
2026-08-13 23:27:00+09:00,2026-08-11 21:28:00+09:00,目撃,ヤマシギ,1,,ドライ,28.1658560804031,129.3875421734566,"2026/08/13 23:27
目撃

1匹
ヤマシギ
ドライ
瀬戸内町節子
28.1658560804031
129.3875421734566
",2026-08-11,"2026-08-13 14:27:00+00:00|ヤマシギ|目撃|28.1658561|129.3875422|2026/08/13 23:27
目撃

1匹
ヤマシギ
ドライ
瀬戸内町節子
28.1658560804031
129.3875421734566
",OSM_ro364_0_71,8.092440200145164,
2026-08-13 23:32:00+09:00,2026-08-11 21:28:00+09:00,捕獲,ハブ,1,小,ドライ,28.16531418620288,129.3843050275264,"2026/08/13 23:32
捕獲
ハブ捕獲小
とぐろ
道路脇
ドライ
瀬戸内町節子
28.16531418620288
129.3843050275264
",2026-08-11,"2026-08-13 14:32:00+00:00|ハブ|捕獲|28.1653142|129.384305|2026/08/13 23:32
捕獲
ハブ捕獲小
とぐろ
道路脇
ドライ
瀬戸内町節子
28.16531418620288
129.3843050275264
",OSM_ro364_0_24,0.3564082112835613,
2026-08-13 23:33:00+09:00,2026-08-11 21:28:00+09:00,目撃,ヤマシギ,1,,ドライ,28.16530668649876,129.3840810899623,"2026/08/13 23:33
目撃

1匹
ヤマシギ
ドライ
瀬戸内町節子
28.16530668649876
129.3840810899623
",2026-08-11,"2026-08-13 14:33:00+00:00|ヤマシギ|目撃|28.1653067|129.3840811|2026/08/13 23:33
目撃

1匹
ヤマシギ
ドライ
瀬戸内町節子
28.16530668649876
129.3840810899623
",OSM_ro364_0_22,0.48290408546319097,
2026-08-13 23:53:00+09:00,2026-08-11 21:28:00+09:00,目撃,その他,1,,ドライ,28.16930588021469,129.3774716169191,"2026/08/13 23:53
目撃

1匹
アカショウビン
ドライ
瀬戸内町節子
28.16930588021469
129.3774716169191
",2026-08-11,"2026-08-13 14:53:00+00:00|その他|目撃|28.1693059|129.3774716|2026/08/13 23:53
目撃

1匹
アカショウビン
ドライ
瀬戸内町節子
28.16930588021469
129.3774716169191
",OSM_ro961_0_30,4.185035885705586,
2026-08-14 00:17:00+09:00,2026-08-11 21:28:00+09:00,目撃,アカマタ,1,,ドライ,28.15757855389827,129.3489893926376,"2026/08/14 0:17
目撃

1匹
アカマタ
ドライ

28.15757855389827
129.3489893926376
",2026-08-11,"2026-08-13 15:17:00+00:00|アカマタ|目撃|28.1575786|129.3489894|2026/08/14 0:17
目撃

1匹
アカマタ
ドライ

28.15757855389827
129.3489893926376
",OSM_ro306_0_16,0.12469959116829683,
2026-08-14 00:39:00+09:00,2026-08-11 21:28:00+09:00,轢死,アカマタ,1,,ドライ,28.13474654754954,129.3373387181296,"2026/08/14 0:39
轢死

1匹
アカマタ
ドライ
瀬戸内町県道626号
28.13474654754954
129.3373387181296
",2026-08-11,"2026-08-13 15:39:00+00:00|アカマタ|轢死|28.1347465|129.3373387|2026/08/14 0:39
轢死

1匹
アカマタ
ドライ
瀬戸内町県道626号
28.13474654754954
129.3373387181296
",OSM_ro119_0_417,1.9416080535058056,
2026-08-14 00:43:00+09:00,2026-08-11 21:28:00+09:00,目撃,アカマタ,1,,ドライ,28.13530338912243,129.3308193915967,"2026/08/14 0:43
目撃

1匹
アカマタ
ドライ
瀬戸内町清水865-ロ
28.13530338912243
129.3308193915967",2026-08-11,"2026-08-13 15:43:00+00:00|アカマタ|目撃|28.1353034|129.3308194|2026/08/14 0:43
目撃

1匹
アカマタ
ドライ
瀬戸内町清水865-ロ
28.13530338912243
129.3308193915967",OSM_ro119_0_275,0.6882631865987793,
2026-08-15 20:15:00+09:00,2026-08-15 20:00:00+09:00,目撃,カエル,3,,ソークド(水跳ね),28.13867051649792,129.347236780357,"2026/08/15 20:15
目撃

3匹
カエル
ソークド(水跳ね)
瀬戸内町県道626号
28.13867051649792
129.347236780357
",2026-08-15,"2026-08-15 11:15:00+00:00|カエル|目撃|28.1386705|129.3472368|2026/08/15 20:15
目撃

3匹
カエル
ソークド(水跳ね)
瀬戸内町県道626号
28.13867051649792
129.347236780357
",OSM_ro136_0_291,9.070684488062449,
2026-08-15 20:22:00+09:00,2026-08-15 20:00:00+09:00,目撃,ネズミ,1,,ソークド(水跳ね),28.14093861706372,129.3509133229286,"2026/08/15 20:22
目撃

1匹
ネズミ
ソークド(水跳ね)
瀬戸内町県道626号
28.14093861706372
129.3509133229286
",2026-08-15,"2026-08-15 11:22:00+00:00|ネズミ|目撃|28.1409386|129.3509133|2026/08/15 20:22
目撃

1匹
ネズミ
ソークド(水跳ね)
瀬戸内町県道626号
28.14093861706372
129.3509133229286
",OSM_ro136_0_185,7.1713754729414045,
2026-08-15 20:32:00+09:00,2026-08-15 20:00:00+09:00,目撃,オットンガエル,1,,ウエット,28.15597308950116,129.3534142951605,"2026/08/15 20:32
目撃

1匹
オットンガエル
ウエット

28.15597308950116
129.3534142951605
",2026-08-15,"2026-08-15 11:32:00+00:00|オットンガエル|目撃|28.1559731|129.3534143|2026/08/15 20:32
目撃

1匹
オットンガエル
ウエット

28.15597308950116
129.3534142951605
",OSM_ro221_0_69,1.7665474689955933,
2026-08-15 20:44:00+09:00,2026-08-15 20:00:00+09:00,目撃,カエル,1,,ソークド(水跳ね),28.17416855563233,129.3511104874562,"2026/08/15 20:44
目撃

1匹
カエル
ソークド(水跳ね)
瀬戸内町国道58号
28.17416855563233
129.3511104874562
",2026-08-15,"2026-08-15 11:44:00+00:00|カエル|目撃|28.1741686|129.3511105|2026/08/15 20:44
目撃

1匹
カエル
ソークド(水跳ね)
瀬戸内町国道58号
28.17416855563233
129.3511104874562
",OSM_ro129_0_402,3.9716628333265835,
2026-08-15 20:48:00+09:00,2026-08-15 20:00:00+09:00,目撃,カエル,5,,ウエット,28.17121982220651,129.3596743329871,"2026/08/15 20:48
目撃

5匹以上
カエル
ウエット
瀬戸内町網野子
28.17121982220651
129.3596743329871",2026-08-15,"2026-08-15 11:48:00+00:00|カエル|目撃|28.1712198|129.3596743|2026/08/15 20:48
目撃

5匹以上
カエル
ウエット
瀬戸内町網野子
28.17121982220651
129.3596743329871",OSM_ro129_0_284,0.15172157149790352,
2026-08-15 20:49:00+09:00,2026-08-15 20:00:00+09:00,目撃,カエル,5,,ソークド(水跳ね),28.17328168513154,129.3634599530232,"2026/08/15 20:49
目撃

5匹以上
カエル
ソークド(水跳ね)
瀬戸内町網野子
28.17328168513154
129.3634599530232
",2026-08-15,"2026-08-15 11:49:00+00:00|カエル|目撃|28.1732817|129.36346|2026/08/15 20:49
目撃

5匹以上
カエル
ソークド(水跳ね)
瀬戸内町網野子
28.17328168513154
129.3634599530232
",OSM_ro129_0_233,2.7566672251425786,
2026-08-15 20:50:00+09:00,2026-08-15 20:00:00+09:00,目撃,カエル,5,,ソークド(水跳ね),28.17626627354103,129.3636508360456,"2026/08/15 20:50
目撃

5匹以上
カエル
ソークド(水跳ね)
瀬戸内町網野子
28.17626627354103
129.3636508360456
",2026-08-15,"2026-08-15 11:50:00+00:00|カエル|目撃|28.1762663|129.3636508|2026/08/15 20:50
目撃

5匹以上
カエル
ソークド(水跳ね)
瀬戸内町網野子
28.17626627354103
129.3636508360456
",OSM_ro129_0_195,1.5593249504738638,
2026-08-15 20:54:00+09:00,2026-08-15 20:00:00+09:00,目撃,その他,1,,ウエット,28.18127438927815,129.3687296584737,"2026/08/15 20:54
目撃

1匹
アカショウビン
ウエット
瀬戸内町網野子
28.18127438927815
129.3687296584737",2026-08-15,"2026-08-15 11:54:00+00:00|その他|目撃|28.1812744|129.3687297|2026/08/15 20:54
目撃

1匹
アカショウビン
ウエット
瀬戸内町網野子
28.18127438927815
129.3687296584737",OSM_ro129_0_83,0.9483005249812085,
2026-08-15 21:02:00+09:00,2026-08-15 20:00:00+09:00,目撃,カエル,1,,ウエット,28.18695380170872,129.3803355656388,"2026/08/15 21:02
目撃

1匹
カエル
ウエット
瀬戸内町嘉徳
28.18695380170872
129.3803355656388
",2026-08-15,"2026-08-15 12:02:00+00:00|カエル|目撃|28.1869538|129.3803356|2026/08/15 21:02
目撃

1匹
カエル
ウエット
瀬戸内町嘉徳
28.18695380170872
129.3803355656388
",OSM_ro246_0_103,3.1500579102395316,
2026-08-15 21:03:00+09:00,2026-08-15 20:00:00+09:00,目撃,ネズミ,1,,ウエット,28.18668512208697,129.3807628139619,"2026/08/15 21:03
目撃

1匹
ネズミ
ウエット
瀬戸内町嘉徳
28.18668512208697
129.3807628139619",2026-08-15,"2026-08-15 12:03:00+00:00|ネズミ|目撃|28.1866851|129.3807628|2026/08/15 21:03
目撃

1匹
ネズミ
ウエット
瀬戸内町嘉徳
28.18668512208697
129.3807628139619",OSM_ro246_0_90,8.075751927566431,
2026-08-15 21:06:00+09:00,2026-08-15 20:00:00+09:00,目撃,クロウサギ,1,,ウエット,28.18938321253257,129.3866482991265,"2026/08/15 21:06
目撃

1匹
クロウサギ
ウエット

28.18938321253257
129.3866482991265
",2026-08-15,"2026-08-15 12:06:00+00:00|クロウサギ|目撃|28.1893832|129.3866483|2026/08/15 21:06
目撃

1匹
クロウサギ
ウエット

28.18938321253257
129.3866482991265
",OSM_ro246_0_17,8.493776716243932,
2026-08-15 21:07:00+09:00,2026-08-15 20:00:00+09:00,目撃,オットンガエル,1,,ウエット,28.19156296017085,129.3875746064216,"2026/08/15 21:07
目撃

1匹
オットンガエル
ウエット

28.19156296017085
129.3875746064216
",2026-08-15,"2026-08-15 12:07:00+00:00|オットンガエル|目撃|28.191563|129.3875746|2026/08/15 21:07
目撃

1匹
オットンガエル
ウエット

28.19156296017085
129.3875746064216
",OSM_ro48_0_94,4.783736541546251,
2026-08-15 21:13:00+09:00,2026-08-15 20:00:00+09:00,目撃,クロウサギ,1,,ウエット,28.19686598022546,129.3932028766174,"2026/08/15 21:13
目撃

1匹
クロウサギ
ウエット
瀬戸内町嘉徳
28.19686598022546
129.3932028766174
",2026-08-15,"2026-08-15 12:13:00+00:00|クロウサギ|目撃|28.196866|129.3932029|2026/08/15 21:13
目撃

1匹
クロウサギ
ウエット
瀬戸内町嘉徳
28.19686598022546
129.3932028766174
",OSM_ro137_0_50,11.242455579658143,
2026-08-15 21:15:00+09:00,2026-08-15 20:00:00+09:00,目撃,その他,1,,ウエット,28.19510865121494,129.3959445156054,"2026/08/15 21:15
目撃

1匹
アカショウビン
ウエット
瀬戸内町嘉徳
28.19510865121494
129.3959445156054
",2026-08-15,"2026-08-15 12:15:00+00:00|その他|目撃|28.1951087|129.3959445|2026/08/15 21:15
目撃

1匹
アカショウビン
ウエット
瀬戸内町嘉徳
28.19510865121494
129.3959445156054
",OSM_ro137_0_13,7.077871135576081,
2026-08-15 21:16:00+09:00,2026-08-15 20:00:00+09:00,目撃,カエル,1,,ウエット,28.19421517029011,129.3977668563556,"2026/08/15 21:16
目撃

1匹
カエル
ウエット
瀬戸内町嘉徳
28.19421517029011
129.3977668563556
",2026-08-15,"2026-08-15 12:16:00+00:00|カエル|目撃|28.1942152|129.3977669|2026/08/15 21:16
目撃

1匹
カエル
ウエット
瀬戸内町嘉徳
28.19421517029011
129.3977668563556
",OSM_ro257_0_20,3.9174808966203294,
2026-08-15 21:16:00+09:00,2026-08-15 20:00:00+09:00,目撃,カエル,5,,ウエット,28.19327284142949,129.3986893097829,"2026/08/15 21:16
目撃

5匹以上
カエル
ウエット
瀬戸内町嘉徳
28.19327284142949
129.3986893097829
",2026-08-15,"2026-08-15 12:16:00+00:00|カエル|目撃|28.1932728|129.3986893|2026/08/15 21:16
目撃

5匹以上
カエル
ウエット
瀬戸内町嘉徳
28.19327284142949
129.3986893097829
",OSM_ro257_0_6,4.298330111667522,
2026-08-15 21:25:00+09:00,2026-08-15 20:00:00+09:00,目撃,イシカワガエル,1,,ウエット,28.19234076579688,129.3972300688153,"2026/08/15 21:25
目撃

1匹
イシカワガエル
ウエット
瀬戸内町嘉徳
28.19234076579688
129.3972300688153
",2026-08-15,"2026-08-15 12:25:00+00:00|イシカワガエル|目撃|28.1923408|129.3972301|2026/08/15 21:25
目撃

1匹
イシカワガエル
ウエット
瀬戸内町嘉徳
28.19234076579688
129.3972300688153
",OSM_ro448_0_28,11.367721585093744,
2026-08-15 21:28:00+09:00,2026-08-15 20:00:00+09:00,目撃,オットンガエル,2,,ウエット,28.18933218450511,129.3965080838949,"2026/08/15 21:28
目撃

2匹
オットンガエル
ウエット
瀬戸内町嘉徳
28.18933218450511
129.3965080838949
",2026-08-15,"2026-08-15 12:28:00+00:00|オットンガエル|目撃|28.1893322|129.3965081|2026/08/15 21:28
目撃

2匹
オットンガエル
ウエット
瀬戸内町嘉徳
28.18933218450511
129.3965080838949
",OSM_ro448_0_73,6.832582356115532,
2026-08-15 21:29:00+09:00,2026-08-15 20:00:00+09:00,目撃,オットンガエル,1,,ウエット,28.188654301102,129.3962179595533,"2026/08/15 21:29
目撃

1匹
オットンガエル
ウエット
瀬戸内町嘉徳
28.188654301102
129.3962179595533
",2026-08-15,"2026-08-15 12:29:00+00:00|オットンガエル|目撃|28.1886543|129.396218|2026/08/15 21:29
目撃

1匹
オットンガエル
ウエット
瀬戸内町嘉徳
28.188654301102
129.3962179595533
",OSM_ro448_0_81,0.32677758580284055,
2026-08-15 21:30:00+09:00,2026-08-15 20:00:00+09:00,目撃,カエル,5,,ソークド(水跳ね),28.18774035110195,129.3954945311998,"2026/08/15 21:30
目撃

5匹以上
カエル
ソークド(水跳ね)
瀬戸内町嘉徳
28.18774035110195
129.3954945311998
",2026-08-15,"2026-08-15 12:30:00+00:00|カエル|目撃|28.1877404|129.3954945|2026/08/15 21:30
目撃

5匹以上
カエル
ソークド(水跳ね)
瀬戸内町嘉徳
28.18774035110195
129.3954945311998
",OSM_ro448_0_93,8.378032189586184,
2026-08-15 21:31:00+09:00,2026-08-15 20:00:00+09:00,目撃,オットンガエル,1,,ウエット,28.18659967800592,129.3950378222411,"2026/08/15 21:31
目撃

1匹
オットンガエル
ウエット

28.18659967800592
129.3950378222411
",2026-08-15,"2026-08-15 12:31:00+00:00|オットンガエル|目撃|28.1865997|129.3950378|2026/08/15 21:31
目撃

1匹
オットンガエル
ウエット

28.18659967800592
129.3950378222411
",OSM_ro191_0_5,6.39664247060415,
2026-08-15 21:37:00+09:00,2026-08-15 20:00:00+09:00,目撃,アカマタ,1,,ウエット,28.18736345416333,129.3984290380149,"2026/08/15 21:37
目撃

1匹
アカマタ
ウエット
瀬戸内町嘉徳
28.18736345416333
129.3984290380149",2026-08-15,"2026-08-15 12:37:00+00:00|アカマタ|目撃|28.1873635|129.398429|2026/08/15 21:37
目撃

1匹
アカマタ
ウエット
瀬戸内町嘉徳
28.18736345416333
129.3984290380149",OSM_ro191_0_61,2.6540694684082715,
2026-08-15 21:41:00+09:00,2026-08-15 20:00:00+09:00,目撃,オットンガエル,1,,ソークド(水跳ね),28.18595012190256,129.3977126840542,"2026/08/15 21:41
目撃

1匹
オットンガエル
ソークド(水跳ね)

28.18595012190256
129.3977126840542
",2026-08-15,"2026-08-15 12:41:00+00:00|オットンガエル|目撃|28.1859501|129.3977127|2026/08/15 21:41
目撃

1匹
オットンガエル
ソークド(水跳ね)

28.18595012190256
129.3977126840542
",OSM_ro191_0_102,4.567600772693777,
2026-08-15 21:48:00+09:00,2026-08-15 20:00:00+09:00,捕獲,ハブ,1,大,ウエット,28.18332996378373,129.3964131646259,"2026/08/15 21:48
捕獲
ハブ捕獲大
とぐろ
道路脇
ウエット
瀬戸内町嘉徳
28.18332996378373
129.3964131646259
",2026-08-15,"2026-08-15 12:48:00+00:00|ハブ|捕獲|28.18333|129.3964132|2026/08/15 21:48
捕獲
ハブ捕獲大
とぐろ
道路脇
ウエット
瀬戸内町嘉徳
28.18332996378373
129.3964131646259
",OSM_ro280_0_53,3.3843826522145135,
2026-08-15 21:51:00+09:00,2026-08-15 20:00:00+09:00,目撃,オットンガエル,1,,ウエット,28.1814721186104,129.3951981774873,"2026/08/15 21:51
目撃

1匹
オットンガエル
ウエット

28.1814721186104
129.3951981774873
",2026-08-15,"2026-08-15 12:51:00+00:00|オットンガエル|目撃|28.1814721|129.3951982|2026/08/15 21:51
目撃

1匹
オットンガエル
ウエット

28.1814721186104
129.3951981774873
",OSM_ro280_0_80,2.0745512302065925,
2026-08-15 21:54:00+09:00,2026-08-15 20:00:00+09:00,目撃,カエル,5,,ウエット,28.1791917005319,129.3941837270791,"2026/08/15 21:54
目撃

5匹以上
カエル
ウエット
瀬戸内町節子
28.1791917005319
129.3941837270791
",2026-08-15,"2026-08-15 12:54:00+00:00|カエル|目撃|28.1791917|129.3941837|2026/08/15 21:54
目撃

5匹以上
カエル
ウエット
瀬戸内町節子
28.1791917005319
129.3941837270791
",OSM_ro104_0_28,2.8626215837804785,
2026-08-15 21:55:00+09:00,2026-08-15 20:00:00+09:00,目撃,ヤマシギ,1,,ウエット,28.17865327344588,129.3945277808623,"2026/08/15 21:55
目撃

1匹
ヤマシギ
ウエット
節子
28.17865327344588
129.3945277808623
",2026-08-15,"2026-08-15 12:55:00+00:00|ヤマシギ|目撃|28.1786533|129.3945278|2026/08/15 21:55
目撃

1匹
ヤマシギ
ウエット
節子
28.17865327344588
129.3945277808623
",OSM_ro104_0_35,3.2126737549807243,
2026-08-15 22:01:00+09:00,2026-08-15 20:00:00+09:00,目撃,オットンガエル,1,,ソークド(水跳ね),28.17631209890785,129.3948686872612,"2026/08/15 22:01
目撃

1匹
オットンガエル
ソークド(水跳ね)
瀬戸内町節子
28.17631209890785
129.3948686872612
",2026-08-15,"2026-08-15 13:01:00+00:00|オットンガエル|目撃|28.1763121|129.3948687|2026/08/15 22:01
目撃

1匹
オットンガエル
ソークド(水跳ね)
瀬戸内町節子
28.17631209890785
129.3948686872612
",OSM_ro104_0_98,1.4521600441248523,
2026-08-15 22:03:00+09:00,2026-08-15 20:00:00+09:00,目撃,ヤマシギ,1,,ウエット,28.17596484788764,129.3967431890317,"2026/08/15 22:03
目撃

1匹
ヤマシギ
ウエット

28.17596484788764
129.3967431890317
",2026-08-15,"2026-08-15 13:03:00+00:00|ヤマシギ|目撃|28.1759648|129.3967432|2026/08/15 22:03
目撃

1匹
ヤマシギ
ウエット

28.17596484788764
129.3967431890317
",OSM_ro289_0_15,6.2670013057475416,
2026-08-15 22:04:00+09:00,2026-08-15 20:00:00+09:00,目撃,ヤマシギ,1,,ウエット,28.17535623369979,129.395783348461,"2026/08/15 22:04
目撃

1匹
ヤマシギ
ウエット

28.17535623369979
129.395783348461
",2026-08-15,"2026-08-15 13:04:00+00:00|ヤマシギ|目撃|28.1753562|129.3957833|2026/08/15 22:04
目撃

1匹
ヤマシギ
ウエット

28.17535623369979
129.395783348461
",OSM_ro289_0_27,3.832539088141625,
2026-08-15 22:06:00+09:00,2026-08-15 20:00:00+09:00,目撃,ヤマシギ,1,,ウエット,28.17436999110756,129.3954033130944,"2026/08/15 22:06
目撃

1匹
ヤマシギ
ウエット

28.17436999110756
129.3954033130944
",2026-08-15,"2026-08-15 13:06:00+00:00|ヤマシギ|目撃|28.17437|129.3954033|2026/08/15 22:06
目撃

1匹
ヤマシギ
ウエット

28.17436999110756
129.3954033130944
",OSM_ro289_0_39,5.463274052789999,
2026-08-15 22:07:00+09:00,2026-08-15 20:00:00+09:00,目撃,オットンガエル,1,,ウエット,28.17461323677653,129.3948700939174,"2026/08/15 22:07
目撃

1匹
オットンガエル
ウエット

28.17461323677653
129.3948700939174
",2026-08-15,"2026-08-15 13:07:00+00:00|オットンガエル|目撃|28.1746132|129.3948701|2026/08/15 22:07
目撃

1匹
オットンガエル
ウエット

28.17461323677653
129.3948700939174
",OSM_ro289_0_46,4.948248751190514,
2026-08-15 22:08:00+09:00,2026-08-15 20:00:00+09:00,目撃,オットンガエル,1,,ウエット,28.17465122149968,129.3944922491724,"2026/08/15 22:08
目撃

1匹
オットンガエル
ウエット

28.17465122149968
129.3944922491724
",2026-08-15,"2026-08-15 13:08:00+00:00|オットンガエル|目撃|28.1746512|129.3944922|2026/08/15 22:08
目撃

1匹
オットンガエル
ウエット

28.17465122149968
129.3944922491724
",OSM_ro289_0_50,5.346132609420712,
2026-08-15 22:09:00+09:00,2026-08-15 20:00:00+09:00,目撃,オットンガエル,2,,ウエット,28.17393080631281,129.3945794177399,"2026/08/15 22:09
目撃

2匹
オットンガエル
ウエット
瀬戸内町節子
28.17393080631281
129.3945794177399
",2026-08-15,"2026-08-15 13:09:00+00:00|オットンガエル|目撃|28.1739308|129.3945794|2026/08/15 22:09
目撃

2匹
オットンガエル
ウエット
瀬戸内町節子
28.17393080631281
129.3945794177399
",OSM_ro289_0_58,0.10772448488095152,
2026-08-15 22:09:00+09:00,2026-08-15 20:00:00+09:00,目撃,カエル,5,,ウエット,28.17356636573869,129.3946619927535,"2026/08/15 22:09
目撃

5匹以上
カエル
ウエット

28.17356636573869
129.3946619927535
",2026-08-15,"2026-08-15 13:09:00+00:00|カエル|目撃|28.1735664|129.394662|2026/08/15 22:09
目撃

5匹以上
カエル
ウエット

28.17356636573869
129.3946619927535
",OSM_ro289_0_63,0.694382376636256,
2026-08-15 22:10:00+09:00,2026-08-15 20:00:00+09:00,目撃,カエル,5,,ウエット,28.17352397410141,129.3950393080983,"2026/08/15 22:10
目撃

5匹以上
カエル
ウエット

28.17352397410141
129.3950393080983
",2026-08-15,"2026-08-15 13:10:00+00:00|カエル|目撃|28.173524|129.3950393|2026/08/15 22:10
目撃

5匹以上
カエル
ウエット

28.17352397410141
129.3950393080983
",OSM_ro289_0_67,4.549846196457392,
2026-08-15 22:11:00+09:00,2026-08-15 20:00:00+09:00,目撃,オットンガエル,2,,ウエット,28.17384039810838,129.3959101825995,"2026/08/15 22:11
目撃

2匹
オットンガエル
ウエット

28.17384039810838
129.3959101825995
",2026-08-15,"2026-08-15 13:11:00+00:00|オットンガエル|目撃|28.1738404|129.3959102|2026/08/15 22:11
目撃

2匹
オットンガエル
ウエット

28.17384039810838
129.3959101825995
",OSM_ro289_0_77,8.565838696782112,
2026-08-15 22:13:00+09:00,2026-08-15 20:00:00+09:00,目撃,オットンガエル,2,,ウエット,28.17434159509965,129.3978472327848,"2026/08/15 22:13
目撃

2匹
オットンガエル
ウエット
瀬戸内町節子
28.17434159509965
129.3978472327848
",2026-08-15,"2026-08-15 13:13:00+00:00|オットンガエル|目撃|28.1743416|129.3978472|2026/08/15 22:13
目撃

2匹
オットンガエル
ウエット
瀬戸内町節子
28.17434159509965
129.3978472327848
",OSM_ro289_0_98,16.163662894015406,
2026-08-15 22:15:00+09:00,2026-08-15 20:00:00+09:00,目撃,オットンガエル,1,,ウエット,28.17480792009034,129.3986428684617,"2026/08/15 22:15
目撃

1匹
オットンガエル
ウエット
瀬戸内町節子
28.17480792009034
129.3986428684617
",2026-08-15,"2026-08-15 13:15:00+00:00|オットンガエル|目撃|28.1748079|129.3986429|2026/08/15 22:15
目撃

1匹
オットンガエル
ウエット
瀬戸内町節子
28.17480792009034
129.3986428684617
",OSM_ro249_0_7,2.3962703255666127,
2026-08-15 22:16:00+09:00,2026-08-15 20:00:00+09:00,目撃,オットンガエル,1,,ウエット,28.1739300004507,129.3986122960004,"2026/08/15 22:16
目撃

1匹
オットンガエル
ウエット

28.1739300004507
129.3986122960004
",2026-08-15,"2026-08-15 13:16:00+00:00|オットンガエル|目撃|28.17393|129.3986123|2026/08/15 22:16
目撃

1匹
オットンガエル
ウエット

28.1739300004507
129.3986122960004
",OSM_ro249_0_24,1.6439785885651732,
2026-08-15 22:19:00+09:00,2026-08-15 20:00:00+09:00,目撃,オットンガエル,1,,ウエット,28.17209750804264,129.3981970819665,"2026/08/15 22:19
目撃

1匹
オットンガエル
ウエット

28.17209750804264
129.3981970819665
",2026-08-15,"2026-08-15 13:19:00+00:00|オットンガエル|目撃|28.1720975|129.3981971|2026/08/15 22:19
目撃

1匹
オットンガエル
ウエット

28.17209750804264
129.3981970819665
",OSM_ro249_0_49,7.743336584628282,
2026-08-15 22:25:00+09:00,2026-08-15 20:00:00+09:00,目撃,オットンガエル,1,,ウエット,28.17091174644829,129.3970255130563,"2026/08/15 22:25
目撃

1匹
オットンガエル
ウエット

28.17091174644829
129.3970255130563
",2026-08-15,"2026-08-15 13:25:00+00:00|オットンガエル|目撃|28.1709117|129.3970255|2026/08/15 22:25
目撃

1匹
オットンガエル
ウエット

28.17091174644829
129.3970255130563
",OSM_ro142_0_39,0.11143464410579076,
2026-08-15 22:28:00+09:00,2026-08-15 20:00:00+09:00,目撃,ヤマシギ,1,,ウエット,28.17176932084802,129.3963929496606,"2026/08/15 22:28
目撃

1匹
ヤマシギ
ウエット

28.17176932084802
129.3963929496606
",2026-08-15,"2026-08-15 13:28:00+00:00|ヤマシギ|目撃|28.1717693|129.3963929|2026/08/15 22:28
目撃

1匹
ヤマシギ
ウエット

28.17176932084802
129.3963929496606
",OSM_ro142_0_14,7.682269293955078,
2026-08-15 22:36:00+09:00,2026-08-15 20:00:00+09:00,目撃,アカマタ,1,,ウエット,28.1654064956506,129.3965322342972,"2026/08/15 22:36
目撃

1匹
アカマタ
ウエット

28.1654064956506
129.3965322342972
",2026-08-15,"2026-08-15 13:36:00+00:00|アカマタ|目撃|28.1654065|129.3965322|2026/08/15 22:36
目撃

1匹
アカマタ
ウエット

28.1654064956506
129.3965322342972
",OSM_ro42_0_87,11.796466492434291,
2026-08-15 22:39:00+09:00,2026-08-15 20:00:00+09:00,目撃,ヤマシギ,1,,ウエット,28.16431726867097,129.3951273695157,"2026/08/15 22:39
目撃

1匹
ヤマシギ
ウエット
瀬戸内町節子
28.16431726867097
129.3951273695157",2026-08-15,"2026-08-15 13:39:00+00:00|ヤマシギ|目撃|28.1643173|129.3951274|2026/08/15 22:39
目撃

1匹
ヤマシギ
ウエット
瀬戸内町節子
28.16431726867097
129.3951273695157",OSM_ro42_0_60,7.623968068510011,
2026-08-15 22:53:00+09:00,2026-08-15 20:00:00+09:00,目撃,ヤマシギ,2,,ウエット,28.16322721906298,129.3864939979914,"2026/08/15 22:53
目撃

2匹
ヤマシギ
ウエット
瀬戸内町節子
28.16322721906298
129.3864939979914
",2026-08-15,"2026-08-15 13:53:00+00:00|ヤマシギ|目撃|28.1632272|129.386494|2026/08/15 22:53
目撃

2匹
ヤマシギ
ウエット
瀬戸内町節子
28.16322721906298
129.3864939979914
",OSM_ro440_0_15,2.5050599788450025,
2026-08-15 22:57:00+09:00,2026-08-15 20:00:00+09:00,目撃,カエル,5,,ウエット,28.16541199519144,129.3872176029226,"2026/08/15 22:57
目撃

5匹以上
カエル
ウエット
瀬戸内町節子
28.16541199519144
129.3872176029226
",2026-08-15,"2026-08-15 13:57:00+00:00|カエル|目撃|28.165412|129.3872176|2026/08/15 22:57
目撃

5匹以上
カエル
ウエット
瀬戸内町節子
28.16541199519144
129.3872176029226
",OSM_ro364_0_80,3.8721218078105695,
2026-08-15 23:02:00+09:00,2026-08-15 20:00:00+09:00,目撃,ヤマシギ,3,,ウエット,28.16529253204721,129.3845888462243,"2026/08/15 23:02
目撃

3匹
ヤマシギ
ウエット
瀬戸内町節子
28.16529253204721
129.3845888462243
",2026-08-15,"2026-08-15 14:02:00+00:00|ヤマシギ|目撃|28.1652925|129.3845888|2026/08/15 23:02
目撃

3匹
ヤマシギ
ウエット
瀬戸内町節子
28.16529253204721
129.3845888462243
",OSM_ro364_0_27,2.066936621392431,
2026-08-15 23:04:00+09:00,2026-08-15 20:00:00+09:00,目撃,ネズミ,1,,ウエット,28.1657950673659,129.3823821944224,"2026/08/15 23:04
目撃

1匹
ネズミ
ウエット
瀬戸内町節子
28.1657950673659
129.3823821944224
",2026-08-15,"2026-08-15 14:04:00+00:00|ネズミ|目撃|28.1657951|129.3823822|2026/08/15 23:04
目撃

1匹
ネズミ
ウエット
瀬戸内町節子
28.1657950673659
129.3823821944224
",OSM_ro364_0_3,0.7065451545935822,
2026-08-15 23:05:00+09:00,2026-08-15 20:00:00+09:00,目撃,アカマタ,1,,ウエット,28.16618446077244,129.3822666040261,"2026/08/15 23:05
目撃

1匹
アカマタ
ウエット
瀬戸内町節子1292
28.16618446077244
129.3822666040261",2026-08-15,"2026-08-15 14:05:00+00:00|アカマタ|目撃|28.1661845|129.3822666|2026/08/15 23:05
目撃

1匹
アカマタ
ウエット
瀬戸内町節子1292
28.16618446077244
129.3822666040261",OSM_ro404_0_2,3.7287368514530144,
2026-08-15 23:08:00+09:00,2026-08-15 20:00:00+09:00,目撃,カエル,5,,ソークド(水跳ね),28.16877348248036,129.3793219765203,"2026/08/15 23:08
目撃

5匹以上
カエル
ソークド(水跳ね)
瀬戸内町節子
28.16877348248036
129.3793219765203
",2026-08-15,"2026-08-15 14:08:00+00:00|カエル|目撃|28.1687735|129.379322|2026/08/15 23:08
目撃

5匹以上
カエル
ソークド(水跳ね)
瀬戸内町節子
28.16877348248036
129.3793219765203
",OSM_ro132_0_36,3.682028651152272,
2026-08-15 23:13:00+09:00,2026-08-15 20:00:00+09:00,目撃,カエル,5,,ソークド(水跳ね),28.16925198031419,129.3774485152222,"2026/08/15 23:13
目撃

5匹以上
カエル
ソークド(水跳ね)
瀬戸内町節子
28.16925198031419
129.3774485152222
",2026-08-15,"2026-08-15 14:13:00+00:00|カエル|目撃|28.169252|129.3774485|2026/08/15 23:13
目撃

5匹以上
カエル
ソークド(水跳ね)
瀬戸内町節子
28.16925198031419
129.3774485152222
",OSM_ro961_0_30,1.0295840238061702,
2026-08-15 23:13:00+09:00,2026-08-15 20:00:00+09:00,目撃,カエル,5,,ウエット,28.16863800259118,129.3775233600053,"2026/08/15 23:13
目撃

5匹以上
カエル
ウエット
瀬戸内町節子
28.16863800259118
129.3775233600053
",2026-08-15,"2026-08-15 14:13:00+00:00|カエル|目撃|28.168638|129.3775234|2026/08/15 23:13
目撃

5匹以上
カエル
ウエット
瀬戸内町節子
28.16863800259118
129.3775233600053
",OSM_ro961_0_37,2.4212890237501097,
2026-08-15 23:14:00+09:00,2026-08-15 20:00:00+09:00,目撃,オットンガエル,1,,ウエット,28.16808135059734,129.3773631275693,"2026/08/15 23:14
目撃

1匹
オットンガエル
ウエット
瀬戸内町節子
28.16808135059734
129.3773631275693
",2026-08-15,"2026-08-15 14:14:00+00:00|オットンガエル|目撃|28.1680814|129.3773631|2026/08/15 23:14
目撃

1匹
オットンガエル
ウエット
瀬戸内町節子
28.16808135059734
129.3773631275693
",OSM_ro961_0_44,3.1810966244541516,
2026-08-15 23:20:00+09:00,2026-08-15 20:00:00+09:00,捕獲,ハブ,1,小,ウエット,28.16694657884455,129.371365754195,"2026/08/15 23:20
捕獲
ハブ捕獲小
待機中
山裾
ウエット
瀬戸内町節子
28.16694657884455
129.371365754195
",2026-08-15,"2026-08-15 14:20:00+00:00|ハブ|捕獲|28.1669466|129.3713658|2026/08/15 23:20
捕獲
ハブ捕獲小
待機中
山裾
ウエット
瀬戸内町節子
28.16694657884455
129.371365754195
",OSM_ro37_0_150,0.9618279876332414,
2026-08-15 23:24:00+09:00,2026-08-15 20:00:00+09:00,目撃,カエル,3,,ウエット,28.16629689012999,129.3658822588302,"2026/08/15 23:24
目撃

3匹
カエル
ウエット
瀬戸内町網野子
28.16629689012999
129.3658822588302
",2026-08-15,"2026-08-15 14:24:00+00:00|カエル|目撃|28.1662969|129.3658823|2026/08/15 23:24
目撃

3匹
カエル
ウエット
瀬戸内町網野子
28.16629689012999
129.3658822588302
",OSM_ro37_0_70,0.5143763454256014,
2026-08-16 00:05:00+09:00,2026-08-15 20:00:00+09:00,目撃,カエル,5,,ソークド(水跳ね),28.16779585337669,129.3002919504889,"2026/08/16 0:05
目撃

5匹以上
カエル
ソークド(水跳ね)

28.16779585337669
129.3002919504889
",2026-08-15,"2026-08-15 15:05:00+00:00|カエル|目撃|28.1677959|129.300292|2026/08/16 0:05
目撃

5匹以上
カエル
ソークド(水跳ね)

28.16779585337669
129.3002919504889
",OSM_ro877_0_30,4.233926555895129,
2026-08-16 00:25:00+09:00,2026-08-15 20:00:00+09:00,捕獲,ハブ,1,小,ウエット,28.17024216566392,129.3029272593291,"2026/08/16 0:25
捕獲
ハブ捕獲小
移動中
道路中央
ウエット
瀬戸内町久根津598
28.17024216566392
129.3029272593291
",2026-08-15,"2026-08-15 15:25:00+00:00|ハブ|捕獲|28.1702422|129.3029273|2026/08/16 0:25
捕獲
ハブ捕獲小
移動中
道路中央
ウエット
瀬戸内町久根津598
28.17024216566392
129.3029272593291
",,317.12899398930176,nearest OSM highway exceeds match threshold
2026-08-16 00:25:00+09:00,2026-08-15 20:00:00+09:00,捕獲,ハブ,1,小,ウエット,28.17024216566392,129.3029272593291,"2026/08/16 0:25
捕獲
ハブ捕獲小
移動中
道路中央
ウエット
瀬戸内町久根津598
28.17024216566392
129.3029272593291
",2026-08-15,"2026-08-15 15:25:00+00:00|ハブ|捕獲|28.1702422|129.3029273|2026/08/16 0:25
捕獲
ハブ捕獲小
移動中
道路中央
ウエット
瀬戸内町久根津598
28.17024216566392
129.3029272593291
",,317.12899398930176,nearest OSM highway exceeds match threshold
2026-08-16 00:30:00+09:00,2026-08-15 20:00:00+09:00,目撃,オットンガエル,1,,ウエット,28.17026359465878,129.3027774424985,"2026/08/16 0:30
目撃

1匹
オットンガエル
イシカワガエル
ウエット

28.17026359465878
129.3027774424985
",2026-08-15,"2026-08-15 15:30:00+00:00|オットンガエル|目撃|28.1702636|129.3027774|2026/08/16 0:30
目撃

1匹
オットンガエル
イシカワガエル
ウエット

28.17026359465878
129.3027774424985
",,302.1338332727569,nearest OSM highway exceeds match threshold
2026-08-16 00:30:00+09:00,2026-08-15 20:00:00+09:00,目撃,オットンガエル,1,,ウエット,28.17026359465878,129.3027774424985,"2026/08/16 0:30
目撃

1匹
オットンガエル
イシカワガエル
ウエット

28.17026359465878
129.3027774424985
",2026-08-15,"2026-08-15 15:30:00+00:00|オットンガエル|目撃|28.1702636|129.3027774|2026/08/16 0:30
目撃

1匹
オットンガエル
イシカワガエル
ウエット

28.17026359465878
129.3027774424985
",,302.1338332727569,nearest OSM highway exceeds match threshold
2026-08-16 00:33:00+09:00,2026-08-15 20:00:00+09:00,目撃,カエル,3,,ソークド(水跳ね),28.17063926785185,129.3015737121189,"2026/08/16 0:33
目撃

3匹
カエル
ソークド(水跳ね)
瀬戸内町久根津598-3
28.17063926785185
129.3015737121189
",2026-08-15,"2026-08-15 15:33:00+00:00|カエル|目撃|28.1706393|129.3015737|2026/08/16 0:33
目撃

3匹
カエル
ソークド(水跳ね)
瀬戸内町久根津598-3
28.17063926785185
129.3015737121189
",,182.31975658975918,nearest OSM highway exceeds match threshold
2026-08-16 00:36:00+09:00,2026-08-15 20:00:00+09:00,目撃,カエル,5,,ウエット,28.17073200812017,129.2995035926121,"2026/08/16 0:36
目撃

5匹以上
カエル
ウエット
瀬戸内町久根津331
28.17073200812017
129.2995035926121",2026-08-15,"2026-08-15 15:36:00+00:00|カエル|目撃|28.170732|129.2995036|2026/08/16 0:36
目撃

5匹以上
カエル
ウエット
瀬戸内町久根津331
28.17073200812017
129.2995035926121",OSM_ro130_0_4,0.48621775655009325,
2026-08-16 00:39:00+09:00,2026-08-15 20:00:00+09:00,轢死,ハブ,1,,ウエット,28.17250928850329,129.2958219437927,"2026/08/16 0:39
轢死

1匹
ハブ
ウエット
瀬戸内町県道79号
28.17250928850329
129.2958219437927
",2026-08-15,"2026-08-15 15:39:00+00:00|ハブ|轢死|28.1725093|129.2958219|2026/08/16 0:39
轢死

1匹
ハブ
ウエット
瀬戸内町県道79号
28.17250928850329
129.2958219437927
",OSM_ro779_0_19,0.45949101053560004,
2026-08-16 00:54:00+09:00,2026-08-15 20:00:00+09:00,轢死,アカマタ,1,,ウエット,28.20718528657085,129.2857821119993,"2026/08/16 0:54
轢死

1匹
アカマタ
ウエット

28.20718528657085
129.2857821119993",2026-08-15,"2026-08-15 15:54:00+00:00|アカマタ|轢死|28.2071853|129.2857821|2026/08/16 0:54
轢死

1匹
アカマタ
ウエット

28.20718528657085
129.2857821119993",OSM_ro86_0_234,1.629043600528396,
2026-08-17 21:47:00+09:00,2026-08-17 21:32:00+09:00,捕獲,ハブ,1,小,ドライ,28.13869737651483,129.346271681204,"2026/08/17 21:47
捕獲
ハブ捕獲小
とぐろ
山裾 木の枝
ドライ
瀬戸内町嘉鉄1400
28.13869737651483
129.346271681204
",2026-08-17,"2026-08-17 12:47:00+00:00|ハブ|捕獲|28.1386974|129.3462717|2026/08/17 21:47
捕獲
ハブ捕獲小
とぐろ
山裾 木の枝
ドライ
瀬戸内町嘉鉄1400
28.13869737651483
129.346271681204
",OSM_ro136_0_303,14.12193423028587,
2026-08-17 21:51:00+09:00,2026-08-17 21:32:00+09:00,轢死,リュウキュウアオヘビ,1,,ドライ,28.13892956956546,129.3473697724626,"2026/08/17 21:51
轢死

1匹
リュウキュウアオヘビ
ドライ
瀬戸内町嘉鉄1052
28.13892956956546
129.3473697724626
",2026-08-17,"2026-08-17 12:51:00+00:00|リュウキュウアオヘビ|轢死|28.1389296|129.3473698|2026/08/17 21:51
轢死

1匹
リュウキュウアオヘビ
ドライ
瀬戸内町嘉鉄1052
28.13892956956546
129.3473697724626
",OSM_ro136_0_288,6.720311873806109,
2026-08-17 21:58:00+09:00,2026-08-17 21:32:00+09:00,目撃,ヤマシギ,1,,ドライ,28.14183615922873,129.3481230955273,"2026/08/17 21:58
目撃

1匹
ヤマシギ
ドライ
瀬戸内町県道626号
28.14183615922873
129.3481230955273
",2026-08-17,"2026-08-17 12:58:00+00:00|ヤマシギ|目撃|28.1418362|129.3481231|2026/08/17 21:58
目撃

1匹
ヤマシギ
ドライ
瀬戸内町県道626号
28.14183615922873
129.3481230955273
",OSM_ro136_0_240,0.40408248443643047,
2026-08-17 22:03:00+09:00,2026-08-17 21:32:00+09:00,目撃,ネズミ,1,,ドライ,28.14361907111559,129.3525336697584,"2026/08/17 22:03
目撃

1匹
ネズミ
ドライ
瀬戸内町伊須
28.14361907111559
129.3525336697584
",2026-08-17,"2026-08-17 13:03:00+00:00|ネズミ|目撃|28.1436191|129.3525337|2026/08/17 22:03
目撃

1匹
ネズミ
ドライ
瀬戸内町伊須
28.14361907111559
129.3525336697584
",OSM_ro446_0_36,5.9195967724475045,
2026-08-17 22:31:00+09:00,2026-08-17 21:32:00+09:00,目撃,ヤマシギ,1,,ドライ,28.16547389155333,129.3658447336821,"2026/08/17 22:31
目撃

1匹
ヤマシギ
ドライ
瀬戸内町節子
28.16547389155333
129.3658447336821
",2026-08-17,"2026-08-17 13:31:00+00:00|ヤマシギ|目撃|28.1654739|129.3658447|2026/08/17 22:31
目撃

1匹
ヤマシギ
ドライ
瀬戸内町節子
28.16547389155333
129.3658447336821
",OSM_ro37_0_82,6.543838137196397,
2026-08-17 22:36:00+09:00,2026-08-17 21:32:00+09:00,目撃,アカマタ,1,,ドライ,28.16543715577636,129.3736924800116,"2026/08/17 22:36
目撃

1匹
アカマタ
ドライ
瀬戸内町節子
28.16543715577636
129.3736924800116
",2026-08-17,"2026-08-17 13:36:00+00:00|アカマタ|目撃|28.1654372|129.3736925|2026/08/17 22:36
目撃

1匹
アカマタ
ドライ
瀬戸内町節子
28.16543715577636
129.3736924800116
",OSM_ro34_0_15,2.9036532554198984,
2026-08-17 22:40:00+09:00,2026-08-17 21:32:00+09:00,目撃,オットンガエル,1,,ドライ,28.16909392868289,129.3774364295739,"2026/08/17 22:40
目撃

1匹
オットンガエル
ドライ
瀬戸内町節子
28.16909392868289
129.3774364295739
",2026-08-17,"2026-08-17 13:40:00+00:00|オットンガエル|目撃|28.1690939|129.3774364|2026/08/17 22:40
目撃

1匹
オットンガエル
ドライ
瀬戸内町節子
28.16909392868289
129.3774364295739
",OSM_ro961_0_32,2.7637700527064637,
2026-08-17 22:45:00+09:00,2026-08-17 21:32:00+09:00,目撃,ヤマシギ,1,,ドライ,28.17029696587309,129.3794008846918,"2026/08/17 22:45
目撃

1匹
ヤマシギ
ドライ
瀬戸内町節子
28.17029696587309
129.3794008846918
",2026-08-17,"2026-08-17 13:45:00+00:00|ヤマシギ|目撃|28.170297|129.3794009|2026/08/17 22:45
目撃

1匹
ヤマシギ
ドライ
瀬戸内町節子
28.17029696587309
129.3794008846918
",OSM_ro132_0_19,0.20314612969191603,
2026-08-17 22:52:00+09:00,2026-08-17 21:32:00+09:00,目撃,ヤマシギ,2,,ドライ,28.1653205129177,129.3841744599199,"2026/08/17 22:52
目撃

2匹
ヤマシギ
ドライ
瀬戸内町節子
28.1653205129177
129.3841744599199
",2026-08-17,"2026-08-17 13:52:00+00:00|ヤマシギ|目撃|28.1653205|129.3841745|2026/08/17 22:52
目撃

2匹
ヤマシギ
ドライ
瀬戸内町節子
28.1653205129177
129.3841744599199
",OSM_ro364_0_22,1.0644538753930506,
2026-08-17 23:05:00+09:00,2026-08-17 21:32:00+09:00,目撃,ヤマシギ,1,,ドライ,28.16494629380309,129.38857804776,"2026/08/17 23:05
目撃

1匹
ヤマシギ
ドライ
瀬戸内町節子
28.16494629380309
129.38857804776
",2026-08-17,"2026-08-17 14:05:00+00:00|ヤマシギ|目撃|28.1649463|129.388578|2026/08/17 23:05
目撃

1匹
ヤマシギ
ドライ
瀬戸内町節子
28.16494629380309
129.38857804776
",OSM_ro440_0_46,13.0930748131897,
2026-08-17 23:11:00+09:00,2026-08-17 21:32:00+09:00,目撃,カエル,1,,ドライ,28.16405466541373,129.3903537236345,"2026/08/17 23:11
目撃

1匹
カエル
ドライ

28.16405466541373
129.3903537236345
",2026-08-17,"2026-08-17 14:11:00+00:00|カエル|目撃|28.1640547|129.3903537|2026/08/17 23:11
目撃

1匹
カエル
ドライ

28.16405466541373
129.3903537236345
",OSM_ro440_0_81,11.016020559470723,
2026-08-17 23:14:00+09:00,2026-08-17 21:32:00+09:00,目撃,クロウサギ,1,,ドライ,28.16477048634941,129.3913516118767,"2026/08/17 23:14
目撃

1匹
クロウサギ
ドライ

28.16477048634941
129.3913516118767
",2026-08-17,"2026-08-17 14:14:00+00:00|クロウサギ|目撃|28.1647705|129.3913516|2026/08/17 23:14
目撃

1匹
クロウサギ
ドライ

28.16477048634941
129.3913516118767
",OSM_ro42_0_3,13.445123440215733,
2026-08-17 23:16:00+09:00,2026-08-17 21:32:00+09:00,目撃,アカマタ,1,,ドライ,28.16434438179663,129.3922627923418,"2026/08/17 23:16
目撃

1匹
アカマタ
ドライ 木の上

28.16434438179663
129.3922627923418
",2026-08-17,"2026-08-17 14:16:00+00:00|アカマタ|目撃|28.1643444|129.3922628|2026/08/17 23:16
目撃

1匹
アカマタ
ドライ 木の上

28.16434438179663
129.3922627923418
",OSM_ro42_0_16,0.5507658041872069,
2026-08-17 23:19:00+09:00,2026-08-17 21:32:00+09:00,目撃,クロウサギ,1,,ドライ,28.16438616409277,129.3935475993338,"2026/08/17 23:19
目撃

1匹
クロウサギ
ドライ

28.16438616409277
129.3935475993338
",2026-08-17,"2026-08-17 14:19:00+00:00|クロウサギ|目撃|28.1643862|129.3935476|2026/08/17 23:19
目撃

1匹
クロウサギ
ドライ

28.16438616409277
129.3935475993338
",OSM_ro42_0_35,5.430915099796526,
2026-08-17 23:23:00+09:00,2026-08-17 21:32:00+09:00,目撃,ヤマシギ,1,,ドライ,28.16415710727253,129.3954288278356,"2026/08/17 23:23
目撃

1匹
ヤマシギ
ドライ
瀬戸内町節子
28.16415710727253
129.3954288278356
",2026-08-17,"2026-08-17 14:23:00+00:00|ヤマシギ|目撃|28.1641571|129.3954288|2026/08/17 23:23
目撃

1匹
ヤマシギ
ドライ
瀬戸内町節子
28.16415710727253
129.3954288278356
",OSM_ro42_0_63,5.604154261860639,
2026-08-17 23:27:00+09:00,2026-08-17 21:32:00+09:00,目撃,ヤマシギ,1,,ドライ,28.16554503570999,129.3965566195054,"2026/08/17 23:27
目撃

1匹
ヤマシギ
ドライ

28.16554503570999
129.3965566195054
",2026-08-17,"2026-08-17 14:27:00+00:00|ヤマシギ|目撃|28.165545|129.3965566|2026/08/17 23:27
目撃

1匹
ヤマシギ
ドライ

28.16554503570999
129.3965566195054
",OSM_ro42_0_88,8.537018189801154,
2026-08-17 23:43:00+09:00,2026-08-17 21:32:00+09:00,目撃,ヤマシギ,1,,ドライ,28.17115762483285,129.3970288204796,"2026/08/17 23:43
目撃

1匹
ヤマシギ
ドライ

28.17115762483285
129.3970288204796
",2026-08-17,"2026-08-17 14:43:00+00:00|ヤマシギ|目撃|28.1711576|129.3970288|2026/08/17 23:43
目撃

1匹
ヤマシギ
ドライ

28.17115762483285
129.3970288204796
",OSM_ro142_0_37,9.245161820830564,
2026-08-17 23:54:00+09:00,2026-08-17 21:32:00+09:00,目撃,ヤマシギ,1,,ドライ,28.17248120174847,129.3983430768065,"2026/08/17 23:54
目撃

1匹
ヤマシギ
ドライ

28.17248120174847
129.3983430768065
",2026-08-17,"2026-08-17 14:54:00+00:00|ヤマシギ|目撃|28.1724812|129.3983431|2026/08/17 23:54
目撃

1匹
ヤマシギ
ドライ

28.17248120174847
129.3983430768065
",OSM_ro249_0_44,5.221438248648268,
2026-08-17 23:59:00+09:00,2026-08-17 21:32:00+09:00,目撃,オットンガエル,1,,ドライ,28.17479852673127,129.3978610755012,"2026/08/17 23:59
目撃

1匹
オットンガエル
ドライ
瀬戸内町節子
28.17479852673127
129.3978610755012
",2026-08-17,"2026-08-17 14:59:00+00:00|オットンガエル|目撃|28.1747985|129.3978611|2026/08/17 23:59
目撃

1匹
オットンガエル
ドライ
瀬戸内町節子
28.17479852673127
129.3978610755012
",OSM_ro289_0_103,7.618515097087336,
2026-08-18 00:01:00+09:00,2026-08-17 21:32:00+09:00,目撃,オットンガエル,1,,ドライ,28.17415403111628,129.3976653936369,"2026/08/18 0:01
目撃

1匹
オットンガエル
ドライ

28.17415403111628
129.3976653936369
",2026-08-17,"2026-08-17 15:01:00+00:00|オットンガエル|目撃|28.174154|129.3976654|2026/08/18 0:01
目撃

1匹
オットンガエル
ドライ

28.17415403111628
129.3976653936369
",OSM_ro289_0_96,11.404664663492445,
2026-08-18 00:04:00+09:00,2026-08-17 21:32:00+09:00,目撃,オットンガエル,1,,ドライ,28.17349855978175,129.3954660709296,"2026/08/18 0:04
目撃

1匹
オットンガエル
ドライ

28.17349855978175
129.3954660709296
",2026-08-17,"2026-08-17 15:04:00+00:00|オットンガエル|目撃|28.1734986|129.3954661|2026/08/18 0:04
目撃

1匹
オットンガエル
ドライ

28.17349855978175
129.3954660709296
",OSM_ro289_0_71,1.7300573894373321,
2026-08-18 00:05:00+09:00,2026-08-17 21:32:00+09:00,目撃,オットンガエル,1,,ドライ,28.17349722565637,129.3946944942219,"2026/08/18 0:05
目撃

1匹
オットンガエル
ドライ

28.17349722565637
129.3946944942219
",2026-08-17,"2026-08-17 15:05:00+00:00|オットンガエル|目撃|28.1734972|129.3946945|2026/08/18 0:05
目撃

1匹
オットンガエル
ドライ

28.17349722565637
129.3946944942219
",OSM_ro289_0_63,2.2190146313165275,
2026-08-18 00:09:00+09:00,2026-08-17 21:32:00+09:00,目撃,ヤマシギ,2,,ドライ,28.17427298199085,129.3952691092238,"2026/08/18 0:09
目撃

2匹
ヤマシギ
ドライ

28.17427298199085
129.3952691092238
",2026-08-17,"2026-08-17 15:09:00+00:00|ヤマシギ|目撃|28.174273|129.3952691|2026/08/18 0:09
目撃

2匹
ヤマシギ
ドライ

28.17427298199085
129.3952691092238
",OSM_ro289_0_41,5.753196249399242,
2026-08-18 00:12:00+09:00,2026-08-17 21:32:00+09:00,目撃,ヤマシギ,2,,ドライ,28.17611854931195,129.3964731172003,"2026/08/18 0:12
目撃

2匹
ヤマシギ
ドライ
瀬戸内町節子
28.17611854931195
129.3964731172003
",2026-08-17,"2026-08-17 15:12:00+00:00|ヤマシギ|目撃|28.1761185|129.3964731|2026/08/18 0:12
目撃

2匹
ヤマシギ
ドライ
瀬戸内町節子
28.17611854931195
129.3964731172003
",OSM_ro289_0_12,7.582716847698276,
2026-08-18 00:14:00+09:00,2026-08-17 21:32:00+09:00,目撃,ヤマシギ,1,,ドライ,28.17641218123506,129.3953409329425,"2026/08/18 0:14
目撃

1匹
ヤマシギ
ドライ

28.17641218123506
129.3953409329425
",2026-08-17,"2026-08-17 15:14:00+00:00|ヤマシギ|目撃|28.1764122|129.3953409|2026/08/18 0:14
目撃

1匹
ヤマシギ
ドライ

28.17641218123506
129.3953409329425
",OSM_ro104_0_103,5.171287653982028,
2026-08-18 00:17:00+09:00,2026-08-17 21:32:00+09:00,目撃,オットンガエル,2,,ドライ,28.17731425547671,129.3936637098737,"2026/08/18 0:17
目撃

2匹
オットンガエル
ドライ

28.17731425547671
129.3936637098737
",2026-08-17,"2026-08-17 15:17:00+00:00|オットンガエル|目撃|28.1773143|129.3936637|2026/08/18 0:17
目撃

2匹
オットンガエル
ドライ

28.17731425547671
129.3936637098737
",OSM_ro104_0_74,8.729352814629294,
2026-08-18 00:36:00+09:00,2026-08-17 21:32:00+09:00,目撃,ネズミ,1,,ドライ,28.18742982826323,129.3983020032919,"2026/08/18 0:36
目撃

1匹
ネズミ
ドライ

28.18742982826323
129.3983020032919
",2026-08-17,"2026-08-17 15:36:00+00:00|ネズミ|目撃|28.1874298|129.398302|2026/08/18 0:36
目撃

1匹
ネズミ
ドライ

28.18742982826323
129.3983020032919
",OSM_ro191_0_60,1.0260355992670918,
2026-08-18 00:40:00+09:00,2026-08-17 21:32:00+09:00,目撃,クロウサギ,1,,ドライ,28.18603583793779,129.3950018776702,"2026/08/18 0:40
目撃

1匹
クロウサギ
ドライ

28.18603583793779
129.3950018776702
",2026-08-17,"2026-08-17 15:40:00+00:00|クロウサギ|目撃|28.1860358|129.3950019|2026/08/18 0:40
目撃

1匹
クロウサギ
ドライ

28.18603583793779
129.3950018776702
",OSM_ro191_0_14,0.1007757937724491,
2026-08-18 00:41:00+09:00,2026-08-17 21:32:00+09:00,目撃,カエル,5,,ソークド(水跳ね),28.18759684593521,129.3952048946164,"2026/08/18 0:41
目撃

5匹以上
カエル
ソークド(水跳ね)
瀬戸内町嘉徳
28.18759684593521
129.3952048946164
",2026-08-17,"2026-08-17 15:41:00+00:00|カエル|目撃|28.1875968|129.3952049|2026/08/18 0:41
目撃

5匹以上
カエル
ソークド(水跳ね)
瀬戸内町嘉徳
28.18759684593521
129.3952048946164
",OSM_ro448_0_97,0.061816915295962026,
2026-08-18 00:42:00+09:00,2026-08-17 21:32:00+09:00,目撃,オットンガエル,1,,ソークド(水跳ね),28.18796413646565,129.395523221146,"2026/08/18 0:42
目撃

1匹
オットンガエル
ソークド(水跳ね)

28.18796413646565
129.395523221146
",2026-08-17,"2026-08-17 15:42:00+00:00|オットンガエル|目撃|28.1879641|129.3955232|2026/08/18 0:42
目撃

1匹
オットンガエル
ソークド(水跳ね)

28.18796413646565
129.395523221146
",OSM_ro448_0_91,4.219445409615795,
2026-08-18 00:42:00+09:00,2026-08-17 21:32:00+09:00,目撃,カエル,5,,ソークド(水跳ね),28.18820399417239,129.3956674035017,"2026/08/18 0:42
目撃

5匹以上
カエル
ソークド(水跳ね)
瀬戸内町嘉徳
28.18820399417239
129.3956674035017
",2026-08-17,"2026-08-17 15:42:00+00:00|カエル|目撃|28.188204|129.3956674|2026/08/18 0:42
目撃

5匹以上
カエル
ソークド(水跳ね)
瀬戸内町嘉徳
28.18820399417239
129.3956674035017
",OSM_ro448_0_88,11.043046536962786,
2026-08-18 00:44:00+09:00,2026-08-17 21:32:00+09:00,目撃,カエル,5,,ソークド(水跳ね),28.18942994393241,129.3966995774256,"2026/08/18 0:44
目撃

5匹以上
カエル
ソークド(水跳ね)
瀬戸内町嘉徳
28.18942994393241
129.3966995774256
",2026-08-17,"2026-08-17 15:44:00+00:00|カエル|目撃|28.1894299|129.3966996|2026/08/18 0:44
目撃

5匹以上
カエル
ソークド(水跳ね)
瀬戸内町嘉徳
28.18942994393241
129.3966995774256
",OSM_ro448_0_71,2.735053248960886,
2026-08-18 00:45:00+09:00,2026-08-17 21:32:00+09:00,目撃,クロウサギ,1,,ドライ,28.1898950977583,129.3973911411929,"2026/08/18 0:45
目撃

1匹
クロウサギ
ドライ
瀬戸内町嘉徳
28.1898950977583
129.3973911411929
",2026-08-17,"2026-08-17 15:45:00+00:00|クロウサギ|目撃|28.1898951|129.3973911|2026/08/18 0:45
目撃

1匹
クロウサギ
ドライ
瀬戸内町嘉徳
28.1898950977583
129.3973911411929
",OSM_ro448_0_62,5.279010688654726,
2026-08-18 00:48:00+09:00,2026-08-17 21:32:00+09:00,捕獲,ハブ,1,小,ウエット,28.19180829076465,129.3972451529137,"2026/08/18 0:48
捕獲
ハブ捕獲小
待機中
道路脇
ウエット
瀬戸内町嘉徳
28.19180829076465
129.3972451529137
",2026-08-17,"2026-08-17 15:48:00+00:00|ハブ|捕獲|28.1918083|129.3972452|2026/08/18 0:48
捕獲
ハブ捕獲小
待機中
道路脇
ウエット
瀬戸内町嘉徳
28.19180829076465
129.3972451529137
",OSM_ro448_0_34,7.815640365532956,
2026-08-18 01:13:00+09:00,2026-08-17 21:32:00+09:00,目撃,その他,2,,ドライ,28.19495710199164,129.3966119191911,"2026/08/18 1:13
目撃

2匹
アカショウビン
ドライ

28.19495710199164
129.3966119191911
",2026-08-17,"2026-08-17 16:13:00+00:00|その他|目撃|28.1949571|129.3966119|2026/08/18 1:13
目撃

2匹
アカショウビン
ドライ

28.19495710199164
129.3966119191911
",OSM_ro137_0_5,15.424093867195419,
2026-08-18 01:28:00+09:00,2026-08-17 21:32:00+09:00,目撃,ヒメハブ,1,,ドライ,28.1863150551378,129.3786669779681,"2026/08/18 1:28
目撃

1匹
ヒメハブ
ドライ
瀬戸内町嘉徳
28.1863150551378
129.3786669779681
",2026-08-17,"2026-08-17 16:28:00+00:00|ヒメハブ|目撃|28.1863151|129.378667|2026/08/18 1:28
目撃

1匹
ヒメハブ
ドライ
瀬戸内町嘉徳
28.1863150551378
129.3786669779681
",OSM_ro527_0_38,11.889051215065882,
2026-08-18 01:51:00+09:00,2026-08-17 21:32:00+09:00,目撃,アカマタ,1,,ドライ,28.16294732310111,129.3273231234184,"2026/08/18 1:51
目撃

1匹
アカマタ
ドライ
瀬戸内町国道58号
28.16294732310111
129.3273231234184",2026-08-17,"2026-08-17 16:51:00+00:00|アカマタ|目撃|28.1629473|129.3273231|2026/08/18 1:51
目撃

1匹
アカマタ
ドライ
瀬戸内町国道58号
28.16294732310111
129.3273231234184",OSM_ro358_0_17,3.271073391195754,
2026-08-19 21:03:00+09:00,2026-08-19 20:39:00+09:00,目撃,ヤマシギ,1,,ウエット,28.1417353623477,129.3482207959841,"2026/08/19 21:03
目撃

1匹
ヤマシギ
ウエット
瀬戸内町県道626号
28.1417353623477
129.3482207959841
",2026-08-19,"2026-08-19 12:03:00+00:00|ヤマシギ|目撃|28.1417354|129.3482208|2026/08/19 21:03
目撃

1匹
ヤマシギ
ウエット
瀬戸内町県道626号
28.1417353623477
129.3482207959841
",OSM_ro136_0_241,4.87816082023319,
2026-08-19 21:06:00+09:00,2026-08-19 20:39:00+09:00,目撃,ネズミ,1,,ウエット,28.14262255965721,129.3527939666337,"2026/08/19 21:06
目撃

1匹
ネズミ
ウエット
瀬戸内町伊須
28.14262255965721
129.3527939666337
",2026-08-19,"2026-08-19 12:06:00+00:00|ネズミ|目撃|28.1426226|129.352794|2026/08/19 21:06
目撃

1匹
ネズミ
ウエット
瀬戸内町伊須
28.14262255965721
129.3527939666337
",OSM_ro446_0_48,3.363103244824424,
2026-08-19 21:07:00+09:00,2026-08-19 20:39:00+09:00,轢死,ハブ,1,,ウエット,28.14310477040075,129.3526276608095,"2026/08/19 21:07
轢死

1匹
ハブ
ウエット
瀬戸内町伊須
28.14310477040075
129.3526276608095
",2026-08-19,"2026-08-19 12:07:00+00:00|ハブ|轢死|28.1431048|129.3526277|2026/08/19 21:07
轢死

1匹
ハブ
ウエット
瀬戸内町伊須
28.14310477040075
129.3526276608095
",OSM_ro446_0_42,0.20734627986211515,
2026-08-19 21:09:00+09:00,2026-08-19 20:39:00+09:00,目撃,アマミハナサキガエル,1,,ウエット,28.14559726563226,129.3566958727915,"2026/08/19 21:09
目撃

1匹
アマミハナサキガエル
ウエット
瀬戸内町伊須
28.14559726563226
129.3566958727915
",2026-08-19,"2026-08-19 12:09:00+00:00|アマミハナサキガエル|目撃|28.1455973|129.3566959|2026/08/19 21:09
目撃

1匹
アマミハナサキガエル
ウエット
瀬戸内町伊須
28.14559726563226
129.3566958727915
",OSM_ro480_0_88,1.623215512011588,
2026-08-19 21:12:00+09:00,2026-08-19 20:39:00+09:00,目撃,アカマタ,1,,ウエット,28.14727240222381,129.3563540411328,"2026/08/19 21:12
目撃

1匹
アカマタ
ウエット
瀬戸内町伊須
28.14727240222381
129.3563540411328
",2026-08-19,"2026-08-19 12:12:00+00:00|アカマタ|目撃|28.1472724|129.356354|2026/08/19 21:12
目撃

1匹
アカマタ
ウエット
瀬戸内町伊須
28.14727240222381
129.3563540411328
",OSM_ro480_0_32,3.8750825295903994,
2026-08-19 21:44:00+09:00,2026-08-19 20:39:00+09:00,目撃,カエル,5,,ウエット,28.16901264324477,129.3774661206919,"2026/08/19 21:44
目撃

5匹以上
カエル
ウエット
瀬戸内町節子
28.16901264324477
129.3774661206919
",2026-08-19,"2026-08-19 12:44:00+00:00|カエル|目撃|28.1690126|129.3774661|2026/08/19 21:44
目撃

5匹以上
カエル
ウエット
瀬戸内町節子
28.16901264324477
129.3774661206919
",OSM_ro961_0_33,1.1924823521947863,
2026-08-19 21:46:00+09:00,2026-08-19 20:39:00+09:00,目撃,カエル,1,,ウエット,28.1701880737827,129.3778878772282,"2026/08/19 21:46
目撃

1匹
カエル
ウエット
瀬戸内町節子
28.1701880737827
129.3778878772282
",2026-08-19,"2026-08-19 12:46:00+00:00|カエル|目撃|28.1701881|129.3778879|2026/08/19 21:46
目撃

1匹
カエル
ウエット
瀬戸内町節子
28.1701880737827
129.3778878772282
",OSM_ro961_0_14,1.9413630009110148,
2026-08-19 21:52:00+09:00,2026-08-19 20:39:00+09:00,目撃,カエル,3,,ウエット,28.16799969968599,129.3813923118779,"2026/08/19 21:52
目撃

3匹
カエル
ウエット
瀬戸内町節子
28.16799969968599
129.3813923118779
",2026-08-19,"2026-08-19 12:52:00+00:00|カエル|目撃|28.1679997|129.3813923|2026/08/19 21:52
目撃

3匹
カエル
ウエット
瀬戸内町節子
28.16799969968599
129.3813923118779
",OSM_ro278_0_10,1.595274430758673,
2026-08-19 21:55:00+09:00,2026-08-19 20:39:00+09:00,目撃,アカマタ,1,,ウエット,28.16573784883322,129.3826378495557,"2026/08/19 21:55
目撃

1匹
アカマタ
ウエット
瀬戸内町節子
28.16573784883322
129.3826378495557
",2026-08-19,"2026-08-19 12:55:00+00:00|アカマタ|目撃|28.1657378|129.3826378|2026/08/19 21:55
目撃

1匹
アカマタ
ウエット
瀬戸内町節子
28.16573784883322
129.3826378495557
",OSM_ro364_0_6,4.149898991125599,
2026-08-19 21:56:00+09:00,2026-08-19 20:39:00+09:00,目撃,オットンガエル,2,,ウエット,28.16540465936958,129.3832876950803,"2026/08/19 21:56
目撃

2匹
オットンガエル
ウエット
瀬戸内町節子1335
28.16540465936958
129.3832876950803
",2026-08-19,"2026-08-19 12:56:00+00:00|オットンガエル|目撃|28.1654047|129.3832877|2026/08/19 21:56
目撃

2匹
オットンガエル
ウエット
瀬戸内町節子1335
28.16540465936958
129.3832876950803
",OSM_ro364_0_13,0.9552391089683805,
2026-08-19 21:57:00+09:00,2026-08-19 20:39:00+09:00,目撃,ネズミ,1,,ウエット,28.16531347558634,129.3835858392045,"2026/08/19 21:57
目撃

1匹
ネズミ
ウエット
瀬戸内町節子1335
28.16531347558634
129.3835858392045
",2026-08-19,"2026-08-19 12:57:00+00:00|ネズミ|目撃|28.1653135|129.3835858|2026/08/19 21:57
目撃

1匹
ネズミ
ウエット
瀬戸内町節子1335
28.16531347558634
129.3835858392045
",OSM_ro364_0_17,0.26571115164388964,
2026-08-19 21:58:00+09:00,2026-08-19 20:39:00+09:00,目撃,ヤマシギ,2,,ウエット,28.16533933959514,129.3844203030712,"2026/08/19 21:58
目撃

2匹
ヤマシギ
ウエット
瀬戸内町節子
28.16533933959514
129.3844203030712
",2026-08-19,"2026-08-19 12:58:00+00:00|ヤマシギ|目撃|28.1653393|129.3844203|2026/08/19 21:58
目撃

2匹
ヤマシギ
ウエット
瀬戸内町節子
28.16533933959514
129.3844203030712
",OSM_ro364_0_25,3.1714289312913317,
2026-08-19 22:01:00+09:00,2026-08-19 20:39:00+09:00,目撃,イシカワガエル,1,,ウエット,28.1662136855378,129.3877179165427,"2026/08/19 22:01
目撃

1匹
イシカワガエル
ウエット
瀬戸内町節子
28.1662136855378
129.3877179165427
",2026-08-19,"2026-08-19 13:01:00+00:00|イシカワガエル|目撃|28.1662137|129.3877179|2026/08/19 22:01
目撃

1匹
イシカワガエル
ウエット
瀬戸内町節子
28.1662136855378
129.3877179165427
",OSM_ro364_0_66,12.870472908873598,
2026-08-19 22:08:00+09:00,2026-08-19 20:39:00+09:00,目撃,ヤマシギ,1,,ウエット,28.16329494328307,129.3865365076181,"2026/08/19 22:08
目撃

1匹
ヤマシギ
ウエット
瀬戸内町節子
28.16329494328307
129.3865365076181
",2026-08-19,"2026-08-19 13:08:00+00:00|ヤマシギ|目撃|28.1632949|129.3865365|2026/08/19 22:08
目撃

1匹
ヤマシギ
ウエット
瀬戸内町節子
28.16329494328307
129.3865365076181
",OSM_ro440_0_16,3.042739792016215,
2026-08-19 22:14:00+09:00,2026-08-19 20:39:00+09:00,目撃,オットンガエル,1,,ウエット,28.16507656488939,129.3905892647382,"2026/08/19 22:14
目撃

1匹
オットンガエル
ウエット
瀬戸内町節子
28.16507656488939
129.3905892647382
",2026-08-19,"2026-08-19 13:14:00+00:00|オットンガエル|目撃|28.1650766|129.3905893|2026/08/19 22:14
目撃

1匹
オットンガエル
ウエット
瀬戸内町節子
28.16507656488939
129.3905892647382
",OSM_ro440_0_69,10.271142124090995,
2026-08-19 22:15:00+09:00,2026-08-19 20:39:00+09:00,目撃,オットンガエル,1,,ウエット,28.16487672314075,129.3908258994637,"2026/08/19 22:15
目撃

1匹
オットンガエル
ウエット

28.16487672314075
129.3908258994637",2026-08-19,"2026-08-19 13:15:00+00:00|オットンガエル|目撃|28.1648767|129.3908259|2026/08/19 22:15
目撃

1匹
オットンガエル
ウエット

28.16487672314075
129.3908258994637",OSM_ro440_0_71,11.953348987770323,
2026-08-19 22:18:00+09:00,2026-08-19 20:39:00+09:00,目撃,クロウサギ,1,,ウエット,28.16470886896647,129.3910812628928,"2026/08/19 22:18
目撃

1匹
クロウサギ
ウエット
瀬戸内町節子
28.16470886896647
129.3910812628928
",2026-08-19,"2026-08-19 13:18:00+00:00|クロウサギ|目撃|28.1647089|129.3910813|2026/08/19 22:18
目撃

1匹
クロウサギ
ウエット
瀬戸内町節子
28.16470886896647
129.3910812628928
",OSM_ro42_0_1,3.4718751202212714,
2026-08-19 22:31:00+09:00,2026-08-19 20:39:00+09:00,目撃,クロウサギ,1,,ウエット,28.16917094025413,129.3960973351586,"2026/08/19 22:31
目撃

1匹
クロウサギ
ウエット

28.16917094025413
129.3960973351586
",2026-08-19,"2026-08-19 13:31:00+00:00|クロウサギ|目撃|28.1691709|129.3960973|2026/08/19 22:31
目撃

1匹
クロウサギ
ウエット

28.16917094025413
129.3960973351586
",OSM_ro313_0_21,1.1420108144037215,
2026-08-19 22:37:00+09:00,2026-08-19 20:39:00+09:00,目撃,ヤマシギ,1,,ウエット,28.17127632554662,129.3970044899528,"2026/08/19 22:37
目撃

1匹
ヤマシギ
ウエット

28.17127632554662
129.3970044899528
",2026-08-19,"2026-08-19 13:37:00+00:00|ヤマシギ|目撃|28.1712763|129.3970045|2026/08/19 22:37
目撃

1匹
ヤマシギ
ウエット

28.17127632554662
129.3970044899528
",OSM_ro142_0_36,10.222343664612358,
2026-08-19 22:38:00+09:00,2026-08-19 20:39:00+09:00,目撃,オットンガエル,1,,ウエット,28.17082066197027,129.3973274896197,"2026/08/19 22:38
目撃

1匹
オットンガエル
ウエット

28.17082066197027
129.3973274896197
",2026-08-19,"2026-08-19 13:38:00+00:00|オットンガエル|目撃|28.1708207|129.3973275|2026/08/19 22:38
目撃

1匹
オットンガエル
ウエット

28.17082066197027
129.3973274896197
",OSM_ro142_0_42,14.776789818407726,
2026-08-19 22:42:00+09:00,2026-08-19 20:39:00+09:00,目撃,アカマタ,1,,ウエット,28.17149716222383,129.3988122628253,"2026/08/19 22:42
目撃

1匹
アカマタ
ウエット

28.17149716222383
129.3988122628253
",2026-08-19,"2026-08-19 13:42:00+00:00|アカマタ|目撃|28.1714972|129.3988123|2026/08/19 22:42
目撃

1匹
アカマタ
ウエット

28.17149716222383
129.3988122628253
",OSM_ro249_0_77,3.963431134568999,
2026-08-19 22:45:00+09:00,2026-08-19 20:39:00+09:00,目撃,ヒメハブ,1,,ウエット,28.17296032808158,129.3988298813091,"2026/08/19 22:45
目撃

1匹
ヒメハブ
ヤマシギ
ウエット
瀬戸内町節子
28.17296032808158
129.3988298813091
",2026-08-19,"2026-08-19 13:45:00+00:00|ヒメハブ|目撃|28.1729603|129.3988299|2026/08/19 22:45
目撃

1匹
ヒメハブ
ヤマシギ
ウエット
瀬戸内町節子
28.17296032808158
129.3988298813091
",OSM_ro249_0_35,13.447963181267996,
2026-08-19 22:47:00+09:00,2026-08-19 20:39:00+09:00,目撃,オットンガエル,1,,ウエット,28.17400014391972,129.3985498990852,"2026/08/19 22:47
目撃

1匹
オットンガエル
ウエット

28.17400014391972
129.3985498990852
",2026-08-19,"2026-08-19 13:47:00+00:00|オットンガエル|目撃|28.1740001|129.3985499|2026/08/19 22:47
目撃

1匹
オットンガエル
ウエット

28.17400014391972
129.3985498990852
",OSM_ro249_0_23,4.0544274597984105,
2026-08-19 22:51:00+09:00,2026-08-19 20:39:00+09:00,目撃,オットンガエル,1,,ウエット,28.174074420953,129.3964905517254,"2026/08/19 22:51
目撃

1匹
オットンガエル
ウエット
瀬戸内町節子
28.174074420953
129.3964905517254
",2026-08-19,"2026-08-19 13:51:00+00:00|オットンガエル|目撃|28.1740744|129.3964906|2026/08/19 22:51
目撃

1匹
オットンガエル
ウエット
瀬戸内町節子
28.174074420953
129.3964905517254
",OSM_ro289_0_83,4.501662876297888,
2026-08-19 22:53:00+09:00,2026-08-19 20:39:00+09:00,目撃,ヒメハブ,1,,ウエット,28.1735836790558,129.3945882773063,"2026/08/19 22:53
目撃

1匹
ヒメハブ
オットンガエル
ウエット
瀬戸内町節子
28.1735836790558
129.3945882773063
",2026-08-19,"2026-08-19 13:53:00+00:00|ヒメハブ|目撃|28.1735837|129.3945883|2026/08/19 22:53
目撃

1匹
ヒメハブ
オットンガエル
ウエット
瀬戸内町節子
28.1735836790558
129.3945882773063
",OSM_ro289_0_62,4.393418651722404,
2026-08-19 22:54:00+09:00,2026-08-19 20:39:00+09:00,目撃,オットンガエル,1,,ウエット,28.17402459192779,129.3945037208312,"2026/08/19 22:54
目撃

1匹
オットンガエル
ウエット
瀬戸内町節子
28.17402459192779
129.3945037208312
",2026-08-19,"2026-08-19 13:54:00+00:00|オットンガエル|目撃|28.1740246|129.3945037|2026/08/19 22:54
目撃

1匹
オットンガエル
ウエット
瀬戸内町節子
28.17402459192779
129.3945037208312
",OSM_ro289_0_57,6.306841983829069,
2026-08-19 22:54:00+09:00,2026-08-19 20:39:00+09:00,目撃,アマミハナサキガエル,1,,ウエット,28.17440808857294,129.3945208570227,"2026/08/19 22:54
目撃

1匹
アマミハナサキガエル
ウエット
瀬戸内町節子
28.17440808857294
129.3945208570227
",2026-08-19,"2026-08-19 13:54:00+00:00|アマミハナサキガエル|目撃|28.1744081|129.3945209|2026/08/19 22:54
目撃

1匹
アマミハナサキガエル
ウエット
瀬戸内町節子
28.17440808857294
129.3945208570227
",OSM_ro289_0_53,5.385314477874435,
2026-08-19 22:56:00+09:00,2026-08-19 20:39:00+09:00,目撃,ヤマシギ,1,,ウエット,28.17430539063135,129.3953518255256,"2026/08/19 22:56
目撃

1匹
ヤマシギ
ウエット

28.17430539063135
129.3953518255256
",2026-08-19,"2026-08-19 13:56:00+00:00|ヤマシギ|目撃|28.1743054|129.3953518|2026/08/19 22:56
目撃

1匹
ヤマシギ
ウエット

28.17430539063135
129.3953518255256
",OSM_ro289_0_40,6.506703307333814,
2026-08-19 22:58:00+09:00,2026-08-19 20:39:00+09:00,目撃,クロウサギ,1,,ウエット,28.17603893395477,129.3967204014625,"2026/08/19 22:58
目撃

1匹
クロウサギ
ウエット

28.17603893395477
129.3967204014625
",2026-08-19,"2026-08-19 13:58:00+00:00|クロウサギ|目撃|28.1760389|129.3967204|2026/08/19 22:58
目撃

1匹
クロウサギ
ウエット

28.17603893395477
129.3967204014625
",OSM_ro289_0_14,9.051548021251387,
2026-08-19 23:02:00+09:00,2026-08-19 20:39:00+09:00,捕獲,ハブ,1,大,ウエット,28.17714901167268,129.3944732250466,"2026/08/19 23:02
捕獲
ハブ捕獲大
伸び
山裾
ウエット
瀬戸内町節子
28.17714901167268
129.3944732250466
",2026-08-19,"2026-08-19 14:02:00+00:00|ハブ|捕獲|28.177149|129.3944732|2026/08/19 23:02
捕獲
ハブ捕獲大
伸び
山裾
ウエット
瀬戸内町節子
28.17714901167268
129.3944732250466
",OSM_ro104_0_88,7.827781900831006,
2026-08-19 23:05:00+09:00,2026-08-19 20:39:00+09:00,目撃,カエル,1,,ウエット,28.17779871064885,129.3934480851486,"2026/08/19 23:05
目撃

1匹
カエル
ウエット
瀬戸内町節子
28.17779871064885
129.3934480851486
",2026-08-19,"2026-08-19 14:05:00+00:00|カエル|目撃|28.1777987|129.3934481|2026/08/19 23:05
目撃

1匹
カエル
ウエット
瀬戸内町節子
28.17779871064885
129.3934480851486
",OSM_ro104_0_69,3.243067475746401,
2026-08-19 23:06:00+09:00,2026-08-19 20:39:00+09:00,目撃,カエル,5,,ウエット,28.17852982684514,129.3937031790097,"2026/08/19 23:06
目撃

5匹以上
カエル
ウエット

28.17852982684514
129.3937031790097
",2026-08-19,"2026-08-19 14:06:00+00:00|カエル|目撃|28.1785298|129.3937032|2026/08/19 23:06
目撃

5匹以上
カエル
ウエット

28.17852982684514
129.3937031790097
",OSM_ro104_0_56,6.1681537750916915,
2026-08-19 23:08:00+09:00,2026-08-19 20:39:00+09:00,目撃,ヤマシギ,1,,ウエット,28.17798956046342,129.3944451032127,"2026/08/19 23:08
目撃

1匹
クロウサギ
ヤマシギ
ウエット
瀬戸内町節子
28.17798956046342
129.3944451032127
",2026-08-19,"2026-08-19 14:08:00+00:00|ヤマシギ|目撃|28.1779896|129.3944451|2026/08/19 23:08
目撃

1匹
クロウサギ
ヤマシギ
ウエット
瀬戸内町節子
28.17798956046342
129.3944451032127
",OSM_ro104_0_43,2.778678720399457,
2026-08-19 23:12:00+09:00,2026-08-19 20:39:00+09:00,目撃,ヤマシギ,1,,ウエット,28.18124152139828,129.3947021305036,"2026/08/19 23:12
目撃

1匹
ヤマシギ
ウエット

28.18124152139828
129.3947021305036
",2026-08-19,"2026-08-19 14:12:00+00:00|ヤマシギ|目撃|28.1812415|129.3947021|2026/08/19 23:12
目撃

1匹
ヤマシギ
ウエット

28.18124152139828
129.3947021305036
",OSM_ro104_0_2,0.038167799743388756,
2026-08-19 23:17:00+09:00,2026-08-19 20:39:00+09:00,目撃,クロウサギ,2,,ウエット,28.18460533043381,129.3969475352735,"2026/08/19 23:17
目撃

2匹
クロウサギ
ウエット
瀬戸内町嘉徳
28.18460533043381
129.3969475352735
",2026-08-19,"2026-08-19 14:17:00+00:00|クロウサギ|目撃|28.1846053|129.3969475|2026/08/19 23:17
目撃

2匹
クロウサギ
ウエット
瀬戸内町嘉徳
28.18460533043381
129.3969475352735
",OSM_ro280_0_32,17.296026219284002,
2026-08-19 23:30:00+09:00,2026-08-19 20:39:00+09:00,目撃,カエル,5,,ウエット,28.18779976935596,129.3954783740199,"2026/08/19 23:30
目撃

5匹以上
カエル
ウエット
瀬戸内町嘉徳
28.18779976935596
129.3954783740199
",2026-08-19,"2026-08-19 14:30:00+00:00|カエル|目撃|28.1877998|129.3954784|2026/08/19 23:30
目撃

5匹以上
カエル
ウエット
瀬戸内町嘉徳
28.18779976935596
129.3954783740199
",OSM_ro448_0_93,2.494906483715535,
2026-08-19 23:30:00+09:00,2026-08-19 20:39:00+09:00,目撃,クロウサギ,1,,ウエット,28.18830075762568,129.3958102239185,"2026/08/19 23:30
目撃

1匹
クロウサギ
ウエット
瀬戸内町嘉徳
28.18830075762568
129.3958102239185
",2026-08-19,"2026-08-19 14:30:00+00:00|クロウサギ|目撃|28.1883008|129.3958102|2026/08/19 23:30
目撃

1匹
クロウサギ
ウエット
瀬戸内町嘉徳
28.18830075762568
129.3958102239185
",OSM_ro448_0_87,8.246011194841158,
2026-08-19 23:32:00+09:00,2026-08-19 20:39:00+09:00,目撃,オットンガエル,1,,ウエット,28.18913538640225,129.3964408651211,"2026/08/19 23:32
目撃

1匹
オットンガエル
ウエット
瀬戸内町嘉徳
28.18913538640225
129.3964408651211
",2026-08-19,"2026-08-19 14:32:00+00:00|オットンガエル|目撃|28.1891354|129.3964409|2026/08/19 23:32
目撃

1匹
オットンガエル
ウエット
瀬戸内町嘉徳
28.18913538640225
129.3964408651211
",OSM_ro448_0_75,2.9898980957235515,
2026-08-19 23:42:00+09:00,2026-08-19 20:39:00+09:00,捕獲,ハブ,1,大,ウエット,28.19077610995356,129.3981206074766,"2026/08/19 23:42
捕獲
ハブ捕獲大
移動中
山裾
ウエット
瀬戸内町嘉徳
28.19077610995356
129.3981206074766
",2026-08-19,"2026-08-19 14:42:00+00:00|ハブ|捕獲|28.1907761|129.3981206|2026/08/19 23:42
捕獲
ハブ捕獲大
移動中
山裾
ウエット
瀬戸内町嘉徳
28.19077610995356
129.3981206074766
",OSM_ro448_0_49,13.750538252076746,
2026-08-19 23:46:00+09:00,2026-08-19 20:39:00+09:00,目撃,カエル,5,,ウエット,28.18769632832652,129.3953727158809,"2026/08/19 23:46
目撃

5匹以上
カエル
ウエット

28.18769632832652
129.3953727158809
",2026-08-19,"2026-08-19 14:46:00+00:00|カエル|目撃|28.1876963|129.3953727|2026/08/19 23:46
目撃

5匹以上
カエル
ウエット

28.18769632832652
129.3953727158809
",OSM_ro448_0_95,3.486021292882657,
2026-08-19 23:55:00+09:00,2026-08-19 20:39:00+09:00,目撃,クロウサギ,1,,ウエット,28.18537608342937,129.3972957713192,"2026/08/19 23:55
目撃

1匹
クロウサギ
ウエット

28.18537608342937
129.3972957713192
なう(2026/08/19 23:58:07)霧、雨",2026-08-19,"2026-08-19 14:55:00+00:00|クロウサギ|目撃|28.1853761|129.3972958|2026/08/19 23:55
目撃

1匹
クロウサギ
ウエット

28.18537608342937
129.3972957713192
なう(2026/08/19 23:58:07)霧、雨",OSM_ro280_0_11,2.080732501859782,
2026-08-20 00:09:00+09:00,2026-08-19 20:39:00+09:00,目撃,アカマタ,1,,ウエット,28.1746646993948,129.3954966421761,"2026/08/20 0:09
目撃

1匹
アカマタ
ウエット
瀬戸内町節子
28.1746646993948
129.3954966421761
",2026-08-19,"2026-08-19 15:09:00+00:00|アカマタ|目撃|28.1746647|129.3954966|2026/08/20 0:09
目撃

1匹
アカマタ
ウエット
瀬戸内町節子
28.1746646993948
129.3954966421761
",OSM_ro289_0_36,1.9009638462413332,
2026-08-20 00:12:00+09:00,2026-08-19 20:39:00+09:00,目撃,カエル,5,,ウエット,28.17350357084962,129.3952976209971,"2026/08/20 0:12
目撃

5匹以上
カエル
ウエット
瀬戸内町節子
28.17350357084962
129.3952976209971",2026-08-19,"2026-08-19 15:12:00+00:00|カエル|目撃|28.1735036|129.3952976|2026/08/20 0:12
目撃

5匹以上
カエル
ウエット
瀬戸内町節子
28.17350357084962
129.3952976209971",OSM_ro289_0_70,0.5586619052560837,
2026-08-20 00:18:00+09:00,2026-08-19 20:39:00+09:00,目撃,オットンガエル,1,,ウエット,28.17435025251271,129.3990482341934,"2026/08/20 0:18
目撃

1匹
オットンガエル
ウエット

28.17435025251271
129.3990482341934
",2026-08-19,"2026-08-19 15:18:00+00:00|オットンガエル|目撃|28.1743503|129.3990482|2026/08/20 0:18
目撃

1匹
オットンガエル
ウエット

28.17435025251271
129.3990482341934
",OSM_ro249_0_16,0.28357086764260114,
2026-08-20 00:18:00+09:00,2026-08-19 20:39:00+09:00,目撃,オットンガエル,1,,ウエット,28.17404235345247,129.3986235519583,"2026/08/20 0:18
目撃

1匹
カエル
オットンガエル
ウエット

28.17404235345247
129.3986235519583
",2026-08-19,"2026-08-19 15:18:00+00:00|オットンガエル|目撃|28.1740424|129.3986236|2026/08/20 0:18
目撃

1匹
カエル
オットンガエル
ウエット

28.17404235345247
129.3986235519583
",OSM_ro249_0_22,3.5604072457617697,
2026-08-20 00:19:00+09:00,2026-08-19 20:39:00+09:00,目撃,ヤマシギ,1,,ウエット,28.17296750382027,129.3989087449846,"2026/08/20 0:19
目撃

1匹
ヤマシギ
ウエット
瀬戸内町節子
28.17296750382027
129.3989087449846",2026-08-19,"2026-08-19 15:19:00+00:00|ヤマシギ|目撃|28.1729675|129.3989087|2026/08/20 0:19
目撃

1匹
ヤマシギ
ウエット
瀬戸内町節子
28.17296750382027
129.3989087449846",OSM_ro249_0_35,17.845399666098036,
2026-08-20 00:26:00+09:00,2026-08-19 20:39:00+09:00,目撃,カエル,2,,ウエット,28.17055102234148,129.3962746840705,"2026/08/20 0:26
目撃

2匹
カエル
ウエット

28.17055102234148
129.3962746840705
",2026-08-19,"2026-08-19 15:26:00+00:00|カエル|目撃|28.170551|129.3962747|2026/08/20 0:26
目撃

2匹
カエル
ウエット

28.17055102234148
129.3962746840705
",OSM_ro142_0_1,2.2255655896896296,
2026-08-20 00:35:00+09:00,2026-08-19 20:39:00+09:00,捕獲,ハブ,1,大,ウエット,28.16427678079018,129.3935010389535,"2026/08/20 0:35
捕獲
ハブ捕獲大
移動中
側溝
ウエット
瀬戸内町節子
28.16427678079018
129.3935010389535
",2026-08-19,"2026-08-19 15:35:00+00:00|ハブ|捕獲|28.1642768|129.393501|2026/08/20 0:35
捕獲
ハブ捕獲大
移動中
側溝
ウエット
瀬戸内町節子
28.16427678079018
129.3935010389535
",OSM_ro42_0_33,11.035645501461616,
2026-08-20 00:37:00+09:00,2026-08-19 20:39:00+09:00,目撃,アカマタ,1,,ウエット,28.16448336390491,129.3919461194779,"2026/08/20 0:37
目撃

1匹
アカマタ
ウエット

28.16448336390491
129.3919461194779
",2026-08-19,"2026-08-19 15:37:00+00:00|アカマタ|目撃|28.1644834|129.3919461|2026/08/20 0:37
目撃

1匹
アカマタ
ウエット

28.16448336390491
129.3919461194779
",OSM_ro42_0_13,8.11762543796791,
2026-08-20 00:41:00+09:00,2026-08-19 20:39:00+09:00,目撃,カエル,5,,ウエット,28.16496959909151,129.3903151049247,"2026/08/20 0:41
目撃

5匹以上
カエル
ウエット
瀬戸内町節子
28.16496959909151
129.3903151049247
",2026-08-19,"2026-08-19 15:41:00+00:00|カエル|目撃|28.1649696|129.3903151|2026/08/20 0:41
目撃

5匹以上
カエル
ウエット
瀬戸内町節子
28.16496959909151
129.3903151049247
",OSM_ro440_0_66,0.6186087590411,
2026-08-20 00:44:00+09:00,2026-08-19 20:39:00+09:00,目撃,ヤマシギ,1,,ウエット,28.16332602462901,129.3867500985639,"2026/08/20 0:44
目撃

1匹
ヤマシギ
ウエット
瀬戸内町節子
28.16332602462901
129.3867500985639",2026-08-19,"2026-08-19 15:44:00+00:00|ヤマシギ|目撃|28.163326|129.3867501|2026/08/20 0:44
目撃

1匹
ヤマシギ
ウエット
瀬戸内町節子
28.16332602462901
129.3867500985639",OSM_ro440_0_18,1.3555005886454903,
2026-08-20 00:58:00+09:00,2026-08-19 20:39:00+09:00,目撃,アカマタ,1,,ウエット,28.16911561532299,129.3774522419278,"2026/08/20 0:58
目撃

1匹
アカマタ
ウエット
瀬戸内町節子
28.16911561532299
129.3774522419278
",2026-08-19,"2026-08-19 15:58:00+00:00|アカマタ|目撃|28.1691156|129.3774522|2026/08/20 0:58
目撃

1匹
アカマタ
ウエット
瀬戸内町節子
28.16911561532299
129.3774522419278
",OSM_ro961_0_32,0.8548639314080053,
2026-08-20 00:59:00+09:00,2026-08-19 20:39:00+09:00,目撃,カエル,5,,ウエット,28.16864025243273,129.3775255203747,"2026/08/20 0:59
目撃

5匹以上
カエル
ウエット
瀬戸内町節子
28.16864025243273
129.3775255203747
",2026-08-19,"2026-08-19 15:59:00+00:00|カエル|目撃|28.1686403|129.3775255|2026/08/20 0:59
目撃

5匹以上
カエル
ウエット
瀬戸内町節子
28.16864025243273
129.3775255203747
",OSM_ro961_0_37,2.5631352687238382,
2026-08-20 01:02:00+09:00,2026-08-19 20:39:00+09:00,轢死,ネズミ,1,,ウエット,28.16542257596372,129.3736251355332,"2026/08/20 1:02
轢死

1匹
ネズミ
ウエット
瀬戸内町節子
28.16542257596372
129.3736251355332
",2026-08-19,"2026-08-19 16:02:00+00:00|ネズミ|轢死|28.1654226|129.3736251|2026/08/20 1:02
轢死

1匹
ネズミ
ウエット
瀬戸内町節子
28.16542257596372
129.3736251355332
",OSM_ro34_0_14,8.141295530375563,
2026-08-20 01:44:00+09:00,2026-08-19 20:39:00+09:00,捕獲,ハブ,2,小,ウエット,28.16778586387698,129.2996370514489,"2026/08/20 1:44
捕獲
ハブ捕獲小2匹
とぐろ
道路脇
ウエット

28.16778586387698
129.2996370514489
",2026-08-19,"2026-08-19 16:44:00+00:00|ハブ|捕獲|28.1677859|129.2996371|2026/08/20 1:44
捕獲
ハブ捕獲小2匹
とぐろ
道路脇
ウエット

28.16778586387698
129.2996370514489
",OSM_ro877_0_23,2.37126616698041,
2026-08-20 01:49:00+09:00,2026-08-19 20:39:00+09:00,捕獲,ハブ,1,極小,ウエット,28.16852049227573,129.3000308953752,"2026/08/20 1:49
捕獲
ハブ捕獲極小
待機中
畑脇フェンス
ウエット
瀬戸内町久根津854
28.16852049227573
129.3000308953752
",2026-08-19,"2026-08-19 16:49:00+00:00|ハブ|捕獲|28.1685205|129.3000309|2026/08/20 1:49
捕獲
ハブ捕獲極小
待機中
畑脇フェンス
ウエット
瀬戸内町久根津854
28.16852049227573
129.3000308953752
",OSM_ro880_0_10,3.9271569333890417,
2026-08-20 02:08:00+09:00,2026-08-19 20:39:00+09:00,目撃,イシカワガエル,1,,ウエット,28.16983790749487,129.3037870220315,"2026/08/20 2:08
目撃

1匹
イシカワガエル
ウエット

28.16983790749487
129.3037870220315
",2026-08-19,"2026-08-19 17:08:00+00:00|イシカワガエル|目撃|28.1698379|129.303787|2026/08/20 2:08
目撃

1匹
イシカワガエル
ウエット

28.16983790749487
129.3037870220315
",,395.28129714236485,nearest OSM highway exceeds match threshold
2026-08-20 02:09:00+09:00,2026-08-19 20:39:00+09:00,目撃,イシカワガエル,2,,ウエット,28.1695634651454,129.3044308818363,"2026/08/20 2:09
目撃

2匹
イシカワガエル
ウエット

28.1695634651454
129.3044308818363
",2026-08-19,"2026-08-19 17:09:00+00:00|イシカワガエル|目撃|28.1695635|129.3044309|2026/08/20 2:09
目撃

2匹
イシカワガエル
ウエット

28.1695634651454
129.3044308818363
",,440.36371804613566,nearest OSM highway exceeds match threshold
2026-08-20 02:18:00+09:00,2026-08-19 20:39:00+09:00,目撃,オットンガエル,1,,ウエット,28.17130025539614,129.2987626187783,"2026/08/20 2:18
目撃

1匹
オットンガエル
ウエット
瀬戸内町久根津243-1
28.17130025539614
129.2987626187783",2026-08-19,"2026-08-19 17:18:00+00:00|オットンガエル|目撃|28.1713003|129.2987626|2026/08/20 2:18
目撃

1匹
オットンガエル
ウエット
瀬戸内町久根津243-1
28.17130025539614
129.2987626187783",OSM_ro130_0_14,1.4031207049709236,
2026-08-21 23:19:00+09:00,2026-08-21 22:42:00+09:00,目撃,カエル,1,,ドライ,28.16951135120343,129.2992854979735,"2026/08/21 23:19
目撃

1匹
カエル
ドライ
瀬戸内町久根津806-2
28.16951135120343
129.2992854979735
",2026-08-21,"2026-08-21 14:19:00+00:00|カエル|目撃|28.1695114|129.2992855|2026/08/21 23:19
目撃

1匹
カエル
ドライ
瀬戸内町久根津806-2
28.16951135120343
129.2992854979735
",OSM_ro879_0_19,2.330127168950211,
2026-08-21 23:24:00+09:00,2026-08-21 22:42:00+09:00,目撃,アカマタ,1,,ウエット,28.16188746987651,129.2937299314986,"2026/08/21 23:24
目撃

1匹
アカマタ
ウエット
瀬戸内町県道79号
28.16188746987651
129.2937299314986",2026-08-21,"2026-08-21 14:24:00+00:00|アカマタ|目撃|28.1618875|129.2937299|2026/08/21 23:24
目撃

1匹
アカマタ
ウエット
瀬戸内町県道79号
28.16188746987651
129.2937299314986",OSM_ro222_0_221,3.869605901669353,
2026-08-21 23:37:00+09:00,2026-08-21 22:42:00+09:00,目撃,クロウサギ,1,,ドライ,28.17001999211274,129.3423446596219,"2026/08/21 23:37
目撃

1匹
クロウサギ
ドライ
瀬戸内町国道58号
28.17001999211274
129.3423446596219
",2026-08-21,"2026-08-21 14:37:00+00:00|クロウサギ|目撃|28.17002|129.3423447|2026/08/21 23:37
目撃

1匹
クロウサギ
ドライ
瀬戸内町国道58号
28.17001999211274
129.3423446596219
",OSM_ro39_0_64,4.704627346299364,
2026-08-21 23:41:00+09:00,2026-08-21 22:42:00+09:00,目撃,カエル,1,,ドライ,28.17013028024854,129.3583376977719,"2026/08/21 23:41
目撃

1匹
カエル
ドライ
瀬戸内町網野子
28.17013028024854
129.3583376977719
",2026-08-21,"2026-08-21 14:41:00+00:00|カエル|目撃|28.1701303|129.3583377|2026/08/21 23:41
目撃

1匹
カエル
ドライ
瀬戸内町網野子
28.17013028024854
129.3583376977719
",OSM_ro129_0_302,11.299960015034348,
2026-08-21 23:43:00+09:00,2026-08-21 22:42:00+09:00,目撃,ネズミ,1,,ドライ,28.1730153759317,129.3632377404132,"2026/08/21 23:43
目撃

1匹
ネズミ
ドライ
瀬戸内町網野子
28.1730153759317
129.3632377404132",2026-08-21,"2026-08-21 14:43:00+00:00|ネズミ|目撃|28.1730154|129.3632377|2026/08/21 23:43
目撃

1匹
ネズミ
ドライ
瀬戸内町網野子
28.1730153759317
129.3632377404132",OSM_ro129_0_237,1.2792032567084402,
2026-08-21 23:45:00+09:00,2026-08-21 22:42:00+09:00,目撃,クロウサギ,1,,ドライ,28.17768899973104,129.3645713305148,"2026/08/21 23:45
目撃

1匹
クロウサギ
ドライ
瀬戸内町網野子
28.17768899973104
129.3645713305148
",2026-08-21,"2026-08-21 14:45:00+00:00|クロウサギ|目撃|28.177689|129.3645713|2026/08/21 23:45
目撃

1匹
クロウサギ
ドライ
瀬戸内町網野子
28.17768899973104
129.3645713305148
",OSM_ro129_0_174,4.900499964049776,
2026-08-21 23:48:00+09:00,2026-08-21 22:42:00+09:00,目撃,クロウサギ,1,,ドライ,28.18204183004103,129.3661714831943,"2026/08/21 23:48
目撃

1匹
クロウサギ
ドライ
瀬戸内町網野子
28.18204183004103
129.3661714831943
",2026-08-21,"2026-08-21 14:48:00+00:00|クロウサギ|目撃|28.1820418|129.3661715|2026/08/21 23:48
目撃

1匹
クロウサギ
ドライ
瀬戸内町網野子
28.18204183004103
129.3661714831943
",OSM_ro129_0_109,7.705854082463092,
2026-08-22 00:01:00+09:00,2026-08-21 22:42:00+09:00,目撃,カエル,3,,ウエット,28.19369519092501,129.3875135283087,"2026/08/22 0:01
目撃

3匹
カエル
ウエット

28.19369519092501
129.3875135283087
",2026-08-21,"2026-08-21 15:01:00+00:00|カエル|目撃|28.1936952|129.3875135|2026/08/22 0:01
目撃

3匹
カエル
ウエット

28.19369519092501
129.3875135283087
",OSM_ro48_0_68,7.4105938284284845,
2026-08-22 00:06:00+09:00,2026-08-21 22:42:00+09:00,目撃,ネズミ,1,,ウエット,28.19695464989986,129.3923851647796,"2026/08/22 0:06
目撃

1匹
ネズミ
ウエット
瀬戸内町嘉徳
28.19695464989986
129.3923851647796
",2026-08-21,"2026-08-21 15:06:00+00:00|ネズミ|目撃|28.1969546|129.3923852|2026/08/22 0:06
目撃

1匹
ネズミ
ウエット
瀬戸内町嘉徳
28.19695464989986
129.3923851647796
",OSM_ro137_0_58,7.938759022781549,
2026-08-22 00:10:00+09:00,2026-08-21 22:42:00+09:00,轢死,アカマタ,1,,ウエット,28.19315184311885,129.398840133552,"2026/08/22 0:10
轢死

1匹
アカマタ
ウエット
瀬戸内町嘉徳
28.19315184311885
129.398840133552
",2026-08-21,"2026-08-21 15:10:00+00:00|アカマタ|轢死|28.1931518|129.3988401|2026/08/22 0:10
轢死

1匹
アカマタ
ウエット
瀬戸内町嘉徳
28.19315184311885
129.398840133552
",OSM_ro257_0_4,3.055922478112556,
2026-08-22 00:10:00+09:00,2026-08-21 22:42:00+09:00,目撃,ネズミ,1,,ドライ,28.19276531108995,129.3992184160224,"2026/08/22 0:10
目撃

1匹
ネズミ
クロウサギ
ドライ
瀬戸内町嘉徳
28.19276531108995
129.3992184160224
",2026-08-21,"2026-08-21 15:10:00+00:00|ネズミ|目撃|28.1927653|129.3992184|2026/08/22 0:10
目撃

1匹
ネズミ
クロウサギ
ドライ
瀬戸内町嘉徳
28.19276531108995
129.3992184160224
",OSM_ro94_0_1,6.353297647951958,
2026-08-22 00:22:00+09:00,2026-08-21 22:42:00+09:00,目撃,カエル,5,,ウエット,28.19195123983467,129.3972540672412,"2026/08/22 0:22
目撃

5匹以上
カエル
ウエット
瀬戸内町嘉徳
28.19195123983467
129.3972540672412
",2026-08-21,"2026-08-21 15:22:00+00:00|カエル|目撃|28.1919512|129.3972541|2026/08/22 0:22
目撃

5匹以上
カエル
ウエット
瀬戸内町嘉徳
28.19195123983467
129.3972540672412
",OSM_ro448_0_32,9.588163598979547,
2026-08-22 00:24:00+09:00,2026-08-21 22:42:00+09:00,目撃,クロウサギ,1,,ウエット,28.19001530230759,129.39766609704,"2026/08/22 0:24
目撃

1匹
クロウサギ
ウエット
瀬戸内町嘉徳
28.19001530230759
129.39766609704
",2026-08-21,"2026-08-21 15:24:00+00:00|クロウサギ|目撃|28.1900153|129.3976661|2026/08/22 0:24
目撃

1匹
クロウサギ
ウエット
瀬戸内町嘉徳
28.19001530230759
129.39766609704
",OSM_ro448_0_59,3.638284671694976,
2026-08-22 00:26:00+09:00,2026-08-21 22:42:00+09:00,目撃,オットンガエル,2,,ウエット,28.18933488475603,129.3965470512233,"2026/08/22 0:26
目撃

2匹
オットンガエル
ウエット
瀬戸内町嘉徳
28.18933488475603
129.3965470512233
",2026-08-21,"2026-08-21 15:26:00+00:00|オットンガエル|目撃|28.1893349|129.3965471|2026/08/22 0:26
目撃

2匹
オットンガエル
ウエット
瀬戸内町嘉徳
28.18933488475603
129.3965470512233
",OSM_ro448_0_72,3.5078998920275306,
2026-08-22 00:27:00+09:00,2026-08-21 22:42:00+09:00,目撃,カエル,5,,ウエット,28.18866690576167,129.3962458889397,"2026/08/22 0:27
目撃

5匹以上
カエル
ウエット
瀬戸内町嘉徳
28.18866690576167
129.3962458889397
",2026-08-21,"2026-08-21 15:27:00+00:00|カエル|目撃|28.1886669|129.3962459|2026/08/22 0:27
目撃

5匹以上
カエル
ウエット
瀬戸内町嘉徳
28.18866690576167
129.3962458889397
",OSM_ro448_0_81,0.5561447473057445,
2026-08-22 00:27:00+09:00,2026-08-21 22:42:00+09:00,目撃,カエル,5,,ウエット,28.18830741507498,129.395943031889,"2026/08/22 0:27
目撃

5匹以上
カエル
ウエット
瀬戸内町嘉徳
28.18830741507498
129.395943031889
",2026-08-21,"2026-08-21 15:27:00+00:00|カエル|目撃|28.1883074|129.395943|2026/08/22 0:27
目撃

5匹以上
カエル
ウエット
瀬戸内町嘉徳
28.18830741507498
129.395943031889
",OSM_ro448_0_86,1.6702137883079125,
2026-08-22 00:28:00+09:00,2026-08-21 22:42:00+09:00,目撃,オットンガエル,1,,ウエット,28.18788672559403,129.3955458168482,"2026/08/22 0:28
目撃

1匹
オットンガエル
ウエット
瀬戸内町嘉徳
28.18788672559403
129.3955458168482
",2026-08-21,"2026-08-21 15:28:00+00:00|オットンガエル|目撃|28.1878867|129.3955458|2026/08/22 0:28
目撃

1匹
オットンガエル
ウエット
瀬戸内町嘉徳
28.18788672559403
129.3955458168482
",OSM_ro448_0_92,2.3411006306460114,
2026-08-22 00:28:00+09:00,2026-08-21 22:42:00+09:00,目撃,カエル,5,,ウエット,28.18770354495015,129.3953915759524,"2026/08/22 0:28
目撃

5匹以上
カエル
ウエット
瀬戸内町嘉徳
28.18770354495015
129.3953915759524
",2026-08-21,"2026-08-21 15:28:00+00:00|カエル|目撃|28.1877035|129.3953916|2026/08/22 0:28
目撃

5匹以上
カエル
ウエット
瀬戸内町嘉徳
28.18770354495015
129.3953915759524
",OSM_ro448_0_94,4.211281116509598,
2026-08-22 00:29:00+09:00,2026-08-21 22:42:00+09:00,目撃,アカマタ,1,,ウエット,28.18675565224494,129.3950309775804,"2026/08/22 0:29
目撃

1匹
アカマタ
ウエット

28.18675565224494
129.3950309775804
",2026-08-21,"2026-08-21 15:29:00+00:00|アカマタ|目撃|28.1867557|129.395031|2026/08/22 0:29
目撃

1匹
アカマタ
ウエット

28.18675565224494
129.3950309775804
",OSM_ro191_0_3,2.5465551868701413,
2026-08-22 00:35:00+09:00,2026-08-21 22:42:00+09:00,目撃,オットンガエル,1,,ウエット,28.18722199174574,129.3986120302976,"2026/08/22 0:35
目撃

1匹
オットンガエル
ウエット

28.18722199174574
129.3986120302976
",2026-08-21,"2026-08-21 15:35:00+00:00|オットンガエル|目撃|28.187222|129.398612|2026/08/22 0:35
目撃

1匹
オットンガエル
ウエット

28.18722199174574
129.3986120302976
",OSM_ro191_0_64,0.8970100027254938,
2026-08-22 00:37:00+09:00,2026-08-21 22:42:00+09:00,目撃,アカマタ,1,,ウエット,28.18607762005393,129.3991759905065,"2026/08/22 0:37
目撃

1匹
アカマタ
ウエット

28.18607762005393
129.3991759905065
",2026-08-21,"2026-08-21 15:37:00+00:00|アカマタ|目撃|28.1860776|129.399176|2026/08/22 0:37
目撃

1匹
アカマタ
ウエット

28.18607762005393
129.3991759905065
",OSM_ro191_0_85,12.37279655677958,
2026-08-22 00:39:00+09:00,2026-08-21 22:42:00+09:00,目撃,カエル,3,,ウエット,28.18618398152445,129.3972982766776,"2026/08/22 0:39
目撃

3匹
カエル
ウエット

28.18618398152445
129.3972982766776
",2026-08-21,"2026-08-21 15:39:00+00:00|カエル|目撃|28.186184|129.3972983|2026/08/22 0:39
目撃

3匹
カエル
ウエット

28.18618398152445
129.3972982766776
",OSM_ro280_0_1,9.84604990683438,
2026-08-22 00:41:00+09:00,2026-08-21 22:42:00+09:00,目撃,カエル,5,,ウエット,28.18501309665794,129.3972750197807,"2026/08/22 0:41
目撃

5匹以上
カエル
ウエット
瀬戸内町嘉徳
28.18501309665794
129.3972750197807
",2026-08-21,"2026-08-21 15:41:00+00:00|カエル|目撃|28.1850131|129.397275|2026/08/22 0:41
目撃

5匹以上
カエル
ウエット
瀬戸内町嘉徳
28.18501309665794
129.3972750197807
",OSM_ro280_0_15,8.74787252294914,
2026-08-22 00:43:00+09:00,2026-08-21 22:42:00+09:00,目撃,カエル,5,,ウエット,28.18381903126879,129.3967648834309,"2026/08/22 0:43
目撃

5匹以上
カエル
ウエット
瀬戸内町嘉徳
28.18381903126879
129.3967648834309
",2026-08-21,"2026-08-21 15:43:00+00:00|カエル|目撃|28.183819|129.3967649|2026/08/22 0:43
目撃

5匹以上
カエル
ウエット
瀬戸内町嘉徳
28.18381903126879
129.3967648834309
",OSM_ro280_0_40,24.36302076362952,
2026-08-22 00:47:00+09:00,2026-08-21 22:42:00+09:00,目撃,アマミハナサキガエル,1,,ウエット,28.18100925893591,129.3945377310846,"2026/08/22 0:47
目撃

1匹
アマミハナサキガエル
ウエット
瀬戸内町節子
28.18100925893591
129.3945377310846
",2026-08-21,"2026-08-21 15:47:00+00:00|アマミハナサキガエル|目撃|28.1810093|129.3945377|2026/08/22 0:47
目撃

1匹
アマミハナサキガエル
ウエット
瀬戸内町節子
28.18100925893591
129.3945377310846
",OSM_ro104_0_5,0.7331007492467354,
2026-08-22 00:52:00+09:00,2026-08-21 22:42:00+09:00,目撃,クロウサギ,1,,ウエット,28.17841707223046,129.3932286343129,"2026/08/22 0:52
目撃

1匹
クロウサギ
ウエット

28.17841707223046
129.3932286343129
",2026-08-21,"2026-08-21 15:52:00+00:00|クロウサギ|目撃|28.1784171|129.3932286|2026/08/22 0:52
目撃

1匹
クロウサギ
ウエット

28.17841707223046
129.3932286343129
",OSM_ro104_0_61,0.675448561472435,
2026-08-22 00:52:00+09:00,2026-08-21 22:42:00+09:00,目撃,カエル,5,,ソークド(水跳ね),28.17822274033447,129.3933448575534,"2026/08/22 0:52
目撃

5匹以上
カエル
ソークド(水跳ね)

28.17822274033447
129.3933448575534
",2026-08-21,"2026-08-21 15:52:00+00:00|カエル|目撃|28.1782227|129.3933449|2026/08/22 0:52
目撃

5匹以上
カエル
ソークド(水跳ね)

28.17822274033447
129.3933448575534
",OSM_ro104_0_64,1.4841500825308809,
2026-08-22 00:55:00+09:00,2026-08-21 22:42:00+09:00,目撃,ヤマシギ,1,,ウエット,28.17709427170701,129.3945156108279,"2026/08/22 0:55
目撃

1匹
ヤマシギ
ウエット

28.17709427170701
129.3945156108279
",2026-08-21,"2026-08-21 15:55:00+00:00|ヤマシギ|目撃|28.1770943|129.3945156|2026/08/22 0:55
目撃

1匹
ヤマシギ
ウエット

28.17709427170701
129.3945156108279
",OSM_ro104_0_88,6.263978852033992,
2026-08-22 00:56:00+09:00,2026-08-21 22:42:00+09:00,目撃,オットンガエル,1,,ウエット,28.17636445803822,129.3948757347658,"2026/08/22 0:56
目撃

1匹
オットンガエル
ウエット
瀬戸内町節子
28.17636445803822
129.3948757347658

なう(2026/08/22 00:57:40)雨 霧終わり
",2026-08-21,"2026-08-21 15:56:00+00:00|オットンガエル|目撃|28.1763645|129.3948757|2026/08/22 0:56
目撃

1匹
オットンガエル
ウエット
瀬戸内町節子
28.17636445803822
129.3948757347658

なう(2026/08/22 00:57:40)雨 霧終わり
",OSM_ro104_0_97,4.6399451123746625,
2026-08-22 00:58:00+09:00,2026-08-21 22:42:00+09:00,目撃,ヤマシギ,2,,ウエット,28.17579287825123,129.3964925823972,"2026/08/22 0:58
目撃

2匹
ヤマシギ
ウエット

28.17579287825123
129.3964925823972
",2026-08-21,"2026-08-21 15:58:00+00:00|ヤマシギ|目撃|28.1757929|129.3964926|2026/08/22 0:58
目撃

2匹
ヤマシギ
ウエット

28.17579287825123
129.3964925823972
",OSM_ro289_0_18,1.4877764221075134,
2026-08-22 00:59:00+09:00,2026-08-21 22:42:00+09:00,目撃,ヤマシギ,1,,ウエット,28.17483654845768,129.3957123069226,"2026/08/22 0:59
目撃

1匹
ヤマシギ
ウエット
瀬戸内町節子
28.17483654845768
129.3957123069226
",2026-08-21,"2026-08-21 15:59:00+00:00|ヤマシギ|目撃|28.1748365|129.3957123|2026/08/22 0:59
目撃

1匹
ヤマシギ
ウエット
瀬戸内町節子
28.17483654845768
129.3957123069226
",OSM_ro289_0_33,2.103093429396883,
2026-08-22 01:00:00+09:00,2026-08-21 22:42:00+09:00,目撃,ヤマシギ,2,,ウエット,28.17440901347674,129.3954199241615,"2026/08/22 1:00
目撃

2匹
ヤマシギ
ウエット

28.17440901347674
129.3954199241615
",2026-08-21,"2026-08-21 16:00:00+00:00|ヤマシギ|目撃|28.174409|129.3954199|2026/08/22 1:00
目撃

2匹
ヤマシギ
ウエット

28.17440901347674
129.3954199241615
",OSM_ro289_0_39,5.705896467750479,
2026-08-22 01:01:00+09:00,2026-08-21 22:42:00+09:00,目撃,カエル,5,,ウエット,28.17437999628616,129.3945533877551,"2026/08/22 1:01
目撃

5匹以上
カエル
ウエット

28.17437999628616
129.3945533877551
",2026-08-21,"2026-08-21 16:01:00+00:00|カエル|目撃|28.17438|129.3945534|2026/08/22 1:01
目撃

5匹以上
カエル
ウエット

28.17437999628616
129.3945533877551
",OSM_ro289_0_53,7.451038287102327,
2026-08-22 01:01:00+09:00,2026-08-21 22:42:00+09:00,目撃,ヒメハブ,1,,ウエット,28.17429449408051,129.3945847463835,"2026/08/22 1:01
目撃

1匹
ヒメハブ
オットンガエル
ウエット

28.17429449408051
129.3945847463835
",2026-08-21,"2026-08-21 16:01:00+00:00|ヒメハブ|目撃|28.1742945|129.3945847|2026/08/22 1:01
目撃

1匹
ヒメハブ
オットンガエル
ウエット

28.17429449408051
129.3945847463835
",OSM_ro289_0_54,7.373938811083872,
2026-08-22 01:02:00+09:00,2026-08-21 22:42:00+09:00,目撃,カエル,5,,ウエット,28.17366110782566,129.3945303525025,"2026/08/22 1:02
目撃

5匹以上
カエル
ウエット
瀬戸内町節子
28.17366110782566
129.3945303525025
",2026-08-21,"2026-08-21 16:02:00+00:00|カエル|目撃|28.1736611|129.3945304|2026/08/22 1:02
目撃

5匹以上
カエル
ウエット
瀬戸内町節子
28.17366110782566
129.3945303525025
",OSM_ro289_0_61,7.764958459772824,
2026-08-22 01:03:00+09:00,2026-08-21 22:42:00+09:00,目撃,カエル,5,,ウエット,28.17347385830166,129.3948491466603,"2026/08/22 1:03
目撃

5匹以上
カエル
ウエット

28.17347385830166
129.3948491466603
",2026-08-21,"2026-08-21 16:03:00+00:00|カエル|目撃|28.1734739|129.3948491|2026/08/22 1:03
目撃

5匹以上
カエル
ウエット

28.17347385830166
129.3948491466603
",OSM_ro289_0_65,2.702583713413202,
2026-08-22 01:03:00+09:00,2026-08-21 22:42:00+09:00,目撃,オットンガエル,1,,ウエット,28.173497427415,129.3952824530876,"2026/08/22 1:03
目撃

1匹
オットンガエル
ウエット

28.173497427415
129.3952824530876
",2026-08-21,"2026-08-21 16:03:00+00:00|オットンガエル|目撃|28.1734974|129.3952825|2026/08/22 1:03
目撃

1匹
オットンガエル
ウエット

28.173497427415
129.3952824530876
",OSM_ro289_0_69,1.1907036895025442,
2026-08-22 01:03:00+09:00,2026-08-21 22:42:00+09:00,目撃,オットンガエル,1,,ウエット,28.17478672324291,129.3978476419541,"2026/08/22 1:03
目撃

1匹
オットンガエル
ウエット
瀬戸内町節子
28.1736707293488
129.3956944839441

あ2026/08/22 1:07
目撃

1匹
オットンガエル
ウエット
瀬戸内町節子
28.17478672324291
129.3978476419541
",2026-08-21,"2026-08-21 16:03:00+00:00|オットンガエル|目撃|28.1747867|129.3978476|2026/08/22 1:03
目撃

1匹
オットンガエル
ウエット
瀬戸内町節子
28.1736707293488
129.3956944839441

あ2026/08/22 1:07
目撃

1匹
オットンガエル
ウエット
瀬戸内町節子
28.17478672324291
129.3978476419541
",OSM_ro289_0_103,6.618086871904114,
2026-08-22 01:08:00+09:00,2026-08-21 22:42:00+09:00,目撃,オットンガエル,1,,ウエット,28.17424857784176,129.3989191146322,"2026/08/22 1:08
目撃

1匹
オットンガエル
ヤマシギ
ウエット
瀬戸内町節子
28.17424857784176
129.3989191146322
",2026-08-21,"2026-08-21 16:08:00+00:00|オットンガエル|目撃|28.1742486|129.3989191|2026/08/22 1:08
目撃

1匹
オットンガエル
ヤマシギ
ウエット
瀬戸内町節子
28.17424857784176
129.3989191146322
",OSM_ro249_0_18,2.8574126418956194,
2026-08-22 01:09:00+09:00,2026-08-21 22:42:00+09:00,目撃,オットンガエル,1,,ウエット,28.17385619695593,129.3986528346209,"2026/08/22 1:09
目撃

1匹
オットンガエル
ウエット

28.17385619695593
129.3986528346209
",2026-08-21,"2026-08-21 16:09:00+00:00|オットンガエル|目撃|28.1738562|129.3986528|2026/08/22 1:09
目撃

1匹
オットンガエル
ウエット

28.17385619695593
129.3986528346209
",OSM_ro249_0_24,4.470494837639373,
2026-08-22 01:12:00+09:00,2026-08-21 22:42:00+09:00,目撃,ヤマシギ,1,,ウエット,28.17224019378853,129.3989112142396,"2026/08/22 1:12
目撃

1匹
ヤマシギ
ウエット

28.17224019378853
129.3989112142396
",2026-08-21,"2026-08-21 16:12:00+00:00|ヤマシギ|目撃|28.1722402|129.3989112|2026/08/22 1:12
目撃

1匹
ヤマシギ
ウエット

28.17224019378853
129.3989112142396
",OSM_ro249_0_69,12.480622381602554,
2026-08-22 01:16:00+09:00,2026-08-21 22:42:00+09:00,目撃,オットンガエル,1,,ウエット,28.17077200560761,129.3981955505855,"2026/08/22 1:16
目撃

1匹
オットンガエル
ウエット

28.17077200560761
129.3981955505855
",2026-08-21,"2026-08-21 16:16:00+00:00|オットンガエル|目撃|28.170772|129.3981956|2026/08/22 1:16
目撃

1匹
オットンガエル
ウエット

28.17077200560761
129.3981955505855
",OSM_ro4_0_3,8.274890464877306,
2026-08-22 01:16:00+09:00,2026-08-21 22:42:00+09:00,目撃,オットンガエル,1,,ウエット,28.17050253657417,129.3978647050671,"2026/08/22 1:16
目撃

1匹
オットンガエル
ウエット

28.17050253657417
129.3978647050671
",2026-08-21,"2026-08-21 16:16:00+00:00|オットンガエル|目撃|28.1705025|129.3978647|2026/08/22 1:16
目撃

1匹
オットンガエル
ウエット

28.17050253657417
129.3978647050671
",OSM_ro476_0_7,13.61407797827917,
2026-08-22 01:20:00+09:00,2026-08-21 22:42:00+09:00,目撃,ヤマシギ,1,,ウエット,28.17186971271117,129.3962820476157,"2026/08/22 1:20
目撃

1匹
ヤマシギ
ウエット

28.17186971271117
129.3962820476157

なう(2026/08/22 01:20:54)雨止み
",2026-08-21,"2026-08-21 16:20:00+00:00|ヤマシギ|目撃|28.1718697|129.396282|2026/08/22 1:20
目撃

1匹
ヤマシギ
ウエット

28.17186971271117
129.3962820476157

なう(2026/08/22 01:20:54)雨止み
",OSM_ro142_0_15,2.721884137212684,
2026-08-22 01:25:00+09:00,2026-08-21 22:42:00+09:00,目撃,オットンガエル,1,,ウエット,28.16712893004983,129.3954584373395,"2026/08/22 1:25
目撃

1匹
オットンガエル
ヤマシギ
ウエット

28.16712893004983
129.3954584373395
",2026-08-21,"2026-08-21 16:25:00+00:00|オットンガエル|目撃|28.1671289|129.3954584|2026/08/22 1:25
目撃

1匹
オットンガエル
ヤマシギ
ウエット

28.16712893004983
129.3954584373395
",OSM_ro560_0_7,5.349934509598223,
2026-08-22 01:41:00+09:00,2026-08-21 22:42:00+09:00,目撃,カエル,1,,ウエット,28.16450030290775,129.3905336105609,"2026/08/22 1:41
目撃

1匹
カエル
ウエット

28.16450030290775
129.3905336105609
",2026-08-21,"2026-08-21 16:41:00+00:00|カエル|目撃|28.1645003|129.3905336|2026/08/22 1:41
目撃

1匹
カエル
ウエット

28.16450030290775
129.3905336105609
",OSM_ro440_0_76,3.1260757457998167,
2026-08-22 01:45:00+09:00,2026-08-21 22:42:00+09:00,目撃,ヤマシギ,1,,ウエット,28.16507869570298,129.3893555281965,"2026/08/22 1:45
目撃

1匹
ヤマシギ
ウエット
瀬戸内町節子
28.16507869570298
129.3893555281965
",2026-08-21,"2026-08-21 16:45:00+00:00|ヤマシギ|目撃|28.1650787|129.3893555|2026/08/22 1:45
目撃

1匹
ヤマシギ
ウエット
瀬戸内町節子
28.16507869570298
129.3893555281965
",OSM_ro440_0_53,9.059684770134517,
2026-08-22 01:53:00+09:00,2026-08-21 22:42:00+09:00,目撃,カエル,5,,ウエット,28.16583114318925,129.3875700520287,"2026/08/22 1:53
目撃

5匹以上
カエル
ウエット
瀬戸内町節子
28.16583114318925
129.3875700520287
",2026-08-21,"2026-08-21 16:53:00+00:00|カエル|目撃|28.1658311|129.3875701|2026/08/22 1:53
目撃

5匹以上
カエル
ウエット
瀬戸内町節子
28.16583114318925
129.3875700520287
",OSM_ro364_0_71,6.805714734773619,
2026-08-22 01:53:00+09:00,2026-08-21 22:42:00+09:00,目撃,ヤマシギ,1,,ドライ,28.16621902717914,129.3876726829717,"2026/08/22 1:53
目撃

1匹
ヤマシギ
ドライ
瀬戸内町節子
28.16621902717914
129.3876726829717
",2026-08-21,"2026-08-21 16:53:00+00:00|ヤマシギ|目撃|28.166219|129.3876727|2026/08/22 1:53
目撃

1匹
ヤマシギ
ドライ
瀬戸内町節子
28.16621902717914
129.3876726829717
",OSM_ro364_0_67,8.410835672873802,
2026-08-22 01:55:00+09:00,2026-08-21 22:42:00+09:00,目撃,アカマタ,1,,ドライ,28.16653845996881,129.3869307140675,"2026/08/22 1:55
目撃

1匹
アカマタ
ドライ
瀬戸内町節子
28.16653845996881
129.3869307140675
",2026-08-21,"2026-08-21 16:55:00+00:00|アカマタ|目撃|28.1665385|129.3869307|2026/08/22 1:55
目撃

1匹
アカマタ
ドライ
瀬戸内町節子
28.16653845996881
129.3869307140675
",OSM_ro364_0_57,4.9881151960581045,
2026-08-22 01:55:00+09:00,2026-08-21 22:42:00+09:00,目撃,カエル,5,,ドライ,28.16620169279965,129.3870322944483,"2026/08/22 1:55
目撃

5匹以上
カエル
ドライ
瀬戸内町節子
28.16620169279965
129.3870322944483
",2026-08-21,"2026-08-21 16:55:00+00:00|カエル|目撃|28.1662017|129.3870323|2026/08/22 1:55
目撃

5匹以上
カエル
ドライ
瀬戸内町節子
28.16620169279965
129.3870322944483
",OSM_ro364_0_54,9.60797224273397,
2026-08-22 01:57:00+09:00,2026-08-21 22:42:00+09:00,目撃,ヤマシギ,2,,ドライ,28.16530859718591,129.3841281716507,"2026/08/22 1:57
目撃

2匹
ヤマシギ
ドライ
瀬戸内町節子
28.16530859718591
129.3841281716507
",2026-08-21,"2026-08-21 16:57:00+00:00|ヤマシギ|目撃|28.1653086|129.3841282|2026/08/22 1:57
目撃

2匹
ヤマシギ
ドライ
瀬戸内町節子
28.16530859718591
129.3841281716507
",OSM_ro364_0_22,0.26907694946146615,
2026-08-22 02:00:00+09:00,2026-08-21 22:42:00+09:00,目撃,カエル,5,,ドライ,28.16810405429584,129.3813499335621,"2026/08/22 2:00
目撃

5匹以上
カエル
ドライ
瀬戸内町節子
28.16810405429584
129.3813499335621
",2026-08-21,"2026-08-21 17:00:00+00:00|カエル|目撃|28.1681041|129.3813499|2026/08/22 2:00
目撃

5匹以上
カエル
ドライ
瀬戸内町節子
28.16810405429584
129.3813499335621
",OSM_ro278_0_11,4.465118275960677,
2026-08-22 02:18:00+09:00,2026-08-21 22:42:00+09:00,目撃,クロウサギ,1,,ドライ,28.1657400089956,129.3667997661259,"2026/08/22 2:18
目撃

1匹
クロウサギ
ドライ
瀬戸内町節子
28.1657400089956
129.3667997661259
",2026-08-21,"2026-08-21 17:18:00+00:00|クロウサギ|目撃|28.16574|129.3667998|2026/08/22 2:18
目撃

1匹
クロウサギ
ドライ
瀬戸内町節子
28.1657400089956
129.3667997661259
",OSM_ro37_0_93,5.795747044371954,
2026-08-22 02:20:00+09:00,2026-08-21 22:42:00+09:00,目撃,ネズミ,1,,ドライ,28.16683015310302,129.3662963737025,"2026/08/22 2:20
目撃

1匹
ネズミ
ドライ
瀬戸内町網野子
28.16683015310302
129.3662963737025",2026-08-21,"2026-08-21 17:20:00+00:00|ネズミ|目撃|28.1668302|129.3662964|2026/08/22 2:20
目撃

1匹
ネズミ
ドライ
瀬戸内町網野子
28.16683015310302
129.3662963737025",OSM_ro37_0_62,3.15002818522932,
2026-08-23 22:10:00+09:00,2026-08-23 21:08:00+09:00,目撃,カエル,1,,ドライ,28.17013813586028,129.3773280811627,"2026/08/23 22:10
目撃

1匹
カエル
ドライ
瀬戸内町節子
28.17013813586028
129.3773280811627
",2026-08-23,"2026-08-23 13:10:00+00:00|カエル|目撃|28.1701381|129.3773281|2026/08/23 22:10
目撃

1匹
カエル
ドライ
瀬戸内町節子
28.17013813586028
129.3773280811627
",OSM_ro961_0_20,2.25414989517005,
2026-08-23 22:22:00+09:00,2026-08-23 21:08:00+09:00,目撃,ヤマシギ,3,,ドライ,28.16532116301769,129.3841156890694,"2026/08/23 22:22
目撃

3匹
ヤマシギ
ドライ

28.16532116301769
129.3841156890694
",2026-08-23,"2026-08-23 13:22:00+00:00|ヤマシギ|目撃|28.1653212|129.3841157|2026/08/23 22:22
目撃

3匹
ヤマシギ
ドライ

28.16532116301769
129.3841156890694
",OSM_ro364_0_22,1.1372134667568508,
2026-08-23 22:31:00+09:00,2026-08-23 21:08:00+09:00,目撃,ヤマシギ,4,,ドライ,28.16324840283145,129.3863893186191,"2026/08/23 22:31
目撃

4匹
ヤマシギ
ドライ
瀬戸内町節子
28.16324840283145
129.3863893186191
",2026-08-23,"2026-08-23 13:31:00+00:00|ヤマシギ|目撃|28.1632484|129.3863893|2026/08/23 22:31
目撃

4匹
ヤマシギ
ドライ
瀬戸内町節子
28.16324840283145
129.3863893186191
",OSM_ro440_0_15,3.451535904016454,
2026-08-23 22:35:00+09:00,2026-08-23 21:08:00+09:00,目撃,ネズミ,2,,ドライ,28.16509362015308,129.3894606010646,"2026/08/23 22:35
目撃

2匹
ネズミ
ドライ
瀬戸内町節子
28.16509362015308
129.3894606010646
",2026-08-23,"2026-08-23 13:35:00+00:00|ネズミ|目撃|28.1650936|129.3894606|2026/08/23 22:35
目撃

2匹
ネズミ
ドライ
瀬戸内町節子
28.16509362015308
129.3894606010646
",OSM_ro440_0_54,9.286237983031953,
2026-08-23 22:40:00+09:00,2026-08-23 21:08:00+09:00,目撃,ネズミ,1,,ドライ,28.16381023891732,129.3903728882148,"2026/08/23 22:40
目撃

1匹
ネズミ
ドライ
瀬戸内町節子
28.16381023891732
129.3903728882148
",2026-08-23,"2026-08-23 13:40:00+00:00|ネズミ|目撃|28.1638102|129.3903729|2026/08/23 22:40
目撃

1匹
ネズミ
ドライ
瀬戸内町節子
28.16381023891732
129.3903728882148
",OSM_ro440_0_93,8.29749798902004,
2026-08-23 22:47:00+09:00,2026-08-23 21:08:00+09:00,目撃,ネズミ,1,,ドライ,28.16507031238489,129.394551597183,"2026/08/23 22:47
目撃

1匹
ネズミ
ドライ
瀬戸内町節子
28.16507031238489
129.394551597183
",2026-08-23,"2026-08-23 13:47:00+00:00|ネズミ|目撃|28.1650703|129.3945516|2026/08/23 22:47
目撃

1匹
ネズミ
ドライ
瀬戸内町節子
28.16507031238489
129.394551597183
",OSM_ro42_0_48,2.4024131165790665,
2026-08-23 22:48:00+09:00,2026-08-23 21:08:00+09:00,目撃,ヤマシギ,2,,ドライ,28.16414423665873,129.3953523486478,"2026/08/23 22:48
目撃

2匹
ヤマシギ
ドライ
瀬戸内町節子
28.16414423665873
129.3953523486478
",2026-08-23,"2026-08-23 13:48:00+00:00|ヤマシギ|目撃|28.1641442|129.3953523|2026/08/23 22:48
目撃

2匹
ヤマシギ
ドライ
瀬戸内町節子
28.16414423665873
129.3953523486478
",OSM_ro42_0_62,5.345355787788188,
2026-08-23 22:51:00+09:00,2026-08-23 21:08:00+09:00,目撃,ヤマシギ,1,,ドライ,28.16542252889849,129.3964437502259,"2026/08/23 22:51
目撃

1匹
ヤマシギ
ドライ

28.16542252889849
129.3964437502259
",2026-08-23,"2026-08-23 13:51:00+00:00|ヤマシギ|目撃|28.1654225|129.3964438|2026/08/23 22:51
目撃

1匹
ヤマシギ
ドライ

28.16542252889849
129.3964437502259
",OSM_ro42_0_87,3.098418620121985,
2026-08-23 22:55:00+09:00,2026-08-23 21:08:00+09:00,目撃,ヤマシギ,1,,ドライ,28.16785672915876,129.3950537559762,"2026/08/23 22:55
目撃

1匹
ヤマシギ
ドライ

28.16785672915876
129.3950537559762
",2026-08-23,"2026-08-23 13:55:00+00:00|ヤマシギ|目撃|28.1678567|129.3950538|2026/08/23 22:55
目撃

1匹
ヤマシギ
ドライ

28.16785672915876
129.3950537559762
",OSM_ro313_0_2,4.090335149057181,
2026-08-23 22:57:00+09:00,2026-08-23 21:08:00+09:00,目撃,ヤマシギ,1,,ドライ,28.16881074834151,129.3960011134909,"2026/08/23 22:57
目撃

1匹
ヤマシギ
ドライ
瀬戸内町節子
28.16881074834151
129.3960011134909
",2026-08-23,"2026-08-23 13:57:00+00:00|ヤマシギ|目撃|28.1688107|129.3960011|2026/08/23 22:57
目撃

1匹
ヤマシギ
ドライ
瀬戸内町節子
28.16881074834151
129.3960011134909
",OSM_ro313_0_17,2.3732635765885317,
2026-08-23 23:02:00+09:00,2026-08-23 21:08:00+09:00,目撃,ヤマシギ,1,,ドライ,28.17231339209032,129.3964490265938,"2026/08/23 23:02
目撃

1匹
ヤマシギ
ドライ

28.17231339209032
129.3964490265938
",2026-08-23,"2026-08-23 14:02:00+00:00|ヤマシギ|目撃|28.1723134|129.396449|2026/08/23 23:02
目撃

1匹
ヤマシギ
ドライ

28.17231339209032
129.3964490265938
",OSM_ro142_0_22,5.9417542637711485,
2026-08-23 23:10:00+09:00,2026-08-23 21:08:00+09:00,目撃,ヤマシギ,1,,ドライ,28.1720211180339,129.3990040679131,"2026/08/23 23:10
目撃

1匹
ヤマシギ
ドライ

28.1720211180339
129.3990040679131
",2026-08-23,"2026-08-23 14:10:00+00:00|ヤマシギ|目撃|28.1720211|129.3990041|2026/08/23 23:10
目撃

1匹
ヤマシギ
ドライ

28.1720211180339
129.3990040679131
",OSM_ro249_0_71,0.5751973057441058,
2026-08-23 23:15:00+09:00,2026-08-23 21:08:00+09:00,目撃,ヤマシギ,1,,ドライ,28.17443202892052,129.399058767841,"2026/08/23 23:15
目撃

1匹
ヤマシギ
ドライ
瀬戸内町節子
28.17443202892052
129.399058767841
",2026-08-23,"2026-08-23 14:15:00+00:00|ヤマシギ|目撃|28.174432|129.3990588|2026/08/23 23:15
目撃

1匹
ヤマシギ
ドライ
瀬戸内町節子
28.17443202892052
129.399058767841
",OSM_ro249_0_16,6.824374458402239,
2026-08-23 23:19:00+09:00,2026-08-23 21:08:00+09:00,目撃,ヤマシギ,1,,ドライ,28.17433708340827,129.3967054733632,"2026/08/23 23:19
目撃

1匹
ヤマシギ
ドライ

28.17433708340827
129.3967054733632
",2026-08-23,"2026-08-23 14:19:00+00:00|ヤマシギ|目撃|28.1743371|129.3967055|2026/08/23 23:19
目撃

1匹
ヤマシギ
ドライ

28.17433708340827
129.3967054733632
",OSM_ro289_0_86,10.262615880754879,
2026-08-23 23:20:00+09:00,2026-08-23 21:08:00+09:00,目撃,カエル,1,,ウエット,28.17358352941512,129.3956639124189,"2026/08/23 23:20
目撃

1匹
カエル
ウエット

28.17358352941512
129.3956639124189
",2026-08-23,"2026-08-23 14:20:00+00:00|カエル|目撃|28.1735835|129.3956639|2026/08/23 23:20
目撃

1匹
カエル
ウエット

28.17358352941512
129.3956639124189
",OSM_ro289_0_73,0.10188007387611968,
2026-08-23 23:23:00+09:00,2026-08-23 21:08:00+09:00,目撃,ヤマシギ,2,,ドライ,28.17428627997998,129.3952322514801,"2026/08/23 23:23
目撃

2匹
ヤマシギ
ドライ

28.17428627997998
129.3952322514801
",2026-08-23,"2026-08-23 14:23:00+00:00|ヤマシギ|目撃|28.1742863|129.3952323|2026/08/23 23:23
目撃

2匹
ヤマシギ
ドライ

28.17428627997998
129.3952322514801
",OSM_ro289_0_41,3.0554834846843364,
2026-08-23 23:23:00+09:00,2026-08-23 21:08:00+09:00,目撃,ネズミ,1,,ドライ,28.17442187444976,129.3953703074905,"2026/08/23 23:23
目撃

1匹
ネズミ
ドライ

28.17442187444976
129.3953703074905
",2026-08-23,"2026-08-23 14:23:00+00:00|ネズミ|目撃|28.1744219|129.3953703|2026/08/23 23:23
目撃

1匹
ネズミ
ドライ

28.17442187444976
129.3953703074905
",OSM_ro289_0_39,0.5802782941123005,
2026-08-23 23:24:00+09:00,2026-08-23 21:08:00+09:00,目撃,ヤマシギ,1,,ドライ,28.17462460584331,129.3954222964084,"2026/08/23 23:24
目撃

1匹
ヤマシギ
ドライ

28.17462460584331
129.3954222964084
",2026-08-23,"2026-08-23 14:24:00+00:00|ヤマシギ|目撃|28.1746246|129.3954223|2026/08/23 23:24
目撃

1匹
ヤマシギ
ドライ

28.17462460584331
129.3954222964084
",OSM_ro289_0_37,1.490960060913441,
2026-08-23 23:28:00+09:00,2026-08-23 21:08:00+09:00,目撃,オットンガエル,1,,ウエット,28.17632616104734,129.3949188035653,"2026/08/23 23:28
目撃

1匹
オットンガエル
ウエット
瀬戸内町節子
28.17632616104734
129.3949188035653
",2026-08-23,"2026-08-23 14:28:00+00:00|オットンガエル|目撃|28.1763262|129.3949188|2026/08/23 23:28
目撃

1匹
オットンガエル
ウエット
瀬戸内町節子
28.17632616104734
129.3949188035653
",OSM_ro104_0_98,5.412648203007692,
2026-08-23 23:29:00+09:00,2026-08-23 21:08:00+09:00,目撃,オットンガエル,1,,ドライ,28.17717991389426,129.3944420156008,"2026/08/23 23:29
目撃

1匹
オットンガエル
ドライ

28.17717991389426
129.3944420156008
",2026-08-23,"2026-08-23 14:29:00+00:00|オットンガエル|目撃|28.1771799|129.394442|2026/08/23 23:29
目撃

1匹
オットンガエル
ドライ

28.17717991389426
129.3944420156008
",OSM_ro104_0_87,8.795279445605585,
2026-08-23 23:29:00+09:00,2026-08-23 21:08:00+09:00,目撃,ヤマシギ,2,,ドライ,28.17716876395193,129.3942482896486,"2026/08/23 23:29
目撃

2匹
ヤマシギ
ドライ

28.17716876395193
129.3942482896486
",2026-08-23,"2026-08-23 14:29:00+00:00|ヤマシギ|目撃|28.1771688|129.3942483|2026/08/23 23:29
目撃

2匹
ヤマシギ
ドライ

28.17716876395193
129.3942482896486
",OSM_ro104_0_86,4.76685128413717,
2026-08-23 23:32:00+09:00,2026-08-23 21:08:00+09:00,目撃,オットンガエル,1,,ウエット,28.1781926224183,129.3933790177038,"2026/08/23 23:32
目撃

1匹
オットンガエル
ウエット

28.1781926224183
129.3933790177038
",2026-08-23,"2026-08-23 14:32:00+00:00|オットンガエル|目撃|28.1781926|129.393379|2026/08/23 23:32
目撃

1匹
オットンガエル
ウエット

28.1781926224183
129.3933790177038
",OSM_ro104_0_64,2.16218701529157,
2026-08-23 23:37:00+09:00,2026-08-23 21:08:00+09:00,目撃,ヤマシギ,1,,ドライ,28.18095530774841,129.3944375611159,"2026/08/23 23:37
目撃

1匹
ヤマシギ
ドライ
瀬戸内町節子
28.18095530774841
129.3944375611159
",2026-08-23,"2026-08-23 14:37:00+00:00|ヤマシギ|目撃|28.1809553|129.3944376|2026/08/23 23:37
目撃

1匹
ヤマシギ
ドライ
瀬戸内町節子
28.18095530774841
129.3944375611159
",OSM_ro104_0_6,6.903239604428587,
2026-08-23 23:52:00+09:00,2026-08-23 21:08:00+09:00,目撃,クロウサギ,1,,ドライ,28.1873196930517,129.3967943963467,"2026/08/23 23:52
目撃

1匹
クロウサギ
ドライ
瀬戸内町嘉徳
28.1873196930517
129.3967943963467
",2026-08-23,"2026-08-23 14:52:00+00:00|クロウサギ|目撃|28.1873197|129.3967944|2026/08/23 23:52
目撃

1匹
クロウサギ
ドライ
瀬戸内町嘉徳
28.1873196930517
129.3967943963467
",OSM_ro191_0_41,5.4676246396263455,
2026-08-23 23:56:00+09:00,2026-08-23 21:08:00+09:00,目撃,カエル,1,,ウエット,28.18763966577374,129.3952086965882,"2026/08/23 23:56
目撃

1匹
カエル
ウエット
瀬戸内町嘉徳
28.18763966577374
129.3952086965882
",2026-08-23,"2026-08-23 14:56:00+00:00|カエル|目撃|28.1876397|129.3952087|2026/08/23 23:56
目撃

1匹
カエル
ウエット
瀬戸内町嘉徳
28.18763966577374
129.3952086965882
",OSM_ro448_0_96,3.310425400690295,
2026-08-23 23:57:00+09:00,2026-08-23 21:08:00+09:00,目撃,カエル,5,,ウエット,28.18828440463606,129.3957582816949,"2026/08/23 23:57
目撃

5匹以上
カエル
ウエット
瀬戸内町嘉徳
28.18828440463606
129.3957582816949
",2026-08-23,"2026-08-23 14:57:00+00:00|カエル|目撃|28.1882844|129.3957583|2026/08/23 23:57
目撃

5匹以上
カエル
ウエット
瀬戸内町嘉徳
28.18828440463606
129.3957582816949
",OSM_ro448_0_87,10.69038583488978,
2026-08-23 23:59:00+09:00,2026-08-23 21:08:00+09:00,目撃,クロウサギ,1,,ドライ,28.1899256987064,129.397421378653,"2026/08/23 23:59
目撃

1匹
クロウサギ
ドライ
瀬戸内町嘉徳
28.1899256987064
129.397421378653
",2026-08-23,"2026-08-23 14:59:00+00:00|クロウサギ|目撃|28.1899257|129.3974214|2026/08/23 23:59
目撃

1匹
クロウサギ
ドライ
瀬戸内町嘉徳
28.1899256987064
129.397421378653
",OSM_ro448_0_61,6.420067750885253,
2026-08-24 00:02:00+09:00,2026-08-23 21:08:00+09:00,捕獲,ハブ,1,小,ドライ,28.19081506904525,129.3980626956513,"2026/08/24 0:02
捕獲
ハブ捕獲小
伸び
道路脇
ドライ
瀬戸内町嘉徳
28.19081506904525
129.3980626956513
",2026-08-23,"2026-08-23 15:02:00+00:00|ハブ|捕獲|28.1908151|129.3980627|2026/08/24 0:02
捕獲
ハブ捕獲小
伸び
道路脇
ドライ
瀬戸内町嘉徳
28.19081506904525
129.3980626956513
",OSM_ro448_0_48,12.153861917608689,
2026-08-24 00:04:00+09:00,2026-08-23 21:08:00+09:00,捕獲,ハブ,1,小,ドライ,28.19212476906661,129.3972355960724,"2026/08/24 0:04
捕獲
ハブ捕獲小
とぐろ
道路脇
ドライ
瀬戸内町嘉徳
28.19212476906661
129.3972355960724
",2026-08-23,"2026-08-23 15:04:00+00:00|ハブ|捕獲|28.1921248|129.3972356|2026/08/24 0:04
捕獲
ハブ捕獲小
とぐろ
道路脇
ドライ
瀬戸内町嘉徳
28.19212476906661
129.3972355960724
",OSM_ro448_0_30,7.428856903945542,
2026-08-24 00:18:00+09:00,2026-08-23 21:08:00+09:00,目撃,クロウサギ,2,,ドライ,28.19630332927753,129.4055820475642,"2026/08/24 0:18
目撃

2匹
クロウサギ
ドライ
瀬戸内町嘉徳
28.19630332927753
129.4055820475642
",2026-08-23,"2026-08-23 15:18:00+00:00|クロウサギ|目撃|28.1963033|129.405582|2026/08/24 0:18
目撃

2匹
クロウサギ
ドライ
瀬戸内町嘉徳
28.19630332927753
129.4055820475642
",OSM_ro484_0_67,1.785369699779578,
2026-08-24 00:20:00+09:00,2026-08-23 21:08:00+09:00,目撃,カエル,2,,ドライ,28.19479885457016,129.4069783270658,"2026/08/24 0:20
目撃

2匹
カエル
ドライ
瀬戸内町嘉徳
28.19479885457016
129.4069783270658
",2026-08-23,"2026-08-23 15:20:00+00:00|カエル|目撃|28.1947989|129.4069783|2026/08/24 0:20
目撃

2匹
カエル
ドライ
瀬戸内町嘉徳
28.19479885457016
129.4069783270658
",OSM_ro484_0_104,3.9673369987942375,
2026-08-24 00:22:00+09:00,2026-08-23 21:08:00+09:00,目撃,クロウサギ,1,,ドライ,28.19440558770549,129.4089172655351,"2026/08/24 0:22
目撃

1匹
クロウサギ
ドライ
瀬戸内町嘉徳
28.19440558770549
129.4089172655351
",2026-08-23,"2026-08-23 15:22:00+00:00|クロウサギ|目撃|28.1944056|129.4089173|2026/08/24 0:22
目撃

1匹
クロウサギ
ドライ
瀬戸内町嘉徳
28.19440558770549
129.4089172655351
",OSM_ro408_0_19,7.790573353457832,
2026-08-24 00:23:00+09:00,2026-08-23 21:08:00+09:00,目撃,カエル,5,,ウエット,28.19388080099521,129.4109368130906,"2026/08/24 0:23
目撃

5匹以上
カエル
ウエット
瀬戸内町嘉徳
28.19388080099521
129.4109368130906
",2026-08-23,"2026-08-23 15:23:00+00:00|カエル|目撃|28.1938808|129.4109368|2026/08/24 0:23
目撃

5匹以上
カエル
ウエット
瀬戸内町嘉徳
28.19388080099521
129.4109368130906
",OSM_ro408_0_41,0.4840206142107206,
2026-08-24 00:24:00+09:00,2026-08-23 21:08:00+09:00,目撃,オットンガエル,1,,ドライ,28.19378625112956,129.4124338386333,"2026/08/24 0:24
目撃

1匹
オットンガエル
ヤマシギ
ドライ
瀬戸内町嘉徳
28.19378625112956
129.4124338386333
",2026-08-23,"2026-08-23 15:24:00+00:00|オットンガエル|目撃|28.1937863|129.4124338|2026/08/24 0:24
目撃

1匹
オットンガエル
ヤマシギ
ドライ
瀬戸内町嘉徳
28.19378625112956
129.4124338386333
",OSM_ro408_0_56,4.2626592374909436,
2026-08-24 00:36:00+09:00,2026-08-23 21:08:00+09:00,目撃,ネズミ,1,,ドライ,28.19491745158767,129.4034220632089,"2026/08/24 0:36
目撃

1匹
ネズミ
ドライ
瀬戸内町嘉徳157
28.19491745158767
129.4034220632089
",2026-08-23,"2026-08-23 15:36:00+00:00|ネズミ|目撃|28.1949175|129.4034221|2026/08/24 0:36
目撃

1匹
ネズミ
ドライ
瀬戸内町嘉徳157
28.19491745158767
129.4034220632089
",OSM_ro484_0_37,2.5999086448541777,
2026-08-24 00:42:00+09:00,2026-08-23 21:08:00+09:00,目撃,その他,1,,ドライ,28.19507576885279,129.3959534936079,"2026/08/24 0:42
目撃

1匹
アカショウビン
ドライ

28.19507576885279
129.3959534936079
",2026-08-23,"2026-08-23 15:42:00+00:00|その他|目撃|28.1950758|129.3959535|2026/08/24 0:42
目撃

1匹
アカショウビン
ドライ

28.19507576885279
129.3959534936079
",OSM_ro137_0_13,3.9284644605797445,
2026-08-24 00:43:00+09:00,2026-08-23 21:08:00+09:00,目撃,クロウサギ,1,,ドライ,28.19519981831525,129.3952160615983,"2026/08/24 0:43
目撃

1匹
クロウサギ
ドライ

28.19519981831525
129.3952160615983
",2026-08-23,"2026-08-23 15:43:00+00:00|クロウサギ|目撃|28.1951998|129.3952161|2026/08/24 0:43
目撃

1匹
クロウサギ
ドライ

28.19519981831525
129.3952160615983
",OSM_ro137_0_20,0.8963958492474781,
2026-08-24 00:47:00+09:00,2026-08-23 21:08:00+09:00,目撃,クロウサギ,1,,ドライ,28.19765157375976,129.3908720508751,"2026/08/24 0:47
目撃

1匹
クロウサギ
ドライ

28.19765157375976
129.3908720508751
",2026-08-23,"2026-08-23 15:47:00+00:00|クロウサギ|目撃|28.1976516|129.3908721|2026/08/24 0:47
目撃

1匹
クロウサギ
ドライ

28.19765157375976
129.3908720508751
",OSM_ro48_0_9,7.149422977785058,
2026-08-24 01:03:00+09:00,2026-08-23 21:08:00+09:00,目撃,アカマタ,1,,ウエット,28.19014181796949,129.3644308526357,"2026/08/24 1:03
目撃

1匹
アカマタ
ウエット

28.19014181796949
129.3644308526357
",2026-08-23,"2026-08-23 16:03:00+00:00|アカマタ|目撃|28.1901418|129.3644309|2026/08/24 1:03
目撃

1匹
アカマタ
ウエット

28.19014181796949
129.3644308526357
",OSM_ro162_0_23,2.1353918345531477,
2026-08-24 01:05:00+09:00,2026-08-23 21:08:00+09:00,目撃,アマミハナサキガエル,2,,ウエット,28.1920264231199,129.3614519985625,"2026/08/24 1:05
目撃

2匹
アマミハナサキガエル
ウエット

28.1920264231199
129.3614519985625
",2026-08-23,"2026-08-23 16:05:00+00:00|アマミハナサキガエル|目撃|28.1920264|129.361452|2026/08/24 1:05
目撃

2匹
アマミハナサキガエル
ウエット

28.1920264231199
129.3614519985625
",OSM_ro13_0_178,3.46426189875047,
2026-08-24 01:08:00+09:00,2026-08-23 21:08:00+09:00,目撃,カエル,1,,ウエット,28.19384093899858,129.3596318405495,"2026/08/24 1:08
目撃

1匹
カエル
ウエット

28.19384093899858
129.3596318405495
",2026-08-23,"2026-08-23 16:08:00+00:00|カエル|目撃|28.1938409|129.3596318|2026/08/24 1:08
目撃

1匹
カエル
ウエット

28.19384093899858
129.3596318405495
",OSM_ro208_0_96,11.473549664953811,
2026-08-24 01:08:00+09:00,2026-08-23 21:08:00+09:00,目撃,ヤマシギ,1,,ウエット,28.19468257401944,129.3590082386013,"2026/08/24 1:08
目撃

1匹
ヤマシギ
ウエット

28.19468257401944
129.3590082386013
",2026-08-23,"2026-08-23 16:08:00+00:00|ヤマシギ|目撃|28.1946826|129.3590082|2026/08/24 1:08
目撃

1匹
ヤマシギ
ウエット

28.19468257401944
129.3590082386013
",OSM_ro208_0_84,9.88494343404866,
2026-08-24 01:09:00+09:00,2026-08-23 21:08:00+09:00,目撃,ヤマシギ,1,,ドライ,28.19503845530928,129.3580071506315,"2026/08/24 1:09
目撃

1匹
ヤマシギ
ドライ

28.19503845530928
129.3580071506315
",2026-08-23,"2026-08-23 16:09:00+00:00|ヤマシギ|目撃|28.1950385|129.3580072|2026/08/24 1:09
目撃

1匹
ヤマシギ
ドライ

28.19503845530928
129.3580071506315
",OSM_ro208_0_73,15.493934060812913,
2026-08-24 01:10:00+09:00,2026-08-23 21:08:00+09:00,目撃,カエル,1,,ウエット,28.19585669325176,129.3563656494029,"2026/08/24 1:10
目撃

1匹
カエル
ウエット

28.19585669325176
129.3563656494029
",2026-08-23,"2026-08-23 16:10:00+00:00|カエル|目撃|28.1958567|129.3563656|2026/08/24 1:10
目撃

1匹
カエル
ウエット

28.19585669325176
129.3563656494029
",OSM_ro208_0_54,13.970265309708823,
2026-08-24 01:11:00+09:00,2026-08-23 21:08:00+09:00,目撃,カエル,1,,ウエット,28.19652766453686,129.3556369374528,"2026/08/24 1:11
目撃

1匹
カエル
ウエット

28.19652766453686
129.3556369374528
",2026-08-23,"2026-08-23 16:11:00+00:00|カエル|目撃|28.1965277|129.3556369|2026/08/24 1:11
目撃

1匹
カエル
ウエット

28.19652766453686
129.3556369374528
",OSM_ro208_0_44,10.818465511139934,
2026-08-24 01:15:00+09:00,2026-08-23 21:08:00+09:00,目撃,カエル,1,,ドライ,28.1955841391661,129.3515743167922,"2026/08/24 1:15
目撃

1匹
カエル
ヤマシギ
ドライ

28.1955841391661
129.3515743167922
",2026-08-23,"2026-08-23 16:15:00+00:00|カエル|目撃|28.1955841|129.3515743|2026/08/24 1:15
目撃

1匹
カエル
ヤマシギ
ドライ

28.1955841391661
129.3515743167922
",OSM_ro462_0_99,7.890088194103361,
2026-08-24 01:18:00+09:00,2026-08-23 21:08:00+09:00,目撃,ヤマシギ,2,,ウエット,28.19585728103456,129.3486255455137,"2026/08/24 1:18
目撃

2匹
ヤマシギ
ウエット

28.19585728103456
129.3486255455137
",2026-08-23,"2026-08-23 16:18:00+00:00|ヤマシギ|目撃|28.1958573|129.3486255|2026/08/24 1:18
目撃

2匹
ヤマシギ
ウエット

28.19585728103456
129.3486255455137
",OSM_ro462_0_59,6.071798468671829,
2026-08-24 01:20:00+09:00,2026-08-23 21:08:00+09:00,目撃,カエル,1,,ドライ,28.19747613443873,129.3486818496192,"2026/08/24 1:20
目撃

1匹
カエル
ドライ

28.19747613443873
129.3486818496192
",2026-08-23,"2026-08-23 16:20:00+00:00|カエル|目撃|28.1974761|129.3486818|2026/08/24 1:20
目撃

1匹
カエル
ドライ

28.19747613443873
129.3486818496192
",OSM_ro462_0_31,14.989457673005111,
2026-08-24 01:21:00+09:00,2026-08-23 21:08:00+09:00,目撃,ヤマシギ,1,,ウエット,28.1980447809652,129.3477276437781,"2026/08/24 1:21
目撃

1匹
ヤマシギ
ウエット

28.1980447809652
129.3477276437781
",2026-08-23,"2026-08-23 16:21:00+00:00|ヤマシギ|目撃|28.1980448|129.3477276|2026/08/24 1:21
目撃

1匹
ヤマシギ
ウエット

28.1980447809652
129.3477276437781
",OSM_ro462_0_17,9.73957925476691,
2026-08-24 01:24:00+09:00,2026-08-23 21:08:00+09:00,目撃,ヤマシギ,1,,ドライ,28.19729458192407,129.344657690387,"2026/08/24 1:24
目撃

1匹
ヤマシギ
ドライ
瀬戸内町勝浦
28.19729458192407
129.344657690387
",2026-08-23,"2026-08-23 16:24:00+00:00|ヤマシギ|目撃|28.1972946|129.3446577|2026/08/24 1:24
目撃

1匹
ヤマシギ
ドライ
瀬戸内町勝浦
28.19729458192407
129.344657690387
",OSM_ro309_0_131,9.454590518920975,
2026-08-24 01:27:00+09:00,2026-08-23 21:08:00+09:00,目撃,ネズミ,1,,ドライ,28.19588334943519,129.3410555397562,"2026/08/24 1:27
目撃

1匹
ネズミ
ドライ
瀬戸内町勝浦
28.19588334943519
129.3410555397562
",2026-08-23,"2026-08-23 16:27:00+00:00|ネズミ|目撃|28.1958833|129.3410555|2026/08/24 1:27
目撃

1匹
ネズミ
ドライ
瀬戸内町勝浦
28.19588334943519
129.3410555397562
",OSM_ro309_0_88,7.736289970979931,
2026-08-24 01:29:00+09:00,2026-08-23 21:08:00+09:00,目撃,クロウサギ,1,,ウエット,28.19691535207294,129.3395768688019,"2026/08/24 1:29
目撃

1匹
クロウサギ
ウエット

28.19691535207294
129.3395768688019
",2026-08-23,"2026-08-23 16:29:00+00:00|クロウサギ|目撃|28.1969154|129.3395769|2026/08/24 1:29
目撃

1匹
クロウサギ
ウエット

28.19691535207294
129.3395768688019
",OSM_ro309_0_61,4.015969758693029,
2026-08-24 01:33:00+09:00,2026-08-23 21:08:00+09:00,目撃,クロウサギ,1,,ドライ,28.20031807722185,129.3367268893536,"2026/08/24 1:33
目撃

1匹
クロウサギ
ドライ

28.20031807722185
129.3367268893536
",2026-08-23,"2026-08-23 16:33:00+00:00|クロウサギ|目撃|28.2003181|129.3367269|2026/08/24 1:33
目撃

1匹
クロウサギ
ドライ

28.20031807722185
129.3367268893536
",OSM_ro309_0_7,5.058327745955345,
2026-08-24 01:34:00+09:00,2026-08-23 21:08:00+09:00,目撃,ネズミ,1,,ウエット,28.20098222737839,129.3365475268474,"2026/08/24 1:34
目撃

1匹
ネズミ
ウエット

28.20098222737839
129.3365475268474
",2026-08-23,"2026-08-23 16:34:00+00:00|ネズミ|目撃|28.2009822|129.3365475|2026/08/24 1:34
目撃

1匹
ネズミ
ウエット

28.20098222737839
129.3365475268474
",OSM_ro309_0_0,16.911094413075162,
2026-08-24 01:35:00+09:00,2026-08-23 21:08:00+09:00,目撃,クロウサギ,1,,ウエット,28.20212011612556,129.3358880024912,"2026/08/24 1:35
目撃

1匹
クロウサギ
ウエット

28.20212011612556
129.3358880024912
",2026-08-23,"2026-08-23 16:35:00+00:00|クロウサギ|目撃|28.2021201|129.335888|2026/08/24 1:35
目撃

1匹
クロウサギ
ウエット

28.20212011612556
129.3358880024912
",OSM_ro126_0_193,8.603157770422069,
2026-08-24 01:36:00+09:00,2026-08-23 21:08:00+09:00,目撃,オットンガエル,1,,ウエット,28.20206956493761,129.3347112969267,"2026/08/24 1:36
目撃

1匹
オットンガエル
ウエット

28.20206956493761
129.3347112969267
",2026-08-23,"2026-08-23 16:36:00+00:00|オットンガエル|目撃|28.2020696|129.3347113|2026/08/24 1:36
目撃

1匹
オットンガエル
ウエット

28.20206956493761
129.3347112969267
",OSM_ro126_0_180,0.22615455738455298,
2026-08-24 01:40:00+09:00,2026-08-23 21:08:00+09:00,目撃,クロウサギ,1,,ウエット,28.20555548161654,129.3320404699568,"2026/08/24 1:40
目撃

1匹
クロウサギ
ウエット

28.20555548161654
129.3320404699568
",2026-08-23,"2026-08-23 16:40:00+00:00|クロウサギ|目撃|28.2055555|129.3320405|2026/08/24 1:40
目撃

1匹
クロウサギ
ウエット

28.20555548161654
129.3320404699568
",OSM_ro126_0_113,5.649870274627019,
2026-08-24 01:41:00+09:00,2026-08-23 21:08:00+09:00,目撃,アマミハナサキガエル,2,,ドライ,28.2058609128318,129.3325734301839,"2026/08/24 1:41
目撃

2匹
アマミハナサキガエル
ドライ

28.2058609128318
129.3325734301839
",2026-08-23,"2026-08-23 16:41:00+00:00|アマミハナサキガエル|目撃|28.2058609|129.3325734|2026/08/24 1:41
目撃

2匹
アマミハナサキガエル
ドライ

28.2058609128318
129.3325734301839
",OSM_ro126_0_107,0.632103075407145,
2026-08-24 01:42:00+09:00,2026-08-23 21:08:00+09:00,目撃,ヒメハブ,1,,ウエット,28.20695609893641,129.3328280538333,"2026/08/24 1:42
目撃

1匹
ヒメハブ
クロウサギ
ウエット

28.20695609893641
129.3328280538333
",2026-08-23,"2026-08-23 16:42:00+00:00|ヒメハブ|目撃|28.2069561|129.3328281|2026/08/24 1:42
目撃

1匹
ヒメハブ
クロウサギ
ウエット

28.20695609893641
129.3328280538333
",OSM_ro126_0_87,12.037458614924759,
2026-08-24 01:43:00+09:00,2026-08-23 21:08:00+09:00,目撃,クロウサギ,1,,ウエット,28.20723973224564,129.3326208869637,"2026/08/24 1:43
目撃

1匹
クロウサギ
ウエット

28.20723973224564
129.3326208869637
",2026-08-23,"2026-08-23 16:43:00+00:00|クロウサギ|目撃|28.2072397|129.3326209|2026/08/24 1:43
目撃

1匹
クロウサギ
ウエット

28.20723973224564
129.3326208869637
",OSM_ro126_0_84,10.225224600518622,
2026-08-24 01:44:00+09:00,2026-08-23 21:08:00+09:00,目撃,アマミハナサキガエル,1,,ウエット,28.20842695562677,129.3324101444508,"2026/08/24 1:44
目撃

1匹
アマミハナサキガエル
ウエット

28.20842695562677
129.3324101444508
",2026-08-23,"2026-08-23 16:44:00+00:00|アマミハナサキガエル|目撃|28.208427|129.3324101|2026/08/24 1:44
目撃

1匹
アマミハナサキガエル
ウエット

28.20842695562677
129.3324101444508
",OSM_ro126_0_67,2.2528763110446097,
2026-08-24 01:51:00+09:00,2026-08-23 21:08:00+09:00,目撃,ヤマシギ,1,,ウエット,28.20583446533713,129.3269082224336,"2026/08/24 1:51
目撃

1匹
ヤマシギ
ウエット

28.20583446533713
129.3269082224336
",2026-08-23,"2026-08-23 16:51:00+00:00|ヤマシギ|目撃|28.2058345|129.3269082|2026/08/24 1:51
目撃

1匹
ヤマシギ
ウエット

28.20583446533713
129.3269082224336
",OSM_ro75_0_88,5.84282438026949,
2026-08-24 01:54:00+09:00,2026-08-23 21:08:00+09:00,目撃,クロウサギ,2,,ウエット,28.20574373615952,129.3232818334869,"2026/08/24 1:54
目撃

2匹
クロウサギ
ウエット
瀬戸内町阿室釜
28.20574373615952
129.3232818334869
",2026-08-23,"2026-08-23 16:54:00+00:00|クロウサギ|目撃|28.2057437|129.3232818|2026/08/24 1:54
目撃

2匹
クロウサギ
ウエット
瀬戸内町阿室釜
28.20574373615952
129.3232818334869
",OSM_ro75_0_43,1.0239124441121412,
2026-08-24 01:56:00+09:00,2026-08-23 21:08:00+09:00,目撃,アマミハナサキガエル,1,,ドライ,28.20421845158256,129.320637989002,"2026/08/24 1:56
目撃

1匹
アマミハナサキガエル
ドライ
瀬戸内町阿室釜
28.20421845158256
129.320637989002
",2026-08-23,"2026-08-23 16:56:00+00:00|アマミハナサキガエル|目撃|28.2042185|129.320638|2026/08/24 1:56
目撃

1匹
アマミハナサキガエル
ドライ
瀬戸内町阿室釜
28.20421845158256
129.320637989002
",OSM_ro75_0_7,0.9526247086782538,
2026-08-24 01:57:00+09:00,2026-08-23 21:08:00+09:00,目撃,クロウサギ,1,,ドライ,28.20519647865006,129.3198762752594,"2026/08/24 1:57
目撃

1匹
クロウサギ
ドライ

28.20519647865006
129.3198762752594
",2026-08-23,"2026-08-23 16:57:00+00:00|クロウサギ|目撃|28.2051965|129.3198763|2026/08/24 1:57
目撃

1匹
クロウサギ
ドライ

28.20519647865006
129.3198762752594
",OSM_ro230_0_101,6.959317610810874,
2026-08-24 02:00:00+09:00,2026-08-23 21:08:00+09:00,目撃,アマミハナサキガエル,1,,ドライ,28.20535797809043,129.3166487275961,"2026/08/24 2:00
目撃

1匹
アマミハナサキガエル
ドライ

28.20535797809043
129.3166487275961
",2026-08-23,"2026-08-23 17:00:00+00:00|アマミハナサキガエル|目撃|28.205358|129.3166487|2026/08/24 2:00
目撃

1匹
アマミハナサキガエル
ドライ

28.20535797809043
129.3166487275961
",OSM_ro230_0_60,0.8734007957312543,
2026-08-24 02:03:00+09:00,2026-08-23 21:08:00+09:00,目撃,クロウサギ,1,,ドライ,28.20628626764223,129.3139740025734,"2026/08/24 2:03
目撃

1匹
クロウサギ
ドライ

28.20628626764223
129.3139740025734
",2026-08-23,"2026-08-23 17:03:00+00:00|クロウサギ|目撃|28.2062863|129.313974|2026/08/24 2:03
目撃

1匹
クロウサギ
ドライ

28.20628626764223
129.3139740025734
",OSM_ro230_0_25,2.153571627719529,
2026-08-24 02:16:00+09:00,2026-08-23 21:08:00+09:00,目撃,アカマタ,1,,ウエット,28.19630222278968,129.3064846058073,"2026/08/24 2:16
目撃

1匹
アカマタ
ウエット

28.19630222278968
129.3064846058073
",2026-08-23,"2026-08-23 17:16:00+00:00|アカマタ|目撃|28.1963022|129.3064846|2026/08/24 2:16
目撃

1匹
アカマタ
ウエット

28.19630222278968
129.3064846058073
",OSM_ro6_0_52,4.473437955420471,
2026-08-24 02:26:00+09:00,2026-08-23 21:08:00+09:00,目撃,カエル,5,,ウエット,28.18589667244232,129.3084189042305,"2026/08/24 2:26
目撃

5匹以上
カエル
ウエット

28.18589667244232
129.3084189042305
",2026-08-23,"2026-08-23 17:26:00+00:00|カエル|目撃|28.1858967|129.3084189|2026/08/24 2:26
目撃

5匹以上
カエル
ウエット

28.18589667244232
129.3084189042305
",OSM_ro491_0_15,5.920323494744037,
2026-08-24 02:27:00+09:00,2026-08-23 21:08:00+09:00,目撃,オットンガエル,1,,ウエット,28.18523118038818,129.3091338671398,"2026/08/24 2:27
目撃

1匹
オットンガエル
ウエット

28.18523118038818
129.3091338671398
",2026-08-23,"2026-08-23 17:27:00+00:00|オットンガエル|目撃|28.1852312|129.3091339|2026/08/24 2:27
目撃

1匹
オットンガエル
ウエット

28.18523118038818
129.3091338671398
",OSM_ro491_0_25,7.195718859219637,
2026-08-24 02:36:00+09:00,2026-08-23 21:08:00+09:00,目撃,クロウサギ,1,,ウエット,28.17729523503701,129.3136241590998,"2026/08/24 2:36
目撃

1匹
クロウサギ
ウエット
瀬戸内町阿木名
28.17729523503701
129.3136241590998
",2026-08-23,"2026-08-23 17:36:00+00:00|クロウサギ|目撃|28.1772952|129.3136242|2026/08/24 2:36
目撃

1匹
クロウサギ
ウエット
瀬戸内町阿木名
28.17729523503701
129.3136241590998
",OSM_ro424_0_84,1.9498979690576972,
2026-08-24 02:41:00+09:00,2026-08-23 21:08:00+09:00,目撃,オットンガエル,1,,ウエット,28.17251071855902,129.3121843951721,"2026/08/24 2:41
目撃

1匹
オットンガエル
ウエット
瀬戸内町久根津
28.17251071855902
129.3121843951721
",2026-08-23,"2026-08-23 17:41:00+00:00|オットンガエル|目撃|28.1725107|129.3121844|2026/08/24 2:41
目撃

1匹
オットンガエル
ウエット
瀬戸内町久根津
28.17251071855902
129.3121843951721
",OSM_ro561_0_14,19.159142240413583,
2026-08-24 02:43:00+09:00,2026-08-23 21:08:00+09:00,目撃,カエル,3,,ウエット,28.17268904001723,129.3098071209393,"2026/08/24 2:43
目撃

3匹
カエル
ウエット
瀬戸内町久根津
28.17268904001723
129.3098071209393
",2026-08-23,"2026-08-23 17:43:00+00:00|カエル|目撃|28.172689|129.3098071|2026/08/24 2:43
目撃

3匹
カエル
ウエット
瀬戸内町久根津
28.17268904001723
129.3098071209393
",OSM_ro561_0_51,2.2612249402133067,
2026-08-24 02:45:00+09:00,2026-08-23 21:08:00+09:00,目撃,ヤマシギ,1,,ウエット,28.17368737946513,129.307020804504,"2026/08/24 2:45
目撃

1匹
ヤマシギ
ウエット
瀬戸内町久根津
28.17368737946513
129.307020804504
",2026-08-23,"2026-08-23 17:45:00+00:00|ヤマシギ|目撃|28.1736874|129.3070208|2026/08/24 2:45
目撃

1匹
ヤマシギ
ウエット
瀬戸内町久根津
28.17368737946513
129.307020804504
",OSM_ro561_0_92,4.721335046853193,
2026-08-24 02:48:00+09:00,2026-08-23 21:08:00+09:00,捕獲,ハブ,1,小,ウエット,28.17491855810635,129.3047488375334,"2026/08/24 2:48
捕獲
ハブ捕獲小
とぐろ
道路脇
ウエット
瀬戸内町久根津
28.17491855810635
129.3047488375334
",2026-08-23,"2026-08-23 17:48:00+00:00|ハブ|捕獲|28.1749186|129.3047488|2026/08/24 2:48
捕獲
ハブ捕獲小
とぐろ
道路脇
ウエット
瀬戸内町久根津
28.17491855810635
129.3047488375334
",OSM_ro174_0_21,8.850850186228516,
2026-08-24 02:55:00+09:00,2026-08-23 21:08:00+09:00,目撃,ヒメハブ,1,,ウエット,28.18035575362781,129.3039544383367,"2026/08/24 2:55
目撃

1匹
ヒメハブ
ウエット
瀬戸内町油井
28.18035575362781
129.3039544383367",2026-08-23,"2026-08-23 17:55:00+00:00|ヒメハブ|目撃|28.1803558|129.3039544|2026/08/24 2:55
目撃

1匹
ヒメハブ
ウエット
瀬戸内町油井
28.18035575362781
129.3039544383367",OSM_ro66_0_68,9.279630339004887,
2026-08-24 20:42:00+09:00,2026-08-24 20:26:00+09:00,目撃,オットンガエル,1,,ドライ,28.17359163910984,129.3124792552134,"2026/08/24 20:42
目撃

1匹
オットンガエル
ドライ
瀬戸内町久根津
28.17359163910984
129.3124792552134
",2026-08-24,"2026-08-24 11:42:00+00:00|オットンガエル|目撃|28.1735916|129.3124793|2026/08/24 20:42
目撃

1匹
オットンガエル
ドライ
瀬戸内町久根津
28.17359163910984
129.3124792552134
",OSM_ro302_0_56,0.36292681631175844,
2026-08-24 20:43:00+09:00,2026-08-24 20:26:00+09:00,目撃,アカマタ,1,,ドライ,28.17426711942207,129.3111792202434,"2026/08/24 20:43
目撃

1匹
アカマタ
ドライ
瀬戸内町油井
28.17426711942207
129.3111792202434
",2026-08-24,"2026-08-24 11:43:00+00:00|アカマタ|目撃|28.1742671|129.3111792|2026/08/24 20:43
目撃

1匹
アカマタ
ドライ
瀬戸内町油井
28.17426711942207
129.3111792202434
",OSM_ro302_0_24,2.04811000214757,
2026-08-24 20:51:00+09:00,2026-08-24 20:26:00+09:00,目撃,ヤマシギ,1,,ソークド(水跳ね),28.18090082160699,129.313743930484,"2026/08/24 20:51
目撃

1匹
ヤマシギ
ソークド(水跳ね)

28.18090082160699
129.313743930484
なう(2026/08/24 20:53:05)27度
",2026-08-24,"2026-08-24 11:51:00+00:00|ヤマシギ|目撃|28.1809008|129.3137439|2026/08/24 20:51
目撃

1匹
ヤマシギ
ソークド(水跳ね)

28.18090082160699
129.313743930484
なう(2026/08/24 20:53:05)27度
",OSM_ro424_0_41,1.4945854568988814,
2026-08-24 20:56:00+09:00,2026-08-24 20:26:00+09:00,目撃,ヤマシギ,1,,ウエット,28.18407547080806,129.3128215530618,"2026/08/24 20:56
目撃

1匹
ヤマシギ
ウエット
瀬戸内町油井
28.18407547080806
129.3128215530618
",2026-08-24,"2026-08-24 11:56:00+00:00|ヤマシギ|目撃|28.1840755|129.3128216|2026/08/24 20:56
目撃

1匹
ヤマシギ
ウエット
瀬戸内町油井
28.18407547080806
129.3128215530618
",OSM_ro11_0_5,1.2113231016814443,
2026-08-24 20:58:00+09:00,2026-08-24 20:26:00+09:00,目撃,カエル,1,,ウエット,28.18464992252798,129.3118205520699,"2026/08/24 20:58
目撃

1匹
カエル
ウエット
瀬戸内町油井
28.18464992252798
129.3118205520699
",2026-08-24,"2026-08-24 11:58:00+00:00|カエル|目撃|28.1846499|129.3118206|2026/08/24 20:58
目撃

1匹
カエル
ウエット
瀬戸内町油井
28.18464992252798
129.3118205520699
",OSM_ro491_0_97,3.0760475355420365,
2026-08-24 21:01:00+09:00,2026-08-24 20:26:00+09:00,目撃,オットンガエル,1,,ウエット,28.18558355838592,129.3107850710769,"2026/08/24 21:01
目撃

1匹
オットンガエル
ウエット

28.18558355838592
129.3107850710769
",2026-08-24,"2026-08-24 12:01:00+00:00|オットンガエル|目撃|28.1855836|129.3107851|2026/08/24 21:01
目撃

1匹
オットンガエル
ウエット

28.18558355838592
129.3107850710769
",OSM_ro491_0_65,8.194321815031092,
2026-08-24 21:10:00+09:00,2026-08-24 20:26:00+09:00,捕獲,ハブ,1,大,ウエット,28.18546459772124,129.3077046392419,"2026/08/24 21:10
捕獲
ハブ捕獲大
移動中
道路脇谷側
ウエット

28.18546459772124
129.3077046392419
",2026-08-24,"2026-08-24 12:10:00+00:00|ハブ|捕獲|28.1854646|129.3077046|2026/08/24 21:10
捕獲
ハブ捕獲大
移動中
道路脇谷側
ウエット

28.18546459772124
129.3077046392419
",OSM_ro491_0_2,3.313869322021639,
2026-08-24 21:12:00+09:00,2026-08-24 20:26:00+09:00,目撃,カエル,1,,ウエット,28.18537403367878,129.3065072683011,"2026/08/24 21:12
目撃

1匹
カエル
ウエット

28.18537403367878
129.3065072683011
",2026-08-24,"2026-08-24 12:12:00+00:00|カエル|目撃|28.185374|129.3065073|2026/08/24 21:12
目撃

1匹
カエル
ウエット

28.18537403367878
129.3065072683011
",OSM_ro205_0_94,9.683516149736686,
2026-08-24 21:38:00+09:00,2026-08-24 20:26:00+09:00,目撃,カエル,1,,ウエット,28.20406129756103,129.3073520381857,"2026/08/24 21:38
目撃

1匹
カエル
ウエット
瀬戸内町小名瀬
28.20406129756103
129.3073520381857
",2026-08-24,"2026-08-24 12:38:00+00:00|カエル|目撃|28.2040613|129.307352|2026/08/24 21:38
目撃

1匹
カエル
ウエット
瀬戸内町小名瀬
28.20406129756103
129.3073520381857
",OSM_ro151_0_64,0.852669664204013,
2026-08-24 21:56:00+09:00,2026-08-24 20:26:00+09:00,目撃,アマミハナサキガエル,1,,ドライ,28.20608718576061,129.3235482818421,"2026/08/24 21:56
目撃

1匹
アマミハナサキガエル
ドライ

28.20608718576061
129.3235482818421
",2026-08-24,"2026-08-24 12:56:00+00:00|アマミハナサキガエル|目撃|28.2060872|129.3235483|2026/08/24 21:56
目撃

1匹
アマミハナサキガエル
ドライ

28.20608718576061
129.3235482818421
",OSM_ro75_0_47,9.350885514267524,
2026-08-24 22:00:00+09:00,2026-08-24 20:26:00+09:00,目撃,カエル,1,,ドライ,28.20700380617559,129.3288694167168,"2026/08/24 22:00
目撃

1匹
カエル
ヤマシギ
ドライ

28.20700380617559
129.3288694167168
",2026-08-24,"2026-08-24 13:00:00+00:00|カエル|目撃|28.2070038|129.3288694|2026/08/24 22:00
目撃

1匹
カエル
ヤマシギ
ドライ

28.20700380617559
129.3288694167168
",OSM_ro126_0_4,21.120197882883435,
2026-08-24 22:02:00+09:00,2026-08-24 20:26:00+09:00,目撃,イシカワガエル,1,,ウエット,28.20778282093587,129.3303641394467,"2026/08/24 22:02
目撃

1匹
イシカワガエル
ウエット

28.20778282093587
129.3303641394467
",2026-08-24,"2026-08-24 13:02:00+00:00|イシカワガエル|目撃|28.2077828|129.3303641|2026/08/24 22:02
目撃

1匹
イシカワガエル
ウエット

28.20778282093587
129.3303641394467
",OSM_ro126_0_30,2.3475682449725905,
2026-08-24 22:07:00+09:00,2026-08-24 20:26:00+09:00,目撃,ヤマシギ,1,,ウエット,28.20656890673333,129.3332141195076,"2026/08/24 22:07
目撃

1匹
ヤマシギ
ウエット

28.20656890673333
129.3332141195076
",2026-08-24,"2026-08-24 13:07:00+00:00|ヤマシギ|目撃|28.2065689|129.3332141|2026/08/24 22:07
目撃

1匹
ヤマシギ
ウエット

28.20656890673333
129.3332141195076
",OSM_ro126_0_95,1.6749899747220103,
2026-08-24 22:08:00+09:00,2026-08-24 20:26:00+09:00,目撃,カエル,1,,ウエット,28.20613701384413,129.3324932343398,"2026/08/24 22:08
目撃

1匹
カエル
ウエット

28.20613701384413
129.3324932343398
",2026-08-24,"2026-08-24 13:08:00+00:00|カエル|目撃|28.206137|129.3324932|2026/08/24 22:08
目撃

1匹
カエル
ウエット

28.20613701384413
129.3324932343398
",OSM_ro126_0_104,8.084963724717056,
2026-08-24 22:08:00+09:00,2026-08-24 20:26:00+09:00,目撃,ネズミ,1,,ウエット,28.20580496829715,129.3325499569072,"2026/08/24 22:08
目撃

1匹
ネズミ
ウエット

28.20580496829715
129.3325499569072
",2026-08-24,"2026-08-24 13:08:00+00:00|ネズミ|目撃|28.205805|129.33255|2026/08/24 22:08
目撃

1匹
ネズミ
ウエット

28.20580496829715
129.3325499569072
",OSM_ro126_0_108,0.7407442549678368,
2026-08-24 22:10:00+09:00,2026-08-24 20:26:00+09:00,目撃,クロウサギ,1,,ウエット,28.20427199755833,129.3317674983638,"2026/08/24 22:10
目撃

1匹
クロウサギ
ウエット

28.20427199755833
129.3317674983638
",2026-08-24,"2026-08-24 13:10:00+00:00|クロウサギ|目撃|28.204272|129.3317675|2026/08/24 22:10
目撃

1匹
クロウサギ
ウエット

28.20427199755833
129.3317674983638
",OSM_ro126_0_128,5.0946642372852695,
2026-08-24 22:11:00+09:00,2026-08-24 20:26:00+09:00,目撃,アマミハナサキガエル,1,,ウエット,28.20299171143763,129.331795955266,"2026/08/24 22:11
目撃

1匹
アマミハナサキガエル
ウエット
瀬戸内町勝浦
28.20299171143763
129.331795955266
",2026-08-24,"2026-08-24 13:11:00+00:00|アマミハナサキガエル|目撃|28.2029917|129.331796|2026/08/24 22:11
目撃

1匹
アマミハナサキガエル
ウエット
瀬戸内町勝浦
28.20299171143763
129.331795955266
",OSM_ro126_0_145,1.9051499269318888,
2026-08-24 22:19:00+09:00,2026-08-24 20:26:00+09:00,目撃,ネズミ,1,,ドライ,28.1982663801186,129.3395930374294,"2026/08/24 22:19
目撃

1匹
ネズミ
ドライ

28.1982663801186
129.3395930374294
",2026-08-24,"2026-08-24 13:19:00+00:00|ネズミ|目撃|28.1982664|129.339593|2026/08/24 22:19
目撃

1匹
ネズミ
ドライ

28.1982663801186
129.3395930374294
",OSM_ro309_0_46,4.547067914435803,
2026-08-24 22:27:00+09:00,2026-08-24 20:26:00+09:00,目撃,カエル,1,,ウエット,28.19752260251446,129.3485137307179,"2026/08/24 22:27
目撃

1匹
カエル
ウエット
瀬戸内町勝浦
28.19752260251446
129.3485137307179
",2026-08-24,"2026-08-24 13:27:00+00:00|カエル|目撃|28.1975226|129.3485137|2026/08/24 22:27
目撃

1匹
カエル
ウエット
瀬戸内町勝浦
28.19752260251446
129.3485137307179
",OSM_ro462_0_29,19.440163025250552,
2026-08-24 22:29:00+09:00,2026-08-24 20:26:00+09:00,目撃,ヤマシギ,1,,ウエット,28.19551407151939,129.3490063453544,"2026/08/24 22:29
目撃

1匹
ヤマシギ
ウエット

28.19551407151939
129.3490063453544
",2026-08-24,"2026-08-24 13:29:00+00:00|ヤマシギ|目撃|28.1955141|129.3490063|2026/08/24 22:29
目撃

1匹
ヤマシギ
ウエット

28.19551407151939
129.3490063453544
",OSM_ro462_0_65,13.257439910674995,
2026-08-24 22:30:00+09:00,2026-08-24 20:26:00+09:00,目撃,ヤマシギ,1,,ウエット,28.19510269044947,129.3507137553195,"2026/08/24 22:30
目撃

1匹
ヤマシギ
ウエット

28.19510269044947
129.3507137553195
",2026-08-24,"2026-08-24 13:30:00+00:00|ヤマシギ|目撃|28.1951027|129.3507138|2026/08/24 22:30
目撃

1匹
ヤマシギ
ウエット

28.19510269044947
129.3507137553195
",OSM_ro462_0_87,18.869013267898808,
2026-08-24 22:33:00+09:00,2026-08-24 20:26:00+09:00,目撃,カエル,1,,ウエット,28.19688325845677,129.3545021972859,"2026/08/24 22:33
目撃

1匹
カエル
ウエット

28.19688325845677
129.3545021972859
",2026-08-24,"2026-08-24 13:33:00+00:00|カエル|目撃|28.1968833|129.3545022|2026/08/24 22:33
目撃

1匹
カエル
ウエット

28.19688325845677
129.3545021972859
",OSM_ro208_0_30,2.598515665696719,
2026-08-24 22:41:00+09:00,2026-08-24 20:26:00+09:00,目撃,イシカワガエル,1,,ウエット,28.19026220745389,129.3643691882205,"2026/08/24 22:41
目撃

1匹
イシカワガエル
ウエット

28.19026220745389
129.3643691882205",2026-08-24,"2026-08-24 13:41:00+00:00|イシカワガエル|目撃|28.1902622|129.3643692|2026/08/24 22:41
目撃

1匹
イシカワガエル
ウエット

28.19026220745389
129.3643691882205",OSM_ro162_0_22,1.377719646213663,
2026-08-24 22:59:00+09:00,2026-08-24 20:26:00+09:00,目撃,ヤマシギ,1,,ドライ,28.19758201389478,129.3922021542255,"2026/08/24 22:59
目撃

1匹
ヤマシギ
ドライ
瀬戸内町嘉徳
28.19758201389478
129.3922021542255
",2026-08-24,"2026-08-24 13:59:00+00:00|ヤマシギ|目撃|28.197582|129.3922022|2026/08/24 22:59
目撃

1匹
ヤマシギ
ドライ
瀬戸内町嘉徳
28.19758201389478
129.3922021542255
",OSM_ro137_0_67,1.2191051142704556,
2026-08-24 23:00:00+09:00,2026-08-24 20:26:00+09:00,目撃,クロウサギ,1,,ドライ,28.19688225379824,129.3931918061262,"2026/08/24 23:00
目撃

1匹
クロウサギ
ドライ
瀬戸内町嘉徳
28.19688225379824
129.3931918061262
",2026-08-24,"2026-08-24 14:00:00+00:00|クロウサギ|目撃|28.1968823|129.3931918|2026/08/24 23:00
目撃

1匹
クロウサギ
ドライ
瀬戸内町嘉徳
28.19688225379824
129.3931918061262
",OSM_ro137_0_50,12.541510689902685,
2026-08-24 23:05:00+09:00,2026-08-24 20:26:00+09:00,目撃,カエル,5,,ウエット,28.1918978904622,129.3972446683161,"2026/08/24 23:05
目撃

5匹以上
カエル
ウエット
瀬戸内町嘉徳
28.1918978904622
129.3972446683161
",2026-08-24,"2026-08-24 14:05:00+00:00|カエル|目撃|28.1918979|129.3972447|2026/08/24 23:05
目撃

5匹以上
カエル
ウエット
瀬戸内町嘉徳
28.1918978904622
129.3972446683161
",OSM_ro448_0_33,8.7572685672747,
2026-08-24 23:06:00+09:00,2026-08-24 20:26:00+09:00,目撃,ネズミ,1,,ドライ,28.19144057453624,129.3975564526192,"2026/08/24 23:06
目撃

1匹
ネズミ
ドライ
瀬戸内町嘉徳
28.19144057453624
129.3975564526192
",2026-08-24,"2026-08-24 14:06:00+00:00|ネズミ|目撃|28.1914406|129.3975565|2026/08/24 23:06
目撃

1匹
ネズミ
ドライ
瀬戸内町嘉徳
28.19144057453624
129.3975564526192
",OSM_ro448_0_39,8.831549605553246,
2026-08-24 23:07:00+09:00,2026-08-24 20:26:00+09:00,目撃,クロウサギ,1,,ドライ,28.19017655496632,129.3980238971528,"2026/08/24 23:07
目撃

1匹
クロウサギ
ドライ
瀬戸内町嘉徳
28.19017655496632
129.3980238971528",2026-08-24,"2026-08-24 14:07:00+00:00|クロウサギ|目撃|28.1901766|129.3980239|2026/08/24 23:07
目撃

1匹
クロウサギ
ドライ
瀬戸内町嘉徳
28.19017655496632
129.3980238971528",OSM_ro448_0_55,5.25542250475506,
2026-08-24 23:10:00+09:00,2026-08-24 20:26:00+09:00,目撃,カエル,5,,ウエット,28.18819078691812,129.3957090196504,"2026/08/24 23:10
目撃

5匹以上
カエル
ウエット
瀬戸内町嘉徳
28.18819078691812
129.3957090196504
",2026-08-24,"2026-08-24 14:10:00+00:00|カエル|目撃|28.1881908|129.395709|2026/08/24 23:10
目撃

5匹以上
カエル
ウエット
瀬戸内町嘉徳
28.18819078691812
129.3957090196504
",OSM_ro448_0_88,6.959259495414922,
2026-08-24 23:10:00+09:00,2026-08-24 20:26:00+09:00,目撃,オットンガエル,1,,ドライ,28.18785870824214,129.3955448952373,"2026/08/24 23:10
目撃

1匹
オットンガエル
ドライ
瀬戸内町嘉徳
28.18785870824214
129.3955448952373
",2026-08-24,"2026-08-24 14:10:00+00:00|オットンガエル|目撃|28.1878587|129.3955449|2026/08/24 23:10
目撃

1匹
オットンガエル
ドライ
瀬戸内町嘉徳
28.18785870824214
129.3955448952373
",OSM_ro448_0_92,3.8920267985530423,
2026-08-24 23:10:00+09:00,2026-08-24 20:26:00+09:00,目撃,ネズミ,1,,ウエット,28.18764191593378,129.3952912643201,"2026/08/24 23:10
目撃

1匹
ネズミ
オットンガエル
ウエット
瀬戸内町嘉徳
28.18764191593378
129.3952912643201
",2026-08-24,"2026-08-24 14:10:00+00:00|ネズミ|目撃|28.1876419|129.3952913|2026/08/24 23:10
目撃

1匹
ネズミ
オットンガエル
ウエット
瀬戸内町嘉徳
28.18764191593378
129.3952912643201
",OSM_ro448_0_96,2.2183473703310277,
2026-08-24 23:12:00+09:00,2026-08-24 20:26:00+09:00,目撃,カエル,1,,ドライ,28.18621618643806,129.394815013535,"2026/08/24 23:12
目撃

1匹
カエル
ドライ

28.18621618643806
129.394815013535
",2026-08-24,"2026-08-24 14:12:00+00:00|カエル|目撃|28.1862162|129.394815|2026/08/24 23:12
目撃

1匹
カエル
ドライ

28.18621618643806
129.394815013535
",OSM_ro191_0_10,0.9373807175458627,
2026-08-24 23:20:00+09:00,2026-08-24 20:26:00+09:00,目撃,オットンガエル,1,,ウエット,28.18444765664736,129.3971185590743,"2026/08/24 23:20
目撃

1匹
オットンガエル
ウエット

28.18444765664736
129.3971185590743
",2026-08-24,"2026-08-24 14:20:00+00:00|オットンガエル|目撃|28.1844477|129.3971186|2026/08/24 23:20
目撃

1匹
オットンガエル
ウエット

28.18444765664736
129.3971185590743
",OSM_ro280_0_26,12.573237116339309,
2026-08-24 23:30:00+09:00,2026-08-24 20:26:00+09:00,目撃,ヤマシギ,1,,ウエット,28.17720047126155,129.3944785277803,"2026/08/24 23:30
目撃

1匹
ヤマシギ
ウエット
瀬戸内町節子
28.17720047126155
129.3944785277803
",2026-08-24,"2026-08-24 14:30:00+00:00|ヤマシギ|目撃|28.1772005|129.3944785|2026/08/24 23:30
目撃

1匹
ヤマシギ
ウエット
瀬戸内町節子
28.17720047126155
129.3944785277803
",OSM_ro104_0_88,12.583181414945006,
2026-08-24 23:31:00+09:00,2026-08-24 20:26:00+09:00,目撃,ヤマシギ,1,,ウエット,28.17632863465849,129.3957302958679,"2026/08/24 23:31
目撃

1匹
ヤマシギ
ウエット
瀬戸内町節子
28.17632863465849
129.3957302958679
",2026-08-24,"2026-08-24 14:31:00+00:00|ヤマシギ|目撃|28.1763286|129.3957303|2026/08/24 23:31
目撃

1匹
ヤマシギ
ウエット
瀬戸内町節子
28.17632863465849
129.3957302958679
",OSM_ro289_0_3,11.948628986473203,
2026-08-24 23:32:00+09:00,2026-08-24 20:26:00+09:00,目撃,ヤマシギ,1,,ドライ,28.1759246298447,129.3966862328423,"2026/08/24 23:32
目撃

1匹
ヤマシギ
ドライ

28.1759246298447
129.3966862328423
",2026-08-24,"2026-08-24 14:32:00+00:00|ヤマシギ|目撃|28.1759246|129.3966862|2026/08/24 23:32
目撃

1匹
ヤマシギ
ドライ

28.1759246298447
129.3966862328423
",OSM_ro289_0_15,0.2088177165461105,
2026-08-24 23:39:00+09:00,2026-08-24 20:26:00+09:00,目撃,ネズミ,1,,ドライ,28.17421840917843,129.3988725429522,"2026/08/24 23:39
目撃

1匹
ネズミ
ドライ

28.17421840917843
129.3988725429522
",2026-08-24,"2026-08-24 14:39:00+00:00|ネズミ|目撃|28.1742184|129.3988725|2026/08/24 23:39
目撃

1匹
ネズミ
ドライ

28.17421840917843
129.3988725429522
",OSM_ro249_0_19,3.1752047103213314,
2026-08-24 23:42:00+09:00,2026-08-24 20:26:00+09:00,目撃,ヤマシギ,2,,ドライ,28.17224148877025,129.398858276979,"2026/08/24 23:42
目撃

2匹
ヤマシギ
ドライ

28.17224148877025
129.398858276979
",2026-08-24,"2026-08-24 14:42:00+00:00|ヤマシギ|目撃|28.1722415|129.3988583|2026/08/24 23:42
目撃

2匹
ヤマシギ
ドライ

28.17224148877025
129.398858276979
",OSM_ro249_0_69,12.10581882145056,
2026-08-24 23:43:00+09:00,2026-08-24 20:26:00+09:00,目撃,ヤマシギ,1,,ドライ,28.17144607337631,129.3988532784692,"2026/08/24 23:43
目撃

1匹
ヤマシギ
ドライ

28.17144607337631
129.3988532784692
",2026-08-24,"2026-08-24 14:43:00+00:00|ヤマシギ|目撃|28.1714461|129.3988533|2026/08/24 23:43
目撃

1匹
ヤマシギ
ドライ

28.17144607337631
129.3988532784692
",OSM_ro249_0_77,2.1031689004741954,
2026-08-24 23:44:00+09:00,2026-08-24 20:26:00+09:00,目撃,ヤマシギ,1,,ドライ,28.1702410301667,129.3989794066119,"2026/08/24 23:44
目撃

1匹
ヤマシギ
ドライ

28.1702410301667
129.3989794066119
",2026-08-24,"2026-08-24 14:44:00+00:00|ヤマシギ|目撃|28.170241|129.3989794|2026/08/24 23:44
目撃

1匹
ヤマシギ
ドライ

28.1702410301667
129.3989794066119
",OSM_ro185_0_7,10.565926017768176,
2026-08-24 23:46:00+09:00,2026-08-24 20:26:00+09:00,目撃,ネズミ,1,,ドライ,28.17106391294501,129.3969248769133,"2026/08/24 23:46
目撃

1匹
ネズミ
ドライ

28.17106391294501
129.3969248769133
",2026-08-24,"2026-08-24 14:46:00+00:00|ネズミ|目撃|28.1710639|129.3969249|2026/08/24 23:46
目撃

1匹
ネズミ
ドライ

28.17106391294501
129.3969248769133
",OSM_ro142_0_37,2.09188069912661,
2026-08-24 23:48:00+09:00,2026-08-24 20:26:00+09:00,目撃,ヤマシギ,1,,ドライ,28.17174955846366,129.3963995966526,"2026/08/24 23:48
目撃

1匹
ヤマシギ
ドライ

28.17174955846366
129.3963995966526
",2026-08-24,"2026-08-24 14:48:00+00:00|ヤマシギ|目撃|28.1717496|129.3963996|2026/08/24 23:48
目撃

1匹
ヤマシギ
ドライ

28.17174955846366
129.3963995966526
",OSM_ro142_0_14,7.558699398877486,
2026-08-24 23:50:00+09:00,2026-08-24 20:26:00+09:00,目撃,ヤマシギ,3,,ドライ,28.16934489047971,129.3961344824802,"2026/08/24 23:50
目撃

3匹
ヤマシギ
ドライ

28.16934489047971
129.3961344824802
",2026-08-24,"2026-08-24 14:50:00+00:00|ヤマシギ|目撃|28.1693449|129.3961345|2026/08/24 23:50
目撃

3匹
ヤマシギ
ドライ

28.16934489047971
129.3961344824802
",OSM_ro313_0_23,2.306789848843317,
2026-08-24 23:52:00+09:00,2026-08-24 20:26:00+09:00,目撃,ヤマシギ,1,,ドライ,28.1666357670241,129.3956049046822,"2026/08/24 23:52
目撃

1匹
ヤマシギ
ドライ

28.1666357670241
129.3956049046822
",2026-08-24,"2026-08-24 14:52:00+00:00|ヤマシギ|目撃|28.1666358|129.3956049|2026/08/24 23:52
目撃

1匹
ヤマシギ
ドライ

28.1666357670241
129.3956049046822
",OSM_ro560_0_1,7.2350143808286,
2026-08-24 23:54:00+09:00,2026-08-24 20:26:00+09:00,目撃,ヤマシギ,1,,ドライ,28.16527183228215,129.3964064387928,"2026/08/24 23:54
目撃

1匹
ヤマシギ
ドライ

28.16527183228215
129.3964064387928
",2026-08-24,"2026-08-24 14:54:00+00:00|ヤマシギ|目撃|28.1652718|129.3964064|2026/08/24 23:54
目撃

1匹
ヤマシギ
ドライ

28.16527183228215
129.3964064387928
",OSM_ro42_0_85,6.251940592846644,
2026-08-24 23:58:00+09:00,2026-08-24 20:26:00+09:00,捕獲,ハブ,1,中,ドライ,28.16462460150211,129.3950149001608,"2026/08/24 23:58
捕獲
ハブ捕獲中
伸び
道路中央
ドライ
瀬戸内町節子
28.16462460150211
129.3950149001608
",2026-08-24,"2026-08-24 14:58:00+00:00|ハブ|捕獲|28.1646246|129.3950149|2026/08/24 23:58
捕獲
ハブ捕獲中
伸び
道路中央
ドライ
瀬戸内町節子
28.16462460150211
129.3950149001608
",OSM_ro42_0_56,3.114734249907605,
2026-08-25 00:00:00+09:00,2026-08-24 20:26:00+09:00,目撃,ヤマシギ,1,,ドライ,28.16443798559257,129.3937051365288,"2026/08/25 0:00
目撃

1匹
ヤマシギ
ドライ

28.16443798559257
129.3937051365288
",2026-08-24,"2026-08-24 15:00:00+00:00|ヤマシギ|目撃|28.164438|129.3937051|2026/08/25 0:00
目撃

1匹
ヤマシギ
ドライ

28.16443798559257
129.3937051365288
",OSM_ro42_0_36,11.308549177610994,
2026-08-25 00:01:00+09:00,2026-08-24 20:26:00+09:00,目撃,イシカワガエル,1,,ドライ,28.16414343372535,129.3933288334069,"2026/08/25 0:01
目撃

1匹
イシカワガエル
ドライ

28.16414343372535
129.3933288334069
",2026-08-24,"2026-08-24 15:01:00+00:00|イシカワガエル|目撃|28.1641434|129.3933288|2026/08/25 0:01
目撃

1匹
イシカワガエル
ドライ

28.16414343372535
129.3933288334069
",OSM_ro42_0_31,9.107275371013198,
2026-08-25 00:08:00+09:00,2026-08-24 20:26:00+09:00,目撃,ネズミ,1,,ドライ,28.16507301489317,129.3895079375182,"2026/08/25 0:08
目撃

1匹
ネズミ
ドライ
瀬戸内町節子
28.16507301489317
129.3895079375182
",2026-08-24,"2026-08-24 15:08:00+00:00|ネズミ|目撃|28.165073|129.3895079|2026/08/25 0:08
目撃

1匹
ネズミ
ドライ
瀬戸内町節子
28.16507301489317
129.3895079375182
",OSM_ro440_0_55,6.60449998588839,
2026-08-25 00:09:00+09:00,2026-08-24 20:26:00+09:00,目撃,ヤマシギ,1,,ドライ,28.16496963239899,129.3887814773362,"2026/08/25 0:09
目撃

1匹
ヤマシギ
ドライ
瀬戸内町節子
28.16496963239899
129.3887814773362
",2026-08-24,"2026-08-24 15:09:00+00:00|ヤマシギ|目撃|28.1649696|129.3887815|2026/08/25 0:09
目撃

1匹
ヤマシギ
ドライ
瀬戸内町節子
28.16496963239899
129.3887814773362
",OSM_ro440_0_47,6.259691476558262,
2026-08-25 00:11:00+09:00,2026-08-24 20:26:00+09:00,目撃,ヤマシギ,3,,ドライ,28.16335062653789,129.3868136324022,"2026/08/25 0:11
目撃

3匹
ヤマシギ
ドライ
瀬戸内町節子
28.16335062653789
129.3868136324022
",2026-08-24,"2026-08-24 15:11:00+00:00|ヤマシギ|目撃|28.1633506|129.3868136|2026/08/25 0:11
目撃

3匹
ヤマシギ
ドライ
瀬戸内町節子
28.16335062653789
129.3868136324022
",OSM_ro440_0_19,1.060905814518453,
2026-08-25 00:19:00+09:00,2026-08-24 20:26:00+09:00,目撃,ヤマシギ,3,,ドライ,28.16511816736102,129.3846015647192,"2026/08/25 0:19
目撃

3匹
ヤマシギ
ドライ
瀬戸内町節子
28.16511816736102
129.3846015647192
",2026-08-24,"2026-08-24 15:19:00+00:00|ヤマシギ|目撃|28.1651182|129.3846016|2026/08/25 0:19
目撃

3匹
ヤマシギ
ドライ
瀬戸内町節子
28.16511816736102
129.3846015647192
",OSM_ro364_0_27,21.58071678585098,
2026-08-25 00:21:00+09:00,2026-08-24 20:26:00+09:00,目撃,アカマタ,1,,ドライ,28.16536755639953,129.3833449785526,"2026/08/25 0:21
目撃

1匹
アカマタ
ドライ
瀬戸内町節子1335
28.16536755639953
129.3833449785526
",2026-08-24,"2026-08-24 15:21:00+00:00|アカマタ|目撃|28.1653676|129.383345|2026/08/25 0:21
目撃

1匹
アカマタ
ドライ
瀬戸内町節子1335
28.16536755639953
129.3833449785526
",OSM_ro364_0_14,0.6375823977297307,
2026-08-25 00:26:00+09:00,2026-08-24 20:26:00+09:00,目撃,アカマタ,1,,ドライ,28.16627379385022,129.3869115907481,"2026/08/25 0:26
目撃

1匹
アカマタ、アマミタカチホヘビ
ドライ
瀬戸内町節子
28.16627379385022
129.3869115907481
",2026-08-24,"2026-08-24 15:26:00+00:00|アカマタ|目撃|28.1662738|129.3869116|2026/08/25 0:26
目撃

1匹
アカマタ、アマミタカチホヘビ
ドライ
瀬戸内町節子
28.16627379385022
129.3869115907481
",OSM_ro364_0_54,2.5252242489028816,
2026-08-25 00:32:00+09:00,2026-08-24 20:26:00+09:00,目撃,ヤマシギ,2,,ドライ,28.16417470637354,129.3863232516065,"2026/08/25 0:32
目撃

2匹
ヤマシギ
ドライ
瀬戸内町節子
28.16417470637354
129.3863232516065
",2026-08-24,"2026-08-24 15:32:00+00:00|ヤマシギ|目撃|28.1641747|129.3863233|2026/08/25 0:32
目撃

2匹
ヤマシギ
ドライ
瀬戸内町節子
28.16417470637354
129.3863232516065
",OSM_ro364_0_105,1.2197113629343275,
2026-08-25 00:35:00+09:00,2026-08-24 20:26:00+09:00,目撃,ヤマシギ,3,,ドライ,28.1649714087518,129.3888764323182,"2026/08/25 0:35
目撃

3匹
ヤマシギ
ドライ
瀬戸内町節子
28.1649714087518
129.3888764323182
",2026-08-24,"2026-08-24 15:35:00+00:00|ヤマシギ|目撃|28.1649714|129.3888764|2026/08/25 0:35
目撃

3匹
ヤマシギ
ドライ
瀬戸内町節子
28.1649714087518
129.3888764323182
",OSM_ro440_0_48,4.565407567036766,
2026-08-25 00:36:00+09:00,2026-08-24 20:26:00+09:00,目撃,ネズミ,1,,ドライ,28.16496636180238,129.3895958426093,"2026/08/25 0:36
目撃

1匹
ネズミ
ドライ

28.16496636180238
129.3895958426093
",2026-08-24,"2026-08-24 15:36:00+00:00|ネズミ|目撃|28.1649664|129.3895958|2026/08/25 0:36
目撃

1匹
ネズミ
ドライ

28.16496636180238
129.3895958426093
",OSM_ro440_0_56,2.2994653605774054,
2026-08-25 00:42:00+09:00,2026-08-24 20:26:00+09:00,目撃,ヤマシギ,1,,ドライ,28.16456256829949,129.3939035315531,"2026/08/25 0:42
目撃

1匹
ヤマシギ
ドライ
瀬戸内町節子
28.16456256829949
129.3939035315531
",2026-08-24,"2026-08-24 15:42:00+00:00|ヤマシギ|目撃|28.1645626|129.3939035|2026/08/25 0:42
目撃

1匹
ヤマシギ
ドライ
瀬戸内町節子
28.16456256829949
129.3939035315531
",OSM_ro42_0_39,13.701384609965334,
2026-08-25 00:45:00+09:00,2026-08-24 20:26:00+09:00,目撃,ネズミ,1,,ドライ,28.16435301011289,129.3964066015715,"2026/08/25 0:45
目撃

1匹
ネズミ
ドライ
瀬戸内町節子
28.16435301011289
129.3964066015715
",2026-08-24,"2026-08-24 15:45:00+00:00|ネズミ|目撃|28.164353|129.3964066|2026/08/25 0:45
目撃

1匹
ネズミ
ドライ
瀬戸内町節子
28.16435301011289
129.3964066015715
",OSM_ro42_0_74,0.3639029272901639,
2026-08-25 00:45:00+09:00,2026-08-24 20:26:00+09:00,目撃,ヤマシギ,1,,ドライ,28.16512863540236,129.3963603689309,"2026/08/25 0:45
目撃

1匹
ヤマシギ
ドライ

28.16512863540236
129.3963603689309
",2026-08-24,"2026-08-24 15:45:00+00:00|ヤマシギ|目撃|28.1651286|129.3963604|2026/08/25 0:45
目撃

1匹
ヤマシギ
ドライ

28.16512863540236
129.3963603689309
",OSM_ro42_0_83,4.535322726585194,
2026-08-25 00:51:00+09:00,2026-08-24 20:26:00+09:00,捕獲,ハブ,1,大,ドライ,28.1690951721759,129.3960943922356,"2026/08/25 0:51
捕獲
ハブ捕獲大
移動中
道路脇
ドライ

28.1690951721759
129.3960943922356
",2026-08-24,"2026-08-24 15:51:00+00:00|ハブ|捕獲|28.1690952|129.3960944|2026/08/25 0:51
捕獲
ハブ捕獲大
移動中
道路脇
ドライ

28.1690951721759
129.3960943922356
",OSM_ro313_0_20,1.3315198488216844,
2026-08-25 00:52:00+09:00,2026-08-24 20:26:00+09:00,目撃,ヤマシギ,1,,ドライ,28.1695541144962,129.3959906582168,"2026/08/25 0:52
目撃

1匹
ヤマシギ
ドライ

28.1695541144962
129.3959906582168
",2026-08-24,"2026-08-24 15:52:00+00:00|ヤマシギ|目撃|28.1695541|129.3959907|2026/08/25 0:52
目撃

1匹
ヤマシギ
ドライ

28.1695541144962
129.3959906582168
",OSM_ro313_0_25,12.245458736450821,
2026-08-25 00:54:00+09:00,2026-08-24 20:26:00+09:00,目撃,ヤマシギ,1,,ドライ,28.17234302781278,129.3964747799313,"2026/08/25 0:54
目撃

1匹
ヤマシギ
ドライ

28.17234302781278
129.3964747799313
",2026-08-24,"2026-08-24 15:54:00+00:00|ヤマシギ|目撃|28.172343|129.3964748|2026/08/25 0:54
目撃

1匹
ヤマシギ
ドライ

28.17234302781278
129.3964747799313
",OSM_ro142_0_22,9.991403904432753,
2026-08-25 00:57:00+09:00,2026-08-24 20:26:00+09:00,目撃,ヤマシギ,1,,ドライ,28.17026837515612,129.3990477211644,"2026/08/25 0:57
目撃

1匹
ヤマシギ
ドライ

28.17026837515612
129.3990477211644
",2026-08-24,"2026-08-24 15:57:00+00:00|ヤマシギ|目撃|28.1702684|129.3990477|2026/08/25 0:57
目撃

1匹
ヤマシギ
ドライ

28.17026837515612
129.3990477211644
",OSM_ro185_0_8,11.540547951491817,
2026-08-25 00:58:00+09:00,2026-08-24 20:26:00+09:00,目撃,ヤマシギ,1,,ドライ,28.17218077073267,129.3989512479387,"2026/08/25 0:58
目撃

1匹
ヤマシギ
ドライ

28.17218077073267
129.3989512479387
",2026-08-24,"2026-08-24 15:58:00+00:00|ヤマシギ|目撃|28.1721808|129.3989512|2026/08/25 0:58
目撃

1匹
ヤマシギ
ドライ

28.17218077073267
129.3989512479387
",OSM_ro249_0_69,7.954357323451501,
2026-08-25 01:03:00+09:00,2026-08-24 20:26:00+09:00,目撃,ネズミ,1,,ドライ,28.1747134538585,129.397884674805,"2026/08/25 1:03
目撃

1匹
ネズミ
ドライ

28.1747134538585
129.397884674805
",2026-08-24,"2026-08-24 16:03:00+00:00|ネズミ|目撃|28.1747135|129.3978847|2026/08/25 1:03
目撃

1匹
ネズミ
ドライ

28.1747134538585
129.397884674805
",OSM_ro289_0_102,10.988000081492768,
2026-08-25 01:05:00+09:00,2026-08-24 20:26:00+09:00,目撃,オットンガエル,1,,ドライ,28.17433576261691,129.3945369415396,"2026/08/25 1:05
目撃

1匹
オットンガエル
ドライ

28.17433576261691
129.3945369415396
",2026-08-24,"2026-08-24 16:05:00+00:00|オットンガエル|目撃|28.1743358|129.3945369|2026/08/25 1:05
目撃

1匹
オットンガエル
ドライ

28.17433576261691
129.3945369415396
",OSM_ro289_0_54,4.337801363566623,
2026-08-25 01:10:00+09:00,2026-08-24 20:26:00+09:00,目撃,オットンガエル,1,,ドライ,28.17745324813268,129.3935919258792,"2026/08/25 1:10
目撃

1匹
オットンガエル
ドライ

28.17745324813268
129.3935919258792
",2026-08-24,"2026-08-24 16:10:00+00:00|オットンガエル|目撃|28.1774532|129.3935919|2026/08/25 1:10
目撃

1匹
オットンガエル
ドライ

28.17745324813268
129.3935919258792
",OSM_ro104_0_73,5.306423300310421,
2026-08-25 01:11:00+09:00,2026-08-24 20:26:00+09:00,目撃,カエル,2,,ウエット,28.17865754702618,129.3935750445289,"2026/08/25 1:11
目撃

2匹
カエル
ウエット

28.17865754702618
129.3935750445289
",2026-08-24,"2026-08-24 16:11:00+00:00|カエル|目撃|28.1786575|129.393575|2026/08/25 1:11
目撃

2匹
カエル
ウエット

28.17865754702618
129.3935750445289
",OSM_ro104_0_57,13.728954886676894,
2026-08-25 01:17:00+09:00,2026-08-24 20:26:00+09:00,目撃,カエル,1,,ウエット,28.18374969545236,129.3962920557257,"2026/08/25 1:17
目撃

1匹
カエル
ウエット

28.18374969545236
129.3962920557257
",2026-08-24,"2026-08-24 16:17:00+00:00|カエル|目撃|28.1837497|129.3962921|2026/08/25 1:17
目撃

1匹
カエル
ウエット

28.18374969545236
129.3962920557257
",OSM_ro280_0_47,7.874925528734135,
2026-08-25 01:19:00+09:00,2026-08-24 20:26:00+09:00,目撃,オットンガエル,1,,ウエット,28.18420910027828,129.3972554391067,"2026/08/25 1:19
目撃

1匹
オットンガエル
ウエット

28.18420910027828
129.3972554391067
",2026-08-24,"2026-08-24 16:19:00+00:00|オットンガエル|目撃|28.1842091|129.3972554|2026/08/25 1:19
目撃

1匹
オットンガエル
ウエット

28.18420910027828
129.3972554391067
",OSM_ro280_0_24,19.121997553878312,
2026-08-25 01:20:00+09:00,2026-08-24 20:26:00+09:00,目撃,カエル,4,,ウエット,28.184940396277,129.3969271317828,"2026/08/25 1:20
目撃

4匹
カエル
ウエット

28.184940396277
129.3969271317828
",2026-08-24,"2026-08-24 16:20:00+00:00|カエル|目撃|28.1849404|129.3969271|2026/08/25 1:20
目撃

4匹
カエル
ウエット

28.184940396277
129.3969271317828
",OSM_ro280_0_30,19.74078949240868,
2026-08-25 01:28:00+09:00,2026-08-24 20:26:00+09:00,目撃,ネズミ,1,,ウエット,28.18771585842661,129.3952956878666,"2026/08/25 1:28
目撃

1匹
ネズミ
カエル
クロウサギ
ウエット
瀬戸内町嘉徳
28.18771585842661
129.3952956878666
",2026-08-24,"2026-08-24 16:28:00+00:00|ネズミ|目撃|28.1877159|129.3952957|2026/08/25 1:28
目撃

1匹
ネズミ
カエル
クロウサギ
ウエット
瀬戸内町嘉徳
28.18771585842661
129.3952956878666
",OSM_ro448_0_95,3.406679419851201,
2026-08-25 01:30:00+09:00,2026-08-24 20:26:00+09:00,目撃,カエル,5,,ウエット,28.18832208474642,129.3958902076194,"2026/08/25 1:30
目撃

5匹以上
カエル
ウエット
瀬戸内町嘉徳
28.18832208474642
129.3958902076194
",2026-08-24,"2026-08-24 16:30:00+00:00|カエル|目撃|28.1883221|129.3958902|2026/08/25 1:30
目撃

5匹以上
カエル
ウエット
瀬戸内町嘉徳
28.18832208474642
129.3958902076194
",OSM_ro448_0_86,3.7504937511389556,
2026-08-25 01:32:00+09:00,2026-08-24 20:26:00+09:00,目撃,ヤマシギ,1,,ウエット,28.19090472012469,129.3979737801659,"2026/08/25 1:32
目撃

1匹
ヤマシギ
ウエット
瀬戸内町嘉徳
28.19090472012469
129.3979737801659
",2026-08-24,"2026-08-24 16:32:00+00:00|ヤマシギ|目撃|28.1909047|129.3979738|2026/08/25 1:32
目撃

1匹
ヤマシギ
ウエット
瀬戸内町嘉徳
28.19090472012469
129.3979737801659
",OSM_ro448_0_47,11.848375249345251,
2026-08-25 01:42:00+09:00,2026-08-24 20:26:00+09:00,目撃,カエル,3,,ウエット,28.19773757587782,129.3922209176283,"2026/08/25 1:42
目撃

3匹
カエル
ウエット

28.19773757587782
129.3922209176283
",2026-08-24,"2026-08-24 16:42:00+00:00|カエル|目撃|28.1977376|129.3922209|2026/08/25 1:42
目撃

3匹
カエル
ウエット

28.19773757587782
129.3922209176283
",OSM_ro137_0_69,3.651363116529413,
2026-08-25 01:43:00+09:00,2026-08-24 20:26:00+09:00,目撃,アマミハナサキガエル,1,,ウエット,28.19739488044463,129.3908525706465,"2026/08/25 1:43
目撃

1匹
アマミハナサキガエル
ウエット

28.19739488044463
129.3908525706465",2026-08-24,"2026-08-24 16:43:00+00:00|アマミハナサキガエル|目撃|28.1973949|129.3908526|2026/08/25 1:43
目撃

1匹
アマミハナサキガエル
ウエット

28.19739488044463
129.3908525706465",OSM_ro48_0_12,2.8773592592859383,
2026-08-25 02:01:00+09:00,2026-08-24 20:26:00+09:00,目撃,カエル,5,,ウエット,28.17904334371617,129.3656475084853,"2026/08/25 2:01
目撃

5匹以上
カエル
ウエット
瀬戸内町網野子729
28.17904334371617
129.3656475084853
",2026-08-24,"2026-08-24 17:01:00+00:00|カエル|目撃|28.1790433|129.3656475|2026/08/25 2:01
目撃

5匹以上
カエル
ウエット
瀬戸内町網野子729
28.17904334371617
129.3656475084853
",OSM_ro129_0_151,0.10066283291379581,
2026-08-25 02:01:00+09:00,2026-08-24 20:26:00+09:00,目撃,クロウサギ,1,,ウエット,28.1775216579883,129.3642698852172,"2026/08/25 2:01
目撃

1匹
クロウサギ
ウエット
瀬戸内町網野子
28.1775216579883
129.3642698852172",2026-08-24,"2026-08-24 17:01:00+00:00|クロウサギ|目撃|28.1775217|129.3642699|2026/08/25 2:01
目撃

1匹
クロウサギ
ウエット
瀬戸内町網野子
28.1775216579883
129.3642698852172",OSM_ro129_0_178,4.468413802527641,
2026-08-27 21:49:00+09:00,2026-08-27 21:22:00+09:00,目撃,カエル,5,,ソークド(水跳ね),28.16779778841046,129.3002302682898,"2026/08/27 21:49
目撃

5匹以上
カエル
ソークド(水跳ね)

28.16779778841046
129.3002302682898
",2026-08-27,"2026-08-27 12:49:00+00:00|カエル|目撃|28.1677978|129.3002303|2026/08/27 21:49
目撃

5匹以上
カエル
ソークド(水跳ね)

28.16779778841046
129.3002302682898
",OSM_ro877_0_29,3.586595365113968,
2026-08-27 22:02:00+09:00,2026-08-27 21:22:00+09:00,目撃,カエル,5,,ウエット,28.17046582978859,129.2996825300037,"2026/08/27 22:02
目撃

5匹以上
カエル
ウエット
瀬戸内町久根津331
28.17046582978859
129.2996825300037
",2026-08-27,"2026-08-27 13:02:00+00:00|カエル|目撃|28.1704658|129.2996825|2026/08/27 22:02
目撃

5匹以上
カエル
ウエット
瀬戸内町久根津331
28.17046582978859
129.2996825300037
",OSM_ro130_0_0,5.576627992575259,
2026-08-27 22:02:00+09:00,2026-08-27 21:22:00+09:00,目撃,アカマタ,1,,ウエット,28.17094233310434,129.2992572961208,"2026/08/27 22:02
目撃

1匹
アカマタ
ウエット
瀬戸内町久根津
28.17094233310434
129.2992572961208
",2026-08-27,"2026-08-27 13:02:00+00:00|アカマタ|目撃|28.1709423|129.2992573|2026/08/27 22:02
目撃

1匹
アカマタ
ウエット
瀬戸内町久根津
28.17094233310434
129.2992572961208
",OSM_ro130_0_7,3.2056919561533266,
2026-08-27 22:03:00+09:00,2026-08-27 21:22:00+09:00,目撃,カエル,5,,ソークド(水跳ね),28.17131267213069,129.2987628472599,"2026/08/27 22:03
目撃

5匹以上
カエル
ソークド(水跳ね)
瀬戸内町久根津
28.17131267213069
129.2987628472599
",2026-08-27,"2026-08-27 13:03:00+00:00|カエル|目撃|28.1713127|129.2987628|2026/08/27 22:03
目撃

5匹以上
カエル
ソークド(水跳ね)
瀬戸内町久根津
28.17131267213069
129.2987628472599
",OSM_ro130_0_14,0.49489779868226513,
2026-08-27 22:21:00+09:00,2026-08-27 21:22:00+09:00,目撃,カエル,1,,ウエット,28.18084524540455,129.3036401510992,"2026/08/27 22:21
目撃

1匹
カエル
ウエット

28.18084524540455
129.3036401510992
",2026-08-27,"2026-08-27 13:21:00+00:00|カエル|目撃|28.1808452|129.3036402|2026/08/27 22:21
目撃

1匹
カエル
ウエット

28.18084524540455
129.3036401510992
",OSM_ro66_0_76,4.647094822118942,
2026-08-27 22:24:00+09:00,2026-08-27 21:22:00+09:00,目撃,イシカワガエル,1,,ウエット,28.17882449010935,129.3054006829137,"2026/08/27 22:24
目撃

1匹
イシカワガエル
ウエット

28.17882449010935
129.3054006829137
",2026-08-27,"2026-08-27 13:24:00+00:00|イシカワガエル|目撃|28.1788245|129.3054007|2026/08/27 22:24
目撃

1匹
イシカワガエル
ウエット

28.17882449010935
129.3054006829137
",OSM_ro66_0_42,6.893552562789638,
2026-08-27 22:29:00+09:00,2026-08-27 21:22:00+09:00,目撃,オットンガエル,2,,ウエット,28.17700204650337,129.3063883932585,"2026/08/27 22:29
目撃

2匹
オットンガエル
ウエット

28.17700204650337
129.3063883932585
",2026-08-27,"2026-08-27 13:29:00+00:00|オットンガエル|目撃|28.177002|129.3063884|2026/08/27 22:29
目撃

2匹
オットンガエル
ウエット

28.17700204650337
129.3063883932585
",OSM_ro174_0_92,5.3034201290185345,
2026-08-27 22:35:00+09:00,2026-08-27 21:22:00+09:00,目撃,カエル,4,,ウエット,28.17486506564398,129.3065674128431,"2026/08/27 22:35
目撃

4匹
カエル
ウエット
瀬戸内町久根津
28.17486506564398
129.3065674128431
",2026-08-27,"2026-08-27 13:35:00+00:00|カエル|目撃|28.1748651|129.3065674|2026/08/27 22:35
目撃

4匹
カエル
ウエット
瀬戸内町久根津
28.17486506564398
129.3065674128431
",OSM_ro174_0_2,5.6089472056323935,
2026-08-27 22:39:00+09:00,2026-08-27 21:22:00+09:00,目撃,カエル,3,,ウエット,28.17270664429733,129.3098458054901,"2026/08/27 22:39
目撃

3匹
カエル
ウエット
瀬戸内町久根津
28.17270664429733
129.3098458054901
",2026-08-27,"2026-08-27 13:39:00+00:00|カエル|目撃|28.1727066|129.3098458|2026/08/27 22:39
目撃

3匹
カエル
ウエット
瀬戸内町久根津
28.17270664429733
129.3098458054901
",OSM_ro561_0_51,5.083243945785403,
2026-08-27 22:42:00+09:00,2026-08-27 21:22:00+09:00,目撃,オットンガエル,1,,ウエット,28.17236988486365,129.312400160593,"2026/08/27 22:42
目撃

1匹
オットンガエル
ウエット
瀬戸内町久根津
28.17236988486365
129.312400160593",2026-08-27,"2026-08-27 13:42:00+00:00|オットンガエル|目撃|28.1723699|129.3124002|2026/08/27 22:42
目撃

1匹
オットンガエル
ウエット
瀬戸内町久根津
28.17236988486365
129.312400160593",OSM_ro561_0_12,13.018867133714709,
2026-08-27 22:52:00+09:00,2026-08-27 21:22:00+09:00,目撃,ヤマシギ,1,,ウエット,28.18101972946265,129.3137349485818,"2026/08/27 22:52
目撃

1匹
ヤマシギ
ウエット
瀬戸内町阿木名
28.18101972946265
129.3137349485818
",2026-08-27,"2026-08-27 13:52:00+00:00|ヤマシギ|目撃|28.1810197|129.3137349|2026/08/27 22:52
目撃

1匹
ヤマシギ
ウエット
瀬戸内町阿木名
28.18101972946265
129.3137349485818
",OSM_ro424_0_40,1.960635129465787,
2026-08-27 22:53:00+09:00,2026-08-27 21:22:00+09:00,目撃,アカマタ,1,,ウエット,28.18188070346696,129.3131242378052,"2026/08/27 22:53
目撃

1匹
アカマタ
ウエット
瀬戸内町油井
28.18188070346696
129.3131242378052
",2026-08-27,"2026-08-27 13:53:00+00:00|アカマタ|目撃|28.1818807|129.3131242|2026/08/27 22:53
目撃

1匹
アカマタ
ウエット
瀬戸内町油井
28.18188070346696
129.3131242378052
",OSM_ro424_0_28,1.812315730649245,
2026-08-27 22:54:00+09:00,2026-08-27 21:22:00+09:00,目撃,カエル,1,,ウエット,28.18238871389552,129.3124307553175,"2026/08/27 22:54
目撃

1匹
カエル
ウエット
瀬戸内町油井
28.18238871389552
129.3124307553175
",2026-08-27,"2026-08-27 13:54:00+00:00|カエル|目撃|28.1823887|129.3124308|2026/08/27 22:54
目撃

1匹
カエル
ウエット
瀬戸内町油井
28.18238871389552
129.3124307553175
",OSM_ro424_0_19,4.445848650246127,
2026-08-27 23:14:00+09:00,2026-08-27 21:22:00+09:00,目撃,ヤマシギ,1,,ウエット,28.19229007383239,129.305754918332,"2026/08/27 23:14
目撃

1匹
ヤマシギ
ウエット

28.19229007383239
129.305754918332
",2026-08-27,"2026-08-27 14:14:00+00:00|ヤマシギ|目撃|28.1922901|129.3057549|2026/08/27 23:14
目撃

1匹
ヤマシギ
ウエット

28.19229007383239
129.305754918332
",OSM_ro205_0_1,0.7393799712915577,
2026-08-27 23:16:00+09:00,2026-08-27 21:22:00+09:00,目撃,リュウキュウアオヘビ,1,,ウエット,28.19364746796328,129.3058802585502,"2026/08/27 23:16
目撃

1匹
リュウキュウアオヘビ
ウエット

28.19364746796328
129.3058802585502
",2026-08-27,"2026-08-27 14:16:00+00:00|リュウキュウアオヘビ|目撃|28.1936475|129.3058803|2026/08/27 23:16
目撃

1匹
リュウキュウアオヘビ
ウエット

28.19364746796328
129.3058802585502
",OSM_ro6_0_88,10.489364279860313,
2026-08-27 23:24:00+09:00,2026-08-27 21:22:00+09:00,目撃,カエル,1,,ウエット,28.2009786295813,129.3058122200394,"2026/08/27 23:24
目撃

1匹
カエル
ウエット

28.2009786295813
129.3058122200394
",2026-08-27,"2026-08-27 14:24:00+00:00|カエル|目撃|28.2009786|129.3058122|2026/08/27 23:24
目撃

1匹
カエル
ウエット

28.2009786295813
129.3058122200394
",OSM_ro101_0_11,1.8226872944857189,
2026-08-27 23:28:00+09:00,2026-08-27 21:22:00+09:00,目撃,カエル,1,,ウエット,28.20363721865192,129.3071039855879,"2026/08/27 23:28
目撃

1匹
カエル
ウエット

28.20363721865192
129.3071039855879
",2026-08-27,"2026-08-27 14:28:00+00:00|カエル|目撃|28.2036372|129.307104|2026/08/27 23:28
目撃

1匹
カエル
ウエット

28.20363721865192
129.3071039855879
",OSM_ro151_0_69,1.4801650465227592,
2026-08-27 23:30:00+09:00,2026-08-27 21:22:00+09:00,目撃,クロウサギ,1,,ウエット,28.20507947576226,129.3095119123996,"2026/08/27 23:30
目撃

1匹
クロウサギ
ウエット

28.20507947576226
129.3095119123996
",2026-08-27,"2026-08-27 14:30:00+00:00|クロウサギ|目撃|28.2050795|129.3095119|2026/08/27 23:30
目撃

1匹
クロウサギ
ウエット

28.20507947576226
129.3095119123996
",OSM_ro151_0_38,0.2813893997019237,
2026-08-27 23:32:00+09:00,2026-08-27 21:22:00+09:00,目撃,イシカワガエル,1,,ウエット,28.206754345019,129.3107919375753,"2026/08/27 23:32
目撃

1匹
イシカワガエル
ウエット

28.206754345019
129.3107919375753
",2026-08-27,"2026-08-27 14:32:00+00:00|イシカワガエル|目撃|28.2067543|129.3107919|2026/08/27 23:32
目撃

1匹
イシカワガエル
ウエット

28.206754345019
129.3107919375753
",OSM_ro151_0_10,1.854294020472383,
2026-08-27 23:35:00+09:00,2026-08-27 21:22:00+09:00,目撃,アマミハナサキガエル,1,,ウエット,28.20581658202072,129.3148250902099,"2026/08/27 23:35
目撃

1匹
アマミハナサキガエル
ウエット

28.20581658202072
129.3148250902099
",2026-08-27,"2026-08-27 14:35:00+00:00|アマミハナサキガエル|目撃|28.2058166|129.3148251|2026/08/27 23:35
目撃

1匹
アマミハナサキガエル
ウエット

28.20581658202072
129.3148250902099
",OSM_ro230_0_37,7.524392420790978,
2026-08-27 23:37:00+09:00,2026-08-27 21:22:00+09:00,目撃,アカマタ,1,,ウエット,28.20548395289788,129.3164059569192,"2026/08/27 23:37
目撃

1匹
アカマタ
ウエット
瀬戸内町阿室釜
28.20548395289788
129.3164059569192
",2026-08-27,"2026-08-27 14:37:00+00:00|アカマタ|目撃|28.205484|129.316406|2026/08/27 23:37
目撃

1匹
アカマタ
ウエット
瀬戸内町阿室釜
28.20548395289788
129.3164059569192
",OSM_ro230_0_58,7.995372818038773,
2026-08-27 23:41:00+09:00,2026-08-27 21:22:00+09:00,目撃,オットンガエル,1,,ウエット,28.20456804103618,129.3216499648108,"2026/08/27 23:41
目撃

1匹
オットンガエル
ウエット

28.20456804103618
129.3216499648108
",2026-08-27,"2026-08-27 14:41:00+00:00|オットンガエル|目撃|28.204568|129.32165|2026/08/27 23:41
目撃

1匹
オットンガエル
ウエット

28.20456804103618
129.3216499648108
",OSM_ro75_0_21,7.457925668827603,
2026-08-27 23:42:00+09:00,2026-08-27 21:22:00+09:00,目撃,オットンガエル,1,,ウエット,28.2048466240913,129.3222382057768,"2026/08/27 23:42
目撃

1匹
オットンガエル
ウエット

28.2048466240913
129.3222382057768
",2026-08-27,"2026-08-27 14:42:00+00:00|オットンガエル|目撃|28.2048466|129.3222382|2026/08/27 23:42
目撃

1匹
オットンガエル
ウエット

28.2048466240913
129.3222382057768
",OSM_ro75_0_28,2.870205316630923,
2026-08-27 23:44:00+09:00,2026-08-27 21:22:00+09:00,目撃,アカマタ,1,,ウエット,28.20570932574875,129.3244406691642,"2026/08/27 23:44
目撃

1匹
アカマタ
ウエット

28.20570932574875
129.3244406691642
",2026-08-27,"2026-08-27 14:44:00+00:00|アカマタ|目撃|28.2057093|129.3244407|2026/08/27 23:44
目撃

1匹
アカマタ
ウエット

28.20570932574875
129.3244406691642
",OSM_ro75_0_57,1.7647713136409655,
2026-08-27 23:46:00+09:00,2026-08-27 21:22:00+09:00,目撃,アマミハナサキガエル,1,,ウエット,28.20550686607104,129.3267170739529,"2026/08/27 23:46
目撃

1匹
アマミハナサキガエル
ウエット

28.20550686607104
129.3267170739529
",2026-08-27,"2026-08-27 14:46:00+00:00|アマミハナサキガエル|目撃|28.2055069|129.3267171|2026/08/27 23:46
目撃

1匹
アマミハナサキガエル
ウエット

28.20550686607104
129.3267170739529
",OSM_ro75_0_84,4.7190781481311035,
2026-08-27 23:50:00+09:00,2026-08-27 21:22:00+09:00,目撃,カエル,1,,ウエット,28.20817258172254,129.3305041266707,"2026/08/27 23:50
目撃

1匹
カエル
ウエット

28.20817258172254
129.3305041266707
",2026-08-27,"2026-08-27 14:50:00+00:00|カエル|目撃|28.2081726|129.3305041|2026/08/27 23:50
目撃

1匹
カエル
ウエット

28.20817258172254
129.3305041266707
",OSM_ro126_0_35,2.0475813029892715,
2026-08-27 23:53:00+09:00,2026-08-27 21:22:00+09:00,目撃,イシカワガエル,1,,ウエット,28.2065275303427,129.3331024977645,"2026/08/27 23:53
目撃

1匹
イシカワガエル
ウエット

28.2065275303427
129.3331024977645
",2026-08-27,"2026-08-27 14:53:00+00:00|イシカワガエル|目撃|28.2065275|129.3331025|2026/08/27 23:53
目撃

1匹
イシカワガエル
ウエット

28.2065275303427
129.3331024977645
",OSM_ro126_0_96,0.4856027124098393,
2026-08-27 23:54:00+09:00,2026-08-27 21:22:00+09:00,目撃,ネズミ,1,,ウエット,28.20608392069398,129.3325137309328,"2026/08/27 23:54
目撃

1匹
ネズミ
ウエット

28.20608392069398
129.3325137309328
",2026-08-27,"2026-08-27 14:54:00+00:00|ネズミ|目撃|28.2060839|129.3325137|2026/08/27 23:54
目撃

1匹
ネズミ
ウエット

28.20608392069398
129.3325137309328
",OSM_ro126_0_104,5.899402749371501,
2026-08-28 00:00:00+09:00,2026-08-27 21:22:00+09:00,捕獲,ハブ,1,中,ウエット,28.20200096298877,129.3336386706646,"2026/08/28 0:00
捕獲
ハブ捕獲中
伸び
道路脇
ウエット
瀬戸内町勝浦
28.20200096298877
129.3336386706646
",2026-08-27,"2026-08-27 15:00:00+00:00|ハブ|捕獲|28.202001|129.3336387|2026/08/28 0:00
捕獲
ハブ捕獲中
伸び
道路脇
ウエット
瀬戸内町勝浦
28.20200096298877
129.3336386706646
",OSM_ro126_0_169,8.328178647757468,
2026-08-28 00:00:00+09:00,2026-08-27 21:22:00+09:00,目撃,カエル,5,,ウエット,28.20189171513648,129.3339123495942,"2026/08/28 0:00
目撃

5匹以上
カエル
ウエット
瀬戸内町勝浦
28.20189171513648
129.3339123495942
",2026-08-27,"2026-08-27 15:00:00+00:00|カエル|目撃|28.2018917|129.3339123|2026/08/28 0:00
目撃

5匹以上
カエル
ウエット
瀬戸内町勝浦
28.20189171513648
129.3339123495942
",OSM_ro126_0_172,4.951191165172217,
2026-08-28 00:01:00+09:00,2026-08-27 21:22:00+09:00,目撃,オットンガエル,1,,ウエット,28.20221929254679,129.3347821024202,"2026/08/28 0:01
目撃

1匹
オットンガエル
ウエット
瀬戸内町勝浦
28.20221929254679
129.3347821024202
",2026-08-27,"2026-08-27 15:01:00+00:00|オットンガエル|目撃|28.2022193|129.3347821|2026/08/28 0:01
目撃

1匹
オットンガエル
ウエット
瀬戸内町勝浦
28.20221929254679
129.3347821024202
",OSM_ro126_0_182,9.819596481323657,
2026-08-28 00:11:00+09:00,2026-08-27 21:22:00+09:00,目撃,アカマタ,1,,ウエット,28.19672830727697,129.3433200578274,"2026/08/28 0:11
目撃

1匹
アカマタ
ウエット
瀬戸内町勝浦
28.19672830727697
129.3433200578274
",2026-08-27,"2026-08-27 15:11:00+00:00|アカマタ|目撃|28.1967283|129.3433201|2026/08/28 0:11
目撃

1匹
アカマタ
ウエット
瀬戸内町勝浦
28.19672830727697
129.3433200578274
",OSM_ro309_0_114,15.865542484454373,
2026-08-28 00:11:00+09:00,2026-08-27 21:22:00+09:00,目撃,カエル,5,,ウエット,28.19703906320099,129.3442204169357,"2026/08/28 0:11
目撃

5匹以上
カエル
ウエット
瀬戸内町勝浦
28.19703906320099
129.3442204169357
",2026-08-27,"2026-08-27 15:11:00+00:00|カエル|目撃|28.1970391|129.3442204|2026/08/28 0:11
目撃

5匹以上
カエル
ウエット
瀬戸内町勝浦
28.19703906320099
129.3442204169357
",OSM_ro309_0_127,6.5319135029243744,
2026-08-28 00:17:00+09:00,2026-08-27 21:22:00+09:00,目撃,ヤマシギ,1,,ウエット,28.19582573151816,129.3487150931294,"2026/08/28 0:17
目撃

1匹
ヤマシギ
ウエット
瀬戸内町勝浦
28.19582573151816
129.3487150931294",2026-08-27,"2026-08-27 15:17:00+00:00|ヤマシギ|目撃|28.1958257|129.3487151|2026/08/28 0:17
目撃

1匹
ヤマシギ
ウエット
瀬戸内町勝浦
28.19582573151816
129.3487150931294",OSM_ro462_0_59,13.085082592047316,
2026-08-28 00:31:00+09:00,2026-08-27 21:22:00+09:00,目撃,カエル,3,,ウエット,28.1871344506322,129.3656109008455,"2026/08/28 0:31
目撃

3匹
カエル
ウエット

28.1871344506322
129.3656109008455",2026-08-27,"2026-08-27 15:31:00+00:00|カエル|目撃|28.1871345|129.3656109|2026/08/28 0:31
目撃

3匹
カエル
ウエット

28.1871344506322
129.3656109008455",OSM_ro162_0_62,1.8315635395254968,
2026-08-28 00:47:00+09:00,2026-08-27 21:22:00+09:00,目撃,オットンガエル,1,,ウエット,28.19535980775092,129.3881538644065,"2026/08/28 0:47
目撃

1匹
オットンガエル
ウエット
瀬戸内町嘉徳
28.19535980775092
129.3881538644065
",2026-08-27,"2026-08-27 15:47:00+00:00|オットンガエル|目撃|28.1953598|129.3881539|2026/08/28 0:47
目撃

1匹
オットンガエル
ウエット
瀬戸内町嘉徳
28.19535980775092
129.3881538644065
",OSM_ro48_0_48,6.943030484655184,
2026-08-28 00:53:00+09:00,2026-08-27 21:22:00+09:00,目撃,アカマタ,1,,ウエット,28.19496863588013,129.3966883693545,"2026/08/28 0:53
目撃

1匹
アカマタ
ウエット

28.19496863588013
129.3966883693545
",2026-08-27,"2026-08-27 15:53:00+00:00|アカマタ|目撃|28.1949686|129.3966884|2026/08/28 0:53
目撃

1匹
アカマタ
ウエット

28.19496863588013
129.3966883693545
",OSM_ro137_0_5,15.092789922832216,
2026-08-28 00:54:00+09:00,2026-08-27 21:22:00+09:00,目撃,オットンガエル,1,,ウエット,28.19372599226909,129.3982525520409,"2026/08/28 0:54
目撃

1匹
オットンガエル
ウエット
瀬戸内町嘉徳
28.19372599226909
129.3982525520409
",2026-08-27,"2026-08-27 15:54:00+00:00|オットンガエル|目撃|28.193726|129.3982526|2026/08/28 0:54
目撃

1匹
オットンガエル
ウエット
瀬戸内町嘉徳
28.19372599226909
129.3982525520409
",OSM_ro257_0_13,0.13723599071552584,
2026-08-28 01:05:00+09:00,2026-08-27 21:22:00+09:00,目撃,アカマタ,1,,ウエット,28.19212271417224,129.3972742789367,"2026/08/28 1:05
目撃

1匹
アカマタ
ウエット
瀬戸内町嘉徳
28.19212271417224
129.3972742789367
",2026-08-27,"2026-08-27 16:05:00+00:00|アカマタ|目撃|28.1921227|129.3972743|2026/08/28 1:05
目撃

1匹
アカマタ
ウエット
瀬戸内町嘉徳
28.19212271417224
129.3972742789367
",OSM_ro448_0_30,11.267627777742868,
2026-08-28 01:05:00+09:00,2026-08-27 21:22:00+09:00,目撃,カエル,5,,ウエット,28.19191715198346,129.3972275536952,"2026/08/28 1:05
目撃

5匹以上
カエル
ウエット
瀬戸内町嘉徳
28.19191715198346
129.3972275536952
",2026-08-27,"2026-08-27 16:05:00+00:00|カエル|目撃|28.1919172|129.3972276|2026/08/28 1:05
目撃

5匹以上
カエル
ウエット
瀬戸内町嘉徳
28.19191715198346
129.3972275536952
",OSM_ro448_0_33,7.0241574248833025,
2026-08-28 01:08:00+09:00,2026-08-27 21:22:00+09:00,目撃,カエル,5,,ウエット,28.18928380506211,129.3965078580107,"2026/08/28 1:08
目撃

5匹以上
カエル
ウエット
瀬戸内町嘉徳
28.18928380506211
129.3965078580107
",2026-08-27,"2026-08-27 16:08:00+00:00|カエル|目撃|28.1892838|129.3965079|2026/08/28 1:08
目撃

5匹以上
カエル
ウエット
瀬戸内町嘉徳
28.18928380506211
129.3965078580107
",OSM_ro448_0_73,4.441021997281197,
2026-08-28 01:09:00+09:00,2026-08-27 21:22:00+09:00,目撃,カエル,5,,ウエット,28.18839199494948,129.3959952580177,"2026/08/28 1:09
目撃

5匹以上
カエル
ウエット
瀬戸内町嘉徳
28.18839199494948
129.3959952580177
",2026-08-27,"2026-08-27 16:09:00+00:00|カエル|目撃|28.188392|129.3959953|2026/08/28 1:09
目撃

5匹以上
カエル
ウエット
瀬戸内町嘉徳
28.18839199494948
129.3959952580177
",OSM_ro448_0_85,2.090230796821906,
2026-08-28 01:09:00+09:00,2026-08-27 21:22:00+09:00,目撃,カエル,5,,ウエット,28.1878099105179,129.3955077644893,"2026/08/28 1:09
目撃

5匹以上
カエル
ウエット
瀬戸内町嘉徳
28.1878099105179
129.3955077644893
",2026-08-27,"2026-08-27 16:09:00+00:00|カエル|目撃|28.1878099|129.3955078|2026/08/28 1:09
目撃

5匹以上
カエル
ウエット
瀬戸内町嘉徳
28.1878099105179
129.3955077644893
",OSM_ro448_0_93,3.71372307965945,
2026-08-28 01:22:00+09:00,2026-08-27 21:22:00+09:00,目撃,オットンガエル,1,,ウエット,28.18463712151142,129.3974184901254,"2026/08/28 1:22
目撃

1匹
オットンガエル
ウエット
瀬戸内町嘉徳
28.18463712151142
129.3974184901254
",2026-08-27,"2026-08-27 16:22:00+00:00|オットンガエル|目撃|28.1846371|129.3974185|2026/08/28 1:22
目撃

1匹
オットンガエル
ウエット
瀬戸内町嘉徳
28.18463712151142
129.3974184901254
",OSM_ro280_0_20,1.241958260844465,
2026-08-28 01:28:00+09:00,2026-08-27 21:22:00+09:00,目撃,オットンガエル,1,,ウエット,28.18041543046514,129.3942324213553,"2026/08/28 1:28
目撃

1匹
オットンガエル
ヤマシギ
ウエット

28.18041543046514
129.3942324213553
",2026-08-27,"2026-08-27 16:28:00+00:00|オットンガエル|目撃|28.1804154|129.3942324|2026/08/28 1:28
目撃

1匹
オットンガエル
ヤマシギ
ウエット

28.18041543046514
129.3942324213553
",OSM_ro104_0_12,2.5028824035021433,
2026-08-28 01:30:00+09:00,2026-08-27 21:22:00+09:00,目撃,ネズミ,1,,ウエット,28.17816587328977,129.3939587207428,"2026/08/28 1:30
目撃

1匹
ネズミ
ウエット

28.17816587328977
129.3939587207428
",2026-08-27,"2026-08-27 16:30:00+00:00|ネズミ|目撃|28.1781659|129.3939587|2026/08/28 1:30
目撃

1匹
ネズミ
ウエット

28.17816587328977
129.3939587207428
",OSM_ro104_0_51,5.694864614111326,
2026-08-28 01:33:00+09:00,2026-08-27 21:22:00+09:00,捕獲,ハブ,1,大,ウエット,28.17851087450027,129.3936608906294,"2026/08/28 1:33
捕獲
ハブ捕獲大
とぐろ
道路脇
ウエット

28.17851087450027
129.3936608906294
",2026-08-27,"2026-08-27 16:33:00+00:00|ハブ|捕獲|28.1785109|129.3936609|2026/08/28 1:33
捕獲
ハブ捕獲大
とぐろ
道路脇
ウエット

28.17851087450027
129.3936608906294
",OSM_ro104_0_56,2.46977026786399,
2026-08-28 01:34:00+09:00,2026-08-27 21:22:00+09:00,目撃,リュウキュウアオヘビ,1,,ウエット,28.17847685701375,129.3932719789349,"2026/08/28 1:34
目撃

1匹
リュウキュウアオヘビ
ウエット

28.17847685701375
129.3932719789349
",2026-08-27,"2026-08-27 16:34:00+00:00|リュウキュウアオヘビ|目撃|28.1784769|129.393272|2026/08/28 1:34
目撃

1匹
リュウキュウアオヘビ
ウエット

28.17847685701375
129.3932719789349
",OSM_ro104_0_60,3.9311881701992126,
2026-08-28 01:38:00+09:00,2026-08-27 21:22:00+09:00,目撃,オットンガエル,1,,ウエット,28.17592508992071,129.3961426455365,"2026/08/28 1:38
目撃

1匹
オットンガエル
ウエット

28.17592508992071
129.3961426455365
",2026-08-27,"2026-08-27 16:38:00+00:00|オットンガエル|目撃|28.1759251|129.3961426|2026/08/28 1:38
目撃

1匹
オットンガエル
ウエット

28.17592508992071
129.3961426455365
",OSM_ro289_0_9,1.3564447989483814,
2026-08-28 01:39:00+09:00,2026-08-27 21:22:00+09:00,目撃,ヤマシギ,1,,ソークド(水跳ね),28.17579615398883,129.3965100110075,"2026/08/28 1:39
目撃

1匹
ヤマシギ
ソークド(水跳ね)

28.17579615398883
129.3965100110075
",2026-08-27,"2026-08-27 16:39:00+00:00|ヤマシギ|目撃|28.1757962|129.39651|2026/08/28 1:39
目撃

1匹
ヤマシギ
ソークド(水跳ね)

28.17579615398883
129.3965100110075
",OSM_ro289_0_17,0.6699281874994085,
2026-08-28 01:39:00+09:00,2026-08-27 21:22:00+09:00,目撃,カエル,1,,ウエット,28.1752584900898,129.3957321246961,"2026/08/28 1:39
目撃

1匹
カエル
ヤマシギ
ウエット

28.1752584900898
129.3957321246961
",2026-08-27,"2026-08-27 16:39:00+00:00|カエル|目撃|28.1752585|129.3957321|2026/08/28 1:39
目撃

1匹
カエル
ヤマシギ
ウエット

28.1752584900898
129.3957321246961
",OSM_ro289_0_28,1.0028109253983741,
2026-08-28 01:40:00+09:00,2026-08-27 21:22:00+09:00,目撃,ヤマシギ,1,,ウエット,28.17425845426411,129.3953341085956,"2026/08/28 1:40
目撃

1匹
ヤマシギ
ウエット

28.17425845426411
129.3953341085956
",2026-08-27,"2026-08-27 16:40:00+00:00|ヤマシギ|目撃|28.1742585|129.3953341|2026/08/28 1:40
目撃

1匹
ヤマシギ
ウエット

28.17425845426411
129.3953341085956
",OSM_ro289_0_40,10.023824167329082,
2026-08-28 01:42:00+09:00,2026-08-27 21:22:00+09:00,目撃,カエル,5,,ウエット,28.17420095174561,129.3945512109502,"2026/08/28 1:42
目撃

5匹以上
カエル
ウエット

28.17420095174561
129.3945512109502
",2026-08-27,"2026-08-27 16:42:00+00:00|カエル|目撃|28.174201|129.3945512|2026/08/28 1:42
目撃

5匹以上
カエル
ウエット

28.17420095174561
129.3945512109502
",OSM_ro289_0_55,1.5928346231987836,
2026-08-28 01:43:00+09:00,2026-08-27 21:22:00+09:00,目撃,カエル,5,,ウエット,28.17374647612754,129.3945521323187,"2026/08/28 1:43
目撃

5匹以上
カエル
ウエット
瀬戸内町節子
28.17374647612754
129.3945521323187
",2026-08-27,"2026-08-27 16:43:00+00:00|カエル|目撃|28.1737465|129.3945521|2026/08/28 1:43
目撃

5匹以上
カエル
ウエット
瀬戸内町節子
28.17374647612754
129.3945521323187
",OSM_ro289_0_60,4.656420397632374,
2026-08-28 01:44:00+09:00,2026-08-27 21:22:00+09:00,目撃,カエル,5,,ウエット,28.17350354745441,129.395257849362,"2026/08/28 1:44
目撃

5匹以上
カエル
ウエット
瀬戸内町節子
28.17350354745441
129.395257849362
",2026-08-27,"2026-08-27 16:44:00+00:00|カエル|目撃|28.1735035|129.3952578|2026/08/28 1:44
目撃

5匹以上
カエル
ウエット
瀬戸内町節子
28.17350354745441
129.395257849362
",OSM_ro289_0_69,0.4170209013076309,
2026-08-28 01:44:00+09:00,2026-08-27 21:22:00+09:00,目撃,オットンガエル,1,,ウエット,28.17351861618513,129.3954215099389,"2026/08/28 1:44
目撃

1匹
オットンガエル
ウエット
瀬戸内町節子
28.17351861618513
129.3954215099389
",2026-08-27,"2026-08-27 16:44:00+00:00|オットンガエル|目撃|28.1735186|129.3954215|2026/08/28 1:44
目撃

1匹
オットンガエル
ウエット
瀬戸内町節子
28.17351861618513
129.3954215099389
",OSM_ro289_0_71,0.6745949514416554,
2026-08-28 01:46:00+09:00,2026-08-27 21:22:00+09:00,目撃,ネズミ,1,,ウエット,28.17462659208666,129.3978511291619,"2026/08/28 1:46
目撃

1匹
ネズミ
ウエット

28.17462659208666
129.3978511291619
",2026-08-27,"2026-08-27 16:46:00+00:00|ネズミ|目撃|28.1746266|129.3978511|2026/08/28 1:46
目撃

1匹
ネズミ
ウエット

28.17462659208666
129.3978511291619
",OSM_ro289_0_101,8.392750506471597,
2026-08-28 01:52:00+09:00,2026-08-27 21:22:00+09:00,目撃,ヤマシギ,1,,ウエット,28.17188362614729,129.399032135642,"2026/08/28 1:52
目撃

1匹
ヤマシギ
ウエット
瀬戸内町節子
28.17188362614729
129.399032135642
",2026-08-27,"2026-08-27 16:52:00+00:00|ヤマシギ|目撃|28.1718836|129.3990321|2026/08/28 1:52
目撃

1匹
ヤマシギ
ウエット
瀬戸内町節子
28.17188362614729
129.399032135642
",OSM_ro249_0_72,2.6613478348581183,
2026-08-28 01:55:00+09:00,2026-08-27 21:22:00+09:00,目撃,イシカワガエル,1,,ウエット,28.17086822976093,129.3971423755549,"2026/08/28 1:55
目撃

1匹
イシカワガエル
ウエット

28.17086822976093
129.3971423755549
",2026-08-27,"2026-08-27 16:55:00+00:00|イシカワガエル|目撃|28.1708682|129.3971424|2026/08/28 1:55
目撃

1匹
イシカワガエル
ウエット

28.17086822976093
129.3971423755549
",OSM_ro142_0_41,4.233057454847077,
2026-08-28 01:56:00+09:00,2026-08-27 21:22:00+09:00,目撃,オットンガエル,1,,ウエット,28.17167260757087,129.3968751751726,"2026/08/28 1:56
目撃

1匹
オットンガエル
ウエット

28.17167260757087
129.3968751751726
",2026-08-27,"2026-08-27 16:56:00+00:00|オットンガエル|目撃|28.1716726|129.3968752|2026/08/28 1:56
目撃

1匹
オットンガエル
ウエット

28.17167260757087
129.3968751751726
",OSM_ro142_0_30,4.836351416359099,
2026-08-28 02:02:00+09:00,2026-08-27 21:22:00+09:00,目撃,オットンガエル,1,,ウエット,28.16738023163184,129.3952602997955,"2026/08/28 2:02
目撃

1匹
オットンガエル
ヤマシギ
ウエット

28.16738023163184
129.3952602997955
",2026-08-27,"2026-08-27 17:02:00+00:00|オットンガエル|目撃|28.1673802|129.3952603|2026/08/28 2:02
目撃

1匹
オットンガエル
ヤマシギ
ウエット

28.16738023163184
129.3952602997955
",OSM_ro560_0_10,0.9559537450006492,
2026-08-28 02:07:00+09:00,2026-08-27 21:22:00+09:00,目撃,オットンガエル,3,,ウエット,28.16489427676597,129.3964098311696,"2026/08/28 2:07
目撃

3匹
オットンガエル
ウエット

28.16489427676597
129.3964098311696
",2026-08-27,"2026-08-27 17:07:00+00:00|オットンガエル|目撃|28.1648943|129.3964098|2026/08/28 2:07
目撃

3匹
オットンガエル
ウエット

28.16489427676597
129.3964098311696
",OSM_ro42_0_80,7.102517304747657,
2026-08-28 02:08:00+09:00,2026-08-27 21:22:00+09:00,捕獲,ハブ,1,大,ウエット,28.16487173937742,129.3963884045194,"2026/08/28 2:08
捕獲
ハブ捕獲大
待機中頭持ち上げ
側溝
ウエット

28.16487173937742
129.3963884045194
",2026-08-27,"2026-08-27 17:08:00+00:00|ハブ|捕獲|28.1648717|129.3963884|2026/08/28 2:08
捕獲
ハブ捕獲大
待機中頭持ち上げ
側溝
ウエット

28.16487173937742
129.3963884045194
",OSM_ro42_0_80,4.454633123286744,
2026-08-28 02:14:00+09:00,2026-08-27 21:22:00+09:00,目撃,ネズミ,1,,ウエット,28.16448630734591,129.3918783088713,"2026/08/28 2:14
目撃

1匹
ネズミ
ウエット

28.16448630734591
129.3918783088713
",2026-08-27,"2026-08-27 17:14:00+00:00|ネズミ|目撃|28.1644863|129.3918783|2026/08/28 2:14
目撃

1匹
ネズミ
ウエット

28.16448630734591
129.3918783088713
",OSM_ro42_0_12,11.69478999736961,
2026-08-28 02:22:00+09:00,2026-08-27 21:22:00+09:00,目撃,カエル,1,,ウエット,28.16395675116895,129.3878328120119,"2026/08/28 2:22
目撃

1匹
カエル
ウエット

28.16395675116895
129.3878328120119
",2026-08-27,"2026-08-27 17:22:00+00:00|カエル|目撃|28.1639568|129.3878328|2026/08/28 2:22
目撃

1匹
カエル
ウエット

28.16395675116895
129.3878328120119
",OSM_ro440_0_32,6.645611959267827,
2026-08-28 02:23:00+09:00,2026-08-27 21:22:00+09:00,目撃,ネズミ,1,,ウエット,28.16343562729668,129.3871791500927,"2026/08/28 2:23
目撃

1匹
ネズミ
ウエット

28.16343562729668
129.3871791500927
",2026-08-27,"2026-08-27 17:23:00+00:00|ネズミ|目撃|28.1634356|129.3871792|2026/08/28 2:23
目撃

1匹
ネズミ
ウエット

28.16343562729668
129.3871791500927
",OSM_ro440_0_23,0.7992153387462072,
2026-08-28 02:24:00+09:00,2026-08-27 21:22:00+09:00,目撃,ヤマシギ,2,,ウエット,28.16322950037927,129.386469671924,"2026/08/28 2:24
目撃

2匹
ヤマシギ
ウエット

28.16322950037927
129.386469671924
",2026-08-27,"2026-08-27 17:24:00+00:00|ヤマシギ|目撃|28.1632295|129.3864697|2026/08/28 2:24
目撃

2匹
ヤマシギ
ウエット

28.16322950037927
129.386469671924
",OSM_ro440_0_15,1.396539834918811,
2026-08-28 02:28:00+09:00,2026-08-27 21:22:00+09:00,目撃,ネズミ,1,,ウエット,28.16536992027648,129.3876051538914,"2026/08/28 2:28
目撃

1匹
ネズミ
ウエット

28.16536992027648
129.3876051538914
",2026-08-27,"2026-08-27 17:28:00+00:00|ネズミ|目撃|28.1653699|129.3876052|2026/08/28 2:28
目撃

1匹
ネズミ
ウエット

28.16536992027648
129.3876051538914
",OSM_ro364_0_77,7.368652412664203,
2026-08-28 02:29:00+09:00,2026-08-27 21:22:00+09:00,目撃,カエル,5,,ウエット,28.16539027045447,129.3874955299336,"2026/08/28 2:29
目撃

5匹以上
カエル
ウエット
瀬戸内町節子
28.16539027045447
129.3874955299336
",2026-08-27,"2026-08-27 17:29:00+00:00|カエル|目撃|28.1653903|129.3874955|2026/08/28 2:29
目撃

5匹以上
カエル
ウエット
瀬戸内町節子
28.16539027045447
129.3874955299336
",OSM_ro364_0_78,3.0639053841380246,
2026-08-28 02:31:00+09:00,2026-08-27 21:22:00+09:00,目撃,カエル,5,,ウエット,28.16617001546694,129.3870214634487,"2026/08/28 2:31
目撃

5匹以上
カエル
ウエット
瀬戸内町節子
28.16617001546694
129.3870214634487
",2026-08-27,"2026-08-27 17:31:00+00:00|カエル|目撃|28.16617|129.3870215|2026/08/28 2:31
目撃

5匹以上
カエル
ウエット
瀬戸内町節子
28.16617001546694
129.3870214634487
",OSM_ro364_0_53,8.606336127044255,
2026-08-28 02:31:00+09:00,2026-08-27 21:22:00+09:00,目撃,カエル,1,,ウエット,28.16549211691261,129.3860161730564,"2026/08/28 2:31
目撃

1匹
カエル
ウエット
瀬戸内町節子
28.16549211691261
129.3860161730564
",2026-08-27,"2026-08-27 17:31:00+00:00|カエル|目撃|28.1654921|129.3860162|2026/08/28 2:31
目撃

1匹
カエル
ウエット
瀬戸内町節子
28.16549211691261
129.3860161730564
",OSM_ro364_0_41,1.913578427505743,
2026-08-28 02:37:00+09:00,2026-08-27 21:22:00+09:00,目撃,カエル,5,,ウエット,28.16882634492846,129.3793148600662,"2026/08/28 2:37
目撃

5匹以上
カエル
ウエット
瀬戸内町節子
28.16882634492846
129.3793148600662
",2026-08-27,"2026-08-27 17:37:00+00:00|カエル|目撃|28.1688263|129.3793149|2026/08/28 2:37
目撃

5匹以上
カエル
ウエット
瀬戸内町節子
28.16882634492846
129.3793148600662
",OSM_ro132_0_35,4.018376975367328,
2026-08-28 02:39:00+09:00,2026-08-27 21:22:00+09:00,目撃,アカマタ,1,,ドライ,28.1711782347939,129.3797451094914,"2026/08/28 2:39
目撃

1匹
アカマタ
ドライ
瀬戸内町節子
28.1711782347939
129.3797451094914
",2026-08-27,"2026-08-27 17:39:00+00:00|アカマタ|目撃|28.1711782|129.3797451|2026/08/28 2:39
目撃

1匹
アカマタ
ドライ
瀬戸内町節子
28.1711782347939
129.3797451094914
",OSM_ro132_0_8,3.029205148009969,
2026-08-28 02:43:00+09:00,2026-08-27 21:22:00+09:00,目撃,アカマタ,1,,ドライ,28.16992537383856,129.3773306550704,"2026/08/28 2:43
目撃

1匹
アカマタ
ドライ
瀬戸内町節子
28.16992537383856
129.3773306550704
",2026-08-27,"2026-08-27 17:43:00+00:00|アカマタ|目撃|28.1699254|129.3773307|2026/08/28 2:43
目撃

1匹
アカマタ
ドライ
瀬戸内町節子
28.16992537383856
129.3773306550704
",OSM_ro961_0_23,0.3139768736411818,
2026-08-28 02:44:00+09:00,2026-08-27 21:22:00+09:00,目撃,カエル,5,,ウエット,28.16906283481927,129.3774790944356,"2026/08/28 2:44
目撃

5匹以上
カエル
ウエット
瀬戸内町節子
28.16906283481927
129.3774790944356
",2026-08-27,"2026-08-27 17:44:00+00:00|カエル|目撃|28.1690628|129.3774791|2026/08/28 2:44
目撃

5匹以上
カエル
ウエット
瀬戸内町節子
28.16906283481927
129.3774790944356
",OSM_ro961_0_32,0.9083035120573519,
2026-08-28 02:48:00+09:00,2026-08-27 21:22:00+09:00,目撃,アカマタ,1,,ドライ,28.16458387559396,129.3754071906288,"2026/08/28 2:48
目撃

1匹
アカマタ
ドライ
瀬戸内町節子
28.16458387559396
129.3754071906288",2026-08-27,"2026-08-27 17:48:00+00:00|アカマタ|目撃|28.1645839|129.3754072|2026/08/28 2:48
目撃

1匹
アカマタ
ドライ
瀬戸内町節子
28.16458387559396
129.3754071906288",OSM_ro34_0_34,1.4056182467221912,
2026-08-28 21:30:00+09:00,2026-08-28 21:14:00+09:00,目撃,カエル,1,,ウエット,28.16514993561015,129.3164758110455,"2026/08/28 21:30
目撃

1匹
カエル
ウエット
瀬戸内町古仁屋
28.16514993561015
129.3164758110455",2026-08-28,"2026-08-28 12:30:00+00:00|カエル|目撃|28.1651499|129.3164758|2026/08/28 21:30
目撃

1匹
カエル
ウエット
瀬戸内町古仁屋
28.16514993561015
129.3164758110455",OSM_ro411_0_2,5.701234658440481,
2026-08-28 21:44:00+09:00,2026-08-28 21:14:00+09:00,轢死,ガラスヒヴァ,1,,ウエット,28.18247877816038,129.3124431420125,"2026/08/28 21:44
轢死

1匹
ガラスヒヴァ
ウエット
瀬戸内町油井
28.18247877816038
129.3124431420125
",2026-08-28,"2026-08-28 12:44:00+00:00|ガラスヒヴァ|轢死|28.1824788|129.3124431|2026/08/28 21:44
轢死

1匹
ガラスヒヴァ
ウエット
瀬戸内町油井
28.18247877816038
129.3124431420125
",OSM_ro424_0_18,2.9612595726599116,
2026-08-28 21:49:00+09:00,2026-08-28 21:14:00+09:00,目撃,カエル,1,,ウエット,28.18584904182694,129.3107390683661,"2026/08/28 21:49
目撃

1匹
カエル
ウエット

28.18584904182694
129.3107390683661
",2026-08-28,"2026-08-28 12:49:00+00:00|カエル|目撃|28.185849|129.3107391|2026/08/28 21:49
目撃

1匹
カエル
ウエット

28.18584904182694
129.3107390683661
",OSM_ro491_0_62,9.613225328079844,
2026-08-28 21:53:00+09:00,2026-08-28 21:14:00+09:00,目撃,カエル,1,,ウエット,28.18593215868486,129.3083242847489,"2026/08/28 21:53
目撃

1匹
カエル
ウエット

28.18593215868486
129.3083242847489

なう(2026/08/28 21:56:21)霧晴れ
",2026-08-28,"2026-08-28 12:53:00+00:00|カエル|目撃|28.1859322|129.3083243|2026/08/28 21:53
目撃

1匹
カエル
ウエット

28.18593215868486
129.3083242847489

なう(2026/08/28 21:56:21)霧晴れ
",OSM_ro491_0_14,6.367163889508703,
2026-08-28 22:06:00+09:00,2026-08-28 21:14:00+09:00,捕獲,ハブ,1,大,ウエット,28.19118691264734,129.3052247979414,"2026/08/28 22:06
捕獲
ハブ捕獲大
移動中
道路中央
ウエット

28.19118691264734
129.3052247979414
",2026-08-28,"2026-08-28 13:06:00+00:00|ハブ|捕獲|28.1911869|129.3052248|2026/08/28 22:06
捕獲
ハブ捕獲大
移動中
道路中央
ウエット

28.19118691264734
129.3052247979414
",OSM_ro205_0_15,0.8595856547785572,
2026-08-28 22:21:00+09:00,2026-08-28 21:14:00+09:00,目撃,オットンガエル,1,,ドライ,28.20476549803513,129.3093817593185,"2026/08/28 22:21
目撃

1匹
オットンガエル
ドライ
瀬戸内町小名瀬
28.20476549803513
129.3093817593185
",2026-08-28,"2026-08-28 13:21:00+00:00|オットンガエル|目撃|28.2047655|129.3093818|2026/08/28 22:21
目撃

1匹
オットンガエル
ドライ
瀬戸内町小名瀬
28.20476549803513
129.3093817593185
",OSM_ro151_0_41,3.963810679816252,
2026-08-28 22:24:00+09:00,2026-08-28 21:14:00+09:00,目撃,イシカワガエル,1,,ウエット,28.2068073453735,129.3113413018247,"2026/08/28 22:24
目撃

1匹
イシカワガエル
ウエット
瀬戸内町小名瀬
28.2068073453735
129.3113413018247
",2026-08-28,"2026-08-28 13:24:00+00:00|イシカワガエル|目撃|28.2068073|129.3113413|2026/08/28 22:24
目撃

1匹
イシカワガエル
ウエット
瀬戸内町小名瀬
28.2068073453735
129.3113413018247
",OSM_ro151_0_5,10.868411321999211,
2026-08-28 22:29:00+09:00,2026-08-28 21:14:00+09:00,目撃,カエル,1,,ウエット,28.20522747305645,129.3178667611026,"2026/08/28 22:29
目撃

1匹
カエル
ウエット

28.20522747305645
129.3178667611026
",2026-08-28,"2026-08-28 13:29:00+00:00|カエル|目撃|28.2052275|129.3178668|2026/08/28 22:29
目撃

1匹
カエル
ウエット

28.20522747305645
129.3178667611026
",OSM_ro230_0_76,2.7216631320029703,
2026-08-28 22:32:00+09:00,2026-08-28 21:14:00+09:00,目撃,ヤマシギ,1,,ウエット,28.20406593533212,129.3210907309335,"2026/08/28 22:32
目撃

1匹
ヤマシギ
ウエット
瀬戸内町阿室釜
28.20406593533212
129.3210907309335
",2026-08-28,"2026-08-28 13:32:00+00:00|ヤマシギ|目撃|28.2040659|129.3210907|2026/08/28 22:32
目撃

1匹
ヤマシギ
ウエット
瀬戸内町阿室釜
28.20406593533212
129.3210907309335
",OSM_ro75_0_12,3.462558608940496,
2026-08-28 22:34:00+09:00,2026-08-28 21:14:00+09:00,目撃,カエル,1,,ウエット,28.20535917308585,129.3229710024395,"2026/08/28 22:34
目撃

1匹
カエル
ウエット

28.20535917308585
129.3229710024395
",2026-08-28,"2026-08-28 13:34:00+00:00|カエル|目撃|28.2053592|129.322971|2026/08/28 22:34
目撃

1匹
カエル
ウエット

28.20535917308585
129.3229710024395
",OSM_ro75_0_38,7.091517850972988,
2026-08-28 22:39:00+09:00,2026-08-28 21:14:00+09:00,目撃,カエル,3,,ウエット,28.20696448566649,129.328630859228,"2026/08/28 22:39
目撃

3匹
カエル
ウエット

28.20696448566649
129.328630859228
",2026-08-28,"2026-08-28 13:39:00+00:00|カエル|目撃|28.2069645|129.3286309|2026/08/28 22:39
目撃

3匹
カエル
ウエット

28.20696448566649
129.328630859228
",OSM_ro126_0_3,14.511418380004987,
2026-08-28 22:39:00+09:00,2026-08-28 21:14:00+09:00,目撃,カエル,1,,ウエット,28.2067959789834,129.3292006831907,"2026/08/28 22:39
目撃

1匹
カエル
ウエット

28.2067959789834
129.3292006831907
",2026-08-28,"2026-08-28 13:39:00+00:00|カエル|目撃|28.206796|129.3292007|2026/08/28 22:39
目撃

1匹
カエル
ウエット

28.2067959789834
129.3292006831907
",OSM_ro126_0_8,17.032427377869688,
2026-08-28 22:40:00+09:00,2026-08-28 21:14:00+09:00,目撃,オットンガエル,1,,ウエット,28.2066103294117,129.3295739604191,"2026/08/28 22:40
目撃

1匹
オットンガエル
ウエット

28.2066103294117
129.3295739604191
",2026-08-28,"2026-08-28 13:40:00+00:00|オットンガエル|目撃|28.2066103|129.329574|2026/08/28 22:40
目撃

1匹
オットンガエル
ウエット

28.2066103294117
129.3295739604191
",OSM_ro126_0_13,4.5478402567202885,
2026-08-28 22:40:00+09:00,2026-08-28 21:14:00+09:00,目撃,オットンガエル,1,,ウエット,28.20687972582909,129.3301863474403,"2026/08/28 22:40
目撃

1匹
オットンガエル
ウエット

28.20687972582909
129.3301863474403
",2026-08-28,"2026-08-28 13:40:00+00:00|オットンガエル|目撃|28.2068797|129.3301863|2026/08/28 22:40
目撃

1匹
オットンガエル
ウエット

28.20687972582909
129.3301863474403
",OSM_ro126_0_20,0.10535945751523086,
2026-08-28 22:41:00+09:00,2026-08-28 21:14:00+09:00,目撃,オットンガエル,1,,ウエット,28.207284428755,129.3303626708164,"2026/08/28 22:41
目撃

1匹
オットンガエル
ウエット

28.207284428755
129.3303626708164
",2026-08-28,"2026-08-28 13:41:00+00:00|オットンガエル|目撃|28.2072844|129.3303627|2026/08/28 22:41
目撃

1匹
オットンガエル
ウエット

28.207284428755
129.3303626708164
",OSM_ro126_0_24,6.140047832580385,
2026-08-28 22:45:00+09:00,2026-08-28 21:14:00+09:00,捕獲,ハブ,1,中,ウエット,28.20877910731837,129.3321632792886,"2026/08/28 22:45
捕獲
ハブ捕獲中
とぐろ
道路中央
ウエット

28.20877910731837
129.3321632792886
",2026-08-28,"2026-08-28 13:45:00+00:00|ハブ|捕獲|28.2087791|129.3321633|2026/08/28 22:45
捕獲
ハブ捕獲中
とぐろ
道路中央
ウエット

28.20877910731837
129.3321632792886
",OSM_ro126_0_62,0.5207588355123516,
2026-08-28 22:47:00+09:00,2026-08-28 21:14:00+09:00,目撃,カエル,1,,ウエット,28.2069650807401,129.3328412894982,"2026/08/28 22:47
目撃

1匹
カエル
ウエット
瀬戸内町勝浦
28.2069650807401
129.3328412894982
",2026-08-28,"2026-08-28 13:47:00+00:00|カエル|目撃|28.2069651|129.3328413|2026/08/28 22:47
目撃

1匹
カエル
ウエット
瀬戸内町勝浦
28.2069650807401
129.3328412894982
",OSM_ro126_0_87,10.441161390549064,
2026-08-28 22:48:00+09:00,2026-08-28 21:14:00+09:00,目撃,クロウサギ,1,,ウエット,28.20650138989444,129.3327919199355,"2026/08/28 22:48
目撃

1匹
クロウサギ
ウエット

28.20650138989444
129.3327919199355
",2026-08-28,"2026-08-28 13:48:00+00:00|クロウサギ|目撃|28.2065014|129.3327919|2026/08/28 22:48
目撃

1匹
クロウサギ
ウエット

28.20650138989444
129.3327919199355
",OSM_ro126_0_99,1.832839200566706,
2026-08-28 22:51:00+09:00,2026-08-28 21:14:00+09:00,目撃,クロウサギ,1,,ウエット,28.20421485515989,129.3317812772988,"2026/08/28 22:51
目撃

1匹
クロウサギ
ウエット
瀬戸内町勝浦
28.20421485515989
129.3317812772988
",2026-08-28,"2026-08-28 13:51:00+00:00|クロウサギ|目撃|28.2042149|129.3317813|2026/08/28 22:51
目撃

1匹
クロウサギ
ウエット
瀬戸内町勝浦
28.20421485515989
129.3317812772988
",OSM_ro126_0_129,6.055665938167356,
2026-08-28 22:51:00+09:00,2026-08-28 21:14:00+09:00,目撃,クロウサギ,1,,ウエット,28.20387158177128,129.3319378814793,"2026/08/28 22:51
目撃

1匹
クロウサギ
ウエット
瀬戸内町勝浦
28.20387158177128
129.3319378814793
",2026-08-28,"2026-08-28 13:51:00+00:00|クロウサギ|目撃|28.2038716|129.3319379|2026/08/28 22:51
目撃

1匹
クロウサギ
ウエット
瀬戸内町勝浦
28.20387158177128
129.3319378814793
",OSM_ro126_0_133,1.6738614650144092,
2026-08-28 22:52:00+09:00,2026-08-28 21:14:00+09:00,目撃,カエル,3,,ウエット,28.2029636628435,129.3316259192605,"2026/08/28 22:52
目撃

3匹
カエル
ウエット
瀬戸内町勝浦
28.2029636628435
129.3316259192605
",2026-08-28,"2026-08-28 13:52:00+00:00|カエル|目撃|28.2029637|129.3316259|2026/08/28 22:52
目撃

3匹
カエル
ウエット
瀬戸内町勝浦
28.2029636628435
129.3316259192605
",OSM_ro126_0_143,12.534549844234082,
2026-08-28 22:54:00+09:00,2026-08-28 21:14:00+09:00,目撃,ネズミ,1,,ウエット,28.20182498050901,129.3332147639392,"2026/08/28 22:54
目撃

1匹
ネズミ
カエル
ウエット
瀬戸内町勝浦
28.20182498050901
129.3332147639392
",2026-08-28,"2026-08-28 13:54:00+00:00|ネズミ|目撃|28.201825|129.3332148|2026/08/28 22:54
目撃

1匹
ネズミ
カエル
ウエット
瀬戸内町勝浦
28.20182498050901
129.3332147639392
",OSM_ro126_0_165,6.829667537874272,
2026-08-28 22:55:00+09:00,2026-08-28 21:14:00+09:00,目撃,オットンガエル,1,,ウエット,28.2020968869703,129.334679711128,"2026/08/28 22:55
目撃

1匹
オットンガエル
ウエット
瀬戸内町勝浦
28.2020968869703
129.334679711128
",2026-08-28,"2026-08-28 13:55:00+00:00|オットンガエル|目撃|28.2020969|129.3346797|2026/08/28 22:55
目撃

1匹
オットンガエル
ウエット
瀬戸内町勝浦
28.2020968869703
129.334679711128
",OSM_ro126_0_180,4.055761711423591,
2026-08-28 23:08:00+09:00,2026-08-28 21:14:00+09:00,目撃,カエル,1,,ウエット,28.19813405967937,129.3468101974989,"2026/08/28 23:08
目撃

1匹
カエル
ウエット
瀬戸内町勝浦
28.19813405967937
129.3468101974989
",2026-08-28,"2026-08-28 14:08:00+00:00|カエル|目撃|28.1981341|129.3468102|2026/08/28 23:08
目撃

1匹
カエル
ウエット
瀬戸内町勝浦
28.19813405967937
129.3468101974989
",OSM_ro462_0_8,6.483364319314423,
2026-08-28 23:10:00+09:00,2026-08-28 21:14:00+09:00,目撃,ネズミ,1,,ウエット,28.19760176917553,129.3492518490258,"2026/08/28 23:10
目撃

1匹
ネズミ
ウエット

28.19760176917553
129.3492518490258
",2026-08-28,"2026-08-28 14:10:00+00:00|ネズミ|目撃|28.1976018|129.3492518|2026/08/28 23:10
目撃

1匹
ネズミ
ウエット

28.19760176917553
129.3492518490258
",OSM_ro462_0_37,25.292211265635228,
2026-08-28 23:13:00+09:00,2026-08-28 21:14:00+09:00,目撃,ヤマシギ,1,,ウエット,28.19527867766546,129.3502694064559,"2026/08/28 23:13
目撃

1匹
ヤマシギ
ウエット
瀬戸内町勝浦
28.19527867766546
129.3502694064559
なう(2026/08/28 23:16:42)霧
",2026-08-28,"2026-08-28 14:13:00+00:00|ヤマシギ|目撃|28.1952787|129.3502694|2026/08/28 23:13
目撃

1匹
ヤマシギ
ウエット
瀬戸内町勝浦
28.19527867766546
129.3502694064559
なう(2026/08/28 23:16:42)霧
",OSM_ro462_0_80,10.591609495848441,
2026-08-28 23:16:00+09:00,2026-08-28 21:14:00+09:00,目撃,アマミハナサキガエル,1,,ウエット,28.19692240197975,129.354776775466,"2026/08/28 23:16
目撃

1匹
アマミハナサキガエル
ウエット

28.19692240197975
129.354776775466
",2026-08-28,"2026-08-28 14:16:00+00:00|アマミハナサキガエル|目撃|28.1969224|129.3547768|2026/08/28 23:16
目撃

1匹
アマミハナサキガエル
ウエット

28.19692240197975
129.354776775466
",OSM_ro208_0_33,0.8273542427976496,
2026-08-28 23:21:00+09:00,2026-08-28 21:14:00+09:00,目撃,ヤマシギ,2,,ウエット,28.19380956909014,129.3597949589688,"2026/08/28 23:21
目撃

2匹
ヤマシギ
ウエット

28.19380956909014
129.3597949589688
",2026-08-28,"2026-08-28 14:21:00+00:00|ヤマシギ|目撃|28.1938096|129.359795|2026/08/28 23:21
目撃

2匹
ヤマシギ
ウエット

28.19380956909014
129.3597949589688
",OSM_ro208_0_97,5.720888108798292,
2026-08-28 23:27:00+09:00,2026-08-28 21:14:00+09:00,目撃,カエル,3,,ウエット,28.18705149956838,129.3656518401758,"2026/08/28 23:27
目撃

3匹
カエル
ウエット

28.18705149956838
129.3656518401758",2026-08-28,"2026-08-28 14:27:00+00:00|カエル|目撃|28.1870515|129.3656518|2026/08/28 23:27
目撃

3匹
カエル
ウエット

28.18705149956838
129.3656518401758",OSM_ro162_0_63,0.11411112136032621,
2026-08-28 23:55:00+09:00,2026-08-28 21:14:00+09:00,目撃,カエル,5,,ウエット,28.19199714337885,129.3972718765376,"2026/08/28 23:55
目撃

5匹以上
カエル
ウエット
瀬戸内町嘉徳
28.19199714337885
129.3972718765376
",2026-08-28,"2026-08-28 14:55:00+00:00|カエル|目撃|28.1919971|129.3972719|2026/08/28 23:55
目撃

5匹以上
カエル
ウエット
瀬戸内町嘉徳
28.19199714337885
129.3972718765376
",OSM_ro448_0_32,11.26691449625197,
2026-08-28 23:56:00+09:00,2026-08-28 21:14:00+09:00,目撃,クロウサギ,1,,ドライ,28.19001494500407,129.3976280230111,"2026/08/28 23:56
目撃

1匹
クロウサギ
ドライ
瀬戸内町嘉徳
28.19001494500407
129.3976280230111
",2026-08-28,"2026-08-28 14:56:00+00:00|クロウサギ|目撃|28.1900149|129.397628|2026/08/28 23:56
目撃

1匹
クロウサギ
ドライ
瀬戸内町嘉徳
28.19001494500407
129.3976280230111
",OSM_ro448_0_59,5.285217432035681,
2026-08-28 23:57:00+09:00,2026-08-28 21:14:00+09:00,目撃,オットンガエル,2,,ウエット,28.18934911827325,129.3965430529334,"2026/08/28 23:57
目撃

2匹
オットンガエル
ウエット
瀬戸内町嘉徳
28.18934911827325
129.3965430529334
",2026-08-28,"2026-08-28 14:57:00+00:00|オットンガエル|目撃|28.1893491|129.3965431|2026/08/28 23:57
目撃

2匹
オットンガエル
ウエット
瀬戸内町嘉徳
28.18934911827325
129.3965430529334
",OSM_ro448_0_72,4.572354904418678,
2026-08-28 23:58:00+09:00,2026-08-28 21:14:00+09:00,目撃,オットンガエル,1,,ドライ,28.18907051780941,129.3964548709752,"2026/08/28 23:58
目撃

1匹
オットンガエル
ドライ
瀬戸内町嘉徳
28.18907051780941
129.3964548709752
",2026-08-28,"2026-08-28 14:58:00+00:00|オットンガエル|目撃|28.1890705|129.3964549|2026/08/28 23:58
目撃

1匹
オットンガエル
ドライ
瀬戸内町嘉徳
28.18907051780941
129.3964548709752
",OSM_ro448_0_75,1.4870228282621705,
2026-08-28 23:58:00+09:00,2026-08-28 21:14:00+09:00,目撃,オットンガエル,1,,ウエット,28.18861680464427,129.3960816780739,"2026/08/28 23:58
目撃

1匹
オットンガエル
ウエット
瀬戸内町嘉徳
28.18861680464427
129.3960816780739
",2026-08-28,"2026-08-28 14:58:00+00:00|オットンガエル|目撃|28.1886168|129.3960817|2026/08/28 23:58
目撃

1匹
オットンガエル
ウエット
瀬戸内町嘉徳
28.18861680464427
129.3960816780739
",OSM_ro448_0_82,3.7586314300493617,
2026-08-28 23:58:00+09:00,2026-08-28 21:14:00+09:00,目撃,カエル,5,,ウエット,28.18834173569453,129.3959875007593,"2026/08/28 23:58
目撃

5匹以上
カエル
ウエット
瀬戸内町嘉徳
28.18834173569453
129.3959875007593
",2026-08-28,"2026-08-28 14:58:00+00:00|カエル|目撃|28.1883417|129.3959875|2026/08/28 23:58
目撃

5匹以上
カエル
ウエット
瀬戸内町嘉徳
28.18834173569453
129.3959875007593
",OSM_ro448_0_85,3.9070119432036394,
2026-08-28 23:59:00+09:00,2026-08-28 21:14:00+09:00,目撃,カエル,5,,ソークド(水跳ね),28.18782177863714,129.3955422247809,"2026/08/28 23:59
目撃

5匹以上
カエル
ソークド(水跳ね)
瀬戸内町嘉徳
28.18782177863714
129.3955422247809
",2026-08-28,"2026-08-28 14:59:00+00:00|カエル|目撃|28.1878218|129.3955422|2026/08/28 23:59
目撃

5匹以上
カエル
ソークド(水跳ね)
瀬戸内町嘉徳
28.18782177863714
129.3955422247809
",OSM_ro448_0_93,5.812970217318216,
2026-08-29 00:01:00+09:00,2026-08-28 21:14:00+09:00,目撃,ネズミ,1,,ウエット,28.1864325217755,129.3954201253384,"2026/08/29 0:01
目撃

1匹
ネズミ
ウエット

28.1864325217755
129.3954201253384
",2026-08-28,"2026-08-28 15:01:00+00:00|ネズミ|目撃|28.1864325|129.3954201|2026/08/29 0:01
目撃

1匹
ネズミ
ウエット

28.1864325217755
129.3954201253384
",OSM_ro191_0_20,7.253841266570362,
2026-08-29 00:03:00+09:00,2026-08-28 21:14:00+09:00,目撃,カエル,5,,ウエット,28.18727986651963,129.3966782637648,"2026/08/29 0:03
目撃

5匹以上
カエル
ウエット

28.18727986651963
129.3966782637648
",2026-08-28,"2026-08-28 15:03:00+00:00|カエル|目撃|28.1872799|129.3966783|2026/08/29 0:03
目撃

5匹以上
カエル
ウエット

28.18727986651963
129.3966782637648
",OSM_ro191_0_39,6.270935096255269,
2026-08-29 00:04:00+09:00,2026-08-28 21:14:00+09:00,目撃,ネズミ,1,,ソークド(水跳ね),28.18717168381262,129.3977368560539,"2026/08/29 0:04
目撃

1匹
ネズミ
ソークド(水跳ね)

28.18717168381262
129.3977368560539
",2026-08-28,"2026-08-28 15:04:00+00:00|ネズミ|目撃|28.1871717|129.3977369|2026/08/29 0:04
目撃

1匹
ネズミ
ソークド(水跳ね)

28.18717168381262
129.3977368560539
",OSM_ro191_0_52,9.535956667981397,
2026-08-29 00:05:00+09:00,2026-08-28 21:14:00+09:00,目撃,カエル,5,,ウエット,28.18723060313149,129.3986061801449,"2026/08/29 0:05
目撃

5匹以上
カエル
ウエット

28.18723060313149
129.3986061801449
",2026-08-28,"2026-08-28 15:05:00+00:00|カエル|目撃|28.1872306|129.3986062|2026/08/29 0:05
目撃

5匹以上
カエル
ウエット

28.18723060313149
129.3986061801449
",OSM_ro191_0_64,1.3190131963680127,
2026-08-29 00:05:00+09:00,2026-08-28 21:14:00+09:00,目撃,カエル,5,,ウエット,28.18685880963442,129.3990136297135,"2026/08/29 0:05
目撃

5匹以上
カエル
ウエット

28.18685880963442
129.3990136297135
",2026-08-28,"2026-08-28 15:05:00+00:00|カエル|目撃|28.1868588|129.3990136|2026/08/29 0:05
目撃

5匹以上
カエル
ウエット

28.18685880963442
129.3990136297135
",OSM_ro191_0_69,6.247483348101262,
2026-08-29 00:07:00+09:00,2026-08-28 21:14:00+09:00,目撃,カエル,5,,ウエット,28.18611531863811,129.3989240611192,"2026/08/29 0:07
目撃

5匹以上
カエル
ウエット

28.18611531863811
129.3989240611192
",2026-08-28,"2026-08-28 15:07:00+00:00|カエル|目撃|28.1861153|129.3989241|2026/08/29 0:07
目撃

5匹以上
カエル
ウエット

28.18611531863811
129.3989240611192
",OSM_ro191_0_88,8.359939529452273,
2026-08-29 00:08:00+09:00,2026-08-28 21:14:00+09:00,目撃,カエル,3,,ウエット,28.18618817435603,129.3972843600403,"2026/08/29 0:08
目撃

3匹
カエル
ウエット

28.18618817435603
129.3972843600403
",2026-08-28,"2026-08-28 15:08:00+00:00|カエル|目撃|28.1861882|129.3972844|2026/08/29 0:08
目撃

3匹
カエル
ウエット

28.18618817435603
129.3972843600403
",OSM_ro280_0_1,10.315272203087838,
2026-08-29 00:10:00+09:00,2026-08-28 21:14:00+09:00,目撃,ヒメハブ,1,,ウエット,28.18434101999199,129.397446528657,"2026/08/29 0:10
目撃

1匹
ヒメハブ
ウエット

28.18434101999199
129.397446528657
",2026-08-28,"2026-08-28 15:10:00+00:00|ヒメハブ|目撃|28.184341|129.3974465|2026/08/29 0:10
目撃

1匹
ヒメハブ
ウエット

28.18434101999199
129.397446528657
",OSM_ro280_0_23,3.3392652622640724,
2026-08-29 00:11:00+09:00,2026-08-28 21:14:00+09:00,目撃,カエル,4,,ウエット,28.18387692347979,129.3968964106194,"2026/08/29 0:11
目撃

4匹
カエル
ウエット

28.18387692347979
129.3968964106194
",2026-08-28,"2026-08-28 15:11:00+00:00|カエル|目撃|28.1838769|129.3968964|2026/08/29 0:11
目撃

4匹
カエル
ウエット

28.18387692347979
129.3968964106194
",OSM_ro280_0_40,19.5063677512824,
2026-08-29 00:13:00+09:00,2026-08-28 21:14:00+09:00,目撃,オットンガエル,1,,ウエット,28.18234700143453,129.3957275782298,"2026/08/29 0:13
目撃

1匹
オットンガエル
ウエット

28.18234700143453
129.3957275782298
",2026-08-28,"2026-08-28 15:13:00+00:00|オットンガエル|目撃|28.182347|129.3957276|2026/08/29 0:13
目撃

1匹
オットンガエル
ウエット

28.18234700143453
129.3957275782298
",OSM_ro280_0_68,7.7996397931473505,
2026-08-29 00:17:00+09:00,2026-08-28 21:14:00+09:00,目撃,ヤマシギ,1,,ドライ,28.17808987885196,129.3945373710188,"2026/08/29 0:17
目撃

1匹
ヤマシギ
ドライ

28.17808987885196
129.3945373710188
",2026-08-28,"2026-08-28 15:17:00+00:00|ヤマシギ|目撃|28.1780899|129.3945374|2026/08/29 0:17
目撃

1匹
ヤマシギ
ドライ

28.17808987885196
129.3945373710188
",OSM_ro104_0_42,6.295540249635781,
2026-08-29 00:18:00+09:00,2026-08-28 21:14:00+09:00,目撃,ネズミ,1,,ウエット,28.17813593738697,129.3939434351416,"2026/08/29 0:18
目撃

1匹
ネズミ
ウエット

28.17813593738697
129.3939434351416
",2026-08-28,"2026-08-28 15:18:00+00:00|ネズミ|目撃|28.1781359|129.3939434|2026/08/29 0:18
目撃

1匹
ネズミ
ウエット

28.17813593738697
129.3939434351416
",OSM_ro104_0_51,3.946457969408612,
2026-08-29 00:18:00+09:00,2026-08-28 21:14:00+09:00,目撃,ネズミ,1,,ウエット,28.17846681509629,129.3937708691948,"2026/08/29 0:18
目撃

1匹
ネズミ
ウエット

28.17846681509629
129.3937708691948
",2026-08-28,"2026-08-28 15:18:00+00:00|ネズミ|目撃|28.1784668|129.3937709|2026/08/29 0:18
目撃

1匹
ネズミ
ウエット

28.17846681509629
129.3937708691948
",OSM_ro104_0_55,2.6260233005622564,
2026-08-29 00:19:00+09:00,2026-08-28 21:14:00+09:00,目撃,オットンガエル,1,,ウエット,28.17856131510246,129.3932623738611,"2026/08/29 0:19
目撃

1匹
オットンガエル
ウエット

28.17856131510246
129.3932623738611
",2026-08-28,"2026-08-28 15:19:00+00:00|オットンガエル|目撃|28.1785613|129.3932624|2026/08/29 0:19
目撃

1匹
オットンガエル
ウエット

28.17856131510246
129.3932623738611
",OSM_ro104_0_60,4.087867312567256,
2026-08-29 00:19:00+09:00,2026-08-28 21:14:00+09:00,目撃,カエル,5,,ウエット,28.17816875748158,129.3934140070984,"2026/08/29 0:19
目撃

5匹以上
カエル
ウエット

28.17816875748158
129.3934140070984
",2026-08-28,"2026-08-28 15:19:00+00:00|カエル|目撃|28.1781688|129.393414|2026/08/29 0:19
目撃

5匹以上
カエル
ウエット

28.17816875748158
129.3934140070984
",OSM_ro104_0_65,3.435902421477635,
2026-08-29 00:21:00+09:00,2026-08-28 21:14:00+09:00,目撃,オットンガエル,1,,ウエット,28.17657188910136,129.3948262155517,"2026/08/29 0:21
目撃

1匹
オットンガエル
ウエット

28.17657188910136
129.3948262155517
",2026-08-28,"2026-08-28 15:21:00+00:00|オットンガエル|目撃|28.1765719|129.3948262|2026/08/29 0:21
目撃

1匹
オットンガエル
ウエット

28.17657188910136
129.3948262155517
",OSM_ro104_0_95,7.878360391156649,
2026-08-29 00:22:00+09:00,2026-08-28 21:14:00+09:00,目撃,ネズミ,1,,ウエット,28.17636710859129,129.3952150919926,"2026/08/29 0:22
目撃

1匹
ネズミ
ウエット
瀬戸内町節子
28.17636710859129
129.3952150919926
",2026-08-28,"2026-08-28 15:22:00+00:00|ネズミ|目撃|28.1763671|129.3952151|2026/08/29 0:22
目撃

1匹
ネズミ
ウエット
瀬戸内町節子
28.17636710859129
129.3952150919926
",OSM_ro104_0_101,4.156109786740072,
2026-08-29 00:22:00+09:00,2026-08-28 21:14:00+09:00,目撃,ヤマシギ,1,,ウエット,28.17629466593261,129.3957891524313,"2026/08/29 0:22
目撃

1匹
ヤマシギ
ウエット
瀬戸内町節子
28.17629466593261
129.3957891524313
",2026-08-28,"2026-08-28 15:22:00+00:00|ヤマシギ|目撃|28.1762947|129.3957892|2026/08/29 0:22
目撃

1匹
ヤマシギ
ウエット
瀬戸内町節子
28.17629466593261
129.3957891524313
",OSM_ro289_0_3,13.398304084054256,
2026-08-29 00:23:00+09:00,2026-08-28 21:14:00+09:00,目撃,ヤマシギ,2,,ドライ,28.17596820548258,129.3967418139321,"2026/08/29 0:23
目撃

2匹
ヤマシギ
ドライ

28.17596820548258
129.3967418139321
",2026-08-28,"2026-08-28 15:23:00+00:00|ヤマシギ|目撃|28.1759682|129.3967418|2026/08/29 0:23
目撃

2匹
ヤマシギ
ドライ

28.17596820548258
129.3967418139321
",OSM_ro289_0_15,6.300697031154076,
2026-08-29 00:24:00+09:00,2026-08-28 21:14:00+09:00,目撃,ネズミ,1,,ドライ,28.17563027914471,129.3964074719098,"2026/08/29 0:24
目撃

1匹
ネズミ
ドライ

28.17563027914471
129.3964074719098
",2026-08-28,"2026-08-28 15:24:00+00:00|ネズミ|目撃|28.1756303|129.3964075|2026/08/29 0:24
目撃

1匹
ネズミ
ドライ

28.17563027914471
129.3964074719098
",OSM_ro289_0_19,7.168818606376523,
2026-08-29 00:24:00+09:00,2026-08-28 21:14:00+09:00,目撃,オットンガエル,1,,ウエット,28.17551125306559,129.3959788669981,"2026/08/29 0:24
目撃

1匹
オットンガエル
ウエット
瀬戸内町節子
28.17551125306559
129.3959788669981
",2026-08-28,"2026-08-28 15:24:00+00:00|オットンガエル|目撃|28.1755113|129.3959789|2026/08/29 0:24
目撃

1匹
オットンガエル
ウエット
瀬戸内町節子
28.17551125306559
129.3959788669981
",OSM_ro289_0_24,1.4584841111659486,
2026-08-29 00:25:00+09:00,2026-08-28 21:14:00+09:00,目撃,ネズミ,1,,ドライ,28.17515887160789,129.3957712535893,"2026/08/29 0:25
目撃

1匹
ネズミ
ドライ
瀬戸内町節子
28.17515887160789
129.3957712535893
",2026-08-28,"2026-08-28 15:25:00+00:00|ネズミ|目撃|28.1751589|129.3957713|2026/08/29 0:25
目撃

1匹
ネズミ
ドライ
瀬戸内町節子
28.17515887160789
129.3957712535893
",OSM_ro289_0_29,1.4227908284754007,
2026-08-29 00:25:00+09:00,2026-08-28 21:14:00+09:00,目撃,ヤマシギ,2,,ドライ,28.17486725225634,129.3957218139153,"2026/08/29 0:25
目撃

2匹
ヤマシギ
ドライ
瀬戸内町節子
28.17486725225634
129.3957218139153
",2026-08-28,"2026-08-28 15:25:00+00:00|ヤマシギ|目撃|28.1748673|129.3957218|2026/08/29 0:25
目撃

2匹
ヤマシギ
ドライ
瀬戸内町節子
28.17486725225634
129.3957218139153
",OSM_ro289_0_33,0.3517623110007675,
2026-08-29 00:26:00+09:00,2026-08-28 21:14:00+09:00,目撃,オットンガエル,1,,ウエット,28.17457067286999,129.3949095385424,"2026/08/29 0:26
目撃

1匹
オットンガエル
ウエット

28.17457067286999
129.3949095385424
",2026-08-28,"2026-08-28 15:26:00+00:00|オットンガエル|目撃|28.1745707|129.3949095|2026/08/29 0:26
目撃

1匹
オットンガエル
ウエット

28.17457067286999
129.3949095385424
",OSM_ro289_0_46,5.942608969040378,
2026-08-29 00:27:00+09:00,2026-08-28 21:14:00+09:00,目撃,オットンガエル,1,,ウエット,28.17434883790237,129.3945906438901,"2026/08/29 0:27
目撃

1匹
オットンガエル
ウエット
瀬戸内町節子
28.17434883790237
129.3945906438901
",2026-08-28,"2026-08-28 15:27:00+00:00|オットンガエル|目撃|28.1743488|129.3945906|2026/08/29 0:27
目撃

1匹
オットンガエル
ウエット
瀬戸内町節子
28.17434883790237
129.3945906438901
",OSM_ro289_0_54,9.852751385588302,
2026-08-29 00:31:00+09:00,2026-08-28 21:14:00+09:00,目撃,ネズミ,1,,ウエット,28.17499169599763,129.3980402574238,"2026/08/29 0:31
目撃

1匹
ネズミ
ウエット
瀬戸内町節子
28.17499169599763
129.3980402574238
",2026-08-28,"2026-08-28 15:31:00+00:00|ネズミ|目撃|28.1749917|129.3980403|2026/08/29 0:31
目撃

1匹
ネズミ
ウエット
瀬戸内町節子
28.17499169599763
129.3980402574238
",OSM_ro249_0_1,1.9933117206528428,
2026-08-29 00:31:00+09:00,2026-08-28 21:14:00+09:00,目撃,オットンガエル,2,,ウエット,28.17496287752586,129.3981889139928,"2026/08/29 0:31
目撃

2匹
オットンガエル
ウエット
瀬戸内町節子
28.17496287752586
129.3981889139928
",2026-08-28,"2026-08-28 15:31:00+00:00|オットンガエル|目撃|28.1749629|129.3981889|2026/08/29 0:31
目撃

2匹
オットンガエル
ウエット
瀬戸内町節子
28.17496287752586
129.3981889139928
",OSM_ro249_0_2,3.793820636736569,
2026-08-29 00:32:00+09:00,2026-08-28 21:14:00+09:00,目撃,ネズミ,1,,ウエット,28.17470262341642,129.3987906605012,"2026/08/29 0:32
目撃

1匹
ネズミ
ウエット
瀬戸内町節子
28.17470262341642
129.3987906605012
",2026-08-28,"2026-08-28 15:32:00+00:00|ネズミ|目撃|28.1747026|129.3987907|2026/08/29 0:32
目撃

1匹
ネズミ
ウエット
瀬戸内町節子
28.17470262341642
129.3987906605012
",OSM_ro249_0_10,3.054177323006989,
2026-08-29 00:34:00+09:00,2026-08-28 21:14:00+09:00,目撃,ネズミ,1,,ドライ,28.17263303567853,129.3983497705511,"2026/08/29 0:34
目撃

1匹
ネズミ
ドライ

28.17263303567853
129.3983497705511
",2026-08-28,"2026-08-28 15:34:00+00:00|ネズミ|目撃|28.172633|129.3983498|2026/08/29 0:34
目撃

1匹
ネズミ
ドライ

28.17263303567853
129.3983497705511
",OSM_ro249_0_42,1.9030970652214925,
2026-08-29 00:35:00+09:00,2026-08-28 21:14:00+09:00,目撃,ネズミ,1,,ウエット,28.17192440013759,129.3986304914366,"2026/08/29 0:35
目撃

1匹
ネズミ
ウエット

28.17192440013759
129.3986304914366
",2026-08-28,"2026-08-28 15:35:00+00:00|ネズミ|目撃|28.1719244|129.3986305|2026/08/29 0:35
目撃

1匹
ネズミ
ウエット

28.17192440013759
129.3986304914366
",OSM_ro249_0_66,17.62224359460789,
2026-08-29 00:35:00+09:00,2026-08-28 21:14:00+09:00,目撃,ヤマシギ,1,,ドライ,28.17219360231464,129.3989875142206,"2026/08/29 0:35
目撃

1匹
ヤマシギ
ドライ

28.17219360231464
129.3989875142206
",2026-08-28,"2026-08-28 15:35:00+00:00|ヤマシギ|目撃|28.1721936|129.3989875|2026/08/29 0:35
目撃

1匹
ヤマシギ
ドライ

28.17219360231464
129.3989875142206
",OSM_ro249_0_69,10.873510224889493,
2026-08-29 00:39:00+09:00,2026-08-28 21:14:00+09:00,目撃,クロウサギ,1,,ドライ,28.17141762417593,129.3967411961206,"2026/08/29 0:39
目撃

1匹
クロウサギ
ドライ

28.17141762417593
129.3967411961206
",2026-08-28,"2026-08-28 15:39:00+00:00|クロウサギ|目撃|28.1714176|129.3967412|2026/08/29 0:39
目撃

1匹
クロウサギ
ドライ

28.17141762417593
129.3967411961206
",OSM_ro142_0_33,3.7357245184465855,
2026-08-29 00:41:00+09:00,2026-08-28 21:14:00+09:00,目撃,ヤマシギ,1,,ドライ,28.17156787660583,129.3964292555245,"2026/08/29 0:41
目撃

1匹
ヤマシギ
ドライ

28.17156787660583
129.3964292555245
",2026-08-28,"2026-08-28 15:41:00+00:00|ヤマシギ|目撃|28.1715679|129.3964293|2026/08/29 0:41
目撃

1匹
ヤマシギ
ドライ

28.17156787660583
129.3964292555245
",OSM_ro142_0_12,5.0429165612628415,
2026-08-29 00:45:00+09:00,2026-08-28 21:14:00+09:00,目撃,ヤマシギ,1,,ドライ,28.16713145094737,129.3954374836194,"2026/08/29 0:45
目撃

1匹
ヤマシギ
ドライ

28.16713145094737
129.3954374836194
",2026-08-28,"2026-08-28 15:45:00+00:00|ヤマシギ|目撃|28.1671315|129.3954375|2026/08/29 0:45
目撃

1匹
ヤマシギ
ドライ

28.16713145094737
129.3954374836194
",OSM_ro560_0_7,3.5730581708081046,
2026-08-29 00:48:00+09:00,2026-08-28 21:14:00+09:00,目撃,クロウサギ,1,,ウエット,28.1652199124815,129.3964121433692,"2026/08/29 0:48
目撃

1匹
クロウサギ
ウエット

28.1652199124815
129.3964121433692
",2026-08-28,"2026-08-28 15:48:00+00:00|クロウサギ|目撃|28.1652199|129.3964121|2026/08/29 0:48
目撃

1匹
クロウサギ
ウエット

28.1652199124815
129.3964121433692
",OSM_ro42_0_85,8.832108699350744,
2026-08-29 00:49:00+09:00,2026-08-28 21:14:00+09:00,目撃,オットンガエル,1,,ウエット,28.16475062323523,129.3964388400232,"2026/08/29 0:49
目撃

1匹
オットンガエル
ウエット

28.16475062323523
129.3964388400232
",2026-08-28,"2026-08-28 15:49:00+00:00|オットンガエル|目撃|28.1647506|129.3964388|2026/08/29 0:49
目撃

1匹
オットンガエル
ウエット

28.16475062323523
129.3964388400232
",OSM_ro42_0_79,6.207032967102211,
2026-08-29 00:57:00+09:00,2026-08-28 21:14:00+09:00,目撃,カエル,5,,ウエット,28.1644139430662,129.3910547944617,"2026/08/29 0:57
目撃

5匹以上
カエル
ウエット

28.1644139430662
129.3910547944617
",2026-08-28,"2026-08-28 15:57:00+00:00|カエル|目撃|28.1644139|129.3910548|2026/08/29 0:57
目撃

5匹以上
カエル
ウエット

28.1644139430662
129.3910547944617
",OSM_ro440_0_103,8.639974469843438,
2026-08-29 01:00:00+09:00,2026-08-28 21:14:00+09:00,目撃,ネズミ,1,,ドライ,28.16448630581975,129.3881820150136,"2026/08/29 1:00
目撃

1匹
ネズミ
ドライ
瀬戸内町節子
28.16448630581975
129.3881820150136
",2026-08-28,"2026-08-28 16:00:00+00:00|ネズミ|目撃|28.1644863|129.388182|2026/08/29 1:00
目撃

1匹
ネズミ
ドライ
瀬戸内町節子
28.16448630581975
129.3881820150136
",OSM_ro440_0_40,2.0033764184092093,
2026-08-29 01:08:00+09:00,2026-08-28 21:14:00+09:00,目撃,ヤマシギ,1,,ドライ,28.16543264899699,129.3855599436225,"2026/08/29 1:08
目撃

1匹
ヤマシギ
ドライ
瀬戸内町節子
28.16543264899699
129.3855599436225
",2026-08-28,"2026-08-28 16:08:00+00:00|ヤマシギ|目撃|28.1654326|129.3855599|2026/08/29 1:08
目撃

1匹
ヤマシギ
ドライ
瀬戸内町節子
28.16543264899699
129.3855599436225
",OSM_ro364_0_36,1.019541830003747,
2026-08-29 01:18:00+09:00,2026-08-28 21:14:00+09:00,目撃,ネズミ,1,,ドライ,28.16319203397689,129.3862087955118,"2026/08/29 1:18
目撃

1匹
ネズミ
ドライ
瀬戸内町節子
28.16319203397689
129.3862087955118
",2026-08-28,"2026-08-28 16:18:00+00:00|ネズミ|目撃|28.163192|129.3862088|2026/08/29 1:18
目撃

1匹
ネズミ
ドライ
瀬戸内町節子
28.16319203397689
129.3862087955118
",OSM_ro440_0_13,1.4263089836759217,
2026-08-29 01:18:00+09:00,2026-08-28 21:14:00+09:00,目撃,ヤマシギ,1,,ドライ,28.16336137165381,129.3867228470658,"2026/08/29 1:18
目撃

1匹
ヤマシギ
ドライ
瀬戸内町節子
28.16336137165381
129.3867228470658
",2026-08-28,"2026-08-28 16:18:00+00:00|ヤマシギ|目撃|28.1633614|129.3867228|2026/08/29 1:18
目撃

1匹
ヤマシギ
ドライ
瀬戸内町節子
28.16336137165381
129.3867228470658
",OSM_ro440_0_18,3.3089738260428354,
2026-08-29 01:20:00+09:00,2026-08-28 21:14:00+09:00,目撃,ネズミ,1,,ドライ,28.16452632195237,129.388102527515,"2026/08/29 1:20
目撃

1匹
ネズミ
ドライ
瀬戸内町節子
28.16452632195237
129.388102527515
",2026-08-28,"2026-08-28 16:20:00+00:00|ネズミ|目撃|28.1645263|129.3881025|2026/08/29 1:20
目撃

1匹
ネズミ
ドライ
瀬戸内町節子
28.16452632195237
129.388102527515
",OSM_ro440_0_39,9.974173442988436,
2026-08-29 01:22:00+09:00,2026-08-28 21:14:00+09:00,捕獲,ハブ,1,大,ドライ,28.16458473778522,129.3883753548703,"2026/08/29 1:22
捕獲
ハブ捕獲大
とぐろ
道路脇
ドライ
瀬戸内町節子
28.16458473778522
129.3883753548703
",2026-08-28,"2026-08-28 16:22:00+00:00|ハブ|捕獲|28.1645847|129.3883754|2026/08/29 1:22
捕獲
ハブ捕獲大
とぐろ
道路脇
ドライ
瀬戸内町節子
28.16458473778522
129.3883753548703
",OSM_ro440_0_42,0.7138359843853983,
2026-08-29 01:29:00+09:00,2026-08-28 21:14:00+09:00,目撃,ヤマシギ,1,,ドライ,28.16406268773633,129.3932207370644,"2026/08/29 1:29
目撃

1匹
ヤマシギ
ドライ

28.16406268773633
129.3932207370644
",2026-08-28,"2026-08-28 16:29:00+00:00|ヤマシギ|目撃|28.1640627|129.3932207|2026/08/29 1:29
目撃

1匹
ヤマシギ
ドライ

28.16406268773633
129.3932207370644
",OSM_ro42_0_30,7.120402813849579,
2026-08-29 01:29:00+09:00,2026-08-28 21:14:00+09:00,目撃,ヤマシギ,1,,ドライ,28.16454545682745,129.3938549768428,"2026/08/29 1:29
目撃

1匹
ヤマシギ
ドライ

28.16454545682745
129.3938549768428
",2026-08-28,"2026-08-28 16:29:00+00:00|ヤマシギ|目撃|28.1645455|129.393855|2026/08/29 1:29
目撃

1匹
ヤマシギ
ドライ

28.16454545682745
129.3938549768428
",OSM_ro42_0_38,11.986068091538833,
2026-08-29 01:30:00+09:00,2026-08-28 21:14:00+09:00,目撃,ネズミ,1,,ドライ,28.16498060714007,129.3948103744218,"2026/08/29 1:30
目撃

1匹
ネズミ
ドライ
瀬戸内町節子
28.16498060714007
129.3948103744218
",2026-08-28,"2026-08-28 16:30:00+00:00|ネズミ|目撃|28.1649806|129.3948104|2026/08/29 1:30
目撃

1匹
ネズミ
ドライ
瀬戸内町節子
28.16498060714007
129.3948103744218
",OSM_ro42_0_51,0.8129720383302688,
2026-08-29 01:33:00+09:00,2026-08-28 21:14:00+09:00,目撃,オットンガエル,1,,ドライ,28.16490561192312,129.3963459776541,"2026/08/29 1:33
目撃

1匹
オットンガエル
ドライ
瀬戸内町節子
28.16490561192312
129.3963459776541
",2026-08-28,"2026-08-28 16:33:00+00:00|オットンガエル|目撃|28.1649056|129.396346|2026/08/29 1:33
目撃

1匹
オットンガエル
ドライ
瀬戸内町節子
28.16490561192312
129.3963459776541
",OSM_ro42_0_81,1.230924162768967,
2026-08-29 01:35:00+09:00,2026-08-28 21:14:00+09:00,目撃,ヤマシギ,1,,ソークド(水跳ね),28.16705031710499,129.3954587679377,"2026/08/29 1:35
目撃

1匹
ヤマシギ
ソークド(水跳ね)

28.16705031710499
129.3954587679377
",2026-08-28,"2026-08-28 16:35:00+00:00|ヤマシギ|目撃|28.1670503|129.3954588|2026/08/29 1:35
目撃

1匹
ヤマシギ
ソークド(水跳ね)

28.16705031710499
129.3954587679377
",OSM_ro560_0_6,2.2185476747727177,
2026-08-29 01:36:00+09:00,2026-08-28 21:14:00+09:00,目撃,ヤマシギ,1,,ウエット,28.16786745640844,129.3950472374527,"2026/08/29 1:36
目撃

1匹
ヤマシギ
ウエット

28.16786745640844
129.3950472374527
",2026-08-28,"2026-08-28 16:36:00+00:00|ヤマシギ|目撃|28.1678675|129.3950472|2026/08/29 1:36
目撃

1匹
ヤマシギ
ウエット

28.16786745640844
129.3950472374527
",OSM_ro313_0_2,4.736802853106582,
2026-08-29 01:41:00+09:00,2026-08-28 21:14:00+09:00,目撃,オットンガエル,1,,ウエット,28.17089753129889,129.3971367163663,"2026/08/29 1:41
目撃

1匹
オットンガエル
ウエット

28.17089753129889
129.3971367163663
",2026-08-28,"2026-08-28 16:41:00+00:00|オットンガエル|目撃|28.1708975|129.3971367|2026/08/29 1:41
目撃

1匹
オットンガエル
ウエット

28.17089753129889
129.3971367163663
",OSM_ro142_0_40,6.257490644571671,
2026-08-29 01:43:00+09:00,2026-08-28 21:14:00+09:00,目撃,ネズミ,2,,ウエット,28.17049503498097,129.3984873837638,"2026/08/29 1:43
目撃

2匹
ネズミ
ウエット

28.17049503498097
129.3984873837638",2026-08-28,"2026-08-28 16:43:00+00:00|ネズミ|目撃|28.170495|129.3984874|2026/08/29 1:43
目撃

2匹
ネズミ
ウエット

28.17049503498097
129.3984873837638",OSM_ro185_0_0,9.525345221438474,
2026-08-29 01:45:00+09:00,2026-08-28 21:14:00+09:00,目撃,ネズミ,1,,ウエット,28.17162350404022,129.3985818886062,"2026/08/29 1:45
目撃

1匹
ネズミ
ウエット

28.17162350404022
129.3985818886062
",2026-08-28,"2026-08-28 16:45:00+00:00|ネズミ|目撃|28.1716235|129.3985819|2026/08/29 1:45
目撃

1匹
ネズミ
ウエット

28.17162350404022
129.3985818886062
",OSM_ro249_0_62,7.708092421950107,
2026-08-29 01:47:00+09:00,2026-08-28 21:14:00+09:00,目撃,ネズミ,1,,ドライ,28.1727578031556,129.3983165583923,"2026/08/29 1:47
目撃

1匹
ネズミ
ドライ

28.1727578031556
129.3983165583923
",2026-08-28,"2026-08-28 16:47:00+00:00|ネズミ|目撃|28.1727578|129.3983166|2026/08/29 1:47
目撃

1匹
ネズミ
ドライ

28.1727578031556
129.3983165583923
",OSM_ro249_0_41,2.0970411993947824,
2026-08-29 01:49:00+09:00,2026-08-28 21:14:00+09:00,目撃,オットンガエル,1,,ウエット,28.17491575037292,129.3982575686156,"2026/08/29 1:49
目撃

1匹
オットンガエル
ウエット
瀬戸内町節子
28.17491575037292
129.3982575686156
",2026-08-28,"2026-08-28 16:49:00+00:00|オットンガエル|目撃|28.1749158|129.3982576|2026/08/29 1:49
目撃

1匹
オットンガエル
ウエット
瀬戸内町節子
28.17491575037292
129.3982575686156
",OSM_ro249_0_3,0.5774836795714755,
2026-08-29 01:52:00+09:00,2026-08-28 21:14:00+09:00,目撃,カエル,3,,ウエット,28.17396869951027,129.3962795872957,"2026/08/29 1:52
目撃

3匹
カエル
ウエット
瀬戸内町節子
28.17396869951027
129.3962795872957
",2026-08-28,"2026-08-28 16:52:00+00:00|カエル|目撃|28.1739687|129.3962796|2026/08/29 1:52
目撃

3匹
カエル
ウエット
瀬戸内町節子
28.17396869951027
129.3962795872957
",OSM_ro289_0_81,3.6973420568810447,
2026-08-29 01:54:00+09:00,2026-08-28 21:14:00+09:00,目撃,オットンガエル,3,,ウエット,28.17438026928194,129.3945237201252,"2026/08/29 1:54
目撃

3匹
オットンガエル
ウエット

28.17438026928194
129.3945237201252
",2026-08-28,"2026-08-28 16:54:00+00:00|オットンガエル|目撃|28.1743803|129.3945237|2026/08/29 1:54
目撃

3匹
オットンガエル
ウエット

28.17438026928194
129.3945237201252
",OSM_ro289_0_53,4.669733844355339,
2026-08-29 01:55:00+09:00,2026-08-28 21:14:00+09:00,目撃,オットンガエル,1,,ウエット,28.17467201166964,129.3947626799281,"2026/08/29 1:55
目撃

1匹
オットンガエル
ウエット

28.17467201166964
129.3947626799281
",2026-08-28,"2026-08-28 16:55:00+00:00|オットンガエル|目撃|28.174672|129.3947627|2026/08/29 1:55
目撃

1匹
オットンガエル
ウエット

28.17467201166964
129.3947626799281
",OSM_ro289_0_48,2.2228487229373686,
2026-08-29 01:56:00+09:00,2026-08-28 21:14:00+09:00,目撃,オットンガエル,1,,ウエット,28.17556725387124,129.3961739899789,"2026/08/29 1:56
目撃

1匹
オットンガエル
ウエット
瀬戸内町節子
28.17556725387124
129.3961739899789
",2026-08-28,"2026-08-28 16:56:00+00:00|オットンガエル|目撃|28.1755673|129.396174|2026/08/29 1:56
目撃

1匹
オットンガエル
ウエット
瀬戸内町節子
28.17556725387124
129.3961739899789
",OSM_ro289_0_22,1.565134457092125,
2026-08-29 01:57:00+09:00,2026-08-28 21:14:00+09:00,目撃,クロウサギ,1,,ソークド(水跳ね),28.17593204202939,129.396660082329,"2026/08/29 1:57
目撃

1匹
クロウサギ
ソークド(水跳ね)
瀬戸内町節子
28.17593204202939
129.396660082329
",2026-08-28,"2026-08-28 16:57:00+00:00|クロウサギ|目撃|28.175932|129.3966601|2026/08/29 1:57
目撃

1匹
クロウサギ
ソークド(水跳ね)
瀬戸内町節子
28.17593204202939
129.396660082329
",OSM_ro289_0_15,2.4170906189127774,
2026-08-29 01:57:00+09:00,2026-08-28 21:14:00+09:00,目撃,ヤマシギ,2,,ソークド(水跳ね),28.17589009840359,129.3963005549043,"2026/08/29 1:57
目撃

2匹
ヤマシギ
ソークド(水跳ね)
瀬戸内町節子
28.17589009840359
129.3963005549043
",2026-08-28,"2026-08-28 16:57:00+00:00|ヤマシギ|目撃|28.1758901|129.3963006|2026/08/29 1:57
目撃

2匹
ヤマシギ
ソークド(水跳ね)
瀬戸内町節子
28.17589009840359
129.3963005549043
",OSM_ro289_0_10,10.261273533998876,
2026-08-29 01:58:00+09:00,2026-08-28 21:14:00+09:00,目撃,ネズミ,1,,ドライ,28.17635270141344,129.3956801481246,"2026/08/29 1:58
目撃

1匹
ネズミ
ドライ

28.17635270141344
129.3956801481246
",2026-08-28,"2026-08-28 16:58:00+00:00|ネズミ|目撃|28.1763527|129.3956801|2026/08/29 1:58
目撃

1匹
ネズミ
ドライ

28.17635270141344
129.3956801481246
",OSM_ro289_0_2,10.32823422444883,
2026-08-29 02:02:00+09:00,2026-08-28 21:14:00+09:00,目撃,ネズミ,1,,ウエット,28.17854742346621,129.3932703279315,"2026/08/29 2:02
目撃

1匹
ネズミ
オットンガエル
ウエット

28.17854742346621
129.3932703279315
",2026-08-28,"2026-08-28 17:02:00+00:00|ネズミ|目撃|28.1785474|129.3932703|2026/08/29 2:02
目撃

1匹
ネズミ
オットンガエル
ウエット

28.17854742346621
129.3932703279315
",OSM_ro104_0_60,2.3447628180614295,
2026-08-29 02:03:00+09:00,2026-08-28 21:14:00+09:00,目撃,ヤマシギ,1,,ドライ,28.17803132435967,129.394468919994,"2026/08/29 2:03
目撃

1匹
ヤマシギ
ドライ

28.17803132435967
129.394468919994
",2026-08-28,"2026-08-28 17:03:00+00:00|ヤマシギ|目撃|28.1780313|129.3944689|2026/08/29 2:03
目撃

1匹
ヤマシギ
ドライ

28.17803132435967
129.394468919994
",OSM_ro104_0_42,1.7040790831769677,
2026-08-29 02:06:00+09:00,2026-08-28 21:14:00+09:00,目撃,クロウサギ,1,,ウエット,28.18105963735802,129.3945015748103,"2026/08/29 2:06
目撃

1匹
クロウサギ
ウエット

28.18105963735802
129.3945015748103
",2026-08-28,"2026-08-28 17:06:00+00:00|クロウサギ|目撃|28.1810596|129.3945016|2026/08/29 2:06
目撃

1匹
クロウサギ
ウエット

28.18105963735802
129.3945015748103
",OSM_ro104_0_4,4.894603179857455,
2026-08-29 02:10:00+09:00,2026-08-28 21:14:00+09:00,目撃,アマミハナサキガエル,1,,ウエット,28.18456377871427,129.3970572633701,"2026/08/29 2:10
目撃

1匹
アマミハナサキガエル
ウエット

28.18456377871427
129.3970572633701
",2026-08-28,"2026-08-28 17:10:00+00:00|アマミハナサキガエル|目撃|28.1845638|129.3970573|2026/08/29 2:10
目撃

1匹
アマミハナサキガエル
ウエット

28.18456377871427
129.3970572633701
",OSM_ro280_0_27,11.585143588462767,
2026-08-29 02:10:00+09:00,2026-08-28 21:14:00+09:00,目撃,オットンガエル,1,,ウエット,28.18420717276652,129.3972567189376,"2026/08/29 2:10
目撃

1匹
オットンガエル
ウエット
瀬戸内町嘉徳
28.18420717276652
129.3972567189376",2026-08-28,"2026-08-28 17:10:00+00:00|オットンガエル|目撃|28.1842072|129.3972567|2026/08/29 2:10
目撃

1匹
オットンガエル
ウエット
瀬戸内町嘉徳
28.18420717276652
129.3972567189376",OSM_ro280_0_24,19.25152158680027,
2026-08-29 02:14:00+09:00,2026-08-28 21:14:00+09:00,目撃,カエル,5,,ソークド(水跳ね),28.18609270137856,129.3992235683268,"2026/08/29 2:14
目撃

5匹以上
カエル
ソークド(水跳ね)
瀬戸内町嘉徳
28.18609270137856
129.3992235683268
",2026-08-28,"2026-08-28 17:14:00+00:00|カエル|目撃|28.1860927|129.3992236|2026/08/29 2:14
目撃

5匹以上
カエル
ソークド(水跳ね)
瀬戸内町嘉徳
28.18609270137856
129.3992235683268
",OSM_ro191_0_83,14.238011411332279,
2026-08-29 02:15:00+09:00,2026-08-28 21:14:00+09:00,目撃,カエル,5,,ウエット,28.18692831448127,129.3989879600925,"2026/08/29 2:15
目撃

5匹以上
カエル
ウエット
瀬戸内町嘉徳
28.18692831448127
129.3989879600925
",2026-08-28,"2026-08-28 17:15:00+00:00|カエル|目撃|28.1869283|129.398988|2026/08/29 2:15
目撃

5匹以上
カエル
ウエット
瀬戸内町嘉徳
28.18692831448127
129.3989879600925
",OSM_ro191_0_69,3.4050405210765913,
2026-08-29 02:17:00+09:00,2026-08-28 21:14:00+09:00,目撃,ネズミ,2,,ウエット,28.18748206054942,129.3969018830917,"2026/08/29 2:17
目撃

2匹
ネズミ
ウエット
瀬戸内町嘉徳
28.18748206054942
129.3969018830917
",2026-08-28,"2026-08-28 17:17:00+00:00|ネズミ|目撃|28.1874821|129.3969019|2026/08/29 2:17
目撃

2匹
ネズミ
ウエット
瀬戸内町嘉徳
28.18748206054942
129.3969018830917
",OSM_ro191_0_42,18.03094781133832,
2026-08-29 02:20:00+09:00,2026-08-28 21:14:00+09:00,目撃,オットンガエル,1,,ウエット,28.18648764645938,129.3949204775811,"2026/08/29 2:20
目撃

1匹
オットンガエル
ウエット
瀬戸内町嘉徳
28.18648764645938
129.3949204775811
",2026-08-28,"2026-08-28 17:20:00+00:00|オットンガエル|目撃|28.1864876|129.3949205|2026/08/29 2:20
目撃

1匹
オットンガエル
ウエット
瀬戸内町嘉徳
28.18648764645938
129.3949204775811
",OSM_ro191_0_7,1.2181088393087314,
2026-08-29 02:21:00+09:00,2026-08-28 21:14:00+09:00,目撃,カエル,5,,ウエット,28.18768922949165,129.3952654336593,"2026/08/29 2:21
目撃

5匹以上
カエル
ウエット
瀬戸内町嘉徳
28.18768922949165
129.3952654336593
",2026-08-28,"2026-08-28 17:21:00+00:00|カエル|目撃|28.1876892|129.3952654|2026/08/29 2:21
目撃

5匹以上
カエル
ウエット
瀬戸内町嘉徳
28.18768922949165
129.3952654336593
",OSM_ro448_0_95,3.3627495530822946,
2026-08-29 02:22:00+09:00,2026-08-28 21:14:00+09:00,目撃,ヒメハブ,1,,ウエット,28.18781802286758,129.3954778014932,"2026/08/29 2:22
目撃

1匹
ヒメハブ
ウエット
瀬戸内町嘉徳
28.18781802286758
129.3954778014932
",2026-08-28,"2026-08-28 17:22:00+00:00|ヒメハブ|目撃|28.187818|129.3954778|2026/08/29 2:22
目撃

1匹
ヒメハブ
ウエット
瀬戸内町嘉徳
28.18781802286758
129.3954778014932
",OSM_ro448_0_93,0.9912102517563125,
2026-08-29 02:22:00+09:00,2026-08-28 21:14:00+09:00,目撃,カエル,5,,ウエット,28.18827614053188,129.3957473403818,"2026/08/29 2:22
目撃

5匹以上
カエル
ウエット
瀬戸内町嘉徳
28.18827614053188
129.3957473403818
",2026-08-28,"2026-08-28 17:22:00+00:00|カエル|目撃|28.1882761|129.3957473|2026/08/29 2:22
目撃

5匹以上
カエル
ウエット
瀬戸内町嘉徳
28.18827614053188
129.3957473403818
",OSM_ro448_0_87,10.831476030026305,
2026-08-29 02:23:00+09:00,2026-08-28 21:14:00+09:00,目撃,オットンガエル,3,,ウエット,28.18927072918486,129.3964833966594,"2026/08/29 2:23
目撃

3匹
オットンガエル
ウエット
瀬戸内町嘉徳
28.18927072918486
129.3964833966594
",2026-08-28,"2026-08-28 17:23:00+00:00|オットンガエル|目撃|28.1892707|129.3964834|2026/08/29 2:23
目撃

3匹
オットンガエル
ウエット
瀬戸内町嘉徳
28.18927072918486
129.3964833966594
",OSM_ro448_0_73,5.960749787682277,
2026-08-29 02:24:00+09:00,2026-08-28 21:14:00+09:00,目撃,ネズミ,1,,ドライ,28.18961402635165,129.3970190170958,"2026/08/29 2:24
目撃

1匹
ネズミ
ドライ
瀬戸内町嘉徳
28.18961402635165
129.3970190170958
",2026-08-28,"2026-08-28 17:24:00+00:00|ネズミ|目撃|28.189614|129.397019|2026/08/29 2:24
目撃

1匹
ネズミ
ドライ
瀬戸内町嘉徳
28.18961402635165
129.3970190170958
",OSM_ro448_0_67,3.1396020181830044,
2026-08-29 02:26:00+09:00,2026-08-28 21:14:00+09:00,捕獲,ハブ,1,中,ウエット,28.18987315213858,129.3973380976556,"2026/08/29 2:26
捕獲
ハブ捕獲中
頭上げ姿勢
山裾谷画から上がってきてる
ウエット
瀬戸内町嘉徳
28.18987315213858
129.3973380976556
",2026-08-28,"2026-08-28 17:26:00+00:00|ハブ|捕獲|28.1898732|129.3973381|2026/08/29 2:26
捕獲
ハブ捕獲中
頭上げ姿勢
山裾谷画から上がってきてる
ウエット
瀬戸内町嘉徳
28.18987315213858
129.3973380976556
",OSM_ro448_0_62,6.211959312529828,
2026-08-29 02:27:00+09:00,2026-08-28 21:14:00+09:00,目撃,クロウサギ,1,,ドライ,28.19004807225931,129.3976549182547,"2026/08/29 2:27
目撃

1匹
クロウサギ
ドライ
瀬戸内町嘉徳
28.19004807225931
129.3976549182547
",2026-08-28,"2026-08-28 17:27:00+00:00|クロウサギ|目撃|28.1900481|129.3976549|2026/08/29 2:27
目撃

1匹
クロウサギ
ドライ
瀬戸内町嘉徳
28.19004807225931
129.3976549182547
",OSM_ro448_0_59,7.415171940382644,
2026-08-29 02:29:00+09:00,2026-08-28 21:14:00+09:00,目撃,カエル,5,,ウエット,28.19212283349938,129.3972356655846,"2026/08/29 2:29
目撃

5匹以上
カエル
ウエット
瀬戸内町嘉徳
28.19212283349938
129.3972356655846
",2026-08-28,"2026-08-28 17:29:00+00:00|カエル|目撃|28.1921228|129.3972357|2026/08/29 2:29
目撃

5匹以上
カエル
ウエット
瀬戸内町嘉徳
28.19212283349938
129.3972356655846
",OSM_ro448_0_30,7.439408130423293,
2026-08-29 02:46:00+09:00,2026-08-28 21:14:00+09:00,目撃,カエル,5,,ウエット,28.18199483039354,129.3693979742061,"2026/08/29 2:46
目撃

5匹以上
カエル
ウエット
瀬戸内町網野子
28.18199483039354
129.3693979742061
",2026-08-28,"2026-08-28 17:46:00+00:00|カエル|目撃|28.1819948|129.369398|2026/08/29 2:46
目撃

5匹以上
カエル
ウエット
瀬戸内町網野子
28.18199483039354
129.3693979742061
",OSM_ro129_0_63,0.012870612491523463,
2026-08-29 02:49:00+09:00,2026-08-28 21:14:00+09:00,目撃,カエル,5,,ウエット,28.17770939175455,129.3647782137325,"2026/08/29 2:49
目撃

5匹以上
カエル
ウエット
瀬戸内町網野子
28.17770939175455
129.3647782137325
",2026-08-28,"2026-08-28 17:49:00+00:00|カエル|目撃|28.1777094|129.3647782|2026/08/29 2:49
目撃

5匹以上
カエル
ウエット
瀬戸内町網野子
28.17770939175455
129.3647782137325
",OSM_ro129_0_172,10.693325989367134,
2026-08-29 02:50:00+09:00,2026-08-28 21:14:00+09:00,目撃,カエル,5,,ウエット,28.17515413222634,129.3634847464497,"2026/08/29 2:50
目撃

5匹以上
カエル
ウエット
瀬戸内町網野子
28.17515413222634
129.3634847464497
",2026-08-28,"2026-08-28 17:50:00+00:00|カエル|目撃|28.1751541|129.3634847|2026/08/29 2:50
目撃

5匹以上
カエル
ウエット
瀬戸内町網野子
28.17515413222634
129.3634847464497
",OSM_ro129_0_209,3.175096951225984,
2026-08-29 02:52:00+09:00,2026-08-28 21:14:00+09:00,目撃,クロウサギ,1,,ドライ,28.17311695923776,129.3623933345072,"2026/08/29 2:52
目撃

1匹
クロウサギ
ドライ
瀬戸内町網野子
28.17311695923776
129.3623933345072",2026-08-28,"2026-08-28 17:52:00+00:00|クロウサギ|目撃|28.173117|129.3623933|2026/08/29 2:52
目撃

1匹
クロウサギ
ドライ
瀬戸内町網野子
28.17311695923776
129.3623933345072",OSM_ro129_0_247,0.6429705490337794,
