radius_m,bandwidth_h,local_weight,min_local,tau_days,eligible,nights_scored,median_absolute_error_minutes,mean_absolute_error_minutes,within_30m_hits,within_30m_rate,within_30m_wilson95,within_60m_hits,within_60m_rate,within_60m_wilson95,within_90m_hits,within_90m_rate,within_90m_wilson95,selection_score
3000,2.0,0.99,1,90.0,98,29,70.5,104.55102040816327,18,0.1836734693877551,"[0.11945967624196774, 0.2717517736959752]",42,0.42857142857142855,"[0.3351141839487037, 0.5274174337792189]",59,0.6020408163265306,"[0.50304770600903, 0.6933356972367949]",1.9612457482993195
3000,2.0,0.99,2,90.0,98,29,70.5,105.16326530612245,18,0.1836734693877551,"[0.11945967624196774, 0.2717517736959752]",42,0.42857142857142855,"[0.3351141839487037, 0.5274174337792189]",58,0.5918367346938775,"[0.49285190219841635, 0.683893160722826]",1.9510416666666666
3000,2.0,0.8,1,90.0,98,29,87.0,104.20408163265306,23,0.23469387755102042,"[0.1617836559088351, 0.3276194956520202]",38,0.3877551020408163,"[0.297263154133494, 0.4867151022960987]",52,0.5306122448979592,"[0.43252291695680106, 0.6263921040169464]",1.9497874149659864
3000,2.0,0.8,2,90.0,98,29,87.0,104.51020408163265,23,0.23469387755102042,"[0.1617836559088351, 0.3276194956520202]",38,0.3877551020408163,"[0.297263154133494, 0.4867151022960987]",52,0.5306122448979592,"[0.43252291695680106, 0.6263921040169464]",1.9497874149659864
3000,2.0,0.8,3,90.0,98,29,87.0,104.51020408163265,23,0.23469387755102042,"[0.1617836559088351, 0.3276194956520202]",38,0.3877551020408163,"[0.297263154133494, 0.4867151022960987]",52,0.5306122448979592,"[0.43252291695680106, 0.6263921040169464]",1.9497874149659864
3000,2.0,0.99,3,90.0,98,29,72.5,104.85714285714286,18,0.1836734693877551,"[0.11945967624196774, 0.2717517736959752]",41,0.41836734693877553,"[0.3255902758170348, 0.5173030015863054]",57,0.5816326530612245,"[0.4826969984136946, 0.6744097241829652]",1.9190405328798188
3000,2.0,0.95,1,90.0,98,29,74.0,105.61224489795919,19,0.19387755102040816,"[0.12777973480910126, 0.2830700554534241]",39,0.3979591836734694,"[0.3066643027632052, 0.49695229399096996]",57,0.5816326530612245,"[0.4826969984136946, 0.6744097241829652]",1.9077947845804988
3000,2.0,0.95,2,90.0,98,29,74.0,106.22448979591837,19,0.19387755102040816,"[0.12777973480910126, 0.2830700554534241]",39,0.3979591836734694,"[0.3066643027632052, 0.49695229399096996]",56,0.5714285714285714,"[0.4725825662207811, 0.6648858160512964]",1.8975907029478456
3000,2.0,0.95,3,90.0,98,29,74.0,105.91836734693878,19,0.19387755102040816,"[0.12777973480910126, 0.2830700554534241]",39,0.3979591836734694,"[0.3066643027632052, 0.49695229399096996]",55,0.5612244897959183,"[0.46250823376575, 0.6553218081817449]",1.8873866213151924
3000,1.5,0.99,1,90.0,98,29,78.0,109.48979591836735,16,0.16326530612244897,"[0.10306715625004181, 0.24886761303873606]",41,0.41836734693877553,"[0.3255902758170348, 0.5173030015863054]",56,0.5714285714285714,"[0.4725825662207811, 0.6648858160512964]",1.8437925170068026
3000,1.5,0.99,2,90.0,98,29,78.0,110.10204081632654,16,0.16326530612244897,"[0.10306715625004181, 0.24886761303873606]",41,0.41836734693877553,"[0.3255902758170348, 0.5173030015863054]",55,0.5612244897959183,"[0.46250823376575, 0.6553218081817449]",1.8335884353741494
3000,2.0,0.95,1,180.0,98,29,80.0,108.9795918367347,18,0.1836734693877551,"[0.11945967624196774, 0.2717517736959752]",38,0.3877551020408163,"[0.297263154133494, 0.4867151022960987]",55,0.5612244897959183,"[0.46250823376575, 0.6553218081817449]",1.8321995464852605
3000,1.5,0.95,1,90.0,98,29,80.0,109.79591836734694,18,0.1836734693877551,"[0.11945967624196774, 0.2717517736959752]",36,0.3673469387755102,"[0.27858728951874556, 0.46611428626168216]",58,0.5918367346938775,"[0.49285190219841635, 0.683893160722826]",1.8219954648526078
3000,2.0,0.95,2,180.0,98,29,80.0,109.59183673469387,18,0.1836734693877551,"[0.11945967624196774, 0.2717517736959752]",38,0.3877551020408163,"[0.297263154133494, 0.4867151022960987]",54,0.5510204081632653,"[0.45247368335883686, 0.6457180182640755]",1.8219954648526075
3000,2.0,0.99,1,,98,29,84.0,110.55102040816327,19,0.19387755102040816,"[0.12777973480910126, 0.2830700554534241]",36,0.3673469387755102,"[0.27858728951874556, 0.46611428626168216]",55,0.5612244897959183,"[0.46250823376575, 0.6553218081817449]",1.8192176870748298
3000,1.5,0.95,2,90.0,98,29,80.0,110.40816326530613,18,0.1836734693877551,"[0.11945967624196774, 0.2717517736959752]",36,0.3673469387755102,"[0.27858728951874556, 0.46611428626168216]",57,0.5816326530612245,"[0.4826969984136946, 0.6744097241829652]",1.8117913832199546
3000,2.0,0.95,3,180.0,98,29,83.0,109.28571428571429,18,0.1836734693877551,"[0.11945967624196774, 0.2717517736959752]",38,0.3877551020408163,"[0.297263154133494, 0.4867151022960987]",53,0.5408163265306123,"[0.4424786494488038, 0.6360747118495262]",1.8097080498866214
3000,2.0,0.99,2,,98,29,84.0,111.16326530612245,19,0.19387755102040816,"[0.12777973480910126, 0.2830700554534241]",36,0.3673469387755102,"[0.27858728951874556, 0.46611428626168216]",54,0.5510204081632653,"[0.45247368335883686, 0.6457180182640755]",1.8090136054421768
3000,1.5,0.95,3,90.0,98,29,81.0,110.40816326530613,18,0.1836734693877551,"[0.11945967624196774, 0.2717517736959752]",36,0.3673469387755102,"[0.27858728951874556, 0.46611428626168216]",56,0.5714285714285714,"[0.4725825662207811, 0.6648858160512964]",1.8008928571428573
3000,1.5,0.99,3,90.0,98,29,83.0,110.10204081632654,16,0.16326530612244897,"[0.10306715625004181, 0.24886761303873606]",40,0.40816326530612246,"[0.3161068392771741, 0.5071480978015837]",54,0.5510204081632653,"[0.45247368335883686, 0.6457180182640755]",1.7995039682539684
3000,2.0,0.99,1,180.0,98,29,78.5,108.77551020408163,16,0.16326530612244897,"[0.10306715625004181, 0.24886761303873606]",37,0.37755102040816324,"[0.2879039439886928, 0.4764359721163174]",58,0.5918367346938775,"[0.49285190219841635, 0.683893160722826]",1.7822208049886619
3000,2.0,0.99,3,,98,29,85.5,111.16326530612245,19,0.19387755102040816,"[0.12777973480910126, 0.2830700554534241]",35,0.35714285714285715,"[0.26931387894509207, 0.4557493565107532]",53,0.5408163265306123,"[0.4424786494488038, 0.6360747118495262]",1.777359693877551
500,2.0,0.95,1,90.0,98,29,87.0,103.91836734693878,19,0.19387755102040816,"[0.12777973480910126, 0.2830700554534241]",36,0.3673469387755102,"[0.27858728951874556, 0.46611428626168216]",51,0.5204081632653061,"[0.42260631994489084, 0.6166703607042743]",1.7763180272108845
3000,2.0,0.99,2,180.0,98,29,78.5,109.38775510204081,16,0.16326530612244897,"[0.10306715625004181, 0.24886761303873606]",37,0.37755102040816324,"[0.2879039439886928, 0.4764359721163174]",57,0.5816326530612245,"[0.4826969984136946, 0.6744097241829652]",1.772016723356009
3000,2.0,0.8,1,180.0,98,29,87.0,109.06122448979592,19,0.19387755102040816,"[0.12777973480910126, 0.2830700554534241]",35,0.35714285714285715,"[0.26931387894509207, 0.4557493565107532]",51,0.5204081632653061,"[0.42260631994489084, 0.6166703607042743]",1.7559098639455784
3000,2.0,0.8,2,180.0,98,29,87.0,109.36734693877551,19,0.19387755102040816,"[0.12777973480910126, 0.2830700554534241]",35,0.35714285714285715,"[0.26931387894509207, 0.4557493565107532]",51,0.5204081632653061,"[0.42260631994489084, 0.6166703607042743]",1.7559098639455784
3000,2.0,0.8,3,180.0,98,29,87.0,109.36734693877551,19,0.19387755102040816,"[0.12777973480910126, 0.2830700554534241]",35,0.35714285714285715,"[0.26931387894509207, 0.4557493565107532]",51,0.5204081632653061,"[0.42260631994489084, 0.6166703607042743]",1.7559098639455784
3000,2.0,0.95,1,,98,29,87.0,111.73469387755102,18,0.1836734693877551,"[0.11945967624196774, 0.2717517736959752]",35,0.35714285714285715,"[0.26931387894509207, 0.4557493565107532]",53,0.5408163265306123,"[0.4424786494488038, 0.6360747118495262]",1.7457057823129254
500,2.0,0.99,1,90.0,98,29,87.0,107.85714285714286,21,0.21428571428571427,"[0.14464436812023418, 0.30548210279145616]",32,0.32653061224489793,"[0.2417611712469177, 0.42438704323518]",50,0.5102040816326531,"[0.41272874059974574, 0.6069095997248368]",1.745705782312925
3000,2.0,0.99,3,180.0,98,29,80.5,109.08163265306122,16,0.16326530612244897,"[0.10306715625004181, 0.24886761303873606]",36,0.3673469387755102,"[0.27858728951874556, 0.46611428626168216]",56,0.5714285714285714,"[0.4725825662207811, 0.6648858160512964]",1.740015589569161
3000,2.0,0.95,2,,98,29,87.0,112.34693877551021,18,0.1836734693877551,"[0.11945967624196774, 0.2717517736959752]",35,0.35714285714285715,"[0.26931387894509207, 0.4557493565107532]",52,0.5306122448979592,"[0.43252291695680106, 0.6263921040169464]",1.7355017006802724
2000,2.0,0.99,1,90.0,98,29,87.0,111.26530612244898,16,0.16326530612244897,"[0.10306715625004181, 0.24886761303873606]",37,0.37755102040816324,"[0.2879039439886928, 0.4764359721163174]",54,0.5510204081632653,"[0.45247368335883686, 0.6457180182640755]",1.735501700680272
2000,2.0,0.8,1,90.0,98,29,93.5,107.73469387755102,20,0.20408163265306123,"[0.1361759801787412, 0.29431215040836667]",34,0.3469387755102041,"[0.26008447663750445, 0.44534041849375827]",48,0.4897959183673469,"[0.3930904002751632, 0.5872712594002543]",1.7309878117913835
2000,2.0,0.8,2,90.0,98,29,93.5,108.04081632653062,20,0.20408163265306123,"[0.1361759801787412, 0.29431215040836667]",34,0.3469387755102041,"[0.26008447663750445, 0.44534041849375827]",48,0.4897959183673469,"[0.3930904002751632, 0.5872712594002543]",1.7309878117913835
2000,2.0,0.99,2,90.0,98,29,87.0,108.81632653061224,16,0.16326530612244897,"[0.10306715625004181, 0.24886761303873606]",37,0.37755102040816324,"[0.2879039439886928, 0.4764359721163174]",53,0.5408163265306123,"[0.4424786494488038, 0.6360747118495262]",1.725297619047619
3000,2.0,0.95,3,,98,29,88.5,112.04081632653062,18,0.1836734693877551,"[0.11945967624196774, 0.2717517736959752]",35,0.35714285714285715,"[0.26931387894509207, 0.4557493565107532]",51,0.5204081632653061,"[0.42260631994489084, 0.6166703607042743]",1.7242559523809524
3000,1.5,0.95,1,,98,29,89.0,115.44897959183673,18,0.1836734693877551,"[0.11945967624196774, 0.2717517736959752]",36,0.3673469387755102,"[0.27858728951874556, 0.46611428626168216]",49,0.5,"[0.402890108516874, 0.597109891483126]",1.7239087301587301
2000,2.0,0.99,1,,98,29,89.0,117.08163265306122,18,0.1836734693877551,"[0.11945967624196774, 0.2717517736959752]",35,0.35714285714285715,"[0.26931387894509207, 0.4557493565107532]",51,0.5204081632653061,"[0.42260631994489084, 0.6166703607042743]",1.7239087301587301
2000,2.0,0.8,3,90.0,98,29,95.5,109.57142857142857,20,0.20408163265306123,"[0.1361759801787412, 0.29431215040836667]",34,0.3469387755102041,"[0.26008447663750445, 0.44534041849375827]",47,0.47959183673469385,"[0.38332963929572583, 0.5773936800551093]",1.7193948412698414
2000,2.0,0.99,2,,98,29,89.5,114.3265306122449,18,0.1836734693877551,"[0.11945967624196774, 0.2717517736959752]",35,0.35714285714285715,"[0.26931387894509207, 0.4557493565107532]",50,0.5102040816326531,"[0.41272874059974574, 0.6069095997248368]",1.713357426303855
3000,1.5,0.95,2,,98,29,92.5,116.06122448979592,18,0.1836734693877551,"[0.11945967624196774, 0.2717517736959752]",36,0.3673469387755102,"[0.27858728951874556, 0.46611428626168216]",48,0.4897959183673469,"[0.3930904002751632, 0.5872712594002543]",1.7112740929705215
2000,2.0,0.95,1,90.0,98,29,80.5,108.36734693877551,14,0.14285714285714285,"[0.0870439104644005, 0.2256141781752124]",37,0.37755102040816324,"[0.2879039439886928, 0.4764359721163174]",57,0.5816326530612245,"[0.4826969984136946, 0.6744097241829652]",1.7094033446712018
3000,1.5,0.99,1,180.0,98,29,86.5,112.55102040816327,15,0.15306122448979592,"[0.0950059903962593, 0.23729043856793613]",37,0.37755102040816324,"[0.2879039439886928, 0.4764359721163174]",54,0.5510204081632653,"[0.45247368335883686, 0.6457180182640755]",1.705236678004535
3000,1.5,0.99,1,,98,29,87.0,114.87755102040816,17,0.17346938775510204,"[0.11122039941721075, 0.26035271019614964]",36,0.3673469387755102,"[0.27858728951874556, 0.46611428626168216]",50,0.5102040816326531,"[0.41272874059974574, 0.6069095997248368]",1.704889455782313
1000,2.0,0.95,1,,98,29,88.5,111.63265306122449,20,0.20408163265306123,"[0.1361759801787412, 0.29431215040836667]",31,0.3163265306122449,"[0.23266923518824523, 0.41384063896927004]",51,0.5204081632653061,"[0.42260631994489084, 0.6166703607042743]",1.7038477891156463
1500,2.0,0.8,1,90.0,98,29,88.5,107.46938775510205,20,0.20408163265306123,"[0.1361759801787412, 0.29431215040836667]",31,0.3163265306122449,"[0.23266923518824523, 0.41384063896927004]",51,0.5204081632653061,"[0.42260631994489084, 0.6166703607042743]",1.7038477891156463
1500,2.0,0.8,2,90.0,98,29,88.5,107.48979591836735,20,0.20408163265306123,"[0.1361759801787412, 0.29431215040836667]",31,0.3163265306122449,"[0.23266923518824523, 0.41384063896927004]",51,0.5204081632653061,"[0.42260631994489084, 0.6166703607042743]",1.7038477891156463
1000,1.5,0.95,1,,98,29,93.0,115.10204081632654,19,0.19387755102040816,"[0.12777973480910126, 0.2830700554534241]",34,0.3469387755102041,"[0.26008447663750445, 0.44534041849375827]",48,0.4897959183673469,"[0.3930904002751632, 0.5872712594002543]",1.7007227891156462
3000,1.5,0.95,3,,98,29,94.0,116.06122448979592,18,0.1836734693877551,"[0.11945967624196774, 0.2717517736959752]",36,0.3673469387755102,"[0.27858728951874556, 0.46611428626168216]",47,0.47959183673469385,"[0.38332963929572583, 0.5773936800551093]",1.700028344671202
2000,2.0,0.95,2,90.0,98,29,80.5,108.06122448979592,14,0.14285714285714285,"[0.0870439104644005, 0.2256141781752124]",37,0.37755102040816324,"[0.2879039439886928, 0.4764359721163174]",56,0.5714285714285714,"[0.4725825662207811, 0.6648858160512964]",1.6991992630385486
3000,1.5,0.99,2,180.0,98,29,86.5,113.16326530612245,15,0.15306122448979592,"[0.0950059903962593, 0.23729043856793613]",37,0.37755102040816324,"[0.2879039439886928, 0.4764359721163174]",53,0.5408163265306123,"[0.4424786494488038, 0.6360747118495262]",1.695032596371882
3000,1.5,0.99,2,,98,29,89.0,115.48979591836735,17,0.17346938775510204,"[0.11122039941721075, 0.26035271019614964]",36,0.3673469387755102,"[0.27858728951874556, 0.46611428626168216]",49,0.5,"[0.402890108516874, 0.597109891483126]",1.6932964852607713
500,2.0,0.95,1,,98,29,91.0,108.9795918367347,19,0.19387755102040816,"[0.12777973480910126, 0.2830700554534241]",33,0.336734693877551,"[0.25089992900091485, 0.4348866258057654]",49,0.5,"[0.402890108516874, 0.597109891483126]",1.6919075963718821
1500,2.0,0.8,3,90.0,98,29,92.0,108.71428571428571,19,0.19387755102040816,"[0.12777973480910126, 0.2830700554534241]",33,0.336734693877551,"[0.25089992900091485, 0.4348866258057654]",49,0.5,"[0.402890108516874, 0.597109891483126]",1.6912131519274376
500,2.0,0.99,3,90.0,98,29,99.0,107.87755102040816,20,0.20408163265306123,"[0.1361759801787412, 0.29431215040836667]",33,0.336734693877551,"[0.25089992900091485, 0.4348866258057654]",46,0.46938775510204084,"[0.37360789598305366, 0.567477083043199]",1.6863520408163264
500,2.0,0.95,3,,98,29,99.0,111.0204081632653,21,0.21428571428571427,"[0.14464436812023418, 0.30548210279145616]",32,0.32653061224489793,"[0.2417611712469177, 0.42438704323518]",45,0.45918367346938777,"[0.36392528815047387, 0.5575213505511963]",1.6863520408163262
1000,1.5,0.99,1,90.0,98,29,86.0,112.48979591836735,19,0.19387755102040816,"[0.12777973480910126, 0.2830700554534241]",31,0.3163265306122449,"[0.23266923518824523, 0.41384063896927004]",52,0.5306122448979592,"[0.43252291695680106, 0.6263921040169464]",1.6851757369614515
3000,1.5,0.8,1,180.0,98,29,90.5,110.16326530612245,16,0.16326530612244897,"[0.10306715625004181, 0.24886761303873606]",37,0.37755102040816324,"[0.2879039439886928, 0.4764359721163174]",49,0.5,"[0.402890108516874, 0.597109891483126]",1.682050736961451
3000,1.5,0.8,2,180.0,98,29,90.5,110.46938775510205,16,0.16326530612244897,"[0.10306715625004181, 0.24886761303873606]",37,0.37755102040816324,"[0.2879039439886928, 0.4764359721163174]",49,0.5,"[0.402890108516874, 0.597109891483126]",1.682050736961451
3000,1.5,0.8,3,180.0,98,29,90.5,110.77551020408163,16,0.16326530612244897,"[0.10306715625004181, 0.24886761303873606]",37,0.37755102040816324,"[0.2879039439886928, 0.4764359721163174]",49,0.5,"[0.402890108516874, 0.597109891483126]",1.682050736961451
1500,2.0,0.8,1,180.0,98,29,94.0,109.26530612244898,21,0.21428571428571427,"[0.14464436812023418, 0.30548210279145616]",30,0.30612244897959184,"[0.22362525822357754, 0.4032462756093553]",48,0.4897959183673469,"[0.3930904002751632, 0.5872712594002543]",1.6796201814058955
1500,2.0,0.8,2,180.0,98,29,94.0,109.28571428571429,21,0.21428571428571427,"[0.14464436812023418, 0.30548210279145616]",30,0.30612244897959184,"[0.22362525822357754, 0.4032462756093553]",48,0.4897959183673469,"[0.3930904002751632, 0.5872712594002543]",1.6796201814058955
500,1.5,0.95,1,,98,29,96.5,111.26530612244898,20,0.20408163265306123,"[0.1361759801787412, 0.29431215040836667]",33,0.336734693877551,"[0.25089992900091485, 0.4348866258057654]",45,0.45918367346938777,"[0.36392528815047387, 0.5575213505511963]",1.6778840702947844
500,1.5,0.99,3,90.0,98,29,99.5,111.59183673469387,21,0.21428571428571427,"[0.14464436812023418, 0.30548210279145616]",33,0.336734693877551,"[0.25089992900091485, 0.4348866258057654]",42,0.42857142857142855,"[0.3351141839487037, 0.5274174337792189]",1.6758007369614514
500,2.0,0.95,1,180.0,98,29,88.5,106.91836734693878,18,0.1836734693877551,"[0.11945967624196774, 0.2717517736959752]",33,0.336734693877551,"[0.25089992900091485, 0.4348866258057654]",50,0.5102040816326531,"[0.41272874059974574, 0.6069095997248368]",1.673235544217687
3000,1.5,0.8,1,90.0,98,29,88.5,107.59183673469387,14,0.14285714285714285,"[0.0870439104644005, 0.2256141781752124]",39,0.3979591836734694,"[0.3066643027632052, 0.49695229399096996]",50,0.5102040816326531,"[0.41272874059974574, 0.6069095997248368]",1.673235544217687
3000,1.5,0.8,2,90.0,98,29,88.5,107.89795918367346,14,0.14285714285714285,"[0.0870439104644005, 0.2256141781752124]",39,0.3979591836734694,"[0.3066643027632052, 0.49695229399096996]",50,0.5102040816326531,"[0.41272874059974574, 0.6069095997248368]",1.673235544217687
3000,1.5,0.8,3,90.0,98,29,88.5,108.20408163265306,14,0.14285714285714285,"[0.0870439104644005, 0.2256141781752124]",39,0.3979591836734694,"[0.3066643027632052, 0.49695229399096996]",50,0.5102040816326531,"[0.41272874059974574, 0.6069095997248368]",1.673235544217687
1500,2.0,0.8,3,180.0,98,29,98.0,110.51020408163265,20,0.20408163265306123,"[0.1361759801787412, 0.29431215040836667]",32,0.32653061224489793,"[0.2417611712469177, 0.42438704323518]",46,0.46938775510204084,"[0.37360789598305366, 0.567477083043199]",1.666638321995465
500,2.0,0.8,3,,98,29,100.0,111.3265306122449,18,0.1836734693877551,"[0.11945967624196774, 0.2717517736959752]",35,0.35714285714285715,"[0.26931387894509207, 0.4557493565107532]",46,0.46938775510204084,"[0.37360789598305366, 0.567477083043199]",1.6652494331065761
3000,1.5,0.99,3,180.0,98,29,87.0,113.16326530612245,15,0.15306122448979592,"[0.0950059903962593, 0.23729043856793613]",36,0.3673469387755102,"[0.27858728951874556, 0.46611428626168216]",52,0.5306122448979592,"[0.43252291695680106, 0.6263921040169464]",1.6640731292517008
2000,2.0,0.99,1,180.0,98,29,87.0,115.14285714285714,15,0.15306122448979592,"[0.0950059903962593, 0.23729043856793613]",35,0.35714285714285715,"[0.26931387894509207, 0.4557493565107532]",54,0.5510204081632653,"[0.45247368335883686, 0.6457180182640755]",1.6640731292517008
2000,1.5,0.99,1,90.0,98,29,90.5,115.36734693877551,16,0.16326530612244897,"[0.10306715625004181, 0.24886761303873606]",36,0.3673469387755102,"[0.27858728951874556, 0.46611428626168216]",49,0.5,"[0.402890108516874, 0.597109891483126]",1.661642573696145
3000,1.5,0.99,3,,98,29,92.5,115.48979591836735,17,0.17346938775510204,"[0.11122039941721075, 0.26035271019614964]",35,0.35714285714285715,"[0.26931387894509207, 0.4557493565107532]",48,0.4897959183673469,"[0.3930904002751632, 0.5872712594002543]",1.6602536848072562
500,2.0,0.95,3,90.0,98,29,100.0,107.83673469387755,19,0.19387755102040816,"[0.12777973480910126, 0.2830700554534241]",33,0.336734693877551,"[0.25089992900091485, 0.4348866258057654]",46,0.46938775510204084,"[0.37360789598305366, 0.567477083043199]",1.655045351473923
2000,2.0,0.99,2,180.0,98,29,87.0,112.6938775510204,15,0.15306122448979592,"[0.0950059903962593, 0.23729043856793613]",35,0.35714285714285715,"[0.26931387894509207, 0.4557493565107532]",53,0.5408163265306123,"[0.4424786494488038, 0.6360747118495262]",1.6538690476190478
500,2.0,0.99,3,,98,29,103.0,112.85714285714286,21,0.21428571428571427,"[0.14464436812023418, 0.30548210279145616]",32,0.32653061224489793,"[0.2417611712469177, 0.42438704323518]",42,0.42857142857142855,"[0.3351141839487037, 0.5274174337792189]",1.6529620181405893
3000,1.0,0.8,1,90.0,98,29,88.5,113.28571428571429,15,0.15306122448979592,"[0.0950059903962593, 0.23729043856793613]",36,0.3673469387755102,"[0.27858728951874556, 0.46611428626168216]",51,0.5204081632653061,"[0.42260631994489084, 0.6166703607042743]",1.652827380952381
3000,1.0,0.8,2,90.0,98,29,88.5,113.59183673469387,15,0.15306122448979592,"[0.0950059903962593, 0.23729043856793613]",36,0.3673469387755102,"[0.27858728951874556, 0.46611428626168216]",51,0.5204081632653061,"[0.42260631994489084, 0.6166703607042743]",1.652827380952381
3000,1.0,0.8,3,90.0,98,29,88.5,114.51020408163265,15,0.15306122448979592,"[0.0950059903962593, 0.23729043856793613]",36,0.3673469387755102,"[0.27858728951874556, 0.46611428626168216]",51,0.5204081632653061,"[0.42260631994489084, 0.6166703607042743]",1.652827380952381
1000,2.0,0.99,1,,98,29,90.5,116.44897959183673,19,0.19387755102040816,"[0.12777973480910126, 0.2830700554534241]",31,0.3163265306122449,"[0.23266923518824523, 0.41384063896927004]",49,0.5,"[0.402890108516874, 0.597109891483126]",1.6514384920634921
2000,1.5,0.99,2,90.0,98,29,91.0,112.61224489795919,16,0.16326530612244897,"[0.10306715625004181, 0.24886761303873606]",36,0.3673469387755102,"[0.27858728951874556, 0.46611428626168216]",48,0.4897959183673469,"[0.3930904002751632, 0.5872712594002543]",1.6510912698412699
3000,2.0,0.8,1,,98,29,91.5,112.22448979591837,18,0.1836734693877551,"[0.11945967624196774, 0.2717517736959752]",33,0.336734693877551,"[0.25089992900091485, 0.4348866258057654]",48,0.4897959183673469,"[0.3930904002751632, 0.5872712594002543]",1.6507440476190478
3000,2.0,0.8,2,,98,29,91.5,112.53061224489795,18,0.1836734693877551,"[0.11945967624196774, 0.2717517736959752]",33,0.336734693877551,"[0.25089992900091485, 0.4348866258057654]",48,0.4897959183673469,"[0.3930904002751632, 0.5872712594002543]",1.6507440476190478
3000,2.0,0.8,3,,98,29,91.5,112.53061224489795,18,0.1836734693877551,"[0.11945967624196774, 0.2717517736959752]",33,0.336734693877551,"[0.25089992900091485, 0.4348866258057654]",48,0.4897959183673469,"[0.3930904002751632, 0.5872712594002543]",1.6507440476190478
500,1.5,0.95,1,90.0,98,29,96.0,107.24489795918367,19,0.19387755102040816,"[0.12777973480910126, 0.2830700554534241]",33,0.336734693877551,"[0.25089992900091485, 0.4348866258057654]",45,0.45918367346938777,"[0.36392528815047387, 0.5575213505511963]",1.6476190476190475
500,1.5,0.95,3,90.0,98,29,100.5,111.85714285714286,20,0.20408163265306123,"[0.1361759801787412, 0.29431215040836667]",33,0.336734693877551,"[0.25089992900091485, 0.4348866258057654]",42,0.42857142857142855,"[0.3351141839487037, 0.5274174337792189]",1.6444940476190475
1000,1.5,0.95,1,90.0,98,29,86.0,110.63265306122449,18,0.1836734693877551,"[0.11945967624196774, 0.2717517736959752]",30,0.30612244897959184,"[0.22362525822357754, 0.4032462756093553]",53,0.5408163265306123,"[0.4424786494488038, 0.6360747118495262]",1.6443594104308392
500,2.0,0.99,1,180.0,98,29,96.5,111.38775510204081,19,0.19387755102040816,"[0.12777973480910126, 0.2830700554534241]",31,0.3163265306122449,"[0.23266923518824523, 0.41384063896927004]",48,0.4897959183673469,"[0.3930904002751632, 0.5872712594002543]",1.6370677437641725
500,2.0,0.8,1,180.0,98,29,98.0,110.91836734693878,18,0.1836734693877551,"[0.11945967624196774, 0.2717517736959752]",33,0.336734693877551,"[0.25089992900091485, 0.4348866258057654]",47,0.47959183673469385,"[0.38332963929572583, 0.5773936800551093]",1.6360260770975057
500,1.5,0.8,3,90.0,98,29,98.5,111.3061224489796,19,0.19387755102040816,"[0.12777973480910126, 0.2830700554534241]",32,0.32653061224489793,"[0.2417611712469177, 0.42438704323518]",46,0.46938775510204084,"[0.37360789598305366, 0.567477083043199]",1.6356788548752834
3000,1.5,0.95,1,180.0,98,29,86.0,113.61224489795919,15,0.15306122448979592,"[0.0950059903962593, 0.23729043856793613]",34,0.3469387755102041,"[0.26008447663750445, 0.44534041849375827]",53,0.5408163265306123,"[0.4424786494488038, 0.6360747118495262]",1.634155328798186
1500,2.0,0.99,2,90.0,98,29,86.5,112.22448979591837,18,0.1836734693877551,"[0.11945967624196774, 0.2717517736959752]",30,0.30612244897959184,"[0.22362525822357754, 0.4032462756093553]",52,0.5306122448979592,"[0.43252291695680106, 0.6263921040169464]",1.633808106575964
500,2.0,0.8,1,,98,29,96.5,111.3265306122449,17,0.17346938775510204,"[0.11122039941721075, 0.26035271019614964]",34,0.3469387755102041,"[0.26008447663750445, 0.44534041849375827]",47,0.47959183673469385,"[0.38332963929572583, 0.5773936800551093]",1.6268636621315193
1000,1.5,0.8,3,90.0,98,29,97.0,113.81632653061224,19,0.19387755102040816,"[0.12777973480910126, 0.2830700554534241]",31,0.3163265306122449,"[0.23266923518824523, 0.41384063896927004]",47,0.47959183673469385,"[0.38332963929572583, 0.5773936800551093]",1.626516439909297
3000,1.5,0.95,2,180.0,98,29,86.0,114.22448979591837,15,0.15306122448979592,"[0.0950059903962593, 0.23729043856793613]",34,0.3469387755102041,"[0.26008447663750445, 0.44534041849375827]",52,0.5306122448979592,"[0.43252291695680106, 0.6263921040169464]",1.6239512471655329
1000,2.0,0.95,1,180.0,98,29,88.0,110.65306122448979,17,0.17346938775510204,"[0.11122039941721075, 0.26035271019614964]",32,0.32653061224489793,"[0.2417611712469177, 0.42438704323518]",50,0.5102040816326531,"[0.41272874059974574, 0.6069095997248368]",1.622562358276644
2000,1.5,0.95,1,90.0,98,29,88.0,112.18367346938776,14,0.14285714285714285,"[0.0870439104644005, 0.2256141781752124]",36,0.3673469387755102,"[0.27858728951874556, 0.46611428626168216]",51,0.5204081632653061,"[0.42260631994489084, 0.6166703607042743]",1.622562358276644
3000,1.5,0.8,1,,98,29,92.5,114.75510204081633,17,0.17346938775510204,"[0.11122039941721075, 0.26035271019614964]",33,0.336734693877551,"[0.25089992900091485, 0.4348866258057654]",48,0.4897959183673469,"[0.3930904002751632, 0.5872712594002543]",1.619437358276644
3000,1.5,0.8,2,,98,29,92.5,115.06122448979592,17,0.17346938775510204,"[0.11122039941721075, 0.26035271019614964]",33,0.336734693877551,"[0.25089992900091485, 0.4348866258057654]",48,0.4897959183673469,"[0.3930904002751632, 0.5872712594002543]",1.619437358276644
3000,1.5,0.8,3,,98,29,92.5,115.36734693877551,17,0.17346938775510204,"[0.11122039941721075, 0.26035271019614964]",33,0.336734693877551,"[0.25089992900091485, 0.4348866258057654]",48,0.4897959183673469,"[0.3930904002751632, 0.5872712594002543]",1.619437358276644
500,1.5,0.99,1,90.0,98,29,96.5,110.95918367346938,19,0.19387755102040816,"[0.12777973480910126, 0.2830700554534241]",31,0.3163265306122449,"[0.23266923518824523, 0.41384063896927004]",46,0.46938775510204084,"[0.37360789598305366, 0.567477083043199]",1.6166595804988664
500,2.0,0.95,2,90.0,98,29,96.5,107.10204081632654,17,0.17346938775510204,"[0.11122039941721075, 0.26035271019614964]",33,0.336734693877551,"[0.25089992900091485, 0.4348866258057654]",48,0.4897959183673469,"[0.3930904002751632, 0.5872712594002543]",1.6166595804988662
1000,2.0,0.99,1,90.0,98,29,82.0,111.04081632653062,15,0.15306122448979592,"[0.0950059903962593, 0.23729043856793613]",32,0.32653061224489793,"[0.2417611712469177, 0.42438704323518]",55,0.5612244897959183,"[0.46250823376575, 0.6553218081817449]",1.6165249433106577
1000,2.0,0.95,1,90.0,98,29,86.0,108.91836734693878,16,0.16326530612244897,"[0.10306715625004181, 0.24886761303873606]",32,0.32653061224489793,"[0.2417611712469177, 0.42438704323518]",52,0.5306122448979592,"[0.43252291695680106, 0.6263921040169464]",1.61374716553288
1500,2.0,0.99,1,90.0,98,29,86.5,117.40816326530613,17,0.17346938775510204,"[0.11122039941721075, 0.26035271019614964]",30,0.30612244897959184,"[0.22362525822357754, 0.4032462756093553]",53,0.5408163265306123,"[0.4424786494488038, 0.6360747118495262]",1.6133999433106576
3000,1.5,0.95,3,180.0,98,29,87.0,114.22448979591837,15,0.15306122448979592,"[0.0950059903962593, 0.23729043856793613]",34,0.3469387755102041,"[0.26008447663750445, 0.44534041849375827]",51,0.5204081632653061,"[0.42260631994489084, 0.6166703607042743]",1.6130527210884356
1500,2.0,0.95,2,180.0,98,29,88.0,113.08163265306122,16,0.16326530612244897,"[0.10306715625004181, 0.24886761303873606]",33,0.336734693877551,"[0.25089992900091485, 0.4348866258057654]",50,0.5102040816326531,"[0.41272874059974574, 0.6069095997248368]",1.612358276643991
2000,1.5,0.95,2,90.0,98,29,89.5,112.18367346938776,14,0.14285714285714285,"[0.0870439104644005, 0.2256141781752124]",36,0.3673469387755102,"[0.27858728951874556, 0.46611428626168216]",50,0.5102040816326531,"[0.41272874059974574, 0.6069095997248368]",1.6113166099773244
2000,2.0,0.8,1,180.0,98,29,95.0,111.3061224489796,17,0.17346938775510204,"[0.11122039941721075, 0.26035271019614964]",33,0.336734693877551,"[0.25089992900091485, 0.4348866258057654]",47,0.47959183673469385,"[0.38332963929572583, 0.5773936800551093]",1.6074971655328796
2000,2.0,0.8,2,180.0,98,29,95.0,111.61224489795919,17,0.17346938775510204,"[0.11122039941721075, 0.26035271019614964]",33,0.336734693877551,"[0.25089992900091485, 0.4348866258057654]",47,0.47959183673469385,"[0.38332963929572583, 0.5773936800551093]",1.6074971655328796
500,2.0,0.8,2,,98,29,96.5,111.63265306122449,17,0.17346938775510204,"[0.11122039941721075, 0.26035271019614964]",33,0.336734693877551,"[0.25089992900091485, 0.4348866258057654]",47,0.47959183673469385,"[0.38332963929572583, 0.5773936800551093]",1.606455498866213
500,1.5,0.8,2,90.0,98,29,97.0,111.18367346938776,19,0.19387755102040816,"[0.12777973480910126, 0.2830700554534241]",30,0.30612244897959184,"[0.22362525822357754, 0.4032462756093553]",47,0.47959183673469385,"[0.38332963929572583, 0.5773936800551093]",1.6061082766439907
1000,1.5,0.8,1,90.0,98,29,90.0,110.73469387755102,19,0.19387755102040816,"[0.12777973480910126, 0.2830700554534241]",28,0.2857142857142857,"[0.20568632301416542, 0.38190853016960236]",50,0.5102040816326531,"[0.41272874059974574, 0.6069095997248368]",1.6007653061224487
3000,1.0,0.8,1,180.0,98,29,90.5,116.95918367346938,16,0.16326530612244897,"[0.10306715625004181, 0.24886761303873606]",33,0.336734693877551,"[0.25089992900091485, 0.4348866258057654]",49,0.5,"[0.402890108516874, 0.597109891483126]",1.6004180839002267
3000,1.0,0.8,2,180.0,98,29,90.5,117.26530612244898,16,0.16326530612244897,"[0.10306715625004181, 0.24886761303873606]",33,0.336734693877551,"[0.25089992900091485, 0.4348866258057654]",49,0.5,"[0.402890108516874, 0.597109891483126]",1.6004180839002267
1000,2.0,0.95,3,,98,29,105.5,116.79591836734694,20,0.20408163265306123,"[0.1361759801787412, 0.29431215040836667]",30,0.30612244897959184,"[0.22362525822357754, 0.4032462756093553]",44,0.4489795918367347,"[0.3542819817359245, 0.5475263166411631]",1.6002054988662133
2000,2.0,0.8,3,180.0,98,29,98.5,113.14285714285714,17,0.17346938775510204,"[0.11122039941721075, 0.26035271019614964]",33,0.336734693877551,"[0.25089992900091485, 0.4348866258057654]",46,0.46938775510204084,"[0.37360789598305366, 0.567477083043199]",1.5948625283446711
500,2.0,0.8,1,90.0,98,29,88.5,109.04081632653062,15,0.15306122448979592,"[0.0950059903962593, 0.23729043856793613]",33,0.336734693877551,"[0.25089992900091485, 0.4348866258057654]",51,0.5204081632653061,"[0.42260631994489084, 0.6166703607042743]",1.5916028911564626
1500,2.0,0.99,2,180.0,98,29,89.0,115.48979591836735,17,0.17346938775510204,"[0.11122039941721075, 0.26035271019614964]",30,0.30612244897959184,"[0.22362525822357754, 0.4032462756093553]",51,0.5204081632653061,"[0.42260631994489084, 0.6166703607042743]",1.5912556689342403
3000,0.5,0.95,1,,98,29,90.5,123.28571428571429,17,0.17346938775510204,"[0.11122039941721075, 0.26035271019614964]",31,0.3163265306122449,"[0.23266923518824523, 0.41384063896927004]",49,0.5,"[0.402890108516874, 0.597109891483126]",1.5902140022675737
1000,1.5,0.8,2,90.0,98,29,91.0,112.57142857142857,19,0.19387755102040816,"[0.12777973480910126, 0.2830700554534241]",28,0.2857142857142857,"[0.20568632301416542, 0.38190853016960236]",49,0.5,"[0.402890108516874, 0.597109891483126]",1.5898667800453512
3000,1.0,0.8,3,180.0,98,29,92.5,118.48979591836735,16,0.16326530612244897,"[0.10306715625004181, 0.24886761303873606]",33,0.336734693877551,"[0.25089992900091485, 0.4348866258057654]",48,0.4897959183673469,"[0.3930904002751632, 0.5872712594002543]",1.5888251133786846
1500,2.0,0.95,2,,98,29,93.0,114.6734693877551,14,0.14285714285714285,"[0.0870439104644005, 0.2256141781752124]",36,0.3673469387755102,"[0.27858728951874556, 0.46611428626168216]",48,0.4897959183673469,"[0.3930904002751632, 0.5872712594002543]",1.5884778911564623
2000,1.5,0.99,1,,98,29,95.0,120.24489795918367,15,0.15306122448979592,"[0.0950059903962593, 0.23729043856793613]",36,0.3673469387755102,"[0.27858728951874556, 0.46611428626168216]",45,0.45918367346938777,"[0.36392528815047387, 0.5575213505511963]",1.5870890022675737
500,1.5,0.95,1,180.0,98,29,96.5,108.20408163265306,18,0.1836734693877551,"[0.11945967624196774, 0.2717517736959752]",32,0.32653061224489793,"[0.2417611712469177, 0.42438704323518]",44,0.4489795918367347,"[0.3542819817359245, 0.5475263166411631]",1.586047335600907
500,1.5,0.8,1,90.0,98,29,97.0,109.34693877551021,17,0.17346938775510204,"[0.11122039941721075, 0.26035271019614964]",32,0.32653061224489793,"[0.2417611712469177, 0.42438704323518]",47,0.47959183673469385,"[0.38332963929572583, 0.5773936800551093]",1.5857001133786848
1000,2.0,0.99,1,180.0,98,29,83.0,114.10204081632654,16,0.16326530612244897,"[0.10306715625004181, 0.24886761303873606]",29,0.29591836734693877,"[0.21463049371609197, 0.39260269979225826]",55,0.5612244897959183,"[0.46250823376575, 0.6553218081817449]",1.585218253968254
500,2.0,0.99,3,180.0,98,29,100.5,111.24489795918367,18,0.1836734693877551,"[0.11945967624196774, 0.2717517736959752]",32,0.32653061224489793,"[0.2417611712469177, 0.42438704323518]",44,0.4489795918367347,"[0.3542819817359245, 0.5475263166411631]",1.5832695578231293
1500,2.0,0.95,1,180.0,98,29,87.0,113.6734693877551,15,0.15306122448979592,"[0.0950059903962593, 0.23729043856793613]",32,0.32653061224489793,"[0.2417611712469177, 0.42438704323518]",52,0.5306122448979592,"[0.43252291695680106, 0.6263921040169464]",1.5824404761904762
500,1.0,0.99,3,180.0,98,29,106.0,119.26530612244898,20,0.20408163265306123,"[0.1361759801787412, 0.29431215040836667]",30,0.30612244897959184,"[0.22362525822357754, 0.4032462756093553]",42,0.42857142857142855,"[0.3351141839487037, 0.5274174337792189]",1.579450113378685
3000,0.5,0.95,2,,98,29,92.5,124.20408163265306,17,0.17346938775510204,"[0.11122039941721075, 0.26035271019614964]",31,0.3163265306122449,"[0.23266923518824523, 0.41384063896927004]",48,0.4897959183673469,"[0.3930904002751632, 0.5872712594002543]",1.5786210317460316
2000,1.5,0.99,2,,98,29,95.0,117.48979591836735,15,0.15306122448979592,"[0.0950059903962593, 0.23729043856793613]",36,0.3673469387755102,"[0.27858728951874556, 0.46611428626168216]",44,0.4489795918367347,"[0.3542819817359245, 0.5475263166411631]",1.5768849206349207
500,2.0,0.99,1,,98,29,98.0,115.40816326530613,19,0.19387755102040816,"[0.12777973480910126, 0.2830700554534241]",29,0.29591836734693877,"[0.21463049371609197, 0.39260269979225826]",46,0.46938775510204084,"[0.37360789598305366, 0.567477083043199]",1.5748015873015875
500,2.0,0.8,2,180.0,98,29,98.0,111.53061224489795,18,0.1836734693877551,"[0.11945967624196774, 0.2717517736959752]",30,0.30612244897959184,"[0.22362525822357754, 0.4032462756093553]",47,0.47959183673469385,"[0.38332963929572583, 0.5773936800551093]",1.5748015873015875
500,2.0,0.99,2,90.0,98,29,99.0,108.40816326530613,19,0.19387755102040816,"[0.12777973480910126, 0.2830700554534241]",29,0.29591836734693877,"[0.21463049371609197, 0.39260269979225826]",46,0.46938775510204084,"[0.37360789598305366, 0.567477083043199]",1.574107142857143
500,1.5,0.95,2,90.0,98,29,99.0,111.77551020408163,19,0.19387755102040816,"[0.12777973480910126, 0.2830700554534241]",30,0.30612244897959184,"[0.22362525822357754, 0.4032462756093553]",44,0.4489795918367347,"[0.3542819817359245, 0.5475263166411631]",1.5741071428571427
1000,1.5,0.95,1,180.0,98,29,87.0,113.87755102040816,17,0.17346938775510204,"[0.11122039941721075, 0.26035271019614964]",29,0.29591836734693877,"[0.21463049371609197, 0.39260269979225826]",51,0.5204081632653061,"[0.42260631994489084, 0.6166703607042743]",1.5722363945578233
3000,1.0,0.99,1,90.0,98,29,87.0,115.91836734693878,12,0.12244897959183673,"[0.07145129752202053, 0.20193011046842743]",37,0.37755102040816324,"[0.2879039439886928, 0.4764359721163174]",50,0.5102040816326531,"[0.41272874059974574, 0.6069095997248368]",1.5722363945578233
500,2.0,0.95,3,180.0,98,29,102.0,110.34693877551021,18,0.1836734693877551,"[0.11945967624196774, 0.2717517736959752]",31,0.3163265306122449,"[0.23266923518824523, 0.41384063896927004]",45,0.45918367346938777,"[0.36392528815047387, 0.5575213505511963]",1.5720238095238095
1500,2.0,0.99,1,180.0,98,29,88.0,120.6734693877551,16,0.16326530612244897,"[0.10306715625004181, 0.24886761303873606]",30,0.30612244897959184,"[0.22362525822357754, 0.4032462756093553]",52,0.5306122448979592,"[0.43252291695680106, 0.6263921040169464]",1.5715419501133787
1500,1.5,0.99,2,90.0,98,29,90.0,115.53061224489795,17,0.17346938775510204,"[0.11122039941721075, 0.26035271019614964]",30,0.30612244897959184,"[0.22362525822357754, 0.4032462756093553]",49,0.5,"[0.402890108516874, 0.597109891483126]",1.5701530612244898
500,1.5,0.99,3,180.0,98,29,105.5,115.53061224489795,19,0.19387755102040816,"[0.12777973480910126, 0.2830700554534241]",31,0.3163265306122449,"[0.23266923518824523, 0.41384063896927004]",42,0.42857142857142855,"[0.3351141839487037, 0.5274174337792189]",1.5695932539682542
3000,0.75,0.99,1,180.0,98,29,91.0,122.36734693877551,16,0.16326530612244897,"[0.10306715625004181, 0.24886761303873606]",32,0.32653061224489793,"[0.2417611712469177, 0.42438704323518]",48,0.4897959183673469,"[0.3930904002751632, 0.5872712594002543]",1.5694586167800453
1500,2.0,0.99,2,,98,29,93.0,116.53061224489795,18,0.1836734693877551,"[0.11945967624196774, 0.2717517736959752]",29,0.29591836734693877,"[0.21463049371609197, 0.39260269979225826]",48,0.4897959183673469,"[0.3930904002751632, 0.5872712594002543]",1.5680697278911564
3000,0.5,0.99,1,,98,29,94.5,123.89795918367346,17,0.17346938775510204,"[0.11122039941721075, 0.26035271019614964]",31,0.3163265306122449,"[0.23266923518824523, 0.41384063896927004]",47,0.47959183673469385,"[0.38332963929572583, 0.5773936800551093]",1.5670280612244898
3000,0.5,0.99,1,180.0,98,29,94.5,123.89795918367346,17,0.17346938775510204,"[0.11122039941721075, 0.26035271019614964]",31,0.3163265306122449,"[0.23266923518824523, 0.41384063896927004]",47,0.47959183673469385,"[0.38332963929572583, 0.5773936800551093]",1.5670280612244898
2000,2.0,0.95,3,90.0,98,29,87.0,112.04081632653062,14,0.14285714285714285,"[0.0870439104644005, 0.2256141781752124]",33,0.336734693877551,"[0.25089992900091485, 0.4348866258057654]",51,0.5204081632653061,"[0.42260631994489084, 0.6166703607042743]",1.56203231292517
500,1.5,0.95,3,180.0,98,29,103.0,113.77551020408163,19,0.19387755102040816,"[0.12777973480910126, 0.2830700554534241]",31,0.3163265306122449,"[0.23266923518824523, 0.41384063896927004]",41,0.41836734693877553,"[0.3255902758170348, 0.5173030015863054]",1.561125283446712
1000,1.0,0.99,1,90.0,98,29,89.0,118.71428571428571,15,0.15306122448979592,"[0.0950059903962593, 0.23729043856793613]",32,0.32653061224489793,"[0.2417611712469177, 0.42438704323518]",50,0.5102040816326531,"[0.41272874059974574, 0.6069095997248368]",1.5606434240362814
3000,1.0,0.99,2,90.0,98,29,89.0,116.53061224489795,12,0.12244897959183673,"[0.07145129752202053, 0.20193011046842743]",37,0.37755102040816324,"[0.2879039439886928, 0.4764359721163174]",49,0.5,"[0.402890108516874, 0.597109891483126]",1.560643424036281
1500,2.0,0.95,1,,98,29,89.5,115.87755102040816,13,0.1326530612244898,"[0.07918911601863514, 0.21383063229639532]",35,0.35714285714285715,"[0.26931387894509207, 0.4557493565107532]",50,0.5102040816326531,"[0.41272874059974574, 0.6069095997248368]",1.5602962018140591
2000,1.5,0.99,1,180.0,98,29,91.0,119.14285714285714,13,0.1326530612244898,"[0.07918911601863514, 0.21383063229639532]",36,0.3673469387755102,"[0.27858728951874556, 0.46611428626168216]",48,0.4897959183673469,"[0.3930904002751632, 0.5872712594002543]",1.5592545351473923
3000,0.75,0.99,2,180.0,98,29,92.5,122.9795918367347,16,0.16326530612244897,"[0.10306715625004181, 0.24886761303873606]",32,0.32653061224489793,"[0.2417611712469177, 0.42438704323518]",47,0.47959183673469385,"[0.38332963929572583, 0.5773936800551093]",1.5582128684807255
500,1.0,0.99,1,180.0,98,29,93.0,117.12244897959184,17,0.17346938775510204,"[0.11122039941721075, 0.26035271019614964]",31,0.3163265306122449,"[0.23266923518824523, 0.41384063896927004]",46,0.46938775510204084,"[0.37360789598305366, 0.567477083043199]",1.5578656462585034
3000,0.5,0.99,2,,98,29,97.0,124.81632653061224,17,0.17346938775510204,"[0.11122039941721075, 0.26035271019614964]",31,0.3163265306122449,"[0.23266923518824523, 0.41384063896927004]",46,0.46938775510204084,"[0.37360789598305366, 0.567477083043199]",1.5550878684807257
3000,0.5,0.99,2,180.0,98,29,97.0,124.81632653061224,17,0.17346938775510204,"[0.11122039941721075, 0.26035271019614964]",31,0.3163265306122449,"[0.23266923518824523, 0.41384063896927004]",46,0.46938775510204084,"[0.37360789598305366, 0.567477083043199]",1.5550878684807257
1000,2.0,0.95,2,,98,29,97.0,115.55102040816327,18,0.1836734693877551,"[0.11945967624196774, 0.2717517736959752]",29,0.29591836734693877,"[0.21463049371609197, 0.39260269979225826]",47,0.47959183673469385,"[0.38332963929572583, 0.5773936800551093]",1.5550878684807254
3000,1.0,0.95,1,90.0,98,29,83.5,115.53061224489795,11,0.11224489795918367,"[0.0638420422031541, 0.18990102546271131]",36,0.3673469387755102,"[0.27858728951874556, 0.46611428626168216]",53,0.5408163265306123,"[0.4424786494488038, 0.6360747118495262]",1.5542587868480726
500,1.5,0.99,2,90.0,98,29,99.5,112.12244897959184,19,0.19387755102040816,"[0.12777973480910126, 0.2830700554534241]",30,0.30612244897959184,"[0.22362525822357754, 0.4032462756093553]",42,0.42857142857142855,"[0.3351141839487037, 0.5274174337792189]",1.5533517573696145
500,1.5,0.95,3,,98,29,116.0,117.14285714285714,20,0.20408163265306123,"[0.1361759801787412, 0.29431215040836667]",29,0.29591836734693877,"[0.21463049371609197, 0.39260269979225826]",42,0.42857142857142855,"[0.3351141839487037, 0.5274174337792189]",1.5520975056689343
1000,1.5,0.99,1,180.0,98,29,87.0,117.46938775510205,17,0.17346938775510204,"[0.11122039941721075, 0.26035271019614964]",28,0.2857142857142857,"[0.20568632301416542, 0.38190853016960236]",51,0.5204081632653061,"[0.42260631994489084, 0.6166703607042743]",1.5518282312925171
1500,2.0,0.95,2,90.0,98,29,88.0,111.89795918367346,15,0.15306122448979592,"[0.0950059903962593, 0.23729043856793613]",31,0.3163265306122449,"[0.23266923518824523, 0.41384063896927004]",51,0.5204081632653061,"[0.42260631994489084, 0.6166703607042743]",1.5511337868480726
2000,2.0,0.95,1,,98,29,88.5,115.3061224489796,14,0.14285714285714285,"[0.0870439104644005, 0.2256141781752124]",33,0.336734693877551,"[0.25089992900091485, 0.4348866258057654]",50,0.5102040816326531,"[0.41272874059974574, 0.6069095997248368]",1.55078656462585
1500,1.5,0.99,1,90.0,98,29,89.0,121.0204081632653,16,0.16326530612244897,"[0.10306715625004181, 0.24886761303873606]",30,0.30612244897959184,"[0.22362525822357754, 0.4032462756093553]",50,0.5102040816326531,"[0.41272874059974574, 0.6069095997248368]",1.550439342403628
500,1.0,0.99,3,90.0,98,29,106.0,118.06122448979592,19,0.19387755102040816,"[0.12777973480910126, 0.2830700554534241]",30,0.30612244897959184,"[0.22362525822357754, 0.4032462756093553]",42,0.42857142857142855,"[0.3351141839487037, 0.5274174337792189]",1.5488378684807256
2000,1.5,0.99,2,180.0,98,29,91.5,116.38775510204081,13,0.1326530612244898,"[0.07918911601863514, 0.21383063229639532]",36,0.3673469387755102,"[0.27858728951874556, 0.46611428626168216]",47,0.47959183673469385,"[0.38332963929572583, 0.5773936800551093]",1.548703231292517
1500,2.0,0.99,1,,98,29,92.0,122.3265306122449,17,0.17346938775510204,"[0.11122039941721075, 0.26035271019614964]",29,0.29591836734693877,"[0.21463049371609197, 0.39260269979225826]",49,0.5,"[0.402890108516874, 0.597109891483126]",1.5483560090702948
3000,0.5,0.95,3,,98,29,94.5,126.34693877551021,17,0.17346938775510204,"[0.11122039941721075, 0.26035271019614964]",30,0.30612244897959184,"[0.22362525822357754, 0.4032462756093553]",47,0.47959183673469385,"[0.38332963929572583, 0.5773936800551093]",1.5466198979591836
2000,2.0,0.8,2,,98,29,95.0,113.44897959183673,16,0.16326530612244897,"[0.10306715625004181, 0.24886761303873606]",32,0.32653061224489793,"[0.2417611712469177, 0.42438704323518]",46,0.46938775510204084,"[0.37360789598305366, 0.567477083043199]",1.5462726757369614
2000,2.0,0.8,1,,98,29,96.0,113.44897959183673,16,0.16326530612244897,"[0.10306715625004181, 0.24886761303873606]",32,0.32653061224489793,"[0.2417611712469177, 0.42438704323518]",46,0.46938775510204084,"[0.37360789598305366, 0.567477083043199]",1.545578231292517
3000,1.0,0.95,2,90.0,98,29,83.5,116.14285714285714,11,0.11224489795918367,"[0.0638420422031541, 0.18990102546271131]",36,0.3673469387755102,"[0.27858728951874556, 0.46611428626168216]",52,0.5306122448979592,"[0.43252291695680106, 0.6263921040169464]",1.5440547052154194
500,2.0,0.8,3,180.0,98,29,101.0,111.93877551020408,16,0.16326530612244897,"[0.10306715625004181, 0.24886761303873606]",32,0.32653061224489793,"[0.2417611712469177, 0.42438704323518]",46,0.46938775510204084,"[0.37360789598305366, 0.567477083043199]",1.5421060090702947
2000,2.0,0.95,1,180.0,98,29,87.0,113.3061224489796,13,0.1326530612244898,"[0.07918911601863514, 0.21383063229639532]",33,0.336734693877551,"[0.25089992900091485, 0.4348866258057654]",52,0.5306122448979592,"[0.43252291695680106, 0.6263921040169464]",1.541624149659864
2000,2.0,0.95,2,,98,29,90.5,115.0,14,0.14285714285714285,"[0.0870439104644005, 0.2256141781752124]",33,0.336734693877551,"[0.25089992900091485, 0.4348866258057654]",49,0.5,"[0.402890108516874, 0.597109891483126]",1.5391935941043082
500,2.0,0.8,2,90.0,98,29,93.0,110.26530612244898,16,0.16326530612244897,"[0.10306715625004181, 0.24886761303873606]",30,0.30612244897959184,"[0.22362525822357754, 0.4032462756093553]",49,0.5,"[0.402890108516874, 0.597109891483126]",1.537457482993197
1000,1.5,0.99,1,,98,29,93.5,120.22448979591837,17,0.17346938775510204,"[0.11122039941721075, 0.26035271019614964]",29,0.29591836734693877,"[0.21463049371609197, 0.39260269979225826]",48,0.4897959183673469,"[0.3930904002751632, 0.5872712594002543]",1.537110260770975
500,2.0,0.95,2,,98,29,98.0,112.28571428571429,17,0.17346938775510204,"[0.11122039941721075, 0.26035271019614964]",30,0.30612244897959184,"[0.22362525822357754, 0.4032462756093553]",46,0.46938775510204084,"[0.37360789598305366, 0.567477083043199]",1.5339852607709752
2000,2.0,0.8,3,,98,29,98.5,114.9795918367347,16,0.16326530612244897,"[0.10306715625004181, 0.24886761303873606]",32,0.32653061224489793,"[0.2417611712469177, 0.42438704323518]",45,0.45918367346938777,"[0.36392528815047387, 0.5575213505511963]",1.5336380385487527
1000,2.0,0.99,3,,98,29,114.0,121.0204081632653,19,0.19387755102040816,"[0.12777973480910126, 0.2830700554534241]",30,0.30612244897959184,"[0.22362525822357754, 0.4032462756093553]",41,0.41836734693877553,"[0.3255902758170348, 0.5173030015863054]",1.5330782312925169
2000,2.0,0.95,2,180.0,98,29,87.0,113.3061224489796,13,0.1326530612244898,"[0.07918911601863514, 0.21383063229639532]",33,0.336734693877551,"[0.25089992900091485, 0.4348866258057654]",51,0.5204081632653061,"[0.42260631994489084, 0.6166703607042743]",1.531420068027211
1000,2.0,0.8,1,90.0,98,29,88.0,111.0204081632653,15,0.15306122448979592,"[0.0950059903962593, 0.23729043856793613]",30,0.30612244897959184,"[0.22362525822357754, 0.4032462756093553]",51,0.5204081632653061,"[0.42260631994489084, 0.6166703607042743]",1.5307256235827664
3000,0.75,0.99,1,90.0,98,29,91.0,120.46938775510205,14,0.14285714285714285,"[0.0870439104644005, 0.2256141781752124]",33,0.336734693877551,"[0.25089992900091485, 0.4348866258057654]",48,0.4897959183673469,"[0.3930904002751632, 0.5872712594002543]",1.528642290249433
3000,1.0,0.99,3,90.0,98,29,91.0,117.44897959183673,12,0.12244897959183673,"[0.07145129752202053, 0.20193011046842743]",36,0.3673469387755102,"[0.27858728951874556, 0.46611428626168216]",48,0.4897959183673469,"[0.3930904002751632, 0.5872712594002543]",1.528642290249433
500,1.0,0.99,1,90.0,98,29,93.0,115.91836734693878,16,0.16326530612244897,"[0.10306715625004181, 0.24886761303873606]",31,0.3163265306122449,"[0.23266923518824523, 0.41384063896927004]",46,0.46938775510204084,"[0.37360789598305366, 0.567477083043199]",1.5272534013605443
2000,1.0,0.99,1,90.0,98,29,95.0,122.42857142857143,15,0.15306122448979592,"[0.0950059903962593, 0.23729043856793613]",33,0.336734693877551,"[0.25089992900091485, 0.4348866258057654]",45,0.45918367346938777,"[0.36392528815047387, 0.5575213505511963]",1.5258645124716552
3000,0.75,0.99,3,180.0,98,29,95.5,123.89795918367346,16,0.16326530612244897,"[0.10306715625004181, 0.24886761303873606]",31,0.3163265306122449,"[0.23266923518824523, 0.41384063896927004]",46,0.46938775510204084,"[0.37360789598305366, 0.567477083043199]",1.5255172902494334
3000,0.5,0.99,3,,98,29,99.0,126.95918367346938,17,0.17346938775510204,"[0.11122039941721075, 0.26035271019614964]",30,0.30612244897959184,"[0.22362525822357754, 0.4032462756093553]",45,0.45918367346938777,"[0.36392528815047387, 0.5575213505511963]",1.5230867346938775
3000,0.5,0.99,3,180.0,98,29,99.0,126.34693877551021,17,0.17346938775510204,"[0.11122039941721075, 0.26035271019614964]",30,0.30612244897959184,"[0.22362525822357754, 0.4032462756093553]",45,0.45918367346938777,"[0.36392528815047387, 0.5575213505511963]",1.5230867346938775
1000,2.0,0.8,3,,98,29,99.5,115.73469387755102,14,0.14285714285714285,"[0.0870439104644005, 0.2256141781752124]",34,0.3469387755102041,"[0.26008447663750445, 0.44534041849375827]",46,0.46938775510204084,"[0.37360789598305366, 0.567477083043199]",1.5227395124716554
1500,2.0,0.95,1,90.0,98,29,87.0,113.10204081632654,14,0.14285714285714285,"[0.0870439104644005, 0.2256141781752124]",30,0.30612244897959184,"[0.22362525822357754, 0.4032462756093553]",53,0.5408163265306123,"[0.4424786494488038, 0.6360747118495262]",1.521215986394558
1000,2.0,0.8,2,90.0,98,29,89.5,111.93877551020408,15,0.15306122448979592,"[0.0950059903962593, 0.23729043856793613]",30,0.30612244897959184,"[0.22362525822357754, 0.4032462756093553]",50,0.5102040816326531,"[0.41272874059974574, 0.6069095997248368]",1.5194798752834469
3000,0.75,0.95,1,180.0,98,29,90.5,121.36734693877551,14,0.14285714285714285,"[0.0870439104644005, 0.2256141781752124]",32,0.32653061224489793,"[0.2417611712469177, 0.42438704323518]",49,0.5,"[0.402890108516874, 0.597109891483126]",1.518785430839002
3000,0.75,0.99,2,90.0,98,29,92.5,121.08163265306122,14,0.14285714285714285,"[0.0870439104644005, 0.2256141781752124]",33,0.336734693877551,"[0.25089992900091485, 0.4348866258057654]",47,0.47959183673469385,"[0.38332963929572583, 0.5773936800551093]",1.5173965419501132
2000,1.0,0.99,2,90.0,98,29,95.0,119.9795918367347,15,0.15306122448979592,"[0.0950059903962593, 0.23729043856793613]",33,0.336734693877551,"[0.25089992900091485, 0.4348866258057654]",44,0.4489795918367347,"[0.3542819817359245, 0.5475263166411631]",1.5156604308390023
500,1.5,0.8,1,180.0,98,29,96.5,112.40816326530613,16,0.16326530612244897,"[0.10306715625004181, 0.24886761303873606]",30,0.30612244897959184,"[0.22362525822357754, 0.4032462756093553]",47,0.47959183673469385,"[0.38332963929572583, 0.5773936800551093]",1.5146187641723354
500,2.0,0.95,2,180.0,98,29,98.0,109.91836734693878,16,0.16326530612244897,"[0.10306715625004181, 0.24886761303873606]",30,0.30612244897959184,"[0.22362525822357754, 0.4032462756093553]",47,0.47959183673469385,"[0.38332963929572583, 0.5773936800551093]",1.5135770975056688
1000,1.5,0.99,2,90.0,98,29,99.0,116.44897959183673,18,0.1836734693877551,"[0.11945967624196774, 0.2717517736959752]",28,0.2857142857142857,"[0.20568632301416542, 0.38190853016960236]",45,0.45918367346938777,"[0.36392528815047387, 0.5575213505511963]",1.5128826530612245
3000,1.0,0.95,3,90.0,98,29,85.0,117.36734693877551,11,0.11224489795918367,"[0.0638420422031541, 0.18990102546271131]",35,0.35714285714285715,"[0.26931387894509207, 0.4557493565107532]",51,0.5204081632653061,"[0.42260631994489084, 0.6166703607042743]",1.5124007936507937
500,1.5,0.99,3,,98,29,105.5,118.28571428571429,19,0.19387755102040816,"[0.12777973480910126, 0.2830700554534241]",29,0.29591836734693877,"[0.21463049371609197, 0.39260269979225826]",40,0.40816326530612246,"[0.3161068392771741, 0.5071480978015837]",1.5083687641723358
500,1.0,0.99,2,180.0,98,29,105.5,119.51020408163265,17,0.17346938775510204,"[0.11122039941721075, 0.26035271019614964]",31,0.3163265306122449,"[0.23266923518824523, 0.41384063896927004]",42,0.42857142857142855,"[0.3351141839487037, 0.5274174337792189]",1.5083687641723358
3000,0.75,0.95,2,180.0,98,29,91.0,121.9795918367347,14,0.14285714285714285,"[0.0870439104644005, 0.2256141781752124]",32,0.32653061224489793,"[0.2417611712469177, 0.42438704323518]",48,0.4897959183673469,"[0.3930904002751632, 0.5872712594002543]",1.5082341269841266
1000,2.0,0.8,1,180.0,98,29,91.5,113.93877551020408,15,0.15306122448979592,"[0.0950059903962593, 0.23729043856793613]",30,0.30612244897959184,"[0.22362525822357754, 0.4032462756093553]",49,0.5,"[0.402890108516874, 0.597109891483126]",1.5078869047619048
1000,2.0,0.8,2,180.0,98,29,91.5,114.24489795918367,15,0.15306122448979592,"[0.0950059903962593, 0.23729043856793613]",30,0.30612244897959184,"[0.22362525822357754, 0.4032462756093553]",49,0.5,"[0.402890108516874, 0.597109891483126]",1.5078869047619048
1500,1.5,0.95,2,90.0,98,29,93.0,116.51020408163265,16,0.16326530612244897,"[0.10306715625004181, 0.24886761303873606]",29,0.29591836734693877,"[0.21463049371609197, 0.39260269979225826]",48,0.4897959183673469,"[0.3930904002751632, 0.5872712594002543]",1.5068452380952382
2000,1.5,0.95,1,,98,29,93.0,118.61224489795919,13,0.1326530612244898,"[0.07918911601863514, 0.21383063229639532]",34,0.3469387755102041,"[0.26008447663750445, 0.44534041849375827]",47,0.47959183673469385,"[0.38332963929572583, 0.5773936800551093]",1.506845238095238
500,1.5,0.8,3,180.0,98,29,97.5,114.6734693877551,16,0.16326530612244897,"[0.10306715625004181, 0.24886761303873606]",30,0.30612244897959184,"[0.22362525822357754, 0.4032462756093553]",46,0.46938775510204084,"[0.37360789598305366, 0.567477083043199]",1.5037202380952381
1500,2.0,0.8,3,,98,29,98.0,115.3061224489796,15,0.15306122448979592,"[0.0950059903962593, 0.23729043856793613]",32,0.32653061224489793,"[0.2417611712469177, 0.42438704323518]",45,0.45918367346938777,"[0.36392528815047387, 0.5575213505511963]",1.5033730158730159
1000,2.0,0.99,2,,98,29,101.0,118.87755102040816,18,0.1836734693877551,"[0.11945967624196774, 0.2717517736959752]",28,0.2857142857142857,"[0.20568632301416542, 0.38190853016960236]",44,0.4489795918367347,"[0.3542819817359245, 0.5475263166411631]",1.5012896825396826
3000,0.5,0.95,1,90.0,98,29,89.5,121.65306122448979,15,0.15306122448979592,"[0.0950059903962593, 0.23729043856793613]",29,0.29591836734693877,"[0.21463049371609197, 0.39260269979225826]",50,0.5102040816326531,"[0.41272874059974574, 0.6069095997248368]",1.4990717120181405
2000,0.75,0.95,1,90.0,98,29,91.5,124.18367346938776,16,0.16326530612244897,"[0.10306715625004181, 0.24886761303873606]",29,0.29591836734693877,"[0.21463049371609197, 0.39260269979225826]",47,0.47959183673469385,"[0.38332963929572583, 0.5773936800551093]",1.4976828231292518
2000,0.75,0.95,2,90.0,98,29,91.5,121.73469387755102,16,0.16326530612244897,"[0.10306715625004181, 0.24886761303873606]",29,0.29591836734693877,"[0.21463049371609197, 0.39260269979225826]",47,0.47959183673469385,"[0.38332963929572583, 0.5773936800551093]",1.4976828231292518
1000,1.0,0.99,1,180.0,98,29,92.0,121.3265306122449,16,0.16326530612244897,"[0.10306715625004181, 0.24886761303873606]",29,0.29591836734693877,"[0.21463049371609197, 0.39260269979225826]",47,0.47959183673469385,"[0.38332963929572583, 0.5773936800551093]",1.4973356009070296
2000,0.75,0.99,1,180.0,98,29,93.0,125.95918367346938,15,0.15306122448979592,"[0.0950059903962593, 0.23729043856793613]",31,0.3163265306122449,"[0.23266923518824523, 0.41384063896927004]",46,0.46938775510204084,"[0.37360789598305366, 0.567477083043199]",1.496641156462585
2000,0.75,0.99,2,180.0,98,29,93.0,123.20408163265306,15,0.15306122448979592,"[0.0950059903962593, 0.23729043856793613]",31,0.3163265306122449,"[0.23266923518824523, 0.41384063896927004]",46,0.46938775510204084,"[0.37360789598305366, 0.567477083043199]",1.496641156462585
2000,1.5,0.95,2,,98,29,95.0,118.91836734693878,13,0.1326530612244898,"[0.07918911601863514, 0.21383063229639532]",34,0.3469387755102041,"[0.26008447663750445, 0.44534041849375827]",46,0.46938775510204084,"[0.37360789598305366, 0.567477083043199]",1.4952522675736961
2000,1.0,0.99,1,180.0,98,29,95.0,122.89795918367346,14,0.14285714285714285,"[0.0870439104644005, 0.2256141781752124]",33,0.336734693877551,"[0.25089992900091485, 0.4348866258057654]",45,0.45918367346938777,"[0.36392528815047387, 0.5575213505511963]",1.495252267573696
1500,1.5,0.99,2,,98,29,95.5,121.38775510204081,17,0.17346938775510204,"[0.11122039941721075, 0.26035271019614964]",28,0.2857142857142857,"[0.20568632301416542, 0.38190853016960236]",46,0.46938775510204084,"[0.37360789598305366, 0.567477083043199]",1.494905045351474
3000,1.0,0.95,1,,98,29,95.5,123.3265306122449,13,0.1326530612244898,"[0.07918911601863514, 0.21383063229639532]",34,0.3469387755102041,"[0.26008447663750445, 0.44534041849375827]",46,0.46938775510204084,"[0.37360789598305366, 0.567477083043199]",1.494905045351474
500,1.5,0.99,1,180.0,98,29,97.5,115.20408163265306,17,0.17346938775510204,"[0.11122039941721075, 0.26035271019614964]",28,0.2857142857142857,"[0.20568632301416542, 0.38190853016960236]",46,0.46938775510204084,"[0.37360789598305366, 0.567477083043199]",1.4935161564625852
1000,2.0,0.8,3,90.0,98,29,97.5,112.85714285714286,13,0.1326530612244898,"[0.07918911601863514, 0.21383063229639532]",33,0.336734693877551,"[0.25089992900091485, 0.4348866258057654]",48,0.4897959183673469,"[0.3930904002751632, 0.5872712594002543]",1.493516156462585
1000,1.5,0.95,2,,98,29,115.0,121.87755102040816,16,0.16326530612244897,"[0.10306715625004181, 0.24886761303873606]",31,0.3163265306122449,"[0.23266923518824523, 0.41384063896927004]",44,0.4489795918367347,"[0.3542819817359245, 0.5475263166411631]",1.4915674603174605
500,2.0,0.8,3,90.0,98,29,101.0,110.9795918367347,14,0.14285714285714285,"[0.0870439104644005, 0.2256141781752124]",32,0.32653061224489793,"[0.2417611712469177, 0.42438704323518]",47,0.47959183673469385,"[0.38332963929572583, 0.5773936800551093]",1.4910856009070292
500,1.5,0.95,2,,98,29,117.0,117.0204081632653,17,0.17346938775510204,"[0.11122039941721075, 0.26035271019614964]",30,0.30612244897959184,"[0.22362525822357754, 0.4032462756093553]",43,0.4387755102040816,"[0.3446781918182551, 0.53749176623425]",1.4901785714285714
3000,0.75,0.95,1,90.0,98,29,89.5,120.12244897959184,12,0.12244897959183673,"[0.07145129752202053, 0.20193011046842743]",33,0.336734693877551,"[0.25089992900091485, 0.4348866258057654]",50,0.5102040816326531,"[0.41272874059974574, 0.6069095997248368]",1.4888676303854875
3000,0.5,0.95,2,90.0,98,29,90.5,122.57142857142857,15,0.15306122448979592,"[0.0950059903962593, 0.23729043856793613]",29,0.29591836734693877,"[0.21463049371609197, 0.39260269979225826]",49,0.5,"[0.402890108516874, 0.597109891483126]",1.488173185941043
3000,1.0,0.99,1,180.0,98,29,91.0,120.12244897959184,12,0.12244897959183673,"[0.07145129752202053, 0.20193011046842743]",34,0.3469387755102041,"[0.26008447663750445, 0.44534041849375827]",48,0.4897959183673469,"[0.3930904002751632, 0.5872712594002543]",1.4878259637188207
1500,2.0,0.8,2,,98,29,94.0,114.38775510204081,15,0.15306122448979592,"[0.0950059903962593, 0.23729043856793613]",30,0.30612244897959184,"[0.22362525822357754, 0.4032462756093553]",47,0.47959183673469385,"[0.38332963929572583, 0.5773936800551093]",1.4857426303854875
2000,1.0,0.99,2,180.0,98,29,95.0,120.44897959183673,14,0.14285714285714285,"[0.0870439104644005, 0.2256141781752124]",33,0.336734693877551,"[0.25089992900091485, 0.4348866258057654]",44,0.4489795918367347,"[0.3542819817359245, 0.5475263166411631]",1.485048185941043
1500,2.0,0.8,1,,98,29,95.5,114.9795918367347,15,0.15306122448979592,"[0.0950059903962593, 0.23729043856793613]",30,0.30612244897959184,"[0.22362525822357754, 0.4032462756093553]",47,0.47959183673469385,"[0.38332963929572583, 0.5773936800551093]",1.4847009637188209
3000,0.75,0.99,3,90.0,98,29,95.5,122.0,14,0.14285714285714285,"[0.0870439104644005, 0.2256141781752124]",32,0.32653061224489793,"[0.2417611712469177, 0.42438704323518]",46,0.46938775510204084,"[0.37360789598305366, 0.567477083043199]",1.4847009637188209
2000,1.5,0.8,1,90.0,98,29,95.5,113.38775510204081,13,0.1326530612244898,"[0.07918911601863514, 0.21383063229639532]",34,0.3469387755102041,"[0.26008447663750445, 0.44534041849375827]",45,0.45918367346938777,"[0.36392528815047387, 0.5575213505511963]",1.4847009637188209
2000,1.5,0.8,2,90.0,98,29,95.5,113.38775510204081,13,0.1326530612244898,"[0.07918911601863514, 0.21383063229639532]",34,0.3469387755102041,"[0.26008447663750445, 0.44534041849375827]",45,0.45918367346938777,"[0.36392528815047387, 0.5575213505511963]",1.4847009637188209
3000,1.0,0.95,2,,98,29,97.5,123.93877551020408,13,0.1326530612244898,"[0.07918911601863514, 0.21383063229639532]",34,0.3469387755102041,"[0.26008447663750445, 0.44534041849375827]",45,0.45918367346938777,"[0.36392528815047387, 0.5575213505511963]",1.483312074829932
500,1.5,0.8,1,,98,29,98.5,116.6938775510204,16,0.16326530612244897,"[0.10306715625004181, 0.24886761303873606]",30,0.30612244897959184,"[0.22362525822357754, 0.4032462756093553]",44,0.4489795918367347,"[0.3542819817359245, 0.5475263166411631]",1.4826176303854874
1000,0.75,0.99,1,180.0,98,29,100.0,122.91836734693878,16,0.16326530612244897,"[0.10306715625004181, 0.24886761303873606]",29,0.29591836734693877,"[0.21463049371609197, 0.39260269979225826]",46,0.46938775510204084,"[0.37360789598305366, 0.567477083043199]",1.481575963718821
500,1.5,0.95,2,180.0,98,29,100.5,113.65306122448979,17,0.17346938775510204,"[0.11122039941721075, 0.26035271019614964]",29,0.29591836734693877,"[0.21463049371609197, 0.39260269979225826]",43,0.4387755102040816,"[0.3446781918182551, 0.53749176623425]",1.4812287414965986
500,1.5,0.8,3,,98,29,101.0,118.34693877551021,17,0.17346938775510204,"[0.11122039941721075, 0.26035271019614964]",29,0.29591836734693877,"[0.21463049371609197, 0.39260269979225826]",43,0.4387755102040816,"[0.3446781918182551, 0.53749176623425]",1.4808815192743763
1500,1.5,0.95,1,90.0,98,29,89.0,116.79591836734694,15,0.15306122448979592,"[0.0950059903962593, 0.23729043856793613]",28,0.2857142857142857,"[0.20568632301416542, 0.38190853016960236]",50,0.5102040816326531,"[0.41272874059974574, 0.6069095997248368]",1.4790107709750568
1000,2.0,0.8,3,180.0,98,29,104.5,115.16326530612245,13,0.1326530612244898,"[0.07918911601863514, 0.21383063229639532]",33,0.336734693877551,"[0.25089992900091485, 0.4348866258057654]",47,0.47959183673469385,"[0.38332963929572583, 0.5773936800551093]",1.4784509637188208
1000,1.5,0.95,2,90.0,98,29,90.5,116.48979591836735,16,0.16326530612244897,"[0.10306715625004181, 0.24886761303873606]",27,0.2755102040816326,"[0.19679426941928943, 0.3711622434398958]",49,0.5,"[0.402890108516874, 0.597109891483126]",1.47796910430839
1500,1.5,0.99,2,180.0,98,29,90.5,119.12244897959184,14,0.14285714285714285,"[0.0870439104644005, 0.2256141781752124]",30,0.30612244897959184,"[0.22362525822357754, 0.4032462756093553]",49,0.5,"[0.402890108516874, 0.597109891483126]",1.47796910430839
3000,0.75,0.8,1,90.0,98,29,90.5,118.22448979591837,12,0.12244897959183673,"[0.07145129752202053, 0.20193011046842743]",33,0.336734693877551,"[0.25089992900091485, 0.4348866258057654]",49,0.5,"[0.402890108516874, 0.597109891483126]",1.47796910430839
3000,0.75,0.95,2,90.0,98,29,90.5,120.73469387755102,12,0.12244897959183673,"[0.07145129752202053, 0.20193011046842743]",33,0.336734693877551,"[0.25089992900091485, 0.4348866258057654]",49,0.5,"[0.402890108516874, 0.597109891483126]",1.47796910430839
500,1.0,0.99,2,90.0,98,29,105.5,118.3061224489796,16,0.16326530612244897,"[0.10306715625004181, 0.24886761303873606]",31,0.3163265306122449,"[0.23266923518824523, 0.41384063896927004]",42,0.42857142857142855,"[0.3351141839487037, 0.5274174337792189]",1.4777565192743767
3000,0.75,0.95,3,180.0,98,29,92.5,123.20408163265306,14,0.14285714285714285,"[0.0870439104644005, 0.2256141781752124]",31,0.3163265306122449,"[0.23266923518824523, 0.41384063896927004]",47,0.47959183673469385,"[0.38332963929572583, 0.5773936800551093]",1.4765802154195011
3000,1.0,0.99,2,180.0,98,29,92.5,120.73469387755102,12,0.12244897959183673,"[0.07145129752202053, 0.20193011046842743]",34,0.3469387755102041,"[0.26008447663750445, 0.44534041849375827]",47,0.47959183673469385,"[0.38332963929572583, 0.5773936800551093]",1.476580215419501
3000,1.0,0.99,1,,98,29,95.5,123.42857142857143,13,0.1326530612244898,"[0.07918911601863514, 0.21383063229639532]",33,0.336734693877551,"[0.25089992900091485, 0.4348866258057654]",46,0.46938775510204084,"[0.37360789598305366, 0.567477083043199]",1.474496882086168
1500,1.5,0.99,1,,98,29,95.5,126.87755102040816,16,0.16326530612244897,"[0.10306715625004181, 0.24886761303873606]",28,0.2857142857142857,"[0.20568632301416542, 0.38190853016960236]",47,0.47959183673469385,"[0.38332963929572583, 0.5773936800551093]",1.4744968820861677
500,1.5,0.8,2,180.0,98,29,96.5,114.55102040816327,16,0.16326530612244897,"[0.10306715625004181, 0.24886761303873606]",28,0.2857142857142857,"[0.20568632301416542, 0.38190853016960236]",47,0.47959183673469385,"[0.38332963929572583, 0.5773936800551093]",1.4738024376417231
1000,2.0,0.95,2,180.0,98,29,100.0,114.57142857142857,15,0.15306122448979592,"[0.0950059903962593, 0.23729043856793613]",30,0.30612244897959184,"[0.22362525822357754, 0.4032462756093553]",46,0.46938775510204084,"[0.37360789598305366, 0.567477083043199]",1.4713718820861679
500,2.0,0.99,2,180.0,98,29,100.5,111.93877551020408,17,0.17346938775510204,"[0.11122039941721075, 0.26035271019614964]",28,0.2857142857142857,"[0.20568632301416542, 0.38190853016960236]",44,0.4489795918367347,"[0.3542819817359245, 0.5475263166411631]",1.4710246598639456
1000,2.0,0.99,2,90.0,98,29,88.0,113.46938775510205,14,0.14285714285714285,"[0.0870439104644005, 0.2256141781752124]",29,0.29591836734693877,"[0.21463049371609197, 0.39260269979225826]",50,0.5102040816326531,"[0.41272874059974574, 0.6069095997248368]",1.4695011337868482
2000,1.5,0.8,3,90.0,98,29,103.0,116.14285714285714,13,0.1326530612244898,"[0.07918911601863514, 0.21383063229639532]",34,0.3469387755102041,"[0.26008447663750445, 0.44534041849375827]",44,0.4489795918367347,"[0.3542819817359245, 0.5475263166411631]",1.4692885487528344
1500,2.0,0.95,3,,98,29,104.5,118.10204081632654,14,0.14285714285714285,"[0.0870439104644005, 0.2256141781752124]",33,0.336734693877551,"[0.25089992900091485, 0.4348866258057654]",43,0.4387755102040816,"[0.3446781918182551, 0.53749176623425]",1.4682468820861676
1000,1.0,0.95,1,90.0,98,29,90.0,116.83673469387755,13,0.1326530612244898,"[0.07918911601863514, 0.21383063229639532]",31,0.3163265306122449,"[0.23266923518824523, 0.41384063896927004]",49,0.5,"[0.402890108516874, 0.597109891483126]",1.4681122448979593
3000,0.75,0.8,2,90.0,98,29,91.0,118.83673469387755,12,0.12244897959183673,"[0.07145129752202053, 0.20193011046842743]",33,0.336734693877551,"[0.25089992900091485, 0.4348866258057654]",48,0.4897959183673469,"[0.3930904002751632, 0.5872712594002543]",1.4674178004535148
2000,0.75,0.95,1,180.0,98,29,91.5,126.81632653061224,15,0.15306122448979592,"[0.0950059903962593, 0.23729043856793613]",29,0.29591836734693877,"[0.21463049371609197, 0.39260269979225826]",47,0.47959183673469385,"[0.38332963929572583, 0.5773936800551093]",1.4670705782312925
2000,0.75,0.95,2,180.0,98,29,91.5,124.36734693877551,15,0.15306122448979592,"[0.0950059903962593, 0.23729043856793613]",29,0.29591836734693877,"[0.21463049371609197, 0.39260269979225826]",47,0.47959183673469385,"[0.38332963929572583, 0.5773936800551093]",1.4670705782312925
3000,0.5,0.95,1,180.0,98,29,94.5,124.20408163265306,15,0.15306122448979592,"[0.0950059903962593, 0.23729043856793613]",29,0.29591836734693877,"[0.21463049371609197, 0.39260269979225826]",47,0.47959183673469385,"[0.38332963929572583, 0.5773936800551093]",1.464987244897959
2000,2.0,0.99,3,,98,29,96.5,119.53061224489795,15,0.15306122448979592,"[0.0950059903962593, 0.23729043856793613]",30,0.30612244897959184,"[0.22362525822357754, 0.4032462756093553]",45,0.45918367346938777,"[0.36392528815047387, 0.5575213505511963]",1.4635983560090702
1000,2.0,0.95,2,90.0,98,29,97.0,112.73469387755102,14,0.14285714285714285,"[0.0870439104644005, 0.2256141781752124]",30,0.30612244897959184,"[0.22362525822357754, 0.4032462756093553]",48,0.4897959183673469,"[0.3930904002751632, 0.5872712594002543]",1.4632511337868481
3000,0.75,0.99,1,,98,29,97.0,126.57142857142857,15,0.15306122448979592,"[0.0950059903962593, 0.23729043856793613]",30,0.30612244897959184,"[0.22362525822357754, 0.4032462756093553]",45,0.45918367346938777,"[0.36392528815047387, 0.5575213505511963]",1.463251133786848
500,1.0,0.8,1,,98,29,112.5,121.63265306122449,16,0.16326530612244897,"[0.10306715625004181, 0.24886761303873606]",30,0.30612244897959184,"[0.22362525822357754, 0.4032462756093553]",43,0.4387755102040816,"[0.3446781918182551, 0.53749176623425]",1.462691326530612
500,1.5,0.8,2,,98,29,98.5,117.91836734693878,16,0.16326530612244897,"[0.10306715625004181, 0.24886761303873606]",29,0.29591836734693877,"[0.21463049371609197, 0.39260269979225826]",44,0.4489795918367347,"[0.3542819817359245, 0.5475263166411631]",1.4622094671201815
1500,2.0,0.95,3,180.0,98,29,99.0,116.81632653061224,15,0.15306122448979592,"[0.0950059903962593, 0.23729043856793613]",30,0.30612244897959184,"[0.22362525822357754, 0.4032462756093553]",45,0.45918367346938777,"[0.36392528815047387, 0.5575213505511963]",1.461862244897959
3000,1.0,0.99,2,,98,29,99.5,124.04081632653062,13,0.1326530612244898,"[0.07918911601863514, 0.21383063229639532]",33,0.336734693877551,"[0.25089992900091485, 0.4348866258057654]",45,0.45918367346938777,"[0.36392528815047387, 0.5575213505511963]",1.461515022675737
500,1.0,0.95,1,90.0,98,29,102.0,115.14285714285714,15,0.15306122448979592,"[0.0950059903962593, 0.23729043856793613]",30,0.30612244897959184,"[0.22362525822357754, 0.4032462756093553]",45,0.45918367346938777,"[0.36392528815047387, 0.5575213505511963]",1.4597789115646258
1500,1.5,0.99,1,180.0,98,29,89.0,124.61224489795919,13,0.1326530612244898,"[0.07918911601863514, 0.21383063229639532]",30,0.30612244897959184,"[0.22362525822357754, 0.4032462756093553]",50,0.5102040816326531,"[0.41272874059974574, 0.6069095997248368]",1.4586026077097505
2000,2.0,0.99,3,90.0,98,29,91.5,114.3265306122449,13,0.1326530612244898,"[0.07918911601863514, 0.21383063229639532]",31,0.3163265306122449,"[0.23266923518824523, 0.41384063896927004]",48,0.4897959183673469,"[0.3930904002751632, 0.5872712594002543]",1.4568664965986398
1000,2.0,0.8,1,,98,29,92.5,115.73469387755102,13,0.1326530612244898,"[0.07918911601863514, 0.21383063229639532]",31,0.3163265306122449,"[0.23266923518824523, 0.41384063896927004]",48,0.4897959183673469,"[0.3930904002751632, 0.5872712594002543]",1.4561720521541952
1000,2.0,0.8,2,,98,29,92.5,116.04081632653062,13,0.1326530612244898,"[0.07918911601863514, 0.21383063229639532]",31,0.3163265306122449,"[0.23266923518824523, 0.41384063896927004]",48,0.4897959183673469,"[0.3930904002751632, 0.5872712594002543]",1.4561720521541952
3000,0.75,0.95,1,,98,29,92.5,125.55102040816327,14,0.14285714285714285,"[0.0870439104644005, 0.2256141781752124]",30,0.30612244897959184,"[0.22362525822357754, 0.4032462756093553]",47,0.47959183673469385,"[0.38332963929572583, 0.5773936800551093]",1.456172052154195
3000,0.75,0.8,3,90.0,98,29,92.5,119.75510204081633,12,0.12244897959183673,"[0.07145129752202053, 0.20193011046842743]",33,0.336734693877551,"[0.25089992900091485, 0.4348866258057654]",47,0.47959183673469385,"[0.38332963929572583, 0.5773936800551093]",1.456172052154195
3000,0.5,0.95,3,90.0,98,29,92.5,124.10204081632654,15,0.15306122448979592,"[0.0950059903962593, 0.23729043856793613]",28,0.2857142857142857,"[0.20568632301416542, 0.38190853016960236]",48,0.4897959183673469,"[0.3930904002751632, 0.5872712594002543]",1.4561720521541948
3000,0.5,0.95,2,180.0,98,29,97.0,125.12244897959184,15,0.15306122448979592,"[0.0950059903962593, 0.23729043856793613]",29,0.29591836734693877,"[0.21463049371609197, 0.39260269979225826]",46,0.46938775510204084,"[0.37360789598305366, 0.567477083043199]",1.453047052154195
3000,0.75,0.99,2,,98,29,100.5,127.18367346938776,15,0.15306122448979592,"[0.0950059903962593, 0.23729043856793613]",30,0.30612244897959184,"[0.22362525822357754, 0.4032462756093553]",44,0.4489795918367347,"[0.3542819817359245, 0.5475263166411631]",1.4506164965986394
3000,1.0,0.95,3,,98,29,100.5,125.16326530612245,13,0.1326530612244898,"[0.07918911601863514, 0.21383063229639532]",33,0.336734693877551,"[0.25089992900091485, 0.4348866258057654]",44,0.4489795918367347,"[0.3542819817359245, 0.5475263166411631]",1.4506164965986394
500,0.75,0.99,1,90.0,98,29,101.0,116.65306122448979,14,0.14285714285714285,"[0.0870439104644005, 0.2256141781752124]",30,0.30612244897959184,"[0.22362525822357754, 0.4032462756093553]",47,0.47959183673469385,"[0.38332963929572583, 0.5773936800551093]",1.4502692743764172
1000,1.5,0.99,3,90.0,98,29,102.0,120.20408163265306,17,0.17346938775510204,"[0.11122039941721075, 0.26035271019614964]",28,0.2857142857142857,"[0.20568632301416542, 0.38190853016960236]",42,0.42857142857142855,"[0.3351141839487037, 0.5274174337792189]",1.4495748299319728
500,1.0,0.95,1,180.0,98,29,102.0,116.85714285714286,16,0.16326530612244897,"[0.10306715625004181, 0.24886761303873606]",28,0.2857142857142857,"[0.20568632301416542, 0.38190853016960236]",45,0.45918367346938777,"[0.36392528815047387, 0.5575213505511963]",1.4495748299319726
500,0.5,0.99,1,180.0,98,29,104.5,118.18367346938776,13,0.1326530612244898,"[0.07918911601863514, 0.21383063229639532]",32,0.32653061224489793,"[0.2417611712469177, 0.42438704323518]",46,0.46938775510204084,"[0.37360789598305366, 0.567477083043199]",1.4478387188208617
1000,1.5,0.95,3,90.0,98,29,105.0,119.85714285714286,16,0.16326530612244897,"[0.10306715625004181, 0.24886761303873606]",28,0.2857142857142857,"[0.20568632301416542, 0.38190853016960236]",45,0.45918367346938777,"[0.36392528815047387, 0.5575213505511963]",1.4474914965986392
3000,0.5,0.8,1,180.0,98,29,90.5,124.0,13,0.1326530612244898,"[0.07918911601863514, 0.21383063229639532]",30,0.30612244897959184,"[0.22362525822357754, 0.4032462756093553]",49,0.5,"[0.402890108516874, 0.597109891483126]",1.4473568594104307
3000,0.75,0.95,3,90.0,98,29,91.0,121.95918367346938,12,0.12244897959183673,"[0.07145129752202053, 0.20193011046842743]",32,0.32653061224489793,"[0.2417611712469177, 0.42438704323518]",48,0.4897959183673469,"[0.3930904002751632, 0.5872712594002543]",1.4470096371882084
3000,1.0,0.99,3,180.0,98,29,95.5,121.65306122448979,12,0.12244897959183673,"[0.07145129752202053, 0.20193011046842743]",33,0.336734693877551,"[0.25089992900091485, 0.4348866258057654]",46,0.46938775510204084,"[0.37360789598305366, 0.567477083043199]",1.4438846371882088
3000,0.75,0.95,2,,98,29,96.5,126.16326530612245,14,0.14285714285714285,"[0.0870439104644005, 0.2256141781752124]",30,0.30612244897959184,"[0.22362525822357754, 0.4032462756093553]",46,0.46938775510204084,"[0.37360789598305366, 0.567477083043199]",1.4431901927437643
500,1.0,0.8,1,180.0,98,29,111.5,118.57142857142857,17,0.17346938775510204,"[0.11122039941721075, 0.26035271019614964]",28,0.2857142857142857,"[0.20568632301416542, 0.38190853016960236]",42,0.42857142857142855,"[0.3351141839487037, 0.5274174337792189]",1.4429776077097505
500,1.0,0.95,3,180.0,98,29,114.0,120.22448979591837,18,0.1836734693877551,"[0.11945967624196774, 0.2717517736959752]",28,0.2857142857142857,"[0.20568632301416542, 0.38190853016960236]",39,0.3979591836734694,"[0.3066643027632052, 0.49695229399096996]",1.4412414965986398
500,1.5,0.99,1,,98,29,100.5,119.0,17,0.17346938775510204,"[0.11122039941721075, 0.26035271019614964]",27,0.2755102040816326,"[0.19679426941928943, 0.3711622434398958]",43,0.4387755102040816,"[0.3446781918182551, 0.53749176623425]",1.4404124149659863
1000,2.0,0.99,2,180.0,98,29,88.0,116.53061224489795,15,0.15306122448979592,"[0.0950059903962593, 0.23729043856793613]",26,0.2653061224489796,"[0.18795601447811167, 0.36036215805649113]",50,0.5102040816326531,"[0.41272874059974574, 0.6069095997248368]",1.4388888888888889
1500,1.5,0.8,3,90.0,98,29,103.0,116.0,17,0.17346938775510204,"[0.11122039941721075, 0.26035271019614964]",27,0.2755102040816326,"[0.19679426941928943, 0.3711622434398958]",43,0.4387755102040816,"[0.3446781918182551, 0.53749176623425]",1.438676303854875
3000,1.0,0.95,1,180.0,98,29,89.0,119.40816326530613,10,0.10204081632653061,"[0.056375395628467516, 0.17772933171281544]",34,0.3469387755102041,"[0.26008447663750445, 0.44534041849375827]",49,0.5,"[0.402890108516874, 0.597109891483126]",1.4381944444444446
2000,1.5,0.95,1,180.0,98,29,89.0,117.08163265306122,10,0.10204081632653061,"[0.056375395628467516, 0.17772933171281544]",33,0.336734693877551,"[0.25089992900091485, 0.4348866258057654]",51,0.5204081632653061,"[0.42260631994489084, 0.6166703607042743]",1.4381944444444446
3000,0.5,0.8,2,180.0,98,29,92.5,124.91836734693878,13,0.1326530612244898,"[0.07918911601863514, 0.21383063229639532]",30,0.30612244897959184,"[0.22362525822357754, 0.4032462756093553]",48,0.4897959183673469,"[0.3930904002751632, 0.5872712594002543]",1.4357638888888888
1500,1.0,0.99,1,90.0,98,29,93.0,126.87755102040816,14,0.14285714285714285,"[0.0870439104644005, 0.2256141781752124]",29,0.29591836734693877,"[0.21463049371609197, 0.39260269979225826]",47,0.47959183673469385,"[0.38332963929572583, 0.5773936800551093]",1.4354166666666666
500,1.0,0.8,3,180.0,98,29,110.5,120.51020408163265,19,0.19387755102040816,"[0.12777973480910126, 0.2830700554534241]",25,0.25510204081632654,"[0.17917341706740808, 0.34950641514261227]",41,0.41836734693877553,"[0.3255902758170348, 0.5173030015863054]",1.4334679705215418
1000,2.0,0.95,3,180.0,98,29,113.0,116.73469387755102,15,0.15306122448979592,"[0.0950059903962593, 0.23729043856793613]",30,0.30612244897959184,"[0.22362525822357754, 0.4032462756093553]",43,0.4387755102040816,"[0.3446781918182551, 0.53749176623425]",1.4317318594104307
1000,0.75,0.99,1,90.0,98,29,98.5,122.85714285714286,14,0.14285714285714285,"[0.0870439104644005, 0.2256141781752124]",29,0.29591836734693877,"[0.21463049371609197, 0.39260269979225826]",47,0.47959183673469385,"[0.38332963929572583, 0.5773936800551093]",1.4315972222222222
3000,0.5,0.99,1,90.0,98,29,99.0,122.95918367346938,15,0.15306122448979592,"[0.0950059903962593, 0.23729043856793613]",28,0.2857142857142857,"[0.20568632301416542, 0.38190853016960236]",46,0.46938775510204084,"[0.37360789598305366, 0.567477083043199]",1.43125
2000,1.0,0.99,1,,98,29,99.0,126.81632653061224,13,0.1326530612244898,"[0.07918911601863514, 0.21383063229639532]",32,0.32653061224489793,"[0.2417611712469177, 0.42438704323518]",44,0.4489795918367347,"[0.3542819817359245, 0.5475263166411631]",1.43125
500,0.5,0.99,1,90.0,98,29,101.0,116.95918367346938,12,0.12244897959183673,"[0.07145129752202053, 0.20193011046842743]",32,0.32653061224489793,"[0.2417611712469177, 0.42438704323518]",47,0.47959183673469385,"[0.38332963929572583, 0.5773936800551093]",1.4298611111111108
1000,1.5,0.95,3,180.0,98,29,117.0,122.20408163265306,17,0.17346938775510204,"[0.11122039941721075, 0.26035271019614964]",27,0.2755102040816326,"[0.19679426941928943, 0.3711622434398958]",43,0.4387755102040816,"[0.3446781918182551, 0.53749176623425]",1.428954081632653
3000,1.0,0.99,3,,98,29,102.5,124.95918367346938,13,0.1326530612244898,"[0.07918911601863514, 0.21383063229639532]",32,0.32653061224489793,"[0.2417611712469177, 0.42438704323518]",44,0.4489795918367347,"[0.3542819817359245, 0.5475263166411631]",1.4288194444444444
1000,1.5,0.95,3,,98,29,118.0,125.26530612244898,18,0.1836734693877551,"[0.11945967624196774, 0.2717517736959752]",27,0.2755102040816326,"[0.19679426941928943, 0.3711622434398958]",40,0.40816326530612246,"[0.3161068392771741, 0.5071480978015837]",1.4282596371882086
2000,1.5,0.95,2,180.0,98,29,89.5,117.38775510204081,10,0.10204081632653061,"[0.056375395628467516, 0.17772933171281544]",33,0.336734693877551,"[0.25089992900091485, 0.4348866258057654]",50,0.5102040816326531,"[0.41272874059974574, 0.6069095997248368]",1.4276431405895693
3000,0.5,0.8,1,90.0,98,29,90.5,120.83673469387755,13,0.1326530612244898,"[0.07918911601863514, 0.21383063229639532]",29,0.29591836734693877,"[0.21463049371609197, 0.39260269979225826]",49,0.5,"[0.402890108516874, 0.597109891483126]",1.4269486961451248
3000,1.0,0.95,2,180.0,98,29,91.0,120.0204081632653,10,0.10204081632653061,"[0.056375395628467516, 0.17772933171281544]",34,0.3469387755102041,"[0.26008447663750445, 0.44534041849375827]",48,0.4897959183673469,"[0.3930904002751632, 0.5872712594002543]",1.4266014739229025
500,2.0,0.99,2,,98,29,106.5,115.65306122448979,17,0.17346938775510204,"[0.11122039941721075, 0.26035271019614964]",27,0.2755102040816326,"[0.19679426941928943, 0.3711622434398958]",42,0.42857142857142855,"[0.3351141839487037, 0.5274174337792189]",1.4260416666666667
500,0.75,0.99,2,90.0,98,29,107.5,119.55102040816327,15,0.15306122448979592,"[0.0950059903962593, 0.23729043856793613]",30,0.30612244897959184,"[0.22362525822357754, 0.4032462756093553]",42,0.42857142857142855,"[0.3351141839487037, 0.5274174337792189]",1.4253472222222223
1500,1.0,0.99,2,90.0,98,29,93.0,122.3061224489796,14,0.14285714285714285,"[0.0870439104644005, 0.2256141781752124]",29,0.29591836734693877,"[0.21463049371609197, 0.39260269979225826]",46,0.46938775510204084,"[0.37360789598305366, 0.567477083043199]",1.4252125850340136
1500,1.5,0.8,1,90.0,98,29,95.5,113.77551020408163,17,0.17346938775510204,"[0.11122039941721075, 0.26035271019614964]",25,0.25510204081632654,"[0.17917341706740808, 0.34950641514261227]",45,0.45918367346938777,"[0.36392528815047387, 0.5575213505511963]",1.4234764739229027
1500,1.5,0.8,2,90.0,98,29,95.5,113.79591836734694,17,0.17346938775510204,"[0.11122039941721075, 0.26035271019614964]",25,0.25510204081632654,"[0.17917341706740808, 0.34950641514261227]",45,0.45918367346938777,"[0.36392528815047387, 0.5575213505511963]",1.4234764739229027
500,1.0,0.8,3,,98,29,110.5,124.79591836734694,17,0.17346938775510204,"[0.11122039941721075, 0.26035271019614964]",27,0.2755102040816326,"[0.19679426941928943, 0.3711622434398958]",42,0.42857142857142855,"[0.3351141839487037, 0.5274174337792189]",1.4232638888888889
1000,2.0,0.95,3,90.0,98,29,111.0,115.20408163265306,14,0.14285714285714285,"[0.0870439104644005, 0.2256141781752124]",30,0.30612244897959184,"[0.22362525822357754, 0.4032462756093553]",45,0.45918367346938777,"[0.36392528815047387, 0.5575213505511963]",1.4229166666666666
3000,0.5,0.95,3,180.0,98,29,99.0,126.65306122448979,15,0.15306122448979592,"[0.0950059903962593, 0.23729043856793613]",28,0.2857142857142857,"[0.20568632301416542, 0.38190853016960236]",45,0.45918367346938777,"[0.36392528815047387, 0.5575213505511963]",1.4210459183673467
2000,1.0,0.99,2,,98,29,99.0,124.36734693877551,13,0.1326530612244898,"[0.07918911601863514, 0.21383063229639532]",32,0.32653061224489793,"[0.2417611712469177, 0.42438704323518]",43,0.4387755102040816,"[0.3446781918182551, 0.53749176623425]",1.4210459183673467
3000,0.5,0.99,2,90.0,98,29,99.5,123.87755102040816,15,0.15306122448979592,"[0.0950059903962593, 0.23729043856793613]",28,0.2857142857142857,"[0.20568632301416542, 0.38190853016960236]",45,0.45918367346938777,"[0.36392528815047387, 0.5575213505511963]",1.4206986961451247
1000,2.0,0.99,3,90.0,98,29,102.0,116.53061224489795,13,0.1326530612244898,"[0.07918911601863514, 0.21383063229639532]",30,0.30612244897959184,"[0.22362525822357754, 0.4032462756093553]",47,0.47959183673469385,"[0.38332963929572583, 0.5773936800551093]",1.4189625850340135
3000,0.75,0.99,3,,98,29,102.5,128.10204081632654,15,0.15306122448979592,"[0.0950059903962593, 0.23729043856793613]",29,0.29591836734693877,"[0.21463049371609197, 0.39260269979225826]",43,0.4387755102040816,"[0.3446781918182551, 0.53749176623425]",1.4186153628117912
3000,0.5,0.8,2,90.0,98,29,92.5,121.75510204081633,13,0.1326530612244898,"[0.07918911601863514, 0.21383063229639532]",29,0.29591836734693877,"[0.21463049371609197, 0.39260269979225826]",48,0.4897959183673469,"[0.3930904002751632, 0.5872712594002543]",1.4153557256235827
500,0.75,0.8,1,90.0,98,29,109.0,121.42857142857143,16,0.16326530612244897,"[0.10306715625004181, 0.24886761303873606]",28,0.2857142857142857,"[0.20568632301416542, 0.38190853016960236]",42,0.42857142857142855,"[0.3351141839487037, 0.5274174337792189]",1.4141014739229023
1000,1.0,0.95,1,,98,29,94.5,125.95918367346938,15,0.15306122448979592,"[0.0950059903962593, 0.23729043856793613]",27,0.2755102040816326,"[0.19679426941928943, 0.3711622434398958]",46,0.46938775510204084,"[0.37360789598305366, 0.567477083043199]",1.4139668367346938
3000,0.75,0.95,3,,98,29,101.0,127.38775510204081,14,0.14285714285714285,"[0.0870439104644005, 0.2256141781752124]",29,0.29591836734693877,"[0.21463049371609197, 0.39260269979225826]",45,0.45918367346938777,"[0.36392528815047387, 0.5575213505511963]",1.4094529478458049
1000,0.5,0.99,1,180.0,98,29,101.0,126.04081632653062,13,0.1326530612244898,"[0.07918911601863514, 0.21383063229639532]",30,0.30612244897959184,"[0.22362525822357754, 0.4032462756093553]",46,0.46938775510204084,"[0.37360789598305366, 0.567477083043199]",1.4094529478458049
500,0.5,0.95,1,90.0,98,29,101.0,117.08163265306122,12,0.12244897959183673,"[0.07145129752202053, 0.20193011046842743]",31,0.3163265306122449,"[0.23266923518824523, 0.41384063896927004]",47,0.47959183673469385,"[0.38332963929572583, 0.5773936800551093]",1.4094529478458049
500,0.75,0.8,1,,98,29,116.0,126.08163265306122,17,0.17346938775510204,"[0.11122039941721075, 0.26035271019614964]",28,0.2857142857142857,"[0.20568632301416542, 0.38190853016960236]",39,0.3979591836734694,"[0.3066643027632052, 0.49695229399096996]",1.4092403628117915
1000,1.0,0.99,2,90.0,98,29,102.5,123.59183673469387,14,0.14285714285714285,"[0.0870439104644005, 0.2256141781752124]",30,0.30612244897959184,"[0.22362525822357754, 0.4032462756093553]",43,0.4387755102040816,"[0.3446781918182551, 0.53749176623425]",1.4084112811791383
500,0.5,0.95,1,180.0,98,29,107.0,118.77551020408163,13,0.1326530612244898,"[0.07918911601863514, 0.21383063229639532]",31,0.3163265306122449,"[0.23266923518824523, 0.41384063896927004]",44,0.4489795918367347,"[0.3542819817359245, 0.5475263166411631]",1.4052862811791385
2000,2.0,0.99,3,180.0,98,29,92.5,117.89795918367346,12,0.12244897959183673,"[0.07145129752202053, 0.20193011046842743]",30,0.30612244897959184,"[0.22362525822357754, 0.4032462756093553]",48,0.4897959183673469,"[0.3930904002751632, 0.5872712594002543]",1.4051516439909295
2000,0.75,0.99,1,90.0,98,29,93.0,125.44897959183673,12,0.12244897959183673,"[0.07145129752202053, 0.20193011046842743]",31,0.3163265306122449,"[0.23266923518824523, 0.41384063896927004]",46,0.46938775510204084,"[0.37360789598305366, 0.567477083043199]",1.4048044217687075
2000,0.75,0.99,2,90.0,98,29,93.0,122.6938775510204,12,0.12244897959183673,"[0.07145129752202053, 0.20193011046842743]",31,0.3163265306122449,"[0.23266923518824523, 0.41384063896927004]",46,0.46938775510204084,"[0.37360789598305366, 0.567477083043199]",1.4048044217687075
1500,1.5,0.95,2,180.0,98,29,93.0,120.06122448979592,14,0.14285714285714285,"[0.0870439104644005, 0.2256141781752124]",27,0.2755102040816326,"[0.19679426941928943, 0.3711622434398958]",48,0.4897959183673469,"[0.3930904002751632, 0.5872712594002543]",1.4048044217687072
1500,2.0,0.99,3,90.0,98,29,94.0,116.85714285714286,14,0.14285714285714285,"[0.0870439104644005, 0.2256141781752124]",27,0.2755102040816326,"[0.19679426941928943, 0.3711622434398958]",48,0.4897959183673469,"[0.3930904002751632, 0.5872712594002543]",1.404109977324263
2000,2.0,0.95,3,,98,29,96.5,118.9795918367347,14,0.14285714285714285,"[0.0870439104644005, 0.2256141781752124]",29,0.29591836734693877,"[0.21463049371609197, 0.39260269979225826]",44,0.4489795918367347,"[0.3542819817359245, 0.5475263166411631]",1.402373866213152
3000,0.5,0.8,3,180.0,98,29,96.5,126.44897959183673,13,0.1326530612244898,"[0.07918911601863514, 0.21383063229639532]",29,0.29591836734693877,"[0.21463049371609197, 0.39260269979225826]",47,0.47959183673469385,"[0.38332963929572583, 0.5773936800551093]",1.4023738662131517
500,1.0,0.95,1,,98,29,111.5,121.61224489795919,16,0.16326530612244897,"[0.10306715625004181, 0.24886761303873606]",27,0.2755102040816326,"[0.19679426941928943, 0.3711622434398958]",43,0.4387755102040816,"[0.3446781918182551, 0.53749176623425]",1.4021612811791382
1500,2.0,0.95,3,90.0,98,29,97.5,115.63265306122449,14,0.14285714285714285,"[0.0870439104644005, 0.2256141781752124]",28,0.2857142857142857,"[0.20568632301416542, 0.38190853016960236]",46,0.46938775510204084,"[0.37360789598305366, 0.567477083043199]",1.4016794217687076
1000,2.0,0.99,3,180.0,98,29,113.0,119.28571428571429,14,0.14285714285714285,"[0.0870439104644005, 0.2256141781752124]",28,0.2857142857142857,"[0.20568632301416542, 0.38190853016960236]",47,0.47959183673469385,"[0.38332963929572583, 0.5773936800551093]",1.4011196145124716
1000,1.5,0.95,2,180.0,98,29,99.5,120.34693877551021,15,0.15306122448979592,"[0.0950059903962593, 0.23729043856793613]",26,0.2653061224489796,"[0.18795601447811167, 0.36036215805649113]",47,0.47959183673469385,"[0.38332963929572583, 0.5773936800551093]",1.4002905328798188
1500,1.5,0.8,3,180.0,98,29,117.0,118.85714285714286,15,0.15306122448979592,"[0.0950059903962593, 0.23729043856793613]",29,0.29591836734693877,"[0.21463049371609197, 0.39260269979225826]",42,0.42857142857142855,"[0.3351141839487037, 0.5274174337792189]",1.3983418367346938
500,1.5,0.99,2,180.0,98,29,104.5,116.6734693877551,16,0.16326530612244897,"[0.10306715625004181, 0.24886761303873606]",27,0.2755102040816326,"[0.19679426941928943, 0.3711622434398958]",42,0.42857142857142855,"[0.3351141839487037, 0.5274174337792189]",1.3968183106575964
3000,0.75,0.8,1,180.0,98,29,91.0,124.14285714285714,11,0.11224489795918367,"[0.0638420422031541, 0.18990102546271131]",31,0.3163265306122449,"[0.23266923518824523, 0.41384063896927004]",48,0.4897959183673469,"[0.3930904002751632, 0.5872712594002543]",1.3959892290249432
2000,1.0,0.95,1,90.0,98,29,91.5,121.79591836734694,12,0.12244897959183673,"[0.07145129752202053, 0.20193011046842743]",30,0.30612244897959184,"[0.22362525822357754, 0.4032462756093553]",47,0.47959183673469385,"[0.38332963929572583, 0.5773936800551093]",1.395642006802721
3000,1.0,0.95,3,180.0,98,29,92.5,121.24489795918367,10,0.10204081632653061,"[0.056375395628467516, 0.17772933171281544]",33,0.336734693877551,"[0.25089992900091485, 0.4348866258057654]",47,0.47959183673469385,"[0.38332963929572583, 0.5773936800551093]",1.3949475623582765
500,1.0,0.8,2,,98,29,112.5,123.77551020408163,15,0.15306122448979592,"[0.0950059903962593, 0.23729043856793613]",28,0.2857142857142857,"[0.20568632301416542, 0.38190853016960236]",43,0.4387755102040816,"[0.3446781918182551, 0.53749176623425]",1.3912627551020407
2000,2.0,0.95,3,180.0,98,29,99.5,117.28571428571429,13,0.1326530612244898,"[0.07918911601863514, 0.21383063229639532]",29,0.29591836734693877,"[0.21463049371609197, 0.39260269979225826]",46,0.46938775510204084,"[0.37360789598305366, 0.567477083043199]",1.3900864512471656
3000,0.5,0.99,3,90.0,98,29,100.0,125.40816326530613,15,0.15306122448979592,"[0.0950059903962593, 0.23729043856793613]",27,0.2755102040816326,"[0.19679426941928943, 0.3711622434398958]",44,0.4489795918367347,"[0.3542819817359245, 0.5475263166411631]",1.3897392290249433
1000,1.5,0.99,3,180.0,98,29,115.0,123.87755102040816,16,0.16326530612244897,"[0.10306715625004181, 0.24886761303873606]",27,0.2755102040816326,"[0.19679426941928943, 0.3711622434398958]",42,0.42857142857142855,"[0.3351141839487037, 0.5274174337792189]",1.3895266439909297
500,1.0,0.95,3,,98,29,118.0,125.63265306122449,18,0.1836734693877551,"[0.11945967624196774, 0.2717517736959752]",26,0.2653061224489796,"[0.18795601447811167, 0.36036215805649113]",38,0.3877551020408163,"[0.297263154133494, 0.4867151022960987]",1.3874433106575965
2000,1.0,0.95,2,90.0,98,29,92.0,119.65306122448979,12,0.12244897959183673,"[0.07145129752202053, 0.20193011046842743]",30,0.30612244897959184,"[0.22362525822357754, 0.4032462756093553]",46,0.46938775510204084,"[0.37360789598305366, 0.567477083043199]",1.3850907029478459
3000,0.75,0.8,2,180.0,98,29,92.5,124.75510204081633,11,0.11224489795918367,"[0.0638420422031541, 0.18990102546271131]",31,0.3163265306122449,"[0.23266923518824523, 0.41384063896927004]",47,0.47959183673469385,"[0.38332963929572583, 0.5773936800551093]",1.3847434807256236
500,0.75,0.8,1,180.0,98,29,109.0,122.12244897959184,15,0.15306122448979592,"[0.0950059903962593, 0.23729043856793613]",28,0.2857142857142857,"[0.20568632301416542, 0.38190853016960236]",42,0.42857142857142855,"[0.3351141839487037, 0.5274174337792189]",1.3834892290249432
3000,0.5,0.8,3,90.0,98,29,96.5,123.28571428571429,13,0.1326530612244898,"[0.07918911601863514, 0.21383063229639532]",28,0.2857142857142857,"[0.20568632301416542, 0.38190853016960236]",47,0.47959183673469385,"[0.38332963929572583, 0.5773936800551093]",1.3819657029478458
1500,1.5,0.95,2,,98,29,111.5,122.42857142857143,15,0.15306122448979592,"[0.0950059903962593, 0.23729043856793613]",27,0.2755102040816326,"[0.19679426941928943, 0.3711622434398958]",44,0.4489795918367347,"[0.3542819817359245, 0.5475263166411631]",1.3817531179138323
500,0.5,0.99,2,180.0,98,29,112.0,123.91836734693878,13,0.1326530612244898,"[0.07918911601863514, 0.21383063229639532]",32,0.32653061224489793,"[0.2417611712469177, 0.42438704323518]",40,0.40816326530612246,"[0.3161068392771741, 0.5071480978015837]",1.38140589569161
1500,2.0,0.99,3,180.0,98,29,97.5,119.81632653061224,13,0.1326530612244898,"[0.07918911601863514, 0.21383063229639532]",28,0.2857142857142857,"[0.20568632301416542, 0.38190853016960236]",47,0.47959183673469385,"[0.38332963929572583, 0.5773936800551093]",1.3812712585034015
500,1.0,0.95,3,90.0,98,29,114.0,119.73469387755102,16,0.16326530612244897,"[0.10306715625004181, 0.24886761303873606]",28,0.2857142857142857,"[0.20568632301416542, 0.38190853016960236]",39,0.3979591836734694,"[0.3066643027632052, 0.49695229399096996]",1.380017006802721
1000,1.5,0.8,3,180.0,98,29,100.0,118.51020408163265,13,0.1326530612244898,"[0.07918911601863514, 0.21383063229639532]",29,0.29591836734693877,"[0.21463049371609197, 0.39260269979225826]",45,0.45918367346938777,"[0.36392528815047387, 0.5575213505511963]",1.3795351473922903
1500,1.5,0.95,1,180.0,98,29,89.0,119.73469387755102,13,0.1326530612244898,"[0.07918911601863514, 0.21383063229639532]",26,0.2653061224489796,"[0.18795601447811167, 0.36036215805649113]",50,0.5102040816326531,"[0.41272874059974574, 0.6069095997248368]",1.3769699546485263
1000,1.5,0.99,2,180.0,98,29,104.5,121.73469387755102,16,0.16326530612244897,"[0.10306715625004181, 0.24886761303873606]",25,0.25510204081632654,"[0.17917341706740808, 0.34950641514261227]",44,0.4489795918367347,"[0.3542819817359245, 0.5475263166411631]",1.3764101473922903
1500,2.0,0.99,3,,98,29,105.5,120.85714285714286,15,0.15306122448979592,"[0.0950059903962593, 0.23729043856793613]",27,0.2755102040816326,"[0.19679426941928943, 0.3711622434398958]",43,0.4387755102040816,"[0.3446781918182551, 0.53749176623425]",1.3757157029478457
2000,0.5,0.99,2,180.0,98,29,105.5,124.77551020408163,13,0.1326530612244898,"[0.07918911601863514, 0.21383063229639532]",30,0.30612244897959184,"[0.22362525822357754, 0.4032462756093553]",43,0.4387755102040816,"[0.3446781918182551, 0.53749176623425]",1.3757157029478457
1500,1.5,0.8,1,,98,29,106.5,119.91836734693878,15,0.15306122448979592,"[0.0950059903962593, 0.23729043856793613]",27,0.2755102040816326,"[0.19679426941928943, 0.3711622434398958]",43,0.4387755102040816,"[0.3446781918182551, 0.53749176623425]",1.3750212585034012
1500,1.5,0.8,2,,98,29,106.5,119.93877551020408,15,0.15306122448979592,"[0.0950059903962593, 0.23729043856793613]",27,0.2755102040816326,"[0.19679426941928943, 0.3711622434398958]",43,0.4387755102040816,"[0.3446781918182551, 0.53749176623425]",1.3750212585034012
3000,0.75,0.8,3,180.0,98,29,94.0,125.6734693877551,11,0.11224489795918367,"[0.0638420422031541, 0.18990102546271131]",31,0.3163265306122449,"[0.23266923518824523, 0.41384063896927004]",46,0.46938775510204084,"[0.37360789598305366, 0.567477083043199]",1.373497732426304
1500,1.0,0.99,2,180.0,98,29,95.5,125.0204081632653,14,0.14285714285714285,"[0.0870439104644005, 0.2256141781752124]",27,0.2755102040816326,"[0.19679426941928943, 0.3711622434398958]",45,0.45918367346938777,"[0.36392528815047387, 0.5575213505511963]",1.3724560657596372
500,1.0,0.8,2,180.0,98,29,111.5,121.0204081632653,16,0.16326530612244897,"[0.10306715625004181, 0.24886761303873606]",26,0.2653061224489796,"[0.18795601447811167, 0.36036215805649113]",42,0.42857142857142855,"[0.3351141839487037, 0.5274174337792189]",1.3715490362811793
2000,1.5,0.95,3,90.0,98,29,99.5,118.61224489795919,11,0.11224489795918367,"[0.0638420422031541, 0.18990102546271131]",32,0.32653061224489793,"[0.2417611712469177, 0.42438704323518]",44,0.4489795918367347,"[0.3542819817359245, 0.5475263166411631]",1.3696782879818594
1500,1.5,0.8,1,180.0,98,29,117.0,117.85714285714286,15,0.15306122448979592,"[0.0950059903962593, 0.23729043856793613]",27,0.2755102040816326,"[0.19679426941928943, 0.3711622434398958]",43,0.4387755102040816,"[0.3446781918182551, 0.53749176623425]",1.3677295918367345
1500,1.5,0.8,2,180.0,98,29,117.0,117.87755102040816,15,0.15306122448979592,"[0.0950059903962593, 0.23729043856793613]",27,0.2755102040816326,"[0.19679426941928943, 0.3711622434398958]",43,0.4387755102040816,"[0.3446781918182551, 0.53749176623425]",1.3677295918367345
500,1.0,0.99,3,,98,29,119.0,128.89795918367346,17,0.17346938775510204,"[0.11122039941721075, 0.26035271019614964]",27,0.2755102040816326,"[0.19679426941928943, 0.3711622434398958]",37,0.37755102040816324,"[0.2879039439886928, 0.4764359721163174]",1.3663407029478458
1000,1.5,0.99,2,,98,29,108.5,124.48979591836735,16,0.16326530612244897,"[0.10306715625004181, 0.24886761303873606]",26,0.2653061224489796,"[0.18795601447811167, 0.36036215805649113]",41,0.41836734693877553,"[0.3255902758170348, 0.5173030015863054]",1.3634282879818596
1000,1.0,0.95,1,180.0,98,29,94.5,121.89795918367346,14,0.14285714285714285,"[0.0870439104644005, 0.2256141781752124]",26,0.2653061224489796,"[0.18795601447811167, 0.36036215805649113]",46,0.46938775510204084,"[0.37360789598305366, 0.567477083043199]",1.3629464285714286
500,0.5,0.99,2,90.0,98,29,109.5,122.6938775510204,12,0.12244897959183673,"[0.07145129752202053, 0.20193011046842743]",32,0.32653061224489793,"[0.2417611712469177, 0.42438704323518]",41,0.41836734693877553,"[0.3255902758170348, 0.5173030015863054]",1.3627338435374148
1500,1.5,0.8,3,,98,29,110.5,121.53061224489795,15,0.15306122448979592,"[0.0950059903962593, 0.23729043856793613]",27,0.2755102040816326,"[0.19679426941928943, 0.3711622434398958]",42,0.42857142857142855,"[0.3351141839487037, 0.5274174337792189]",1.3620393990929704
1500,1.5,0.95,1,,98,29,96.5,122.10204081632654,14,0.14285714285714285,"[0.0870439104644005, 0.2256141781752124]",26,0.2653061224489796,"[0.18795601447811167, 0.36036215805649113]",46,0.46938775510204084,"[0.37360789598305366, 0.567477083043199]",1.3615575396825397
2000,1.0,0.95,1,180.0,98,29,96.5,125.36734693877551,12,0.12244897959183673,"[0.07145129752202053, 0.20193011046842743]",30,0.30612244897959184,"[0.22362525822357754, 0.4032462756093553]",44,0.4489795918367347,"[0.3542819817359245, 0.5475263166411631]",1.3615575396825397
3000,1.0,0.8,1,,98,29,97.5,123.20408163265306,13,0.1326530612244898,"[0.07918911601863514, 0.21383063229639532]",29,0.29591836734693877,"[0.21463049371609197, 0.39260269979225826]",43,0.4387755102040816,"[0.3446781918182551, 0.53749176623425]",1.3608630952380953
3000,1.0,0.8,2,,98,29,97.5,123.51020408163265,13,0.1326530612244898,"[0.07918911601863514, 0.21383063229639532]",29,0.29591836734693877,"[0.21463049371609197, 0.39260269979225826]",43,0.4387755102040816,"[0.3446781918182551, 0.53749176623425]",1.3608630952380953
500,1.0,0.95,2,90.0,98,29,114.0,119.36734693877551,14,0.14285714285714285,"[0.0870439104644005, 0.2256141781752124]",29,0.29591836734693877,"[0.21463049371609197, 0.39260269979225826]",41,0.41836734693877553,"[0.3255902758170348, 0.5173030015863054]",1.3596088435374152
1000,0.75,0.95,1,90.0,98,29,100.0,122.3265306122449,14,0.14285714285714285,"[0.0870439104644005, 0.2256141781752124]",27,0.2755102040816326,"[0.19679426941928943, 0.3711622434398958]",44,0.4489795918367347,"[0.3542819817359245, 0.5475263166411631]",1.3591269841269842
1000,1.5,0.8,3,,98,29,103.0,122.46938775510205,14,0.14285714285714285,"[0.0870439104644005, 0.2256141781752124]",28,0.2857142857142857,"[0.20568632301416542, 0.38190853016960236]",42,0.42857142857142855,"[0.3351141839487037, 0.5274174337792189]",1.3570436507936507
2000,0.5,0.99,1,180.0,98,29,105.5,127.53061224489795,13,0.1326530612244898,"[0.07918911601863514, 0.21383063229639532]",29,0.29591836734693877,"[0.21463049371609197, 0.39260269979225826]",43,0.4387755102040816,"[0.3446781918182551, 0.53749176623425]",1.3553075396825398
2000,1.5,0.8,1,180.0,98,29,106.0,117.6734693877551,11,0.11224489795918367,"[0.0638420422031541, 0.18990102546271131]",32,0.32653061224489793,"[0.2417611712469177, 0.42438704323518]",43,0.4387755102040816,"[0.3446781918182551, 0.53749176623425]",1.3549603174603173
2000,1.5,0.8,2,180.0,98,29,106.0,117.6734693877551,11,0.11224489795918367,"[0.0638420422031541, 0.18990102546271131]",32,0.32653061224489793,"[0.2417611712469177, 0.42438704323518]",43,0.4387755102040816,"[0.3446781918182551, 0.53749176623425]",1.3549603174603173
1500,1.0,0.99,1,180.0,98,29,95.5,129.89795918367346,13,0.1326530612244898,"[0.07918911601863514, 0.21383063229639532]",27,0.2755102040816326,"[0.19679426941928943, 0.3711622434398958]",46,0.46938775510204084,"[0.37360789598305366, 0.567477083043199]",1.352047902494331
2000,1.5,0.95,3,,98,29,111.0,124.12244897959184,13,0.1326530612244898,"[0.07918911601863514, 0.21383063229639532]",30,0.30612244897959184,"[0.22362525822357754, 0.4032462756093553]",41,0.41836734693877553,"[0.3255902758170348, 0.5173030015863054]",1.351488095238095
2000,1.0,0.95,2,180.0,98,29,96.5,123.22448979591837,12,0.12244897959183673,"[0.07145129752202053, 0.20193011046842743]",30,0.30612244897959184,"[0.22362525822357754, 0.4032462756093553]",43,0.4387755102040816,"[0.3446781918182551, 0.53749176623425]",1.3513534580498865
3000,1.0,0.8,3,,98,29,98.0,124.73469387755102,13,0.1326530612244898,"[0.07918911601863514, 0.21383063229639532]",29,0.29591836734693877,"[0.21463049371609197, 0.39260269979225826]",42,0.42857142857142855,"[0.3351141839487037, 0.5274174337792189]",1.3503117913832199
1000,1.5,0.8,1,,98,29,98.5,120.0,13,0.1326530612244898,"[0.07918911601863514, 0.21383063229639532]",28,0.2857142857142857,"[0.20568632301416542, 0.38190853016960236]",44,0.4489795918367347,"[0.3542819817359245, 0.5475263166411631]",1.3499645691609976
500,1.0,0.95,2,180.0,98,29,114.0,120.77551020408163,15,0.15306122448979592,"[0.0950059903962593, 0.23729043856793613]",27,0.2755102040816326,"[0.19679426941928943, 0.3711622434398958]",41,0.41836734693877553,"[0.3255902758170348, 0.5173030015863054]",1.3494047619047618
1000,0.5,0.99,1,90.0,98,29,101.0,122.48979591836735,12,0.12244897959183673,"[0.07145129752202053, 0.20193011046842743]",29,0.29591836734693877,"[0.21463049371609197, 0.39260269979225826]",45,0.45918367346938777,"[0.36392528815047387, 0.5575213505511963]",1.3482284580498864
500,0.75,0.95,1,90.0,98,29,103.0,117.81632653061224,14,0.14285714285714285,"[0.0870439104644005, 0.2256141781752124]",26,0.2653061224489796,"[0.18795601447811167, 0.36036215805649113]",45,0.45918367346938777,"[0.36392528815047387, 0.5575213505511963]",1.3468395691609976
500,0.75,0.99,1,180.0,98,29,105.5,120.46938775510205,13,0.1326530612244898,"[0.07918911601863514, 0.21383063229639532]",28,0.2857142857142857,"[0.20568632301416542, 0.38190853016960236]",44,0.4489795918367347,"[0.3542819817359245, 0.5475263166411631]",1.3451034580498866
500,1.5,0.99,2,,98,29,107.5,120.46938775510205,16,0.16326530612244897,"[0.10306715625004181, 0.24886761303873606]",26,0.2653061224489796,"[0.18795601447811167, 0.36036215805649113]",39,0.3979591836734694,"[0.3066643027632052, 0.49695229399096996]",1.3437145691609977
500,0.5,0.95,2,90.0,98,29,109.5,123.12244897959184,12,0.12244897959183673,"[0.07145129752202053, 0.20193011046842743]",31,0.3163265306122449,"[0.23266923518824523, 0.41384063896927004]",41,0.41836734693877553,"[0.3255902758170348, 0.5173030015863054]",1.3423256802721089
2000,1.5,0.8,3,180.0,98,29,111.0,119.51020408163265,11,0.11224489795918367,"[0.0638420422031541, 0.18990102546271131]",32,0.32653061224489793,"[0.2417611712469177, 0.42438704323518]",42,0.42857142857142855,"[0.3351141839487037, 0.5274174337792189]",1.341284013605442
1000,1.5,0.8,1,180.0,98,29,97.0,116.04081632653062,13,0.1326530612244898,"[0.07918911601863514, 0.21383063229639532]",26,0.2653061224489796,"[0.18795601447811167, 0.36036215805649113]",47,0.47959183673469385,"[0.38332963929572583, 0.5773936800551093]",1.3408021541950113
1000,1.0,0.99,2,180.0,98,29,113.5,126.20408163265306,15,0.15306122448979592,"[0.0950059903962593, 0.23729043856793613]",27,0.2755102040816326,"[0.19679426941928943, 0.3711622434398958]",40,0.40816326530612246,"[0.3161068392771741, 0.5071480978015837]",1.3395479024943309
500,0.5,0.95,2,180.0,98,29,114.0,124.81632653061224,13,0.1326530612244898,"[0.07918911601863514, 0.21383063229639532]",31,0.3163265306122449,"[0.23266923518824523, 0.41384063896927004]",38,0.3877551020408163,"[0.297263154133494, 0.4867151022960987]",1.339200680272109
1000,1.5,0.8,2,,98,29,101.0,121.53061224489795,13,0.1326530612244898,"[0.07918911601863514, 0.21383063229639532]",28,0.2857142857142857,"[0.20568632301416542, 0.38190853016960236]",43,0.4387755102040816,"[0.3446781918182551, 0.53749176623425]",1.3380243764172335
2000,1.5,0.99,3,90.0,98,29,101.5,119.95918367346938,12,0.12244897959183673,"[0.07145129752202053, 0.20193011046842743]",30,0.30612244897959184,"[0.22362525822357754, 0.4032462756093553]",42,0.42857142857142855,"[0.3351141839487037, 0.5274174337792189]",1.3376771541950114
1500,0.75,0.95,2,90.0,98,29,102.5,125.34693877551021,14,0.14285714285714285,"[0.0870439104644005, 0.2256141781752124]",27,0.2755102040816326,"[0.19679426941928943, 0.3711622434398958]",42,0.42857142857142855,"[0.3351141839487037, 0.5274174337792189]",1.3369827097505669
1500,0.75,0.95,1,90.0,98,29,103.0,129.91836734693877,14,0.14285714285714285,"[0.0870439104644005, 0.2256141781752124]",27,0.2755102040816326,"[0.19679426941928943, 0.3711622434398958]",42,0.42857142857142855,"[0.3351141839487037, 0.5274174337792189]",1.3366354875283446
1500,1.0,0.95,1,90.0,98,29,91.5,125.0204081632653,13,0.1326530612244898,"[0.07918911601863514, 0.21383063229639532]",25,0.25510204081632654,"[0.17917341706740808, 0.34950641514261227]",48,0.4897959183673469,"[0.3930904002751632, 0.5872712594002543]",1.334417517006803
500,0.75,0.99,3,90.0,98,29,111.0,121.14285714285714,14,0.14285714285714285,"[0.0870439104644005, 0.2256141781752124]",27,0.2755102040816326,"[0.19679426941928943, 0.3711622434398958]",42,0.42857142857142855,"[0.3351141839487037, 0.5274174337792189]",1.331079931972789
1000,1.5,0.8,2,180.0,98,29,98.5,117.87755102040816,13,0.1326530612244898,"[0.07918911601863514, 0.21383063229639532]",26,0.2653061224489796,"[0.18795601447811167, 0.36036215805649113]",46,0.46938775510204084,"[0.37360789598305366, 0.567477083043199]",1.3295564058956917
1500,1.5,0.99,3,90.0,98,29,100.0,121.6938775510204,13,0.1326530612244898,"[0.07918911601863514, 0.21383063229639532]",27,0.2755102040816326,"[0.19679426941928943, 0.3711622434398958]",44,0.4489795918367347,"[0.3542819817359245, 0.5475263166411631]",1.3285147392290249
500,1.0,0.8,1,90.0,98,29,115.0,119.55102040816327,14,0.14285714285714285,"[0.0870439104644005, 0.2256141781752124]",28,0.2857142857142857,"[0.20568632301416542, 0.38190853016960236]",40,0.40816326530612246,"[0.3161068392771741, 0.5071480978015837]",1.3283021541950113
1000,0.5,0.95,1,90.0,98,29,101.0,124.63265306122449,11,0.11224489795918367,"[0.0638420422031541, 0.18990102546271131]",29,0.29591836734693877,"[0.21463049371609197, 0.39260269979225826]",46,0.46938775510204084,"[0.37360789598305366, 0.567477083043199]",1.3278202947845805
2000,0.75,0.99,1,,98,29,102.5,131.48979591836735,12,0.12244897959183673,"[0.07145129752202053, 0.20193011046842743]",29,0.29591836734693877,"[0.21463049371609197, 0.39260269979225826]",43,0.4387755102040816,"[0.3446781918182551, 0.53749176623425]",1.3267786281179137
2000,0.75,0.99,2,,98,29,102.5,128.73469387755102,12,0.12244897959183673,"[0.07145129752202053, 0.20193011046842743]",29,0.29591836734693877,"[0.21463049371609197, 0.39260269979225826]",43,0.4387755102040816,"[0.3446781918182551, 0.53749176623425]",1.3267786281179137
1000,1.0,0.99,1,,98,29,105.0,128.9795918367347,15,0.15306122448979592,"[0.0950059903962593, 0.23729043856793613]",25,0.25510204081632654,"[0.17917341706740808, 0.34950641514261227]",42,0.42857142857142855,"[0.3351141839487037, 0.5274174337792189]",1.3250425170068028
2000,0.5,0.99,2,,98,29,105.5,129.0,12,0.12244897959183673,"[0.07145129752202053, 0.20193011046842743]",29,0.29591836734693877,"[0.21463049371609197, 0.39260269979225826]",43,0.4387755102040816,"[0.3446781918182551, 0.53749176623425]",1.3246952947845805
2000,1.5,0.8,1,,98,29,106.0,121.04081632653062,10,0.10204081632653061,"[0.056375395628467516, 0.17772933171281544]",32,0.32653061224489793,"[0.2417611712469177, 0.42438704323518]",43,0.4387755102040816,"[0.3446781918182551, 0.53749176623425]",1.3243480725623582
2000,1.5,0.8,2,,98,29,106.0,121.04081632653062,10,0.10204081632653061,"[0.056375395628467516, 0.17772933171281544]",32,0.32653061224489793,"[0.2417611712469177, 0.42438704323518]",43,0.4387755102040816,"[0.3446781918182551, 0.53749176623425]",1.3243480725623582
1500,1.0,0.95,2,90.0,98,29,92.0,121.06122448979592,13,0.1326530612244898,"[0.07918911601863514, 0.21383063229639532]",25,0.25510204081632654,"[0.17917341706740808, 0.34950641514261227]",47,0.47959183673469385,"[0.38332963929572583, 0.5773936800551093]",1.3238662131519274
2000,1.5,0.99,3,,98,29,108.5,123.91836734693878,12,0.12244897959183673,"[0.07145129752202053, 0.20193011046842743]",31,0.3163265306122449,"[0.23266923518824523, 0.41384063896927004]",39,0.3979591836734694,"[0.3066643027632052, 0.49695229399096996]",1.3226119614512473
500,0.75,0.95,2,90.0,98,29,110.5,121.0204081632653,15,0.15306122448979592,"[0.0950059903962593, 0.23729043856793613]",26,0.2653061224489796,"[0.18795601447811167, 0.36036215805649113]",40,0.40816326530612246,"[0.3161068392771741, 0.5071480978015837]",1.3212230725623584
500,0.75,0.99,2,180.0,98,29,111.5,123.36734693877551,14,0.14285714285714285,"[0.0870439104644005, 0.2256141781752124]",28,0.2857142857142857,"[0.20568632301416542, 0.38190853016960236]",39,0.3979591836734694,"[0.3066643027632052, 0.49695229399096996]",1.320528628117914
500,1.0,0.8,3,90.0,98,29,114.0,121.48979591836735,16,0.16326530612244897,"[0.10306715625004181, 0.24886761303873606]",25,0.25510204081632654,"[0.17917341706740808, 0.34950641514261227]",39,0.3979591836734694,"[0.3066643027632052, 0.49695229399096996]",1.318792517006803
1000,0.75,0.99,2,180.0,98,29,114.0,128.10204081632654,15,0.15306122448979592,"[0.0950059903962593, 0.23729043856793613]",27,0.2755102040816326,"[0.19679426941928943, 0.3711622434398958]",38,0.3877551020408163,"[0.297263154133494, 0.4867151022960987]",1.3187925170068027
1000,1.5,0.99,3,,98,29,115.0,127.55102040816327,16,0.16326530612244897,"[0.10306715625004181, 0.24886761303873606]",25,0.25510204081632654,"[0.17917341706740808, 0.34950641514261227]",39,0.3979591836734694,"[0.3066643027632052, 0.49695229399096996]",1.3180980725623583
2000,0.5,0.95,2,,98,29,103.5,129.0408163265306,13,0.1326530612244898,"[0.07918911601863514, 0.21383063229639532]",26,0.2653061224489796,"[0.18795601447811167, 0.36036215805649113]",45,0.45918367346938777,"[0.36392528815047387, 0.5575213505511963]",1.3158801020408164
2000,1.5,0.8,3,,98,29,111.0,122.87755102040816,10,0.10204081632653061,"[0.056375395628467516, 0.17772933171281544]",32,0.32653061224489793,"[0.2417611712469177, 0.42438704323518]",42,0.42857142857142855,"[0.3351141839487037, 0.5274174337792189]",1.310671768707483
2000,0.75,0.95,1,,98,29,99.5,131.22448979591837,11,0.11224489795918367,"[0.0638420422031541, 0.18990102546271131]",29,0.29591836734693877,"[0.21463049371609197, 0.39260269979225826]",44,0.4489795918367347,"[0.3542819817359245, 0.5475263166411631]",1.3084537981859412
2000,0.75,0.95,2,,98,29,99.5,128.77551020408163,11,0.11224489795918367,"[0.0638420422031541, 0.18990102546271131]",29,0.29591836734693877,"[0.21463049371609197, 0.39260269979225826]",44,0.4489795918367347,"[0.3542819817359245, 0.5475263166411631]",1.3084537981859412
2000,0.5,0.99,1,,98,29,105.5,131.14285714285714,12,0.12244897959183673,"[0.07145129752202053, 0.20193011046842743]",28,0.2857142857142857,"[0.20568632301416542, 0.38190853016960236]",43,0.4387755102040816,"[0.3446781918182551, 0.53749176623425]",1.3042871315192743
1500,1.5,0.95,3,90.0,98,29,111.0,122.36734693877551,13,0.1326530612244898,"[0.07918911601863514, 0.21383063229639532]",27,0.2755102040816326,"[0.19679426941928943, 0.3711622434398958]",42,0.42857142857142855,"[0.3351141839487037, 0.5274174337792189]",1.3004676870748297
500,0.75,0.8,2,90.0,98,29,111.5,124.10204081632654,14,0.14285714285714285,"[0.0870439104644005, 0.2256141781752124]",26,0.2653061224489796,"[0.18795601447811167, 0.36036215805649113]",41,0.41836734693877553,"[0.3255902758170348, 0.5173030015863054]",1.3001204648526077
1000,1.0,0.95,2,90.0,98,29,113.5,122.3265306122449,12,0.12244897959183673,"[0.07145129752202053, 0.20193011046842743]",28,0.2857142857142857,"[0.20568632301416542, 0.38190853016960236]",43,0.4387755102040816,"[0.3446781918182551, 0.53749176623425]",1.2987315759637186
500,0.75,0.8,2,,98,29,117.0,127.83673469387755,15,0.15306122448979592,"[0.0950059903962593, 0.23729043856793613]",26,0.2653061224489796,"[0.18795601447811167, 0.36036215805649113]",38,0.3877551020408163,"[0.297263154133494, 0.4867151022960987]",1.2963010204081633
2000,0.5,0.95,1,,98,29,103.5,130.87755102040816,13,0.1326530612244898,"[0.07918911601863514, 0.21383063229639532]",25,0.25510204081632654,"[0.17917341706740808, 0.34950641514261227]",45,0.45918367346938777,"[0.36392528815047387, 0.5575213505511963]",1.2954719387755103
1500,1.5,0.95,3,180.0,98,29,111.0,124.71428571428571,14,0.14285714285714285,"[0.0870439104644005, 0.2256141781752124]",25,0.25510204081632654,"[0.17917341706740808, 0.34950641514261227]",42,0.42857142857142855,"[0.3351141839487037, 0.5274174337792189]",1.2902636054421768
1000,1.0,0.99,3,90.0,98,29,117.0,129.83673469387756,15,0.15306122448979592,"[0.0950059903962593, 0.23729043856793613]",24,0.24489795918367346,"[0.1704485358593521, 0.3385929560260857]",41,0.41836734693877553,"[0.3255902758170348, 0.5173030015863054]",1.2860969387755101
2000,1.0,0.95,1,,98,29,103.0,127.20408163265306,9,0.09183673469387756,"[0.04906865909068409, 0.16539772792601637]",31,0.3163265306122449,"[0.23266923518824523, 0.41384063896927004]",44,0.4489795918367347,"[0.3542819817359245, 0.5475263166411631]",1.2856150793650793
1000,0.5,0.95,1,180.0,98,29,105.0,128.53061224489795,12,0.12244897959183673,"[0.07145129752202053, 0.20193011046842743]",27,0.2755102040816326,"[0.19679426941928943, 0.3711622434398958]",43,0.4387755102040816,"[0.3446781918182551, 0.53749176623425]",1.2842261904761902
2000,1.5,0.95,3,180.0,98,29,101.0,122.89795918367346,10,0.10204081632653061,"[0.056375395628467516, 0.17772933171281544]",29,0.29591836734693877,"[0.21463049371609197, 0.39260269979225826]",44,0.4489795918367347,"[0.3542819817359245, 0.5475263166411631]",1.276799886621315
2000,1.0,0.95,2,,98,29,103.0,125.06122448979592,9,0.09183673469387756,"[0.04906865909068409, 0.16539772792601637]",31,0.3163265306122449,"[0.23266923518824523, 0.41384063896927004]",43,0.4387755102040816,"[0.3446781918182551, 0.53749176623425]",1.2754109977324262
500,0.75,0.8,2,180.0,98,29,111.5,124.79591836734694,13,0.1326530612244898,"[0.07918911601863514, 0.21383063229639532]",26,0.2653061224489796,"[0.18795601447811167, 0.36036215805649113]",41,0.41836734693877553,"[0.3255902758170348, 0.5173030015863054]",1.2695082199546488
500,0.5,0.99,3,90.0,98,29,112.0,124.28571428571429,11,0.11224489795918367,"[0.0638420422031541, 0.18990102546271131]",29,0.29591836734693877,"[0.21463049371609197, 0.39260269979225826]",41,0.41836734693877553,"[0.3255902758170348, 0.5173030015863054]",1.2691609977324265
1000,0.75,0.99,2,90.0,98,29,112.0,128.0408163265306,13,0.1326530612244898,"[0.07918911601863514, 0.21383063229639532]",27,0.2755102040816326,"[0.19679426941928943, 0.3711622434398958]",39,0.3979591836734694,"[0.3066643027632052, 0.49695229399096996]",1.2691609977324263
1500,1.5,0.99,3,,98,29,113.5,127.24489795918367,14,0.14285714285714285,"[0.0870439104644005, 0.2256141781752124]",24,0.24489795918367346,"[0.1704485358593521, 0.3385929560260857]",42,0.42857142857142855,"[0.3351141839487037, 0.5274174337792189]",1.2681193310657597
2000,1.0,0.8,1,90.0,98,29,99.5,122.06122448979592,12,0.12244897959183673,"[0.07145129752202053, 0.20193011046842743]",26,0.2653061224489796,"[0.18795601447811167, 0.36036215805649113]",43,0.4387755102040816,"[0.3446781918182551, 0.53749176623425]",1.267637471655329
2000,1.0,0.8,2,90.0,98,29,99.5,122.6734693877551,12,0.12244897959183673,"[0.07145129752202053, 0.20193011046842743]",26,0.2653061224489796,"[0.18795601447811167, 0.36036215805649113]",43,0.4387755102040816,"[0.3446781918182551, 0.53749176623425]",1.267637471655329
1500,1.0,0.95,2,180.0,98,29,100.0,126.6938775510204,14,0.14285714285714285,"[0.0870439104644005, 0.2256141781752124]",22,0.22448979591836735,"[0.15318132030764547, 0.31658349092862736]",45,0.45918367346938777,"[0.36392528815047387, 0.5575213505511963]",1.2672902494331066
1000,1.0,0.8,3,90.0,98,29,117.0,124.63265306122449,14,0.14285714285714285,"[0.0870439104644005, 0.2256141781752124]",24,0.24489795918367346,"[0.1704485358593521, 0.3385929560260857]",42,0.42857142857142855,"[0.3351141839487037, 0.5274174337792189]",1.265688775510204
1500,0.5,0.99,2,90.0,98,29,102.5,124.10204081632654,12,0.12244897959183673,"[0.07145129752202053, 0.20193011046842743]",26,0.2653061224489796,"[0.18795601447811167, 0.36036215805649113]",43,0.4387755102040816,"[0.3446781918182551, 0.53749176623425]",1.2655541383219955
500,0.5,0.99,3,180.0,98,29,118.0,127.34693877551021,12,0.12244897959183673,"[0.07145129752202053, 0.20193011046842743]",29,0.29591836734693877,"[0.21463049371609197, 0.39260269979225826]",38,0.3877551020408163,"[0.297263154133494, 0.4867151022960987]",1.2649943310657596
500,1.0,0.95,2,,98,29,119.0,126.44897959183673,15,0.15306122448979592,"[0.0950059903962593, 0.23729043856793613]",24,0.24489795918367346,"[0.1704485358593521, 0.3385929560260857]",39,0.3979591836734694,"[0.3066643027632052, 0.49695229399096996]",1.2642998866213153
2000,1.5,0.99,3,180.0,98,29,105.0,123.42857142857143,10,0.10204081632653061,"[0.056375395628467516, 0.17772933171281544]",30,0.30612244897959184,"[0.22362525822357754, 0.4032462756093553]",41,0.41836734693877553,"[0.3255902758170348, 0.5173030015863054]",1.2638180272108843
1500,1.5,0.99,3,180.0,98,29,111.0,124.9795918367347,11,0.11224489795918367,"[0.0638420422031541, 0.18990102546271131]",27,0.2755102040816326,"[0.19679426941928943, 0.3711622434398958]",44,0.4489795918367347,"[0.3542819817359245, 0.5475263166411631]",1.2596513605442177
1000,0.5,0.99,2,180.0,98,29,114.0,132.75510204081633,12,0.12244897959183673,"[0.07145129752202053, 0.20193011046842743]",28,0.2857142857142857,"[0.20568632301416542, 0.38190853016960236]",39,0.3979591836734694,"[0.3066643027632052, 0.49695229399096996]",1.2575680272108842
1500,0.5,0.95,2,90.0,98,29,100.0,125.61224489795919,11,0.11224489795918367,"[0.0638420422031541, 0.18990102546271131]",26,0.2653061224489796,"[0.18795601447811167, 0.36036215805649113]",45,0.45918367346938777,"[0.36392528815047387, 0.5575213505511963]",1.2570861678004535
500,1.0,0.8,2,90.0,98,29,115.0,122.0,13,0.1326530612244898,"[0.07918911601863514, 0.21383063229639532]",26,0.2653061224489796,"[0.18795601447811167, 0.36036215805649113]",40,0.40816326530612246,"[0.3161068392771741, 0.5071480978015837]",1.25687358276644
500,0.75,0.95,1,180.0,98,29,107.5,120.44897959183673,12,0.12244897959183673,"[0.07145129752202053, 0.20193011046842743]",26,0.2653061224489796,"[0.18795601447811167, 0.36036215805649113]",42,0.42857142857142855,"[0.3351141839487037, 0.5274174337792189]",1.2518778344671202
500,0.5,0.8,1,,98,29,112.0,126.71428571428571,12,0.12244897959183673,"[0.07145129752202053, 0.20193011046842743]",26,0.2653061224489796,"[0.18795601447811167, 0.36036215805649113]",42,0.42857142857142855,"[0.3351141839487037, 0.5274174337792189]",1.2487528344671202
500,0.5,0.95,3,90.0,98,29,112.0,124.71428571428571,11,0.11224489795918367,"[0.0638420422031541, 0.18990102546271131]",28,0.2857142857142857,"[0.20568632301416542, 0.38190853016960236]",41,0.41836734693877553,"[0.3255902758170348, 0.5173030015863054]",1.2487528344671202
500,1.0,0.99,1,,98,29,112.5,128.55102040816325,14,0.14285714285714285,"[0.0870439104644005, 0.2256141781752124]",25,0.25510204081632654,"[0.17917341706740808, 0.34950641514261227]",38,0.3877551020408163,"[0.297263154133494, 0.4867151022960987]",1.2484056122448979
500,0.5,0.99,1,,98,29,112.5,128.46938775510205,11,0.11224489795918367,"[0.0638420422031541, 0.18990102546271131]",28,0.2857142857142857,"[0.20568632301416542, 0.38190853016960236]",41,0.41836734693877553,"[0.3255902758170348, 0.5173030015863054]",1.2484056122448979
1500,1.0,0.95,1,180.0,98,29,100.0,130.9591836734694,13,0.1326530612244898,"[0.07918911601863514, 0.21383063229639532]",22,0.22448979591836735,"[0.15318132030764547, 0.31658349092862736]",46,0.46938775510204084,"[0.37360789598305366, 0.567477083043199]",1.2468820861678005
500,0.75,0.99,3,180.0,98,29,115.0,125.26530612244898,13,0.1326530612244898,"[0.07918911601863514, 0.21383063229639532]",26,0.2653061224489796,"[0.18795601447811167, 0.36036215805649113]",39,0.3979591836734694,"[0.3066643027632052, 0.49695229399096996]",1.2466695011337867
500,0.75,0.8,3,,98,29,116.0,129.77551020408163,15,0.15306122448979592,"[0.0950059903962593, 0.23729043856793613]",24,0.24489795918367346,"[0.1704485358593521, 0.3385929560260857]",37,0.37755102040816324,"[0.2879039439886928, 0.4764359721163174]",1.2459750566893424
1000,1.0,0.8,3,180.0,98,29,116.0,128.30612244897958,14,0.14285714285714285,"[0.0870439104644005, 0.2256141781752124]",23,0.23469387755102042,"[0.1617836559088351, 0.3276194956520202]",42,0.42857142857142855,"[0.3351141839487037, 0.5274174337792189]",1.2459750566893424
1500,0.75,0.99,2,90.0,98,29,102.5,126.73469387755102,11,0.11224489795918367,"[0.0638420422031541, 0.18990102546271131]",27,0.2755102040816326,"[0.19679426941928943, 0.3711622434398958]",42,0.42857142857142855,"[0.3351141839487037, 0.5274174337792189]",1.2451459750566893
1500,0.75,0.99,1,90.0,98,29,105.0,131.91836734693877,11,0.11224489795918367,"[0.0638420422031541, 0.18990102546271131]",27,0.2755102040816326,"[0.19679426941928943, 0.3711622434398958]",42,0.42857142857142855,"[0.3351141839487037, 0.5274174337792189]",1.2434098639455782
1000,0.75,0.95,1,180.0,98,29,108.5,127.6938775510204,13,0.1326530612244898,"[0.07918911601863514, 0.21383063229639532]",25,0.25510204081632654,"[0.17917341706740808, 0.34950641514261227]",40,0.40816326530612246,"[0.3161068392771741, 0.5071480978015837]",1.2409793083900227
1000,0.75,0.8,1,90.0,98,29,110.5,124.48979591836735,11,0.11224489795918367,"[0.0638420422031541, 0.18990102546271131]",27,0.2755102040816326,"[0.19679426941928943, 0.3711622434398958]",42,0.42857142857142855,"[0.3351141839487037, 0.5274174337792189]",1.2395904195011338
3000,0.5,0.8,1,,98,29,99.5,129.9387755102041,10,0.10204081632653061,"[0.056375395628467516, 0.17772933171281544]",27,0.2755102040816326,"[0.19679426941928943, 0.3711622434398958]",44,0.4489795918367347,"[0.3542819817359245, 0.5475263166411631]",1.2370252267573696
1000,1.0,0.8,1,90.0,98,29,116.0,120.65306122448979,12,0.12244897959183673,"[0.07145129752202053, 0.20193011046842743]",25,0.25510204081632654,"[0.17917341706740808, 0.34950641514261227]",43,0.4387755102040816,"[0.3446781918182551, 0.53749176623425]",1.2357709750566894
1000,1.0,0.8,2,90.0,98,29,117.0,122.48979591836735,12,0.12244897959183673,"[0.07145129752202053, 0.20193011046842743]",25,0.25510204081632654,"[0.17917341706740808, 0.34950641514261227]",43,0.4387755102040816,"[0.3446781918182551, 0.53749176623425]",1.2350765306122449
2000,1.0,0.8,3,90.0,98,29,103.0,124.81632653061224,12,0.12244897959183673,"[0.07145129752202053, 0.20193011046842743]",25,0.25510204081632654,"[0.17917341706740808, 0.34950641514261227]",42,0.42857142857142855,"[0.3351141839487037, 0.5274174337792189]",1.2345946712018139
1500,0.5,0.99,1,90.0,98,29,105.0,129.28571428571428,12,0.12244897959183673,"[0.07145129752202053, 0.20193011046842743]",25,0.25510204081632654,"[0.17917341706740808, 0.34950641514261227]",42,0.42857142857142855,"[0.3351141839487037, 0.5274174337792189]",1.233205782312925
1500,0.5,0.99,2,180.0,98,29,107.0,129.55102040816325,12,0.12244897959183673,"[0.07145129752202053, 0.20193011046842743]",25,0.25510204081632654,"[0.17917341706740808, 0.34950641514261227]",42,0.42857142857142855,"[0.3351141839487037, 0.5274174337792189]",1.231816893424036
1500,1.0,0.99,2,,98,29,108.5,129.6734693877551,13,0.1326530612244898,"[0.07918911601863514, 0.21383063229639532]",24,0.24489795918367346,"[0.1704485358593521, 0.3385929560260857]",41,0.41836734693877553,"[0.3255902758170348, 0.5173030015863054]",1.2307752267573697
1000,0.75,0.8,2,90.0,98,29,112.0,125.10204081632654,11,0.11224489795918367,"[0.0638420422031541, 0.18990102546271131]",27,0.2755102040816326,"[0.19679426941928943, 0.3711622434398958]",41,0.41836734693877553,"[0.3255902758170348, 0.5173030015863054]",1.2283446712018142
500,0.75,0.95,2,180.0,98,29,112.5,123.95918367346938,13,0.1326530612244898,"[0.07918911601863514, 0.21383063229639532]",26,0.2653061224489796,"[0.18795601447811167, 0.36036215805649113]",37,0.37755102040816324,"[0.2879039439886928, 0.4764359721163174]",1.227997448979592
3000,0.75,0.8,1,,98,29,98.0,128.71428571428572,11,0.11224489795918367,"[0.0638420422031541, 0.18990102546271131]",26,0.2653061224489796,"[0.18795601447811167, 0.36036215805649113]",42,0.42857142857142855,"[0.3351141839487037, 0.5274174337792189]",1.2278628117913832
3000,0.5,0.8,2,,98,29,100.0,130.85714285714286,10,0.10204081632653061,"[0.056375395628467516, 0.17772933171281544]",27,0.2755102040816326,"[0.19679426941928943, 0.3711622434398958]",43,0.4387755102040816,"[0.3446781918182551, 0.53749176623425]",1.2264739229024944
1500,0.5,0.95,1,90.0,98,29,101.0,130.18367346938774,11,0.11224489795918367,"[0.0638420422031541, 0.18990102546271131]",25,0.25510204081632654,"[0.17917341706740808, 0.34950641514261227]",44,0.4489795918367347,"[0.3542819817359245, 0.5475263166411631]",1.2257794784580498
1000,1.0,0.99,3,180.0,98,29,118.0,131.69387755102042,15,0.15306122448979592,"[0.0950059903962593, 0.23729043856793613]",22,0.22448979591836735,"[0.15318132030764547, 0.31658349092862736]",39,0.3979591836734694,"[0.3066643027632052, 0.49695229399096996]",1.2241780045351476
1500,1.5,0.95,3,,98,29,118.0,127.6938775510204,15,0.15306122448979592,"[0.0950059903962593, 0.23729043856793613]",22,0.22448979591836735,"[0.15318132030764547, 0.31658349092862736]",39,0.3979591836734694,"[0.3066643027632052, 0.49695229399096996]",1.2241780045351476
1000,1.0,0.95,2,,98,29,118.0,131.75510204081633,14,0.14285714285714285,"[0.0870439104644005, 0.2256141781752124]",23,0.23469387755102042,"[0.1617836559088351, 0.3276194956520202]",40,0.40816326530612246,"[0.3161068392771741, 0.5071480978015837]",1.2241780045351476
500,0.5,0.95,3,180.0,98,29,118.0,128.24489795918367,12,0.12244897959183673,"[0.07145129752202053, 0.20193011046842743]",28,0.2857142857142857,"[0.20568632301416542, 0.38190853016960236]",36,0.3673469387755102,"[0.27858728951874556, 0.46611428626168216]",1.2241780045351474
1000,0.5,0.99,1,,98,29,112.0,134.9387755102041,11,0.11224489795918367,"[0.0638420422031541, 0.18990102546271131]",26,0.2653061224489796,"[0.18795601447811167, 0.36036215805649113]",42,0.42857142857142855,"[0.3351141839487037, 0.5274174337792189]",1.218140589569161
1000,1.0,0.8,1,180.0,98,29,112.5,124.63265306122449,12,0.12244897959183673,"[0.07145129752202053, 0.20193011046842743]",24,0.24489795918367346,"[0.1704485358593521, 0.3385929560260857]",43,0.4387755102040816,"[0.3446781918182551, 0.53749176623425]",1.2177933673469388
3000,0.75,0.8,2,,98,29,98.5,129.3265306122449,11,0.11224489795918367,"[0.0638420422031541, 0.18990102546271131]",26,0.2653061224489796,"[0.18795601447811167, 0.36036215805649113]",41,0.41836734693877553,"[0.3255902758170348, 0.5173030015863054]",1.2173115079365078
1000,1.0,0.8,2,180.0,98,29,116.0,126.46938775510205,12,0.12244897959183673,"[0.07145129752202053, 0.20193011046842743]",24,0.24489795918367346,"[0.1704485358593521, 0.3385929560260857]",43,0.4387755102040816,"[0.3446781918182551, 0.53749176623425]",1.2153628117913833
2000,0.5,0.95,3,,98,29,116.5,136.3877551020408,13,0.1326530612244898,"[0.07918911601863514, 0.21383063229639532]",24,0.24489795918367346,"[0.1704485358593521, 0.3385929560260857]",40,0.40816326530612246,"[0.3161068392771741, 0.5071480978015837]",1.215015589569161
1000,1.0,0.95,3,,98,29,119.5,136.0408163265306,16,0.16326530612244897,"[0.10306715625004181, 0.24886761303873606]",21,0.21428571428571427,"[0.14464436812023418, 0.30548210279145616]",37,0.37755102040816324,"[0.2879039439886928, 0.4764359721163174]",1.2129322562358273
1500,0.75,0.99,2,180.0,98,29,108.5,129.71428571428572,12,0.12244897959183673,"[0.07145129752202053, 0.20193011046842743]",25,0.25510204081632654,"[0.17917341706740808, 0.34950641514261227]",40,0.40816326530612246,"[0.3161068392771741, 0.5071480978015837]",1.2103670634920634
1500,1.0,0.99,1,,98,29,108.5,134.55102040816325,12,0.12244897959183673,"[0.07145129752202053, 0.20193011046842743]",24,0.24489795918367346,"[0.1704485358593521, 0.3385929560260857]",42,0.42857142857142855,"[0.3351141839487037, 0.5274174337792189]",1.2103670634920634
1500,0.75,0.99,1,180.0,98,29,110.0,134.89795918367346,12,0.12244897959183673,"[0.07145129752202053, 0.20193011046842743]",25,0.25510204081632654,"[0.17917341706740808, 0.34950641514261227]",40,0.40816326530612246,"[0.3161068392771741, 0.5071480978015837]",1.2093253968253967
2000,1.0,0.8,1,180.0,98,29,110.5,125.04081632653062,11,0.11224489795918367,"[0.0638420422031541, 0.18990102546271131]",26,0.2653061224489796,"[0.18795601447811167, 0.36036215805649113]",41,0.41836734693877553,"[0.3255902758170348, 0.5173030015863054]",1.2089781746031745
2000,1.0,0.8,2,180.0,98,29,110.5,125.65306122448979,11,0.11224489795918367,"[0.0638420422031541, 0.18990102546271131]",26,0.2653061224489796,"[0.18795601447811167, 0.36036215805649113]",41,0.41836734693877553,"[0.3255902758170348, 0.5173030015863054]",1.2089781746031745
1000,0.75,0.95,2,90.0,98,29,112.0,127.51020408163265,13,0.1326530612244898,"[0.07918911601863514, 0.21383063229639532]",25,0.25510204081632654,"[0.17917341706740808, 0.34950641514261227]",37,0.37755102040816324,"[0.2879039439886928, 0.4764359721163174]",1.2079365079365079
3000,0.75,0.8,3,,98,29,101.0,130.24489795918367,11,0.11224489795918367,"[0.0638420422031541, 0.18990102546271131]",26,0.2653061224489796,"[0.18795601447811167, 0.36036215805649113]",40,0.40816326530612246,"[0.3161068392771741, 0.5071480978015837]",1.2053713151927437
2000,0.75,0.95,3,180.0,98,29,116.0,131.44897959183675,12,0.12244897959183673,"[0.07145129752202053, 0.20193011046842743]",24,0.24489795918367346,"[0.1704485358593521, 0.3385929560260857]",42,0.42857142857142855,"[0.3351141839487037, 0.5274174337792189]",1.20515873015873
2000,0.5,0.95,2,180.0,98,29,103.5,128.3469387755102,10,0.10204081632653061,"[0.056375395628467516, 0.17772933171281544]",26,0.2653061224489796,"[0.18795601447811167, 0.36036215805649113]",43,0.4387755102040816,"[0.3446781918182551, 0.53749176623425]",1.2036352040816327
500,1.0,0.99,2,,98,29,119.0,130.9387755102041,14,0.14285714285714285,"[0.0870439104644005, 0.2256141781752124]",25,0.25510204081632654,"[0.17917341706740808, 0.34950641514261227]",34,0.3469387755102041,"[0.26008447663750445, 0.44534041849375827]",1.2030753968253967
1500,0.5,0.99,1,180.0,98,29,107.0,134.73469387755102,12,0.12244897959183673,"[0.07145129752202053, 0.20193011046842743]",24,0.24489795918367346,"[0.1704485358593521, 0.3385929560260857]",41,0.41836734693877553,"[0.3255902758170348, 0.5173030015863054]",1.201204648526077
2000,1.0,0.99,3,90.0,98,29,108.5,128.22448979591837,11,0.11224489795918367,"[0.0638420422031541, 0.18990102546271131]",27,0.2755102040816326,"[0.19679426941928943, 0.3711622434398958]",38,0.3877551020408163,"[0.297263154133494, 0.4867151022960987]",1.2001629818594104
2000,0.75,0.8,1,90.0,98,29,110.0,126.9795918367347,11,0.11224489795918367,"[0.0638420422031541, 0.18990102546271131]",25,0.25510204081632654,"[0.17917341706740808, 0.34950641514261227]",42,0.42857142857142855,"[0.3351141839487037, 0.5274174337792189]",1.1991213151927438
1500,1.0,0.95,2,,98,29,110.0,129.85714285714286,11,0.11224489795918367,"[0.0638420422031541, 0.18990102546271131]",24,0.24489795918367346,"[0.1704485358593521, 0.3385929560260857]",44,0.4489795918367347,"[0.3542819817359245, 0.5475263166411631]",1.1991213151927438
500,0.75,0.95,3,90.0,98,29,112.0,122.91836734693878,13,0.1326530612244898,"[0.07918911601863514, 0.21383063229639532]",23,0.23469387755102042,"[0.1617836559088351, 0.3276194956520202]",40,0.40816326530612246,"[0.3161068392771741, 0.5071480978015837]",1.197732426303855
1000,0.5,0.99,2,90.0,98,29,113.0,129.20408163265307,11,0.11224489795918367,"[0.0638420422031541, 0.18990102546271131]",27,0.2755102040816326,"[0.19679426941928943, 0.3711622434398958]",38,0.3877551020408163,"[0.297263154133494, 0.4867151022960987]",1.1970379818594103
3000,0.5,0.8,3,,98,29,101.5,133.0,10,0.10204081632653061,"[0.056375395628467516, 0.17772933171281544]",26,0.2653061224489796,"[0.18795601447811167, 0.36036215805649113]",42,0.42857142857142855,"[0.3351141839487037, 0.5274174337792189]",1.1948200113378686
1000,1.0,0.95,2,180.0,98,29,118.0,127.38775510204081,13,0.1326530612244898,"[0.07918911601863514, 0.21383063229639532]",23,0.23469387755102042,"[0.1617836559088351, 0.3276194956520202]",40,0.40816326530612246,"[0.3161068392771741, 0.5071480978015837]",1.1935657596371883
2000,0.5,0.99,2,90.0,98,29,105.5,125.53061224489795,9,0.09183673469387756,"[0.04906865909068409, 0.16539772792601637]",28,0.2857142857142857,"[0.20568632301416542, 0.38190853016960236]",41,0.41836734693877553,"[0.3255902758170348, 0.5173030015863054]",1.1920422335600909
2000,0.75,0.8,2,90.0,98,29,112.5,127.59183673469387,11,0.11224489795918367,"[0.0638420422031541, 0.18990102546271131]",25,0.25510204081632654,"[0.17917341706740808, 0.34950641514261227]",41,0.41836734693877553,"[0.3255902758170348, 0.5173030015863054]",1.1871811224489797
500,0.5,0.99,2,,98,29,118.0,134.51020408163265,11,0.11224489795918367,"[0.0638420422031541, 0.18990102546271131]",28,0.2857142857142857,"[0.20568632301416542, 0.38190853016960236]",35,0.35714285714285715,"[0.26931387894509207, 0.4557493565107532]",1.1833616780045353
2000,0.5,0.95,1,180.0,98,29,103.5,130.79591836734693,10,0.10204081632653061,"[0.056375395628467516, 0.17772933171281544]",25,0.25510204081632654,"[0.17917341706740808, 0.34950641514261227]",43,0.4387755102040816,"[0.3446781918182551, 0.53749176623425]",1.1832270408163266
1500,0.75,0.95,2,180.0,98,29,110.0,130.53061224489795,11,0.11224489795918367,"[0.0638420422031541, 0.18990102546271131]",25,0.25510204081632654,"[0.17917341706740808, 0.34950641514261227]",40,0.40816326530612246,"[0.3161068392771741, 0.5071480978015837]",1.1787131519274376
1500,1.0,0.95,1,,98,29,110.0,134.12244897959184,10,0.10204081632653061,"[0.056375395628467516, 0.17772933171281544]",24,0.24489795918367346,"[0.1704485358593521, 0.3385929560260857]",45,0.45918367346938777,"[0.36392528815047387, 0.5575213505511963]",1.1787131519274376
1500,0.75,0.95,1,180.0,98,29,110.5,135.10204081632654,11,0.11224489795918367,"[0.0638420422031541, 0.18990102546271131]",25,0.25510204081632654,"[0.17917341706740808, 0.34950641514261227]",40,0.40816326530612246,"[0.3161068392771741, 0.5071480978015837]",1.1783659297052154
2000,0.75,0.99,3,90.0,98,29,110.5,130.3265306122449,11,0.11224489795918367,"[0.0638420422031541, 0.18990102546271131]",25,0.25510204081632654,"[0.17917341706740808, 0.34950641514261227]",40,0.40816326530612246,"[0.3161068392771741, 0.5071480978015837]",1.1783659297052154
2000,0.75,0.95,3,90.0,98,29,113.0,130.28571428571428,12,0.12244897959183673,"[0.07145129752202053, 0.20193011046842743]",23,0.23469387755102042,"[0.1617836559088351, 0.3276194956520202]",41,0.41836734693877553,"[0.3255902758170348, 0.5173030015863054]",1.1766298185941044
1000,0.5,0.95,2,90.0,98,29,114.0,131.6530612244898,10,0.10204081632653061,"[0.056375395628467516, 0.17772933171281544]",27,0.2755102040816326,"[0.19679426941928943, 0.3711622434398958]",39,0.3979591836734694,"[0.3066643027632052, 0.49695229399096996]",1.1759353741496599
2000,0.75,0.99,3,180.0,98,29,116.0,132.0612244897959,11,0.11224489795918367,"[0.0638420422031541, 0.18990102546271131]",25,0.25510204081632654,"[0.17917341706740808, 0.34950641514261227]",40,0.40816326530612246,"[0.3161068392771741, 0.5071480978015837]",1.174546485260771
2000,0.5,0.99,1,90.0,98,29,105.5,128.28571428571428,9,0.09183673469387756,"[0.04906865909068409, 0.16539772792601637]",27,0.2755102040816326,"[0.19679426941928943, 0.3711622434398958]",41,0.41836734693877553,"[0.3255902758170348, 0.5173030015863054]",1.1716340702947845
1000,1.0,0.99,2,,98,29,121.5,133.85714285714286,14,0.14285714285714285,"[0.0870439104644005, 0.2256141781752124]",23,0.23469387755102042,"[0.1617836559088351, 0.3276194956520202]",35,0.35714285714285715,"[0.26931387894509207, 0.4557493565107532]",1.1707270408163264
2000,1.0,0.99,3,180.0,98,29,110.5,129.26530612244898,10,0.10204081632653061,"[0.056375395628467516, 0.17772933171281544]",27,0.2755102040816326,"[0.19679426941928943, 0.3711622434398958]",38,0.3877551020408163,"[0.297263154133494, 0.4867151022960987]",1.1681618480725622
2000,1.0,0.8,3,180.0,98,29,111.0,128.10204081632654,11,0.11224489795918367,"[0.0638420422031541, 0.18990102546271131]",25,0.25510204081632654,"[0.17917341706740808, 0.34950641514261227]",39,0.3979591836734694,"[0.3066643027632052, 0.49695229399096996]",1.16781462585034
2000,1.0,0.99,3,,98,29,114.0,131.40816326530611,10,0.10204081632653061,"[0.056375395628467516, 0.17772933171281544]",27,0.2755102040816326,"[0.19679426941928943, 0.3711622434398958]",38,0.3877551020408163,"[0.297263154133494, 0.4867151022960987]",1.1657312925170067
2000,0.75,0.99,3,,98,29,116.0,135.46938775510205,12,0.12244897959183673,"[0.07145129752202053, 0.20193011046842743]",24,0.24489795918367346,"[0.1704485358593521, 0.3385929560260857]",38,0.3877551020408163,"[0.297263154133494, 0.4867151022960987]",1.1643424036281178
2000,0.5,0.99,3,,98,29,116.5,136.69387755102042,12,0.12244897959183673,"[0.07145129752202053, 0.20193011046842743]",24,0.24489795918367346,"[0.1704485358593521, 0.3385929560260857]",38,0.3877551020408163,"[0.297263154133494, 0.4867151022960987]",1.1639951814058955
1000,1.0,0.95,3,90.0,98,29,118.0,128.42857142857142,12,0.12244897959183673,"[0.07145129752202053, 0.20193011046842743]",23,0.23469387755102042,"[0.1617836559088351, 0.3276194956520202]",40,0.40816326530612246,"[0.3161068392771741, 0.5071480978015837]",1.1629535147392291
2000,0.5,0.95,2,90.0,98,29,105.5,127.59183673469387,9,0.09183673469387756,"[0.04906865909068409, 0.16539772792601637]",26,0.2653061224489796,"[0.18795601447811167, 0.36036215805649113]",42,0.42857142857142855,"[0.3351141839487037, 0.5274174337792189]",1.1614299886621318
1500,0.5,0.99,2,,98,29,110.0,135.08163265306123,11,0.11224489795918367,"[0.0638420422031541, 0.18990102546271131]",24,0.24489795918367346,"[0.1704485358593521, 0.3385929560260857]",40,0.40816326530612246,"[0.3161068392771741, 0.5071480978015837]",1.1583049886621315
500,0.75,0.8,3,90.0,98,29,112.0,125.73469387755102,13,0.1326530612244898,"[0.07918911601863514, 0.21383063229639532]",21,0.21428571428571427,"[0.14464436812023418, 0.30548210279145616]",40,0.40816326530612246,"[0.3161068392771741, 0.5071480978015837]",1.1569160997732426
1000,0.75,0.99,1,,98,29,116.0,135.42857142857142,12,0.12244897959183673,"[0.07145129752202053, 0.20193011046842743]",23,0.23469387755102042,"[0.1617836559088351, 0.3276194956520202]",39,0.3979591836734694,"[0.3066643027632052, 0.49695229399096996]",1.1541383219954648
2000,0.5,0.99,3,180.0,98,29,116.5,134.24489795918367,12,0.12244897959183673,"[0.07145129752202053, 0.20193011046842743]",24,0.24489795918367346,"[0.1704485358593521, 0.3385929560260857]",37,0.37755102040816324,"[0.2879039439886928, 0.4764359721163174]",1.1537910997732426
500,0.75,0.95,3,180.0,98,29,117.0,125.85714285714286,12,0.12244897959183673,"[0.07145129752202053, 0.20193011046842743]",24,0.24489795918367346,"[0.1704485358593521, 0.3385929560260857]",37,0.37755102040816324,"[0.2879039439886928, 0.4764359721163174]",1.1534438775510203
1000,1.0,0.95,3,180.0,98,29,119.5,132.26530612244898,14,0.14285714285714285,"[0.0870439104644005, 0.2256141781752124]",21,0.21428571428571427,"[0.14464436812023418, 0.30548210279145616]",37,0.37755102040816324,"[0.2879039439886928, 0.4764359721163174]",1.1517077664399091
1000,1.0,0.99,3,,98,29,125.0,137.51020408163265,14,0.14285714285714285,"[0.0870439104644005, 0.2256141781752124]",21,0.21428571428571427,"[0.14464436812023418, 0.30548210279145616]",37,0.37755102040816324,"[0.2879039439886928, 0.4764359721163174]",1.1478883219954648
500,0.75,0.8,3,180.0,98,29,114.0,126.73469387755102,12,0.12244897959183673,"[0.07145129752202053, 0.20193011046842743]",22,0.22448979591836735,"[0.15318132030764547, 0.31658349092862736]",40,0.40816326530612246,"[0.3161068392771741, 0.5071480978015837]",1.1453231292517008
2000,0.75,0.8,3,90.0,98,29,116.0,129.42857142857142,11,0.11224489795918367,"[0.0638420422031541, 0.18990102546271131]",24,0.24489795918367346,"[0.1704485358593521, 0.3385929560260857]",39,0.3979591836734694,"[0.3066643027632052, 0.49695229399096996]",1.1439342403628119
2000,0.75,0.95,3,,98,29,117.5,135.51020408163265,11,0.11224489795918367,"[0.0638420422031541, 0.18990102546271131]",24,0.24489795918367346,"[0.1704485358593521, 0.3385929560260857]",39,0.3979591836734694,"[0.3066643027632052, 0.49695229399096996]",1.142892573696145
500,0.75,0.99,3,,98,29,120.0,134.14285714285714,12,0.12244897959183673,"[0.07145129752202053, 0.20193011046842743]",25,0.25510204081632654,"[0.17917341706740808, 0.34950641514261227]",34,0.3469387755102041,"[0.26008447663750445, 0.44534041849375827]",1.1411564625850341
2000,0.5,0.95,1,90.0,98,29,105.5,130.0408163265306,9,0.09183673469387756,"[0.04906865909068409, 0.16539772792601637]",25,0.25510204081632654,"[0.17917341706740808, 0.34950641514261227]",42,0.42857142857142855,"[0.3351141839487037, 0.5274174337792189]",1.1410218253968256
1000,0.75,0.95,1,,98,29,114.0,137.77551020408163,12,0.12244897959183673,"[0.07145129752202053, 0.20193011046842743]",23,0.23469387755102042,"[0.1617836559088351, 0.3276194956520202]",37,0.37755102040816324,"[0.2879039439886928, 0.4764359721163174]",1.1351190476190478
1500,1.0,0.8,1,90.0,98,29,116.0,123.44897959183673,11,0.11224489795918367,"[0.0638420422031541, 0.18990102546271131]",23,0.23469387755102042,"[0.1617836559088351, 0.3276194956520202]",40,0.40816326530612246,"[0.3161068392771741, 0.5071480978015837]",1.133730158730159
1000,0.5,0.95,2,180.0,98,29,116.0,135.55102040816325,11,0.11224489795918367,"[0.0638420422031541, 0.18990102546271131]",25,0.25510204081632654,"[0.17917341706740808, 0.34950641514261227]",36,0.3673469387755102,"[0.27858728951874556, 0.46611428626168216]",1.1337301587301587
2000,1.0,0.95,3,90.0,98,29,106.5,127.0,9,0.09183673469387756,"[0.04906865909068409, 0.16539772792601637]",25,0.25510204081632654,"[0.17917341706740808, 0.34950641514261227]",41,0.41836734693877553,"[0.3255902758170348, 0.5173030015863054]",1.130123299319728
2000,0.75,0.8,1,180.0,98,29,110.0,129.55102040816325,11,0.11224489795918367,"[0.0638420422031541, 0.18990102546271131]",22,0.22448979591836735,"[0.15318132030764547, 0.31658349092862736]",41,0.41836734693877553,"[0.3255902758170348, 0.5173030015863054]",1.1276927437641724
1500,0.5,0.99,1,,98,29,110.5,139.3469387755102,11,0.11224489795918367,"[0.0638420422031541, 0.18990102546271131]",23,0.23469387755102042,"[0.1617836559088351, 0.3276194956520202]",39,0.3979591836734694,"[0.3066643027632052, 0.49695229399096996]",1.1273455215419501
1500,1.0,0.99,3,90.0,98,29,110.5,130.22448979591837,11,0.11224489795918367,"[0.0638420422031541, 0.18990102546271131]",22,0.22448979591836735,"[0.15318132030764547, 0.31658349092862736]",41,0.41836734693877553,"[0.3255902758170348, 0.5173030015863054]",1.1273455215419501
500,0.5,0.8,1,180.0,98,29,117.0,128.46938775510205,11,0.11224489795918367,"[0.0638420422031541, 0.18990102546271131]",23,0.23469387755102042,"[0.1617836559088351, 0.3276194956520202]",39,0.3979591836734694,"[0.3066643027632052, 0.49695229399096996]",1.1228316326530612
2000,0.75,0.8,2,180.0,98,29,112.5,130.16326530612244,11,0.11224489795918367,"[0.0638420422031541, 0.18990102546271131]",22,0.22448979591836735,"[0.15318132030764547, 0.31658349092862736]",40,0.40816326530612246,"[0.3161068392771741, 0.5071480978015837]",1.115752551020408
2000,1.0,0.95,3,,98,29,116.0,131.48979591836735,9,0.09183673469387756,"[0.04906865909068409, 0.16539772792601637]",26,0.2653061224489796,"[0.18795601447811167, 0.36036215805649113]",38,0.3877551020408163,"[0.297263154133494, 0.4867151022960987]",1.1133219954648528
500,0.5,0.8,2,,98,29,118.0,135.28571428571428,11,0.11224489795918367,"[0.0638420422031541, 0.18990102546271131]",24,0.24489795918367346,"[0.1704485358593521, 0.3385929560260857]",36,0.3673469387755102,"[0.27858728951874556, 0.46611428626168216]",1.1119331065759637
1000,0.75,0.8,1,180.0,98,29,114.0,131.40816326530611,8,0.08163265306122448,"[0.04194355683633026, 0.15288448985578768]",26,0.2653061224489796,"[0.18795601447811167, 0.36036215805649113]",40,0.40816326530612246,"[0.3161068392771741, 0.5071480978015837]",1.1045068027210885
500,0.75,0.99,1,,98,29,115.0,131.44897959183675,10,0.10204081632653061,"[0.056375395628467516, 0.17772933171281544]",24,0.24489795918367346,"[0.1704485358593521, 0.3385929560260857]",38,0.3877551020408163,"[0.297263154133494, 0.4867151022960987]",1.103812358276644
1500,1.0,0.8,3,90.0,98,29,116.0,126.20408163265306,11,0.11224489795918367,"[0.0638420422031541, 0.18990102546271131]",22,0.22448979591836735,"[0.15318132030764547, 0.31658349092862736]",39,0.3979591836734694,"[0.3066643027632052, 0.49695229399096996]",1.1031179138321996
1500,0.75,0.8,2,90.0,98,29,116.0,130.89795918367346,10,0.10204081632653061,"[0.056375395628467516, 0.17772933171281544]",25,0.25510204081632654,"[0.17917341706740808, 0.34950641514261227]",36,0.3673469387755102,"[0.27858728951874556, 0.46611428626168216]",1.1031179138321996
500,0.5,0.8,1,90.0,98,29,116.0,127.55102040816327,10,0.10204081632653061,"[0.056375395628467516, 0.17772933171281544]",23,0.23469387755102042,"[0.1617836559088351, 0.3276194956520202]",40,0.40816326530612246,"[0.3161068392771741, 0.5071480978015837]",1.1031179138321996
1500,1.0,0.8,2,90.0,98,29,116.0,124.9795918367347,10,0.10204081632653061,"[0.056375395628467516, 0.17772933171281544]",23,0.23469387755102042,"[0.1617836559088351, 0.3276194956520202]",40,0.40816326530612246,"[0.3161068392771741, 0.5071480978015837]",1.1031179138321996
2000,1.0,0.8,1,,98,29,119.5,130.85714285714286,10,0.10204081632653061,"[0.056375395628467516, 0.17772933171281544]",24,0.24489795918367346,"[0.1704485358593521, 0.3385929560260857]",38,0.3877551020408163,"[0.297263154133494, 0.4867151022960987]",1.1006873582766439
2000,1.0,0.8,2,,98,29,120.0,131.46938775510205,10,0.10204081632653061,"[0.056375395628467516, 0.17772933171281544]",24,0.24489795918367346,"[0.1704485358593521, 0.3385929560260857]",38,0.3877551020408163,"[0.297263154133494, 0.4867151022960987]",1.1003401360544218
1500,0.5,0.95,2,180.0,98,29,107.0,132.73469387755102,10,0.10204081632653061,"[0.056375395628467516, 0.17772933171281544]",22,0.22448979591836735,"[0.15318132030764547, 0.31658349092862736]",41,0.41836734693877553,"[0.3255902758170348, 0.5173030015863054]",1.0991638321995465
500,0.5,0.99,3,,98,29,122.5,138.59183673469389,10,0.10204081632653061,"[0.056375395628467516, 0.17772933171281544]",26,0.2653061224489796,"[0.18795601447811167, 0.36036215805649113]",34,0.3469387755102041,"[0.26008447663750445, 0.44534041849375827]",1.0986040249433107
1500,0.75,0.8,1,90.0,98,29,114.0,130.87755102040816,10,0.10204081632653061,"[0.056375395628467516, 0.17772933171281544]",24,0.24489795918367346,"[0.1704485358593521, 0.3385929560260857]",37,0.37755102040816324,"[0.2879039439886928, 0.4764359721163174]",1.0943027210884355
2000,1.0,0.95,3,180.0,98,29,114.0,130.57142857142858,9,0.09183673469387756,"[0.04906865909068409, 0.16539772792601637]",25,0.25510204081632654,"[0.17917341706740808, 0.34950641514261227]",38,0.3877551020408163,"[0.297263154133494, 0.4867151022960987]",1.0943027210884355
1000,0.75,0.8,2,180.0,98,29,116.0,132.0204081632653,8,0.08163265306122448,"[0.04194355683633026, 0.15288448985578768]",26,0.2653061224489796,"[0.18795601447811167, 0.36036215805649113]",39,0.3979591836734694,"[0.3066643027632052, 0.49695229399096996]",1.0929138321995466
1000,0.75,0.95,2,180.0,98,29,118.0,132.87755102040816,12,0.12244897959183673,"[0.07145129752202053, 0.20193011046842743]",23,0.23469387755102042,"[0.1617836559088351, 0.3276194956520202]",33,0.336734693877551,"[0.25089992900091485, 0.4348866258057654]",1.0915249433106577
500,0.75,0.95,3,,98,29,119.0,133.24489795918367,12,0.12244897959183673,"[0.07145129752202053, 0.20193011046842743]",23,0.23469387755102042,"[0.1617836559088351, 0.3276194956520202]",33,0.336734693877551,"[0.25089992900091485, 0.4348866258057654]",1.0908304988662132
1000,1.0,0.8,3,,98,29,117.0,132.55102040816325,10,0.10204081632653061,"[0.056375395628467516, 0.17772933171281544]",22,0.22448979591836735,"[0.15318132030764547, 0.31658349092862736]",40,0.40816326530612246,"[0.3161068392771741, 0.5071480978015837]",1.082015306122449
2000,0.75,0.8,1,,98,29,117.5,134.46938775510205,11,0.11224489795918367,"[0.0638420422031541, 0.18990102546271131]",21,0.21428571428571427,"[0.14464436812023418, 0.30548210279145616]",39,0.3979591836734694,"[0.3066643027632052, 0.49695229399096996]",1.0816680839002266
500,0.5,0.95,1,,98,29,119.0,132.6122448979592,9,0.09183673469387756,"[0.04906865909068409, 0.16539772792601637]",25,0.25510204081632654,"[0.17917341706740808, 0.34950641514261227]",37,0.37755102040816324,"[0.2879039439886928, 0.4764359721163174]",1.0806264172335602
500,0.75,0.99,2,,98,29,120.0,134.3469387755102,11,0.11224489795918367,"[0.0638420422031541, 0.18990102546271131]",24,0.24489795918367346,"[0.1704485358593521, 0.3385929560260857]",33,0.336734693877551,"[0.25089992900091485, 0.4348866258057654]",1.0799319727891157
1500,0.5,0.8,3,90.0,98,29,111.0,132.9591836734694,12,0.12244897959183673,"[0.07145129752202053, 0.20193011046842743]",19,0.19387755102040816,"[0.12777973480910126, 0.2830700554534241]",39,0.3979591836734694,"[0.3066643027632052, 0.49695229399096996]",1.0759778911564624
2000,0.75,0.8,3,180.0,98,29,117.0,132.30612244897958,11,0.11224489795918367,"[0.0638420422031541, 0.18990102546271131]",21,0.21428571428571427,"[0.14464436812023418, 0.30548210279145616]",38,0.3877551020408163,"[0.297263154133494, 0.4867151022960987]",1.0718112244897957
1000,0.5,0.99,2,,98,29,118.0,142.26530612244898,10,0.10204081632653061,"[0.056375395628467516, 0.17772933171281544]",24,0.24489795918367346,"[0.1704485358593521, 0.3385929560260857]",35,0.35714285714285715,"[0.26931387894509207, 0.4557493565107532]",1.0711167800453516
2000,0.75,0.8,2,,98,29,118.5,135.3877551020408,11,0.11224489795918367,"[0.0638420422031541, 0.18990102546271131]",21,0.21428571428571427,"[0.14464436812023418, 0.30548210279145616]",38,0.3877551020408163,"[0.297263154133494, 0.4867151022960987]",1.070769557823129
500,0.5,0.8,3,,98,29,119.0,138.14285714285714,10,0.10204081632653061,"[0.056375395628467516, 0.17772933171281544]",24,0.24489795918367346,"[0.1704485358593521, 0.3385929560260857]",35,0.35714285714285715,"[0.26931387894509207, 0.4557493565107532]",1.070422335600907
1500,0.5,0.95,1,180.0,98,29,108.5,137.30612244897958,10,0.10204081632653061,"[0.056375395628467516, 0.17772933171281544]",21,0.21428571428571427,"[0.14464436812023418, 0.30548210279145616]",40,0.40816326530612246,"[0.3161068392771741, 0.5071480978015837]",1.0675099206349206
1500,0.5,0.8,2,90.0,98,29,114.0,134.18367346938774,12,0.12244897959183673,"[0.07145129752202053, 0.20193011046842743]",19,0.19387755102040816,"[0.12777973480910126, 0.2830700554534241]",38,0.3877551020408163,"[0.297263154133494, 0.4867151022960987]",1.0636904761904762
1500,1.0,0.95,3,,98,29,118.0,135.6734693877551,11,0.11224489795918367,"[0.0638420422031541, 0.18990102546271131]",20,0.20408163265306123,"[0.1361759801787412, 0.29431215040836667]",39,0.3979591836734694,"[0.3066643027632052, 0.49695229399096996]",1.0609126984126984
2000,1.0,0.8,3,,98,29,120.0,133.91836734693877,10,0.10204081632653061,"[0.056375395628467516, 0.17772933171281544]",23,0.23469387755102042,"[0.1617836559088351, 0.3276194956520202]",36,0.3673469387755102,"[0.27858728951874556, 0.46611428626168216]",1.0595238095238095
2000,0.5,0.8,1,180.0,98,29,110.5,134.44897959183675,11,0.11224489795918367,"[0.0638420422031541, 0.18990102546271131]",20,0.20408163265306123,"[0.1361759801787412, 0.29431215040836667]",38,0.3877551020408163,"[0.297263154133494, 0.4867151022960987]",1.0559169501133787
500,0.5,0.95,3,,98,29,125.5,140.28571428571428,10,0.10204081632653061,"[0.056375395628467516, 0.17772933171281544]",25,0.25510204081632654,"[0.17917341706740808, 0.34950641514261227]",32,0.32653061224489793,"[0.2417611712469177, 0.42438704323518]",1.055704365079365
500,0.75,0.95,1,,98,29,114.0,129.9387755102041,10,0.10204081632653061,"[0.056375395628467516, 0.17772933171281544]",22,0.22448979591836735,"[0.15318132030764547, 0.31658349092862736]",37,0.37755102040816324,"[0.2879039439886928, 0.4764359721163174]",1.0534863945578232
1000,0.75,0.99,3,90.0,98,29,116.0,135.81632653061226,10,0.10204081632653061,"[0.056375395628467516, 0.17772933171281544]",22,0.22448979591836735,"[0.15318132030764547, 0.31658349092862736]",37,0.37755102040816324,"[0.2879039439886928, 0.4764359721163174]",1.0520975056689343
1000,1.0,0.8,1,,98,29,116.0,129.18367346938774,8,0.08163265306122448,"[0.04194355683633026, 0.15288448985578768]",23,0.23469387755102042,"[0.1617836559088351, 0.3276194956520202]",41,0.41836734693877553,"[0.3255902758170348, 0.5173030015863054]",1.0520975056689343
1000,1.0,0.8,2,,98,29,117.0,131.0204081632653,8,0.08163265306122448,"[0.04194355683633026, 0.15288448985578768]",23,0.23469387755102042,"[0.1617836559088351, 0.3276194956520202]",41,0.41836734693877553,"[0.3255902758170348, 0.5173030015863054]",1.0514030612244898
1000,0.75,0.99,3,180.0,98,29,118.0,136.79591836734693,11,0.11224489795918367,"[0.0638420422031541, 0.18990102546271131]",21,0.21428571428571427,"[0.14464436812023418, 0.30548210279145616]",36,0.3673469387755102,"[0.27858728951874556, 0.46611428626168216]",1.0507086167800455
1500,1.0,0.8,3,,98,29,119.0,134.55102040816325,11,0.11224489795918367,"[0.0638420422031541, 0.18990102546271131]",21,0.21428571428571427,"[0.14464436812023418, 0.30548210279145616]",36,0.3673469387755102,"[0.27858728951874556, 0.46611428626168216]",1.050014172335601
1500,1.0,0.8,2,,98,29,119.5,133.3265306122449,10,0.10204081632653061,"[0.056375395628467516, 0.17772933171281544]",22,0.22448979591836735,"[0.15318132030764547, 0.31658349092862736]",37,0.37755102040816324,"[0.2879039439886928, 0.4764359721163174]",1.0496669501133786
1500,1.0,0.95,3,90.0,98,29,110.5,128.69387755102042,10,0.10204081632653061,"[0.056375395628467516, 0.17772933171281544]",19,0.19387755102040816,"[0.12777973480910126, 0.2830700554534241]",42,0.42857142857142855,"[0.3351141839487037, 0.5274174337792189]",1.0457128684807255
2000,0.5,0.8,2,180.0,98,29,112.0,135.0612244897959,11,0.11224489795918367,"[0.0638420422031541, 0.18990102546271131]",20,0.20408163265306123,"[0.1361759801787412, 0.29431215040836667]",37,0.37755102040816324,"[0.2879039439886928, 0.4764359721163174]",1.0446712018140591
1500,1.0,0.99,3,180.0,98,29,114.0,133.81632653061226,10,0.10204081632653061,"[0.056375395628467516, 0.17772933171281544]",20,0.20408163265306123,"[0.1361759801787412, 0.29431215040836667]",40,0.40816326530612246,"[0.3161068392771741, 0.5071480978015837]",1.0432823129251703
1500,0.5,0.8,1,90.0,98,29,114.0,134.46938775510205,12,0.12244897959183673,"[0.07145129752202053, 0.20193011046842743]",18,0.1836734693877551,"[0.11945967624196774, 0.2717517736959752]",38,0.3877551020408163,"[0.297263154133494, 0.4867151022960987]",1.04328231292517
2000,0.5,0.95,3,180.0,98,29,114.0,136.0408163265306,10,0.10204081632653061,"[0.056375395628467516, 0.17772933171281544]",21,0.21428571428571427,"[0.14464436812023418, 0.30548210279145616]",38,0.3877551020408163,"[0.297263154133494, 0.4867151022960987]",1.04328231292517
1500,1.0,0.8,3,180.0,98,29,117.5,130.18367346938774,11,0.11224489795918367,"[0.0638420422031541, 0.18990102546271131]",20,0.20408163265306123,"[0.1361759801787412, 0.29431215040836667]",37,0.37755102040816324,"[0.2879039439886928, 0.4764359721163174]",1.0408517573696145
1500,1.0,0.8,2,180.0,98,29,118.5,128.9591836734694,10,0.10204081632653061,"[0.056375395628467516, 0.17772933171281544]",21,0.21428571428571427,"[0.14464436812023418, 0.30548210279145616]",38,0.3877551020408163,"[0.297263154133494, 0.4867151022960987]",1.04015731292517
2000,0.5,0.8,1,90.0,98,29,110.0,132.9795918367347,10,0.10204081632653061,"[0.056375395628467516, 0.17772933171281544]",20,0.20408163265306123,"[0.1361759801787412, 0.29431215040836667]",39,0.3979591836734694,"[0.3066643027632052, 0.49695229399096996]",1.0358560090702948
500,0.5,0.8,3,90.0,98,29,114.0,129.48979591836735,9,0.09183673469387756,"[0.04906865909068409, 0.16539772792601637]",22,0.22448979591836735,"[0.15318132030764547, 0.31658349092862736]",38,0.3877551020408163,"[0.297263154133494, 0.4867151022960987]",1.033078231292517
1500,1.0,0.95,3,180.0,98,29,116.0,133.71428571428572,11,0.11224489795918367,"[0.0638420422031541, 0.18990102546271131]",18,0.1836734693877551,"[0.11945967624196774, 0.2717517736959752]",40,0.40816326530612246,"[0.3161068392771741, 0.5071480978015837]",1.0316893424036282
1500,0.75,0.8,2,180.0,98,29,117.5,135.9591836734694,10,0.10204081632653061,"[0.056375395628467516, 0.17772933171281544]",22,0.22448979591836735,"[0.15318132030764547, 0.31658349092862736]",35,0.35714285714285715,"[0.26931387894509207, 0.4557493565107532]",1.0306476757369614
1500,1.0,0.99,3,,98,29,118.0,135.46938775510205,10,0.10204081632653061,"[0.056375395628467516, 0.17772933171281544]",20,0.20408163265306123,"[0.1361759801787412, 0.29431215040836667]",39,0.3979591836734694,"[0.3066643027632052, 0.49695229399096996]",1.0303004535147393
500,0.75,0.95,2,,98,29,119.0,133.44897959183675,11,0.11224489795918367,"[0.0638420422031541, 0.18990102546271131]",22,0.22448979591836735,"[0.15318132030764547, 0.31658349092862736]",32,0.32653061224489793,"[0.2417611712469177, 0.42438704323518]",1.0296060090702948
500,0.5,0.8,3,180.0,98,29,119.0,132.24489795918367,10,0.10204081632653061,"[0.056375395628467516, 0.17772933171281544]",22,0.22448979591836735,"[0.15318132030764547, 0.31658349092862736]",35,0.35714285714285715,"[0.26931387894509207, 0.4557493565107532]",1.0296060090702948
2000,0.75,0.8,3,,98,29,121.0,137.53061224489795,11,0.11224489795918367,"[0.0638420422031541, 0.18990102546271131]",20,0.20408163265306123,"[0.1361759801787412, 0.29431215040836667]",36,0.3673469387755102,"[0.27858728951874556, 0.46611428626168216]",1.0282171201814059
1000,0.5,0.99,3,180.0,98,29,121.0,143.59183673469389,9,0.09183673469387756,"[0.04906865909068409, 0.16539772792601637]",24,0.24489795918367346,"[0.1704485358593521, 0.3385929560260857]",34,0.3469387755102041,"[0.26008447663750445, 0.44534041849375827]",1.0282171201814059
2000,0.5,0.8,1,,98,29,107.0,132.75510204081633,10,0.10204081632653061,"[0.056375395628467516, 0.17772933171281544]",19,0.19387755102040816,"[0.12777973480910126, 0.2830700554534241]",40,0.40816326530612246,"[0.3161068392771741, 0.5071480978015837]",1.0277352607709749
2000,0.5,0.8,2,90.0,98,29,110.5,133.59183673469389,10,0.10204081632653061,"[0.056375395628467516, 0.17772933171281544]",20,0.20408163265306123,"[0.1361759801787412, 0.29431215040836667]",38,0.3877551020408163,"[0.297263154133494, 0.4867151022960987]",1.0253047052154194
1000,0.75,0.8,3,90.0,98,29,112.0,129.3877551020408,8,0.08163265306122448,"[0.04194355683633026, 0.15288448985578768]",22,0.22448979591836735,"[0.15318132030764547, 0.31658349092862736]",40,0.40816326530612246,"[0.3161068392771741, 0.5071480978015837]",1.0242630385487528
1500,0.75,0.8,1,180.0,98,29,116.0,135.9387755102041,10,0.10204081632653061,"[0.056375395628467516, 0.17772933171281544]",21,0.21428571428571427,"[0.14464436812023418, 0.30548210279145616]",36,0.3673469387755102,"[0.27858728951874556, 0.46611428626168216]",1.021485260770975
500,0.5,0.8,2,180.0,98,29,118.0,132.14285714285714,10,0.10204081632653061,"[0.056375395628467516, 0.17772933171281544]",21,0.21428571428571427,"[0.14464436812023418, 0.30548210279145616]",36,0.3673469387755102,"[0.27858728951874556, 0.46611428626168216]",1.0200963718820861
1500,1.0,0.8,1,,98,29,119.0,132.69387755102042,9,0.09183673469387756,"[0.04906865909068409, 0.16539772792601637]",22,0.22448979591836735,"[0.15318132030764547, 0.31658349092862736]",37,0.37755102040816324,"[0.2879039439886928, 0.4764359721163174]",1.0194019274376416
500,0.5,0.95,2,,98,29,122.5,138.9591836734694,9,0.09183673469387756,"[0.04906865909068409, 0.16539772792601637]",25,0.25510204081632654,"[0.17917341706740808, 0.34950641514261227]",31,0.3163265306122449,"[0.23266923518824523, 0.41384063896927004]",1.0169713718820863
2000,0.5,0.8,2,,98,29,110.0,133.9795918367347,10,0.10204081632653061,"[0.056375395628467516, 0.17772933171281544]",19,0.19387755102040816,"[0.12777973480910126, 0.2830700554534241]",39,0.3979591836734694,"[0.3066643027632052, 0.49695229399096996]",1.0154478458049887
1000,0.5,0.95,3,90.0,98,29,116.0,138.73469387755102,7,0.07142857142857142,"[0.03502800789949942, 0.14016169846803606]",24,0.24489795918367346,"[0.1704485358593521, 0.3385929560260857]",38,0.3877551020408163,"[0.297263154133494, 0.4867151022960987]",1.011281179138322
1500,1.0,0.8,1,180.0,98,29,117.5,128.3265306122449,9,0.09183673469387756,"[0.04906865909068409, 0.16539772792601637]",21,0.21428571428571427,"[0.14464436812023418, 0.30548210279145616]",38,0.3877551020408163,"[0.297263154133494, 0.4867151022960987]",1.0102395124716552
1500,0.75,0.99,2,,98,29,114.0,136.22448979591837,9,0.09183673469387756,"[0.04906865909068409, 0.16539772792601637]",21,0.21428571428571427,"[0.14464436812023418, 0.30548210279145616]",37,0.37755102040816324,"[0.2879039439886928, 0.4764359721163174]",1.002465986394558
1500,0.5,0.8,2,180.0,98,29,116.0,139.89795918367346,11,0.11224489795918367,"[0.0638420422031541, 0.18990102546271131]",18,0.1836734693877551,"[0.11945967624196774, 0.2717517736959752]",37,0.37755102040816324,"[0.2879039439886928, 0.4764359721163174]",1.001077097505669
1500,0.75,0.99,1,,98,29,116.0,141.40816326530611,9,0.09183673469387756,"[0.04906865909068409, 0.16539772792601637]",21,0.21428571428571427,"[0.14464436812023418, 0.30548210279145616]",37,0.37755102040816324,"[0.2879039439886928, 0.4764359721163174]",1.001077097505669
1000,0.5,0.99,3,90.0,98,29,116.0,137.59183673469389,8,0.08163265306122448,"[0.04194355683633026, 0.15288448985578768]",23,0.23469387755102042,"[0.1617836559088351, 0.3276194956520202]",36,0.3673469387755102,"[0.27858728951874556, 0.46611428626168216]",1.001077097505669
500,0.5,0.8,2,90.0,98,29,117.0,131.22448979591837,9,0.09183673469387756,"[0.04906865909068409, 0.16539772792601637]",21,0.21428571428571427,"[0.14464436812023418, 0.30548210279145616]",37,0.37755102040816324,"[0.2879039439886928, 0.4764359721163174]",1.0003826530612245
1000,0.75,0.99,2,,98,29,124.5,140.6122448979592,11,0.11224489795918367,"[0.0638420422031541, 0.18990102546271131]",21,0.21428571428571427,"[0.14464436812023418, 0.30548210279145616]",31,0.3163265306122449,"[0.23266923518824523, 0.41384063896927004]",0.9951743197278913
1500,0.5,0.99,3,90.0,98,29,110.5,133.24489795918367,9,0.09183673469387756,"[0.04906865909068409, 0.16539772792601637]",20,0.20408163265306123,"[0.1361759801787412, 0.29431215040836667]",38,0.3877551020408163,"[0.297263154133494, 0.4867151022960987]",0.9946924603174603
1500,0.5,0.8,3,180.0,98,29,117.0,140.51020408163265,11,0.11224489795918367,"[0.0638420422031541, 0.18990102546271131]",18,0.1836734693877551,"[0.11945967624196774, 0.2717517736959752]",36,0.3673469387755102,"[0.27858728951874556, 0.46611428626168216]",0.9901785714285714
1000,0.75,0.95,2,,98,29,122.5,142.9591836734694,11,0.11224489795918367,"[0.0638420422031541, 0.18990102546271131]",21,0.21428571428571427,"[0.14464436812023418, 0.30548210279145616]",30,0.30612244897959184,"[0.22362525822357754, 0.4032462756093553]",0.986359126984127
1500,0.5,0.95,3,90.0,98,29,110.5,134.75510204081633,8,0.08163265306122448,"[0.04194355683633026, 0.15288448985578768]",20,0.20408163265306123,"[0.1361759801787412, 0.29431215040836667]",40,0.40816326530612246,"[0.3161068392771741, 0.5071480978015837]",0.9844883786848073
1500,0.5,0.95,2,,98,29,112.0,138.16326530612244,9,0.09183673469387756,"[0.04906865909068409, 0.16539772792601637]",19,0.19387755102040816,"[0.12777973480910126, 0.2830700554534241]",39,0.3979591836734694,"[0.3066643027632052, 0.49695229399096996]",0.9834467120181405
2000,0.5,0.8,3,180.0,98,29,115.0,137.81632653061226,11,0.11224489795918367,"[0.0638420422031541, 0.18990102546271131]",18,0.1836734693877551,"[0.11945967624196774, 0.2717517736959752]",35,0.35714285714285715,"[0.26931387894509207, 0.4557493565107532]",0.9813633786848073
1500,0.75,0.95,2,,98,29,115.0,137.75510204081633,7,0.07142857142857142,"[0.03502800789949942, 0.14016169846803606]",23,0.23469387755102042,"[0.1617836559088351, 0.3276194956520202]",37,0.37755102040816324,"[0.2879039439886928, 0.4764359721163174]",0.981363378684807
1500,0.5,0.8,1,180.0,98,29,116.0,140.18367346938774,11,0.11224489795918367,"[0.0638420422031541, 0.18990102546271131]",17,0.17346938775510204,"[0.11122039941721075, 0.26035271019614964]",37,0.37755102040816324,"[0.2879039439886928, 0.4764359721163174]",0.9806689342403626
1500,0.75,0.95,1,,98,29,116.0,142.3265306122449,7,0.07142857142857142,"[0.03502800789949942, 0.14016169846803606]",23,0.23469387755102042,"[0.1617836559088351, 0.3276194956520202]",37,0.37755102040816324,"[0.2879039439886928, 0.4764359721163174]",0.9806689342403626
1500,0.75,0.99,3,90.0,98,29,111.0,134.6530612244898,8,0.08163265306122448,"[0.04194355683633026, 0.15288448985578768]",21,0.21428571428571427,"[0.14464436812023418, 0.30548210279145616]",37,0.37755102040816324,"[0.2879039439886928, 0.4764359721163174]",0.9739370748299319
2000,0.5,0.99,3,90.0,98,29,112.0,134.3877551020408,8,0.08163265306122448,"[0.04194355683633026, 0.15288448985578768]",22,0.22448979591836735,"[0.15318132030764547, 0.31658349092862736]",35,0.35714285714285715,"[0.26931387894509207, 0.4557493565107532]",0.9732426303854875
1000,0.5,0.95,1,,98,29,115.0,138.9795918367347,8,0.08163265306122448,"[0.04194355683633026, 0.15288448985578768]",21,0.21428571428571427,"[0.14464436812023418, 0.30548210279145616]",37,0.37755102040816324,"[0.2879039439886928, 0.4764359721163174]",0.9711592970521541
1500,0.75,0.8,3,90.0,98,29,116.0,132.73469387755102,8,0.08163265306122448,"[0.04194355683633026, 0.15288448985578768]",22,0.22448979591836735,"[0.15318132030764547, 0.31658349092862736]",35,0.35714285714285715,"[0.26931387894509207, 0.4557493565107532]",0.9704648526077096
2000,0.5,0.8,3,90.0,98,29,112.0,135.73469387755102,10,0.10204081632653061,"[0.056375395628467516, 0.17772933171281544]",18,0.1836734693877551,"[0.11945967624196774, 0.2717517736959752]",36,0.3673469387755102,"[0.27858728951874556, 0.46611428626168216]",0.9630385487528346
1500,0.75,0.95,3,90.0,98,29,112.0,134.48979591836735,8,0.08163265306122448,"[0.04194355683633026, 0.15288448985578768]",20,0.20408163265306123,"[0.1361759801787412, 0.29431215040836667]",37,0.37755102040816324,"[0.2879039439886928, 0.4764359721163174]",0.9528344671201816
1500,0.5,0.95,1,,98,29,114.0,141.81632653061226,9,0.09183673469387756,"[0.04906865909068409, 0.16539772792601637]",18,0.1836734693877551,"[0.11945967624196774, 0.2717517736959752]",38,0.3877551020408163,"[0.297263154133494, 0.4867151022960987]",0.9514455782312927
1500,0.5,0.8,2,,98,29,116.0,141.08163265306123,9,0.09183673469387756,"[0.04906865909068409, 0.16539772792601637]",18,0.1836734693877551,"[0.11945967624196774, 0.2717517736959752]",38,0.3877551020408163,"[0.297263154133494, 0.4867151022960987]",0.9500566893424037
2000,0.5,0.95,3,90.0,98,29,114.0,136.44897959183675,8,0.08163265306122448,"[0.04194355683633026, 0.15288448985578768]",20,0.20408163265306123,"[0.1361759801787412, 0.29431215040836667]",36,0.3673469387755102,"[0.27858728951874556, 0.46611428626168216]",0.9412414965986395
1000,0.75,0.95,3,90.0,98,29,116.0,134.89795918367346,8,0.08163265306122448,"[0.04194355683633026, 0.15288448985578768]",20,0.20408163265306123,"[0.1361759801787412, 0.29431215040836667]",36,0.3673469387755102,"[0.27858728951874556, 0.46611428626168216]",0.9398526077097505
1500,0.5,0.99,3,180.0,98,29,116.5,140.53061224489795,9,0.09183673469387756,"[0.04906865909068409, 0.16539772792601637]",19,0.19387755102040816,"[0.12777973480910126, 0.2830700554534241]",35,0.35714285714285715,"[0.26931387894509207, 0.4557493565107532]",0.9395053854875284
1000,0.5,0.95,3,180.0,98,29,122.5,145.08163265306123,8,0.08163265306122448,"[0.04194355683633026, 0.15288448985578768]",22,0.22448979591836735,"[0.15318132030764547, 0.31658349092862736]",32,0.32653061224489793,"[0.2417611712469177, 0.42438704323518]",0.9353387188208617
1500,0.5,0.8,1,,98,29,116.0,140.44897959183675,9,0.09183673469387756,"[0.04906865909068409, 0.16539772792601637]",17,0.17346938775510204,"[0.11122039941721075, 0.26035271019614964]",38,0.3877551020408163,"[0.297263154133494, 0.4867151022960987]",0.9296485260770974
1500,0.5,0.99,3,,98,29,119.5,144.28571428571428,9,0.09183673469387756,"[0.04906865909068409, 0.16539772792601637]",19,0.19387755102040816,"[0.12777973480910126, 0.2830700554534241]",34,0.3469387755102041,"[0.26008447663750445, 0.44534041849375827]",0.9272179705215419
2000,0.5,0.8,3,,98,29,117.0,141.3265306122449,10,0.10204081632653061,"[0.056375395628467516, 0.17772933171281544]",17,0.17346938775510204,"[0.11122039941721075, 0.26035271019614964]",34,0.3469387755102041,"[0.26008447663750445, 0.44534041849375827]",0.91875
1500,0.5,0.95,3,,98,29,119.5,144.59183673469389,9,0.09183673469387756,"[0.04906865909068409, 0.16539772792601637]",18,0.1836734693877551,"[0.11945967624196774, 0.2717517736959752]",35,0.35714285714285715,"[0.26931387894509207, 0.4557493565107532]",0.9170138888888889
1500,0.75,0.8,2,,98,29,120.5,141.0204081632653,9,0.09183673469387756,"[0.04906865909068409, 0.16539772792601637]",19,0.19387755102040816,"[0.12777973480910126, 0.2830700554534241]",33,0.336734693877551,"[0.25089992900091485, 0.4348866258057654]",0.9163194444444445
1000,0.5,0.8,1,,98,29,117.0,138.75510204081633,7,0.07142857142857142,"[0.03502800789949942, 0.14016169846803606]",20,0.20408163265306123,"[0.1361759801787412, 0.29431215040836667]",36,0.3673469387755102,"[0.27858728951874556, 0.46611428626168216]",0.908545918367347
1500,0.75,0.8,1,,98,29,119.5,140.3877551020408,9,0.09183673469387756,"[0.04906865909068409, 0.16539772792601637]",18,0.1836734693877551,"[0.11945967624196774, 0.2717517736959752]",34,0.3469387755102041,"[0.26008447663750445, 0.44534041849375827]",0.906809807256236
1000,0.75,0.99,3,,98,29,135.0,145.20408163265307,10,0.10204081632653061,"[0.056375395628467516, 0.17772933171281544]",19,0.19387755102040816,"[0.12777973480910126, 0.2830700554534241]",30,0.30612244897959184,"[0.22362525822357754, 0.4032462756093553]",0.90625
1500,0.75,0.8,3,180.0,98,29,118.5,138.10204081632654,8,0.08163265306122448,"[0.04194355683633026, 0.15288448985578768]",19,0.19387755102040816,"[0.12777973480910126, 0.2830700554534241]",34,0.3469387755102041,"[0.26008447663750445, 0.44534041849375827]",0.8973001700680272
1000,0.75,0.95,3,,98,29,135.0,147.55102040816325,10,0.10204081632653061,"[0.056375395628467516, 0.17772933171281544]",19,0.19387755102040816,"[0.12777973480910126, 0.2830700554534241]",29,0.29591836734693877,"[0.21463049371609197, 0.39260269979225826]",0.8960459183673469
1000,0.75,0.8,3,180.0,98,29,117.0,136.6122448979592,5,0.05102040816326531,"[0.02198698716599006, 0.11392603855238045]",21,0.21428571428571427,"[0.14464436812023418, 0.30548210279145616]",38,0.3877551020408163,"[0.297263154133494, 0.4867151022960987]",0.8881377551020407
1500,0.75,0.8,3,,98,29,119.5,141.3265306122449,9,0.09183673469387756,"[0.04906865909068409, 0.16539772792601637]",18,0.1836734693877551,"[0.11945967624196774, 0.2717517736959752]",32,0.32653061224489793,"[0.2417611712469177, 0.42438704323518]",0.8864016439909298
1000,0.5,0.8,2,,98,29,120.0,143.0408163265306,7,0.07142857142857142,"[0.03502800789949942, 0.14016169846803606]",20,0.20408163265306123,"[0.1361759801787412, 0.29431215040836667]",33,0.336734693877551,"[0.25089992900091485, 0.4348866258057654]",0.8758503401360543
1500,0.5,0.8,3,,98,29,121.5,147.81632653061226,9,0.09183673469387756,"[0.04906865909068409, 0.16539772792601637]",17,0.17346938775510204,"[0.11122039941721075, 0.26035271019614964]",33,0.336734693877551,"[0.25089992900091485, 0.4348866258057654]",0.8748086734693877
1000,0.5,0.99,3,,98,29,128.0,152.10204081632654,7,0.07142857142857142,"[0.03502800789949942, 0.14016169846803606]",21,0.21428571428571427,"[0.14464436812023418, 0.30548210279145616]",31,0.3163265306122449,"[0.23266923518824523, 0.41384063896927004]",0.8702947845804988
1500,0.5,0.95,3,180.0,98,29,118.0,141.9387755102041,8,0.08163265306122448,"[0.04194355683633026, 0.15288448985578768]",17,0.17346938775510204,"[0.11122039941721075, 0.26035271019614964]",35,0.35714285714285715,"[0.26931387894509207, 0.4557493565107532]",0.8670351473922903
1000,0.75,0.8,1,,98,29,119.0,137.75510204081633,6,0.061224489795918366,"[0.028358937185437583, 0.1271924288575154]",20,0.20408163265306123,"[0.1361759801787412, 0.29431215040836667]",35,0.35714285714285715,"[0.26931387894509207, 0.4557493565107532]",0.8663407029478458
1500,0.75,0.95,3,180.0,98,29,116.0,138.20408163265307,6,0.061224489795918366,"[0.028358937185437583, 0.1271924288575154]",19,0.19387755102040816,"[0.12777973480910126, 0.2830700554534241]",36,0.3673469387755102,"[0.27858728951874556, 0.46611428626168216]",0.858219954648526
1000,0.5,0.8,3,90.0,98,29,118.0,141.20408163265307,6,0.061224489795918366,"[0.028358937185437583, 0.1271924288575154]",20,0.20408163265306123,"[0.1361759801787412, 0.29431215040836667]",34,0.3469387755102041,"[0.26008447663750445, 0.44534041849375827]",0.8568310657596371
1000,0.5,0.8,1,90.0,98,29,120.0,140.89795918367346,7,0.07142857142857142,"[0.03502800789949942, 0.14016169846803606]",19,0.19387755102040816,"[0.12777973480910126, 0.2830700554534241]",33,0.336734693877551,"[0.25089992900091485, 0.4348866258057654]",0.8554421768707482
1000,0.5,0.8,1,180.0,98,29,120.0,141.6326530612245,7,0.07142857142857142,"[0.03502800789949942, 0.14016169846803606]",19,0.19387755102040816,"[0.12777973480910126, 0.2830700554534241]",33,0.336734693877551,"[0.25089992900091485, 0.4348866258057654]",0.8554421768707482
1000,0.75,0.8,2,,98,29,120.0,138.6734693877551,6,0.061224489795918366,"[0.028358937185437583, 0.1271924288575154]",20,0.20408163265306123,"[0.1361759801787412, 0.29431215040836667]",34,0.3469387755102041,"[0.26008447663750445, 0.44534041849375827]",0.8554421768707482
1000,0.75,0.95,3,180.0,98,29,130.0,140.26530612244898,8,0.08163265306122448,"[0.04194355683633026, 0.15288448985578768]",18,0.1836734693877551,"[0.11945967624196774, 0.2717517736959752]",32,0.32653061224489793,"[0.2417611712469177, 0.42438704323518]",0.8484977324263038
1500,0.75,0.99,3,,98,29,119.5,141.73469387755102,8,0.08163265306122448,"[0.04194355683633026, 0.15288448985578768]",17,0.17346938775510204,"[0.11122039941721075, 0.26035271019614964]",33,0.336734693877551,"[0.25089992900091485, 0.4348866258057654]",0.8455853174603175
1000,0.5,0.8,2,90.0,98,29,122.5,141.51020408163265,7,0.07142857142857142,"[0.03502800789949942, 0.14016169846803606]",19,0.19387755102040816,"[0.12777973480910126, 0.2830700554534241]",32,0.32653061224489793,"[0.2417611712469177, 0.42438704323518]",0.8435019841269842
1000,0.5,0.8,2,180.0,98,29,122.5,142.24489795918367,7,0.07142857142857142,"[0.03502800789949942, 0.14016169846803606]",19,0.19387755102040816,"[0.12777973480910126, 0.2830700554534241]",32,0.32653061224489793,"[0.2417611712469177, 0.42438704323518]",0.8435019841269842
1500,0.75,0.99,3,180.0,98,29,116.0,139.16326530612244,6,0.061224489795918366,"[0.028358937185437583, 0.1271924288575154]",18,0.1836734693877551,"[0.11945967624196774, 0.2717517736959752]",35,0.35714285714285715,"[0.26931387894509207, 0.4557493565107532]",0.8276077097505669
1500,0.75,0.95,3,,98,29,119.5,143.26530612244898,6,0.061224489795918366,"[0.028358937185437583, 0.1271924288575154]",19,0.19387755102040816,"[0.12777973480910126, 0.2830700554534241]",33,0.336734693877551,"[0.25089992900091485, 0.4348866258057654]",0.8251771541950114
1000,0.5,0.95,2,,98,29,121.0,146.6122448979592,7,0.07142857142857142,"[0.03502800789949942, 0.14016169846803606]",19,0.19387755102040816,"[0.12777973480910126, 0.2830700554534241]",30,0.30612244897959184,"[0.22362525822357754, 0.4032462756093553]",0.8241354875283446
1000,0.5,0.8,3,180.0,98,29,125.5,144.3877551020408,6,0.061224489795918366,"[0.028358937185437583, 0.1271924288575154]",20,0.20408163265306123,"[0.1361759801787412, 0.29431215040836667]",31,0.3163265306122449,"[0.23266923518824523, 0.41384063896927004]",0.8210104875283447
1000,0.5,0.95,3,,98,29,128.0,152.73469387755102,7,0.07142857142857142,"[0.03502800789949942, 0.14016169846803606]",19,0.19387755102040816,"[0.12777973480910126, 0.2830700554534241]",29,0.29591836734693877,"[0.21463049371609197, 0.39260269979225826]",0.8090702947845805
1000,0.5,0.8,3,,98,29,129.0,148.85714285714286,6,0.061224489795918366,"[0.028358937185437583, 0.1271924288575154]",20,0.20408163265306123,"[0.1361759801787412, 0.29431215040836667]",30,0.30612244897959184,"[0.22362525822357754, 0.4032462756093553]",0.808375850340136
1000,0.75,0.8,3,,98,29,118.0,140.51020408163265,6,0.061224489795918366,"[0.028358937185437583, 0.1271924288575154]",18,0.1836734693877551,"[0.11945967624196774, 0.2717517736959752]",33,0.336734693877551,"[0.25089992900091485, 0.4348866258057654]",0.8058106575963718
