night,phase,variant,rank,slot_time,score
2026-08-15,selection,baseline,1,2026-08-16T00:20:00+09:00,0.9994934435320175
2026-08-15,selection,baseline,2,2026-08-16T00:50:00+09:00,0.9994934435320175
2026-08-15,selection,baseline,3,2026-08-16T00:20:00+09:00,0.9977820567294949
2026-08-15,selection,baseline,4,2026-08-16T00:50:00+09:00,0.9977820567294949
2026-08-15,selection,baseline,5,2026-08-16T00:20:00+09:00,0.9964187787787193
2026-08-15,selection,baseline,6,2026-08-16T00:50:00+09:00,0.9964187787787193
2026-08-15,selection,baseline,7,2026-08-16T00:10:00+09:00,0.9938023218795891
2026-08-15,selection,baseline,8,2026-08-16T00:40:00+09:00,0.9938023218795891
2026-08-15,selection,baseline,9,2026-08-16T00:10:00+09:00,0.9926899782571298
2026-08-15,selection,baseline,10,2026-08-16T00:40:00+09:00,0.9926899782571298
2026-08-15,selection,baseline,11,2026-08-16T01:50:00+09:00,0.9893297324624103
2026-08-15,selection,baseline,12,2026-08-16T01:10:00+09:00,0.9893297324624103
2026-08-15,selection,baseline,13,2026-08-16T00:50:00+09:00,0.9843775294145576
2026-08-15,selection,baseline,14,2026-08-16T00:20:00+09:00,0.9843775294145576
2026-08-15,selection,baseline,15,2026-08-16T00:00:00+09:00,0.9834410415133711
2026-08-15,selection,baseline,16,2026-08-16T00:40:00+09:00,0.9834410415133711
2026-08-15,selection,baseline,17,2026-08-16T01:30:00+09:00,0.9810454211772618
2026-08-15,selection,baseline,18,2026-08-16T01:30:00+09:00,0.9801121032783929
2026-08-15,selection,baseline,19,2026-08-16T00:50:00+09:00,0.9767936507125834
2026-08-15,selection,baseline,20,2026-08-16T00:10:00+09:00,0.9767936507125834
2026-08-15,selection,baseline,21,2026-08-16T00:40:00+09:00,0.9740161514285572
2026-08-15,selection,baseline,22,2026-08-16T00:10:00+09:00,0.9740161514285572
2026-08-15,selection,baseline,23,2026-08-16T01:20:00+09:00,0.9734872138299644
2026-08-15,selection,baseline,24,2026-08-16T01:50:00+09:00,0.9734872138299644
2026-08-15,selection,baseline,25,2026-08-16T01:10:00+09:00,0.9707191163536459
2026-08-15,selection,baseline,26,2026-08-16T01:50:00+09:00,0.9707191163536459
2026-08-15,selection,baseline,27,2026-08-16T00:20:00+09:00,0.9690716465042178
2026-08-15,selection,baseline,28,2026-08-16T00:50:00+09:00,0.9690716465042178
2026-08-15,selection,baseline,29,2026-08-16T01:50:00+09:00,0.9657913485297538
2026-08-15,selection,baseline,30,2026-08-16T01:20:00+09:00,0.9657913485297538
2026-08-15,selection,baseline,31,2026-08-16T00:40:00+09:00,0.9649136048048711
2026-08-15,selection,baseline,32,2026-08-16T00:00:00+09:00,0.9649136048048711
2026-08-15,selection,baseline,33,2026-08-16T00:20:00+09:00,0.9631356047836114
2026-08-15,selection,baseline,34,2026-08-16T00:50:00+09:00,0.9631356047836114
2026-08-15,selection,baseline,35,2026-08-16T00:40:00+09:00,0.961150911865262
2026-08-15,selection,baseline,36,2026-08-16T00:10:00+09:00,0.961150911865262
2026-08-15,selection,baseline,37,2026-08-16T00:10:00+09:00,0.9602158394570598
2026-08-15,selection,baseline,38,2026-08-16T00:40:00+09:00,0.9602158394570598
2026-08-15,selection,baseline,39,2026-08-16T01:40:00+09:00,0.9598754002518795
2026-08-15,selection,baseline,40,2026-08-16T00:40:00+09:00,0.9598697117831596
2026-08-15,selection,baseline,41,2026-08-16T00:00:00+09:00,0.9598697117831596
2026-08-15,selection,baseline,42,2026-08-16T01:10:00+09:00,0.9578974254995022
2026-08-15,selection,baseline,43,2026-08-16T01:40:00+09:00,0.9578974254995022
2026-08-15,selection,baseline,44,2026-08-16T01:40:00+09:00,0.9575185512328767
2026-08-15,selection,baseline,45,2026-08-16T01:10:00+09:00,0.9575185512328767
2026-08-15,selection,baseline,46,2026-08-16T01:30:00+09:00,0.9569655183021878
2026-08-15,selection,baseline,47,2026-08-16T01:50:00+09:00,0.956620562267053
2026-08-15,selection,baseline,48,2026-08-16T01:10:00+09:00,0.956620562267053
2026-08-15,selection,baseline,49,2026-08-16T00:00:00+09:00,0.9552553483625229
2026-08-15,selection,baseline,50,2026-08-16T00:50:00+09:00,0.9552553483625229
2026-08-15,selection,baseline,51,2026-08-16T01:20:00+09:00,0.9539845540300705
2026-08-15,selection,baseline,52,2026-08-16T01:50:00+09:00,0.9539845540300705
2026-08-15,selection,baseline,53,2026-08-16T01:30:00+09:00,0.9523510900127299
2026-08-15,selection,baseline,54,2026-08-16T01:30:00+09:00,0.9520218184211267
2026-08-15,selection,baseline,55,2026-08-16T01:40:00+09:00,0.9510498847709088
2026-08-15,selection,baseline,56,2026-08-16T00:20:00+09:00,0.9475069154590887
2026-08-15,selection,baseline,57,2026-08-16T00:50:00+09:00,0.9475069154590887
2026-08-15,selection,baseline,58,2026-08-16T00:50:00+09:00,0.9472397347626966
2026-08-15,selection,baseline,59,2026-08-16T00:00:00+09:00,0.9472397347626966
2026-08-15,selection,baseline,60,2026-08-16T01:30:00+09:00,0.9442996138867198
2026-08-15,selection,baseline,61,2026-08-16T00:30:00+09:00,0.9418958043940214
2026-08-15,selection,baseline,62,2026-08-16T00:00:00+09:00,0.9418958043940214
2026-08-15,selection,baseline,63,2026-08-16T00:10:00+09:00,0.9411502645532867
2026-08-15,selection,baseline,64,2026-08-16T00:50:00+09:00,0.9411502645532867
2026-08-15,selection,baseline,65,2026-08-16T01:40:00+09:00,0.9387074963773174
2026-08-15,selection,baseline,66,2026-08-16T01:00:00+09:00,0.9387074963773174
2026-08-15,selection,baseline,67,2026-08-16T00:10:00+09:00,0.937774486250288
2026-08-15,selection,baseline,68,2026-08-16T00:40:00+09:00,0.937774486250288
2026-08-15,selection,baseline,69,2026-08-16T01:50:00+09:00,0.9366412396632334
2026-08-15,selection,baseline,70,2026-08-16T01:20:00+09:00,0.9366412396632334
2026-08-15,selection,baseline,71,2026-08-16T01:10:00+09:00,0.9346001288548903
2026-08-15,selection,baseline,72,2026-08-16T01:40:00+09:00,0.9346001288548903
2026-08-15,selection,baseline,73,2026-08-15T23:50:00+09:00,0.9328530981683463
2026-08-15,selection,baseline,74,2026-08-15T23:10:00+09:00,0.9328530981683463
2026-08-15,selection,baseline,75,2026-08-15T23:00:00+09:00,0.9312558165741259
2026-08-15,selection,baseline,76,2026-08-15T23:30:00+09:00,0.9312558165741259
2026-08-15,selection,baseline,77,2026-08-16T01:30:00+09:00,0.930983479756468
2026-08-15,selection,baseline,78,2026-08-15T23:10:00+09:00,0.9299834339804477
2026-08-15,selection,baseline,79,2026-08-15T23:40:00+09:00,0.9299834339804477
2026-08-15,selection,baseline,80,2026-08-15T23:00:00+09:00,0.9207461268392831
2026-08-15,selection,baseline,81,2026-08-15T23:40:00+09:00,0.9207461268392831
2026-08-15,selection,baseline,82,2026-08-16T00:10:00+09:00,0.9205785275527618
2026-08-15,selection,baseline,83,2026-08-16T00:40:00+09:00,0.9205785275527618
2026-08-15,selection,baseline,84,2026-08-16T00:50:00+09:00,0.9190478132885662
2026-08-15,selection,baseline,85,2026-08-16T00:20:00+09:00,0.9190478132885662
2026-08-15,selection,baseline,86,2026-08-16T01:40:00+09:00,0.9159368454966167
2026-08-15,selection,baseline,87,2026-08-16T00:50:00+09:00,0.9139178770729912
2026-08-15,selection,baseline,88,2026-08-16T00:00:00+09:00,0.9139178770729912
2026-08-15,selection,baseline,89,2026-08-16T00:30:00+09:00,0.9130659322458016
2026-08-15,selection,baseline,90,2026-08-16T00:00:00+09:00,0.9130659322458016
2026-08-15,selection,baseline,91,2026-08-16T01:20:00+09:00,0.9108242740645824
2026-08-15,selection,baseline,92,2026-08-16T01:50:00+09:00,0.9108242740645824
2026-08-15,selection,baseline,93,2026-08-16T00:20:00+09:00,0.9076043291167434
2026-08-15,selection,baseline,94,2026-08-16T00:50:00+09:00,0.9076043291167434
2026-08-15,selection,baseline,95,2026-08-16T00:10:00+09:00,0.9028968995264819
2026-08-15,selection,baseline,96,2026-08-16T00:40:00+09:00,0.9028968995264819
2026-08-15,selection,baseline,97,2026-08-15T23:30:00+09:00,0.9024572081783926
2026-08-15,selection,baseline,98,2026-08-15T23:00:00+09:00,0.9024572081783926
2026-08-15,selection,baseline,99,2026-08-16T01:30:00+09:00,0.9019652535498579
2026-08-15,selection,baseline,100,2026-08-16T00:50:00+09:00,0.901637932938465
2026-08-15,selection,baseline,101,2026-08-16T00:20:00+09:00,0.901637932938465
2026-08-15,selection,baseline,102,2026-08-16T01:20:00+09:00,0.9007625715294402
2026-08-15,selection,baseline,103,2026-08-16T01:50:00+09:00,0.9007625715294402
2026-08-15,selection,baseline,104,2026-08-16T00:10:00+09:00,0.9003736542562142
2026-08-15,selection,baseline,105,2026-08-16T00:40:00+09:00,0.9003736542562142
2026-08-15,selection,baseline,106,2026-08-16T01:50:00+09:00,0.8986632791905329
2026-08-15,selection,baseline,107,2026-08-16T01:00:00+09:00,0.8986632791905329
2026-08-15,selection,baseline,108,2026-08-16T02:20:00+09:00,0.895850089561062
2026-08-15,selection,baseline,109,2026-08-16T02:50:00+09:00,0.895850089561062
2026-08-15,selection,baseline,110,2026-08-15T23:40:00+09:00,0.8949003379168794
2026-08-15,selection,baseline,111,2026-08-15T23:10:00+09:00,0.8949003379168794
2026-08-15,selection,baseline,112,2026-08-15T23:30:00+09:00,0.8940489741726001
2026-08-15,selection,baseline,113,2026-08-15T23:00:00+09:00,0.8940489741726001
2026-08-15,selection,baseline,114,2026-08-15T23:20:00+09:00,0.891690478792415
2026-08-15,selection,baseline,115,2026-08-16T01:50:00+09:00,0.8902995353060512
2026-08-15,selection,baseline,116,2026-08-16T01:10:00+09:00,0.8902995353060512
2026-08-15,selection,baseline,117,2026-08-16T00:30:00+09:00,0.8884296397442375
2026-08-15,selection,baseline,118,2026-08-16T00:00:00+09:00,0.8884296397442375
2026-08-15,selection,baseline,119,2026-08-16T02:10:00+09:00,0.8883485450676197
2026-08-15,selection,baseline,120,2026-08-16T02:40:00+09:00,0.8883485450676197
2026-08-15,selection,baseline,121,2026-08-15T23:00:00+09:00,0.8880058127877314
2026-08-15,selection,baseline,122,2026-08-15T23:40:00+09:00,0.8880058127877314
2026-08-15,selection,baseline,123,2026-08-16T02:20:00+09:00,0.887503414373721
2026-08-15,selection,baseline,124,2026-08-16T02:50:00+09:00,0.887503414373721
2026-08-15,selection,baseline,125,2026-08-16T01:30:00+09:00,0.8868144334785281
2026-08-15,selection,baseline,126,2026-08-15T23:30:00+09:00,0.8854807804972065
2026-08-15,selection,baseline,127,2026-08-15T23:00:00+09:00,0.8854807804972065
2026-08-15,selection,baseline,128,2026-08-16T00:00:00+09:00,0.8849864235914174
2026-08-15,selection,baseline,129,2026-08-16T00:40:00+09:00,0.8849864235914174
2026-08-15,selection,baseline,130,2026-08-15T23:20:00+09:00,0.8824280744141803
2026-08-15,selection,baseline,131,2026-08-16T02:20:00+09:00,0.8815044965094666
2026-08-15,selection,baseline,132,2026-08-16T02:50:00+09:00,0.8815044965094666
2026-08-15,selection,baseline,133,2026-08-15T23:30:00+09:00,0.8809857173782275
2026-08-15,selection,baseline,134,2026-08-15T23:00:00+09:00,0.8809857173782275
2026-08-15,selection,baseline,135,2026-08-16T02:40:00+09:00,0.8789979506221804
2026-08-15,selection,baseline,136,2026-08-15T23:10:00+09:00,0.8755892454120108
2026-08-15,selection,baseline,137,2026-08-15T23:40:00+09:00,0.8755892454120108
2026-08-15,selection,baseline,138,2026-08-16T00:50:00+09:00,0.8751567641612296
2026-08-15,selection,baseline,139,2026-08-16T00:20:00+09:00,0.8751567641612296
2026-08-15,selection,baseline,140,2026-08-16T01:20:00+09:00,0.8750844695988784
2026-08-15,selection,baseline,141,2026-08-16T01:50:00+09:00,0.8750844695988784
2026-08-15,selection,baseline,142,2026-08-16T02:40:00+09:00,0.8745357970028989
2026-08-15,selection,baseline,143,2026-08-15T23:00:00+09:00,0.8737849555839522
2026-08-15,selection,baseline,144,2026-08-15T23:40:00+09:00,0.8737849555839522
2026-08-15,selection,baseline,145,2026-08-15T23:20:00+09:00,0.8729348786682646
2026-08-15,selection,baseline,146,2026-08-15T23:20:00+09:00,0.8726202130414294
2026-08-15,selection,baseline,147,2026-08-16T00:30:00+09:00,0.8715171431456105
2026-08-15,selection,baseline,148,2026-08-16T00:00:00+09:00,0.8715171431456105
2026-08-15,selection,baseline,149,2026-08-15T23:00:00+09:00,0.8714402255526794
2026-08-15,selection,baseline,150,2026-08-15T23:30:00+09:00,0.8714402255526794
2026-08-15,selection,baseline,151,2026-08-16T02:20:00+09:00,0.8691788339796799
2026-08-15,selection,baseline,152,2026-08-16T02:50:00+09:00,0.8691788339796799
2026-08-15,selection,baseline,153,2026-08-16T01:20:00+09:00,0.8685670662037412
2026-08-15,selection,baseline,154,2026-08-16T01:50:00+09:00,0.8685670662037412
2026-08-15,selection,baseline,155,2026-08-15T23:30:00+09:00,0.8684252824776904
2026-08-15,selection,baseline,156,2026-08-15T23:00:00+09:00,0.8684252824776904
2026-08-15,selection,baseline,157,2026-08-16T02:40:00+09:00,0.8673877538160863
2026-08-15,selection,baseline,158,2026-08-16T02:10:00+09:00,0.8673877538160863
2026-08-15,selection,baseline,159,2026-08-16T02:30:00+09:00,0.8665439005295802
2026-08-15,selection,baseline,160,2026-08-16T02:00:00+09:00,0.8665439005295802
2026-08-15,selection,baseline,161,2026-08-16T02:20:00+09:00,0.8662315386497842
2026-08-15,selection,baseline,162,2026-08-16T02:50:00+09:00,0.8662315386497842
2026-08-15,selection,baseline,163,2026-08-16T01:40:00+09:00,0.8653740879007586
2026-08-15,selection,baseline,164,2026-08-16T01:10:00+09:00,0.8653740879007586
2026-08-15,selection,baseline,165,2026-08-16T01:30:00+09:00,0.8653647924608991
2026-08-15,selection,baseline,166,2026-08-16T00:40:00+09:00,0.8636856357752908
2026-08-15,selection,baseline,167,2026-08-16T00:10:00+09:00,0.8636856357752908
2026-08-15,selection,baseline,168,2026-08-16T01:30:00+09:00,0.863512258561824
2026-08-15,selection,baseline,169,2026-08-16T02:20:00+09:00,0.8620673202390147
2026-08-15,selection,baseline,170,2026-08-16T02:50:00+09:00,0.8620673202390147
2026-08-15,selection,baseline,171,2026-08-15T23:10:00+09:00,0.8613811606683136
2026-08-15,selection,baseline,172,2026-08-15T23:40:00+09:00,0.8613811606683136
2026-08-15,selection,baseline,173,2026-08-16T00:40:00+09:00,0.8591895698557417
2026-08-15,selection,baseline,174,2026-08-16T00:10:00+09:00,0.8591895698557417
2026-08-15,selection,baseline,175,2026-08-16T00:00:00+09:00,0.8591818748265515
2026-08-15,selection,baseline,176,2026-08-16T00:30:00+09:00,0.8591818748265515
2026-08-15,selection,baseline,177,2026-08-15T23:30:00+09:00,0.8591402484200921
2026-08-15,selection,baseline,178,2026-08-15T23:00:00+09:00,0.8591402484200921
2026-08-15,selection,baseline,179,2026-08-16T00:10:00+09:00,0.8590839139448129
2026-08-15,selection,baseline,180,2026-08-16T00:40:00+09:00,0.8590839139448129
2026-08-15,selection,baseline,181,2026-08-16T01:50:00+09:00,0.8562812216279864
2026-08-15,selection,baseline,182,2026-08-16T01:20:00+09:00,0.8562812216279864
2026-08-15,selection,baseline,183,2026-08-15T23:30:00+09:00,0.8562800840608414
2026-08-15,selection,baseline,184,2026-08-15T23:00:00+09:00,0.8562800840608414
2026-08-15,selection,baseline,185,2026-08-16T01:30:00+09:00,0.8562735526463942
2026-08-15,selection,baseline,186,2026-08-16T01:00:00+09:00,0.8562735526463942
2026-08-15,selection,baseline,187,2026-08-16T02:10:00+09:00,0.8550747702359548
2026-08-15,selection,baseline,188,2026-08-16T02:40:00+09:00,0.8550747702359548
2026-08-15,selection,baseline,189,2026-08-16T00:30:00+09:00,0.8531318630124662
2026-08-15,selection,baseline,190,2026-08-16T00:00:00+09:00,0.8531318630124662
2026-08-15,selection,baseline,191,2026-08-15T23:20:00+09:00,0.85253338232367
2026-08-15,selection,baseline,192,2026-08-16T01:10:00+09:00,0.8514396642638883
2026-08-15,selection,baseline,193,2026-08-16T01:50:00+09:00,0.8514396642638883
2026-08-15,selection,baseline,194,2026-08-16T02:40:00+09:00,0.8500110399069724
2026-08-15,selection,baseline,195,2026-08-16T02:10:00+09:00,0.8500110399069724
2026-08-15,selection,baseline,196,2026-08-16T00:40:00+09:00,0.8483828309566495
2026-08-15,selection,baseline,197,2026-08-16T00:10:00+09:00,0.8483828309566495
2026-08-15,selection,baseline,198,2026-08-15T23:50:00+09:00,0.8479161182140514
2026-08-15,selection,baseline,199,2026-08-15T23:20:00+09:00,0.8479161182140514
2026-08-15,selection,baseline,200,2026-08-16T02:30:00+09:00,0.8462917687255956
2026-08-15,selection,baseline,201,2026-08-15T23:10:00+09:00,0.8460178076864694
2026-08-15,selection,baseline,202,2026-08-15T23:50:00+09:00,0.8460178076864694
2026-08-15,selection,baseline,203,2026-08-16T00:20:00+09:00,0.845622561844939
2026-08-15,selection,baseline,204,2026-08-16T00:50:00+09:00,0.845622561844939
2026-08-15,selection,baseline,205,2026-08-15T23:40:00+09:00,0.8445064229266477
2026-08-15,selection,baseline,206,2026-08-15T23:00:00+09:00,0.8445064229266477
2026-08-15,selection,baseline,207,2026-08-16T02:30:00+09:00,0.8444214150249804
2026-08-15,selection,baseline,208,2026-08-15T23:20:00+09:00,0.8432627607630602
2026-08-15,selection,baseline,209,2026-08-15T23:50:00+09:00,0.8432627607630602
2026-08-15,selection,baseline,210,2026-08-15T23:20:00+09:00,0.8430970937544146
2026-08-15,selection,baseline,211,2026-08-15T23:50:00+09:00,0.8430970937544146
2026-08-15,selection,baseline,212,2026-08-15T23:00:00+09:00,0.8425229836463789
2026-08-15,selection,baseline,213,2026-08-15T23:50:00+09:00,0.8425229836463789
2026-08-15,selection,baseline,214,2026-08-16T00:10:00+09:00,0.8419692912103719
2026-08-15,selection,baseline,215,2026-08-16T00:40:00+09:00,0.8419692912103719
2026-08-15,selection,baseline,216,2026-08-16T01:30:00+09:00,0.8408122303621032
2026-08-15,selection,baseline,217,2026-08-16T00:10:00+09:00,0.8385125016091038
2026-08-15,selection,baseline,218,2026-08-16T00:40:00+09:00,0.8385125016091038
2026-08-15,selection,baseline,219,2026-08-15T23:10:00+09:00,0.8375812878921572
2026-08-15,selection,baseline,220,2026-08-15T23:30:00+09:00,0.8355089120764971
2026-08-15,selection,baseline,221,2026-08-15T23:00:00+09:00,0.8355089120764971
2026-08-15,selection,baseline,222,2026-08-15T23:10:00+09:00,0.8329969036603333
2026-08-15,selection,baseline,223,2026-08-16T02:50:00+09:00,0.8329289299967925
2026-08-15,selection,baseline,224,2026-08-16T02:20:00+09:00,0.8329289299967925
2026-08-15,selection,baseline,225,2026-08-15T23:30:00+09:00,0.8309274793270092
2026-08-15,selection,baseline,226,2026-08-15T23:00:00+09:00,0.8309274793270092
2026-08-15,selection,baseline,227,2026-08-16T01:20:00+09:00,0.8303387465632369
2026-08-15,selection,baseline,228,2026-08-16T01:50:00+09:00,0.8303387465632369
2026-08-15,selection,baseline,229,2026-08-15T23:20:00+09:00,0.829426256984401
2026-08-15,selection,baseline,230,2026-08-15T23:50:00+09:00,0.829426256984401
2026-08-15,selection,baseline,231,2026-08-16T02:10:00+09:00,0.8293919389525648
2026-08-15,selection,baseline,232,2026-08-16T02:40:00+09:00,0.8293919389525648
2026-08-15,selection,baseline,233,2026-08-15T23:10:00+09:00,0.828324437364623
2026-08-15,selection,baseline,234,2026-08-15T23:40:00+09:00,0.828324437364623
2026-08-15,selection,baseline,235,2026-08-15T22:10:00+09:00,0.826415431919015
2026-08-15,selection,baseline,236,2026-08-15T22:40:00+09:00,0.826415431919015
2026-08-15,selection,baseline,237,2026-08-16T02:20:00+09:00,0.8247624434214081
2026-08-15,selection,baseline,238,2026-08-16T02:50:00+09:00,0.8247624434214081
2026-08-15,selection,baseline,239,2026-08-15T22:20:00+09:00,0.823724219899031
2026-08-15,selection,baseline,240,2026-08-15T22:50:00+09:00,0.823724219899031
2026-08-15,selection,baseline,241,2026-08-16T00:20:00+09:00,0.8218682617800812
2026-08-15,selection,baseline,242,2026-08-16T00:50:00+09:00,0.8218682617800812
2026-08-15,selection,baseline,243,2026-08-16T01:20:00+09:00,0.8216398282050509
2026-08-15,selection,baseline,244,2026-08-16T01:50:00+09:00,0.8216398282050509
2026-08-15,selection,baseline,245,2026-08-16T02:20:00+09:00,0.8209461263480891
2026-08-15,selection,baseline,246,2026-08-16T02:50:00+09:00,0.8209461263480891
2026-08-15,selection,baseline,247,2026-08-16T00:10:00+09:00,0.820276766490486
2026-08-15,selection,baseline,248,2026-08-16T00:40:00+09:00,0.820276766490486
2026-08-15,selection,baseline,249,2026-08-16T02:10:00+09:00,0.8195404579314466
2026-08-15,selection,baseline,250,2026-08-16T02:50:00+09:00,0.8195404579314466
2026-08-15,selection,baseline,251,2026-08-16T00:20:00+09:00,0.8195255642490211
2026-08-15,selection,baseline,252,2026-08-16T00:50:00+09:00,0.8195255642490211
2026-08-15,selection,baseline,253,2026-08-16T02:50:00+09:00,0.8184207129645662
2026-08-15,selection,baseline,254,2026-08-16T02:10:00+09:00,0.8184207129645662
2026-08-15,selection,baseline,255,2026-08-16T01:30:00+09:00,0.8175001377186865
2026-08-15,selection,baseline,256,2026-08-16T00:40:00+09:00,0.8166408035003458
2026-08-15,selection,baseline,257,2026-08-16T01:20:00+09:00,0.8147488413754223
2026-08-15,selection,baseline,258,2026-08-16T01:50:00+09:00,0.8147488413754223
2026-08-15,selection,baseline,259,2026-08-15T23:30:00+09:00,0.8141685154062597
2026-08-15,selection,baseline,260,2026-08-15T23:00:00+09:00,0.8141685154062597
2026-08-15,selection,baseline,261,2026-08-16T02:50:00+09:00,0.8134549394512044
2026-08-15,selection,baseline,262,2026-08-16T02:20:00+09:00,0.8134549394512044
2026-08-15,selection,baseline,263,2026-08-16T01:30:00+09:00,0.8134399805173225
2026-08-15,selection,baseline,264,2026-08-16T01:10:00+09:00,0.8116153438325922
2026-08-15,selection,baseline,265,2026-08-16T01:50:00+09:00,0.8116153438325922
2026-08-15,selection,baseline,266,2026-08-16T02:30:00+09:00,0.8096749438799196
2026-08-15,selection,baseline,267,2026-08-16T02:00:00+09:00,0.8096749438799196
2026-08-15,selection,baseline,268,2026-08-15T23:20:00+09:00,0.8093121753726062
2026-08-15,selection,baseline,269,2026-08-16T01:50:00+09:00,0.8069137031887424
2026-08-15,selection,baseline,270,2026-08-16T01:10:00+09:00,0.8069137031887424
2026-08-15,selection,baseline,271,2026-08-15T23:00:00+09:00,0.805125439702626
2026-08-15,selection,baseline,272,2026-08-15T23:50:00+09:00,0.805125439702626
2026-08-15,selection,baseline,273,2026-08-15T23:00:00+09:00,0.8029310284935195
2026-08-15,selection,baseline,274,2026-08-15T23:30:00+09:00,0.8029310284935195
2026-08-15,selection,baseline,275,2026-08-16T02:50:00+09:00,0.8026424222678059
2026-08-15,selection,baseline,276,2026-08-16T02:20:00+09:00,0.8026424222678059
2026-08-15,selection,baseline,277,2026-08-16T00:30:00+09:00,0.8023085066671627
2026-08-15,selection,baseline,278,2026-08-16T01:20:00+09:00,0.8020952392774588
2026-08-15,selection,baseline,279,2026-08-16T01:50:00+09:00,0.8020952392774588
2026-08-15,selection,baseline,280,2026-08-16T02:30:00+09:00,0.8020369796004369
2026-08-15,selection,baseline,281,2026-08-16T00:40:00+09:00,0.7996957985623971
2026-08-15,selection,baseline,282,2026-08-15T22:30:00+09:00,0.7984429949872192
2026-08-15,selection,baseline,283,2026-08-15T22:00:00+09:00,0.7984429949872192
2026-08-15,selection,baseline,284,2026-08-15T23:20:00+09:00,0.7947773240931444
2026-08-15,selection,baseline,285,2026-08-15T22:30:00+09:00,0.7933645321250538
2026-08-15,selection,baseline,286,2026-08-15T22:00:00+09:00,0.7933645321250538
2026-08-15,selection,baseline,287,2026-08-16T00:10:00+09:00,0.7923961264452145
2026-08-15,selection,baseline,288,2026-08-16T00:50:00+09:00,0.7923961264452145
2026-08-15,selection,baseline,289,2026-08-15T23:30:00+09:00,0.7922986482281908
2026-08-15,selection,baseline,290,2026-08-15T23:00:00+09:00,0.7922986482281908
2026-08-15,selection,baseline,291,2026-08-16T01:40:00+09:00,0.7897138733652405
2026-08-15,selection,baseline,292,2026-08-15T23:30:00+09:00,0.78943540510111
2026-08-15,selection,baseline,293,2026-08-15T23:00:00+09:00,0.78943540510111
2026-08-15,selection,baseline,294,2026-08-16T02:30:00+09:00,0.7889254015238033
2026-08-15,selection,baseline,295,2026-08-16T00:00:00+09:00,0.7885398821369722
2026-08-15,selection,baseline,296,2026-08-16T00:50:00+09:00,0.7885398821369722
2026-08-15,selection,baseline,297,2026-08-16T02:20:00+09:00,0.7864980284295405
2026-08-15,selection,baseline,298,2026-08-16T02:50:00+09:00,0.7864980284295405
2026-08-15,selection,baseline,299,2026-08-16T01:40:00+09:00,0.7858706824059833
2026-08-15,selection,baseline,300,2026-08-16T02:20:00+09:00,0.7856745012608503
2026-08-15,selection,baseline,301,2026-08-16T02:50:00+09:00,0.7856745012608503
2026-08-15,selection,baseline,302,2026-08-15T23:30:00+09:00,0.7848772689714307
2026-08-15,selection,baseline,303,2026-08-15T23:00:00+09:00,0.7848772689714307
2026-08-15,selection,baseline,304,2026-08-15T23:40:00+09:00,0.7834593273177891
2026-08-15,selection,baseline,305,2026-08-15T23:10:00+09:00,0.7834593273177891
2026-08-15,selection,baseline,306,2026-08-16T00:50:00+09:00,0.7819049853311649
2026-08-15,selection,baseline,307,2026-08-16T00:00:00+09:00,0.7819049853311649
2026-08-15,selection,baseline,308,2026-08-15T23:40:00+09:00,0.7810916172130073
2026-08-15,selection,baseline,309,2026-08-15T23:10:00+09:00,0.7810916172130073
2026-08-15,selection,baseline,310,2026-08-15T23:10:00+09:00,0.7810846216406616
2026-08-15,selection,baseline,311,2026-08-16T02:40:00+09:00,0.780162704372662
2026-08-15,selection,baseline,312,2026-08-16T02:10:00+09:00,0.780162704372662
2026-08-15,selection,baseline,313,2026-08-16T02:10:00+09:00,0.7758988877193875
2026-08-15,selection,baseline,314,2026-08-16T02:40:00+09:00,0.7758988877193875
2026-08-15,selection,baseline,315,2026-08-16T02:40:00+09:00,0.7753730469371426
2026-08-15,selection,baseline,316,2026-08-16T02:50:00+09:00,0.7753661025811601
2026-08-15,selection,baseline,317,2026-08-16T02:00:00+09:00,0.7753661025811601
2026-08-15,selection,baseline,318,2026-08-16T00:50:00+09:00,0.7740466416236987
2026-08-15,selection,baseline,319,2026-08-16T00:20:00+09:00,0.7740466416236987
2026-08-15,selection,baseline,320,2026-08-15T23:10:00+09:00,0.7683155015246624
2026-08-15,selection,baseline,321,2026-08-15T23:40:00+09:00,0.7683155015246624
2026-08-15,selection,baseline,322,2026-08-15T22:10:00+09:00,0.7660414207902652
2026-08-15,selection,baseline,323,2026-08-15T22:40:00+09:00,0.7660414207902652
2026-08-15,selection,baseline,324,2026-08-16T01:30:00+09:00,0.7652748049124543
2026-08-15,selection,baseline,325,2026-08-15T22:00:00+09:00,0.7647297631838947
2026-08-15,selection,baseline,326,2026-08-15T22:30:00+09:00,0.7647297631838947
2026-08-15,selection,baseline,327,2026-08-15T22:30:00+09:00,0.7636849065266527
2026-08-15,selection,baseline,328,2026-08-15T22:00:00+09:00,0.7636849065266527
2026-08-15,selection,baseline,329,2026-08-16T00:50:00+09:00,0.7628991020079142
2026-08-15,selection,baseline,330,2026-08-16T00:00:00+09:00,0.7628991020079142
2026-08-15,selection,baseline,331,2026-08-16T01:40:00+09:00,0.7603166960650053
2026-08-15,selection,baseline,332,2026-08-15T23:40:00+09:00,0.7581801083771696
2026-08-15,selection,baseline,333,2026-08-15T23:00:00+09:00,0.7581801083771696
2026-08-15,selection,baseline,334,2026-08-15T22:30:00+09:00,0.7521399507852943
2026-08-15,selection,baseline,335,2026-08-15T22:00:00+09:00,0.7521399507852943
2026-08-15,selection,baseline,336,2026-08-16T02:20:00+09:00,0.7517768053919989
2026-08-15,selection,baseline,337,2026-08-16T02:50:00+09:00,0.7517768053919989
2026-08-15,selection,baseline,338,2026-08-16T02:40:00+09:00,0.7497112181828935
2026-08-15,selection,baseline,339,2026-08-16T02:10:00+09:00,0.7497112181828935
2026-08-15,selection,baseline,340,2026-08-16T01:30:00+09:00,0.7491049834283975
2026-08-15,selection,baseline,341,2026-08-16T02:30:00+09:00,0.7484094955361503
2026-08-15,selection,baseline,342,2026-08-16T02:00:00+09:00,0.7484094955361503
2026-08-15,selection,baseline,343,2026-08-16T01:40:00+09:00,0.7478284268102051
2026-08-15,selection,baseline,344,2026-08-15T23:10:00+09:00,0.7457158799167986
2026-08-15,selection,baseline,345,2026-08-15T23:40:00+09:00,0.7457158799167986
2026-08-15,selection,baseline,346,2026-08-16T01:40:00+09:00,0.7443403328996956
2026-08-15,selection,baseline,347,2026-08-16T01:10:00+09:00,0.7443403328996956
2026-08-15,selection,baseline,348,2026-08-16T02:40:00+09:00,0.7416631970482647
2026-08-15,selection,baseline,349,2026-08-16T02:50:00+09:00,0.7403725239846832
2026-08-15,selection,baseline,350,2026-08-16T02:20:00+09:00,0.7403725239846832
2026-08-15,selection,baseline,351,2026-08-16T02:50:00+09:00,0.7402563044058639
2026-08-15,selection,baseline,352,2026-08-16T02:20:00+09:00,0.7402563044058639
2026-08-15,selection,baseline,353,2026-08-16T00:30:00+09:00,0.7371522648485993
2026-08-15,selection,baseline,354,2026-08-16T00:00:00+09:00,0.7371522648485993
2026-08-15,selection,baseline,355,2026-08-15T22:20:00+09:00,0.7352538687432691
2026-08-15,selection,baseline,356,2026-08-15T22:20:00+09:00,0.7317608056588448
2026-08-15,selection,baseline,357,2026-08-15T22:50:00+09:00,0.7317608056588448
2026-08-15,selection,baseline,358,2026-08-15T23:00:00+09:00,0.7301841885130208
2026-08-15,selection,baseline,359,2026-08-15T23:30:00+09:00,0.7301841885130208
2026-08-15,selection,baseline,360,2026-08-16T03:50:00+09:00,0.7300651227257332
2026-08-15,selection,baseline,361,2026-08-16T03:20:00+09:00,0.7300651227257332
2026-08-15,selection,baseline,362,2026-08-15T22:10:00+09:00,0.7290971024777709
2026-08-15,selection,baseline,363,2026-08-15T22:40:00+09:00,0.7290971024777709
2026-08-15,selection,baseline,364,2026-08-15T22:30:00+09:00,0.7284034756985548
2026-08-15,selection,baseline,365,2026-08-15T22:00:00+09:00,0.7284034756985548
2026-08-15,selection,baseline,366,2026-08-15T22:50:00+09:00,0.7259259105995719
2026-08-15,selection,baseline,367,2026-08-15T22:10:00+09:00,0.7259259105995719
2026-08-15,selection,baseline,368,2026-08-15T23:30:00+09:00,0.7256731588444272
2026-08-15,selection,baseline,369,2026-08-15T23:00:00+09:00,0.7256731588444272
2026-08-15,selection,baseline,370,2026-08-15T21:10:00+09:00,0.7255097617378952
2026-08-15,selection,baseline,371,2026-08-15T21:40:00+09:00,0.7255097617378952
2026-08-15,selection,baseline,372,2026-08-16T03:40:00+09:00,0.7239518052577171
2026-08-15,selection,baseline,373,2026-08-16T03:10:00+09:00,0.7239518052577171
2026-08-15,selection,baseline,374,2026-08-15T22:00:00+09:00,0.723479964924417
2026-08-15,selection,baseline,375,2026-08-15T22:30:00+09:00,0.723479964924417
2026-08-15,selection,baseline,376,2026-08-15T23:30:00+09:00,0.723375611915501
2026-08-15,selection,baseline,377,2026-08-15T23:00:00+09:00,0.723375611915501
2026-08-15,selection,baseline,378,2026-08-16T03:40:00+09:00,0.7232630734587809
2026-08-15,selection,baseline,379,2026-08-15T21:50:00+09:00,0.7231471478321131
2026-08-15,selection,baseline,380,2026-08-15T21:20:00+09:00,0.7231471478321131
2026-08-17,selection,baseline,1,2026-08-18T00:00:00+09:00,0.9999057586185157
2026-08-17,selection,baseline,2,2026-08-18T00:30:00+09:00,0.9999057586185157
2026-08-17,selection,baseline,3,2026-08-18T00:50:00+09:00,0.9995162007239523
2026-08-17,selection,baseline,4,2026-08-18T00:20:00+09:00,0.9995162007239523
2026-08-17,selection,baseline,5,2026-08-18T00:10:00+09:00,0.9989081489562026
2026-08-17,selection,baseline,6,2026-08-18T00:50:00+09:00,0.9989081489562026
2026-08-17,selection,baseline,7,2026-08-18T00:00:00+09:00,0.9971333660278773
2026-08-17,selection,baseline,8,2026-08-18T00:40:00+09:00,0.9971333660278773
2026-08-17,selection,baseline,9,2026-08-18T00:00:00+09:00,0.993691663552326
2026-08-17,selection,baseline,10,2026-08-18T00:30:00+09:00,0.993691663552326
2026-08-17,selection,baseline,11,2026-08-18T00:10:00+09:00,0.9932538681728015
2026-08-17,selection,baseline,12,2026-08-18T00:50:00+09:00,0.9932538681728015
2026-08-17,selection,baseline,13,2026-08-18T00:40:00+09:00,0.9881351903545896
2026-08-17,selection,baseline,14,2026-08-18T00:00:00+09:00,0.9881351903545896
2026-08-17,selection,baseline,15,2026-08-18T01:00:00+09:00,0.9719756433633565
2026-08-17,selection,baseline,16,2026-08-18T01:30:00+09:00,0.9719756433633565
2026-08-17,selection,baseline,17,2026-08-18T01:40:00+09:00,0.9586809519500264
2026-08-17,selection,baseline,18,2026-08-18T01:00:00+09:00,0.9586809519500264
2026-08-17,selection,baseline,19,2026-08-18T01:50:00+09:00,0.9568312581078285
2026-08-17,selection,baseline,20,2026-08-18T01:20:00+09:00,0.9568312581078285
2026-08-17,selection,baseline,21,2026-08-18T01:30:00+09:00,0.95142565740098
2026-08-17,selection,baseline,22,2026-08-18T01:00:00+09:00,0.95142565740098
2026-08-17,selection,baseline,23,2026-08-18T00:30:00+09:00,0.9487722569908583
2026-08-17,selection,baseline,24,2026-08-18T00:00:00+09:00,0.9487722569908583
2026-08-17,selection,baseline,25,2026-08-18T01:50:00+09:00,0.9450962816715943
2026-08-17,selection,baseline,26,2026-08-18T01:20:00+09:00,0.9450962816715943
2026-08-17,selection,baseline,27,2026-08-17T23:00:00+09:00,0.9442672998602898
2026-08-17,selection,baseline,28,2026-08-17T23:30:00+09:00,0.9442672998602898
2026-08-17,selection,baseline,29,2026-08-17T23:10:00+09:00,0.943692858545089
2026-08-17,selection,baseline,30,2026-08-17T23:40:00+09:00,0.943692858545089
2026-08-17,selection,baseline,31,2026-08-18T01:50:00+09:00,0.9421793211036833
2026-08-17,selection,baseline,32,2026-08-18T01:20:00+09:00,0.9421793211036833
2026-08-17,selection,baseline,33,2026-08-17T23:30:00+09:00,0.9420161778846314
2026-08-17,selection,baseline,34,2026-08-17T23:00:00+09:00,0.9420161778846314
2026-08-17,selection,baseline,35,2026-08-18T01:50:00+09:00,0.9416061500021851
2026-08-17,selection,baseline,36,2026-08-18T01:20:00+09:00,0.9416061500021851
2026-08-17,selection,baseline,37,2026-08-18T01:50:00+09:00,0.9399331768444665
2026-08-17,selection,baseline,38,2026-08-18T01:20:00+09:00,0.9399331768444665
2026-08-17,selection,baseline,39,2026-08-17T23:20:00+09:00,0.9378593742505726
2026-08-17,selection,baseline,40,2026-08-18T02:50:00+09:00,0.9371723214834511
2026-08-17,selection,baseline,41,2026-08-18T02:00:00+09:00,0.9371723214834511
2026-08-17,selection,baseline,42,2026-08-17T23:30:00+09:00,0.9359971146262996
2026-08-17,selection,baseline,43,2026-08-17T23:00:00+09:00,0.9359971146262996
2026-08-17,selection,baseline,44,2026-08-18T01:20:00+09:00,0.934595138745471
2026-08-17,selection,baseline,45,2026-08-18T01:50:00+09:00,0.934595138745471
2026-08-17,selection,baseline,46,2026-08-18T00:10:00+09:00,0.9323425885342133
2026-08-17,selection,baseline,47,2026-08-18T00:50:00+09:00,0.9323425885342133
2026-08-17,selection,baseline,48,2026-08-17T23:30:00+09:00,0.9316202484557375
2026-08-17,selection,baseline,49,2026-08-17T23:00:00+09:00,0.9316202484557375
2026-08-17,selection,baseline,50,2026-08-18T02:40:00+09:00,0.9243536702134224
2026-08-17,selection,baseline,51,2026-08-18T02:10:00+09:00,0.9243536702134224
2026-08-17,selection,baseline,52,2026-08-18T01:50:00+09:00,0.9235701665193498
2026-08-17,selection,baseline,53,2026-08-18T01:20:00+09:00,0.9235701665193498
2026-08-17,selection,baseline,54,2026-08-18T00:40:00+09:00,0.9198918415180646
2026-08-17,selection,baseline,55,2026-08-18T00:00:00+09:00,0.9198918415180646
2026-08-17,selection,baseline,56,2026-08-17T23:20:00+09:00,0.919648487209944
2026-08-17,selection,baseline,57,2026-08-18T00:30:00+09:00,0.9168658565546405
2026-08-17,selection,baseline,58,2026-08-18T00:00:00+09:00,0.9168658565546405
2026-08-17,selection,baseline,59,2026-08-18T01:30:00+09:00,0.9107287723199725
2026-08-17,selection,baseline,60,2026-08-18T01:50:00+09:00,0.9081608434335807
2026-08-17,selection,baseline,61,2026-08-18T01:20:00+09:00,0.9081608434335807
2026-08-17,selection,baseline,62,2026-08-18T00:20:00+09:00,0.904338746584733
2026-08-17,selection,baseline,63,2026-08-18T00:50:00+09:00,0.904338746584733
2026-08-17,selection,baseline,64,2026-08-18T01:00:00+09:00,0.8925112908547395
2026-08-17,selection,baseline,65,2026-08-18T01:50:00+09:00,0.8925112908547395
2026-08-17,selection,baseline,66,2026-08-18T00:10:00+09:00,0.8904802049806392
2026-08-17,selection,baseline,67,2026-08-18T00:40:00+09:00,0.8904802049806392
2026-08-17,selection,baseline,68,2026-08-17T23:10:00+09:00,0.8901030822250522
2026-08-17,selection,baseline,69,2026-08-18T00:30:00+09:00,0.889022504347547
2026-08-17,selection,baseline,70,2026-08-18T00:00:00+09:00,0.889022504347547
2026-08-17,selection,baseline,71,2026-08-18T01:20:00+09:00,0.8877548792067589
2026-08-17,selection,baseline,72,2026-08-18T01:50:00+09:00,0.8877548792067589
2026-08-17,selection,baseline,73,2026-08-18T01:20:00+09:00,0.8833400156785737
2026-08-17,selection,baseline,74,2026-08-18T01:50:00+09:00,0.8833400156785737
2026-08-17,selection,baseline,75,2026-08-18T02:20:00+09:00,0.8820871348737828
2026-08-17,selection,baseline,76,2026-08-18T02:50:00+09:00,0.8820871348737828
2026-08-17,selection,baseline,77,2026-08-18T00:20:00+09:00,0.8801005766208921
2026-08-17,selection,baseline,78,2026-08-18T00:50:00+09:00,0.8801005766208921
2026-08-17,selection,baseline,79,2026-08-18T00:40:00+09:00,0.8756468307869805
2026-08-17,selection,baseline,80,2026-08-18T00:00:00+09:00,0.8756468307869805
2026-08-17,selection,baseline,81,2026-08-18T01:50:00+09:00,0.8732307733751294
2026-08-17,selection,baseline,82,2026-08-18T01:10:00+09:00,0.8732307733751294
2026-08-17,selection,baseline,83,2026-08-17T23:10:00+09:00,0.8653085318241974
2026-08-17,selection,baseline,84,2026-08-17T23:40:00+09:00,0.8653085318241974
2026-08-17,selection,baseline,85,2026-08-18T01:20:00+09:00,0.8604921804544002
2026-08-17,selection,baseline,86,2026-08-18T01:50:00+09:00,0.8604921804544002
2026-08-17,selection,baseline,87,2026-08-18T01:10:00+09:00,0.8600224080442648
2026-08-17,selection,baseline,88,2026-08-18T01:40:00+09:00,0.8600224080442648
2026-08-17,selection,baseline,89,2026-08-18T01:20:00+09:00,0.8572753862513418
2026-08-17,selection,baseline,90,2026-08-18T01:50:00+09:00,0.8572753862513418
2026-08-17,selection,baseline,91,2026-08-18T01:10:00+09:00,0.8568857714465391
2026-08-17,selection,baseline,92,2026-08-18T01:50:00+09:00,0.8568857714465391
2026-08-17,selection,baseline,93,2026-08-18T01:30:00+09:00,0.8567226013559174
2026-08-17,selection,baseline,94,2026-08-17T23:20:00+09:00,0.856202610171017
2026-08-17,selection,baseline,95,2026-08-18T02:40:00+09:00,0.8559672320342678
2026-08-17,selection,baseline,96,2026-08-18T01:20:00+09:00,0.8557524257842433
2026-08-17,selection,baseline,97,2026-08-18T01:50:00+09:00,0.8557524257842433
2026-08-17,selection,baseline,98,2026-08-17T23:00:00+09:00,0.8554778556633222
2026-08-17,selection,baseline,99,2026-08-17T23:30:00+09:00,0.8554778556633222
2026-08-17,selection,baseline,100,2026-08-18T00:00:00+09:00,0.8527654888183097
2026-08-17,selection,baseline,101,2026-08-18T00:30:00+09:00,0.8527654888183097
2026-08-17,selection,baseline,102,2026-08-17T23:00:00+09:00,0.8482225086435256
2026-08-17,selection,baseline,103,2026-08-17T23:40:00+09:00,0.8482225086435256
2026-08-17,selection,baseline,104,2026-08-18T01:30:00+09:00,0.8428773129046729
2026-08-17,selection,baseline,105,2026-08-18T00:20:00+09:00,0.8411013549491251
2026-08-17,selection,baseline,106,2026-08-18T02:20:00+09:00,0.8365811046273398
2026-08-17,selection,baseline,107,2026-08-18T02:50:00+09:00,0.8365811046273398
2026-08-17,selection,baseline,108,2026-08-17T23:30:00+09:00,0.8356024751466875
2026-08-17,selection,baseline,109,2026-08-17T23:00:00+09:00,0.8356024751466875
2026-08-17,selection,baseline,110,2026-08-18T02:50:00+09:00,0.8339089573617995
2026-08-17,selection,baseline,111,2026-08-18T02:20:00+09:00,0.8339089573617995
2026-08-17,selection,baseline,112,2026-08-18T02:40:00+09:00,0.8322841933942823
2026-08-17,selection,baseline,113,2026-08-18T02:20:00+09:00,0.8313119195964788
2026-08-17,selection,baseline,114,2026-08-18T02:50:00+09:00,0.8313119195964788
2026-08-17,selection,baseline,115,2026-08-18T00:50:00+09:00,0.8298872123782414
2026-08-17,selection,baseline,116,2026-08-18T00:20:00+09:00,0.8298872123782414
2026-08-17,selection,baseline,117,2026-08-18T00:40:00+09:00,0.8264066450696764
2026-08-17,selection,baseline,118,2026-08-18T00:10:00+09:00,0.8264066450696764
2026-08-17,selection,baseline,119,2026-08-18T00:50:00+09:00,0.8244247505736612
2026-08-17,selection,baseline,120,2026-08-18T00:20:00+09:00,0.8244247505736612
2026-08-17,selection,baseline,121,2026-08-17T23:30:00+09:00,0.8230305257536109
2026-08-17,selection,baseline,122,2026-08-17T23:00:00+09:00,0.8230305257536109
2026-08-17,selection,baseline,123,2026-08-17T23:20:00+09:00,0.8225367365608628
2026-08-17,selection,baseline,124,2026-08-17T23:10:00+09:00,0.821869857546514
2026-08-17,selection,baseline,125,2026-08-17T23:50:00+09:00,0.821869857546514
2026-08-17,selection,baseline,126,2026-08-18T02:50:00+09:00,0.8215572589601321
2026-08-17,selection,baseline,127,2026-08-18T02:20:00+09:00,0.8215572589601321
2026-08-17,selection,baseline,128,2026-08-18T02:20:00+09:00,0.818614508253334
2026-08-17,selection,baseline,129,2026-08-18T02:50:00+09:00,0.818614508253334
2026-08-17,selection,baseline,130,2026-08-18T02:20:00+09:00,0.8131686610029925
2026-08-17,selection,baseline,131,2026-08-18T02:50:00+09:00,0.8131686610029925
2026-08-17,selection,baseline,132,2026-08-18T00:00:00+09:00,0.8121169041096685
2026-08-17,selection,baseline,133,2026-08-18T00:40:00+09:00,0.8121169041096685
2026-08-17,selection,baseline,134,2026-08-18T02:50:00+09:00,0.8114548168505443
2026-08-17,selection,baseline,135,2026-08-18T02:10:00+09:00,0.8114548168505443
2026-08-17,selection,baseline,136,2026-08-18T01:30:00+09:00,0.8103983780439338
2026-08-17,selection,baseline,137,2026-08-18T00:00:00+09:00,0.8075625575707656
2026-08-17,selection,baseline,138,2026-08-18T00:30:00+09:00,0.8075625575707656
2026-08-17,selection,baseline,139,2026-08-18T02:30:00+09:00,0.802388409559562
2026-08-17,selection,baseline,140,2026-08-18T02:30:00+09:00,0.8018609826365517
2026-08-17,selection,baseline,141,2026-08-18T02:40:00+09:00,0.801373173646934
2026-08-17,selection,baseline,142,2026-08-18T00:30:00+09:00,0.8011847553146911
2026-08-17,selection,baseline,143,2026-08-18T00:00:00+09:00,0.8011847553146911
2026-08-17,selection,baseline,144,2026-08-18T02:30:00+09:00,0.7999493556219307
2026-08-17,selection,baseline,145,2026-08-18T01:20:00+09:00,0.7988301664435398
2026-08-17,selection,baseline,146,2026-08-18T01:50:00+09:00,0.7988301664435398
2026-08-17,selection,baseline,147,2026-08-18T00:00:00+09:00,0.797173297490883
2026-08-17,selection,baseline,148,2026-08-18T00:50:00+09:00,0.797173297490883
2026-08-17,selection,baseline,149,2026-08-18T02:40:00+09:00,0.7939289902238593
2026-08-17,selection,baseline,150,2026-08-18T01:20:00+09:00,0.7935721275107077
2026-08-17,selection,baseline,151,2026-08-18T01:50:00+09:00,0.7935721275107077
2026-08-17,selection,baseline,152,2026-08-18T00:00:00+09:00,0.7906803185535918
2026-08-17,selection,baseline,153,2026-08-18T00:30:00+09:00,0.7906803185535918
2026-08-17,selection,baseline,154,2026-08-17T22:20:00+09:00,0.7832970834336557
2026-08-17,selection,baseline,155,2026-08-17T22:30:00+09:00,0.7828205677194431
2026-08-17,selection,baseline,156,2026-08-17T22:00:00+09:00,0.7828205677194431
2026-08-17,selection,baseline,157,2026-08-17T22:30:00+09:00,0.7820385499538549
2026-08-17,selection,baseline,158,2026-08-17T22:00:00+09:00,0.7820385499538549
2026-08-17,selection,baseline,159,2026-08-17T22:30:00+09:00,0.7814297125332259
2026-08-17,selection,baseline,160,2026-08-17T22:00:00+09:00,0.7814297125332259
2026-08-17,selection,baseline,161,2026-08-18T00:20:00+09:00,0.7809552248220878
2026-08-17,selection,baseline,162,2026-08-18T00:50:00+09:00,0.7809552248220878
2026-08-17,selection,baseline,163,2026-08-18T02:20:00+09:00,0.7800503394944297
2026-08-17,selection,baseline,164,2026-08-18T02:50:00+09:00,0.7800503394944297
2026-08-17,selection,baseline,165,2026-08-17T23:10:00+09:00,0.7800205341987039
2026-08-17,selection,baseline,166,2026-08-17T23:50:00+09:00,0.7800205341987039
2026-08-17,selection,baseline,167,2026-08-18T00:50:00+09:00,0.7788741710625172
2026-08-17,selection,baseline,168,2026-08-18T00:00:00+09:00,0.7788741710625172
2026-08-17,selection,baseline,169,2026-08-18T00:00:00+09:00,0.7787963588267508
2026-08-17,selection,baseline,170,2026-08-18T00:30:00+09:00,0.7787963588267508
2026-08-17,selection,baseline,171,2026-08-18T01:00:00+09:00,0.7771756132084553
2026-08-17,selection,baseline,172,2026-08-18T01:30:00+09:00,0.7771756132084553
2026-08-17,selection,baseline,173,2026-08-17T23:00:00+09:00,0.7748863035330231
2026-08-17,selection,baseline,174,2026-08-17T23:40:00+09:00,0.7748863035330231
2026-08-17,selection,baseline,175,2026-08-17T22:00:00+09:00,0.7740661028162892
2026-08-17,selection,baseline,176,2026-08-17T22:50:00+09:00,0.7740661028162892
2026-08-17,selection,baseline,177,2026-08-18T01:50:00+09:00,0.7735610981382135
2026-08-17,selection,baseline,178,2026-08-18T01:00:00+09:00,0.7735610981382135
2026-08-17,selection,baseline,179,2026-08-17T23:30:00+09:00,0.7724743705064182
2026-08-17,selection,baseline,180,2026-08-17T23:00:00+09:00,0.7724743705064182
2026-08-17,selection,baseline,181,2026-08-18T01:50:00+09:00,0.7693497456757425
2026-08-17,selection,baseline,182,2026-08-18T01:10:00+09:00,0.7693497456757425
2026-08-17,selection,baseline,183,2026-08-17T22:20:00+09:00,0.7689166146077315
2026-08-17,selection,baseline,184,2026-08-18T01:30:00+09:00,0.7673405113618591
2026-08-17,selection,baseline,185,2026-08-17T23:00:00+09:00,0.7672266198978056
2026-08-17,selection,baseline,186,2026-08-17T23:30:00+09:00,0.7672266198978056
2026-08-17,selection,baseline,187,2026-08-18T02:40:00+09:00,0.7664375042601144
2026-08-17,selection,baseline,188,2026-08-18T00:00:00+09:00,0.7657026872084197
2026-08-17,selection,baseline,189,2026-08-18T00:50:00+09:00,0.7657026872084197
2026-08-17,selection,baseline,190,2026-08-18T01:40:00+09:00,0.7655301162869248
2026-08-17,selection,baseline,191,2026-08-18T01:10:00+09:00,0.7655301162869248
2026-08-17,selection,baseline,192,2026-08-18T03:50:00+09:00,0.76406316218591
2026-08-17,selection,baseline,193,2026-08-18T03:20:00+09:00,0.76406316218591
2026-08-17,selection,baseline,194,2026-08-17T23:40:00+09:00,0.7633519769511351
2026-08-17,selection,baseline,195,2026-08-17T23:10:00+09:00,0.7633519769511351
2026-08-17,selection,baseline,196,2026-08-17T23:00:00+09:00,0.7629240177931043
2026-08-17,selection,baseline,197,2026-08-17T23:30:00+09:00,0.7629240177931043
2026-08-17,selection,baseline,198,2026-08-18T02:00:00+09:00,0.7620933390602489
2026-08-17,selection,baseline,199,2026-08-18T02:40:00+09:00,0.7620933390602489
2026-08-17,selection,baseline,200,2026-08-18T01:00:00+09:00,0.7612370281639044
2026-08-17,selection,baseline,201,2026-08-18T01:40:00+09:00,0.7612370281639044
2026-08-17,selection,baseline,202,2026-08-18T02:30:00+09:00,0.7559924333435459
2026-08-17,selection,baseline,203,2026-08-18T02:00:00+09:00,0.7559924333435459
2026-08-17,selection,baseline,204,2026-08-18T03:50:00+09:00,0.7536122995218982
2026-08-17,selection,baseline,205,2026-08-18T03:10:00+09:00,0.7536122995218982
2026-08-17,selection,baseline,206,2026-08-18T02:50:00+09:00,0.7524764377347438
2026-08-17,selection,baseline,207,2026-08-18T02:20:00+09:00,0.7524764377347438
2026-08-17,selection,baseline,208,2026-08-18T02:50:00+09:00,0.7520755228201005
2026-08-17,selection,baseline,209,2026-08-18T02:20:00+09:00,0.7520755228201005
2026-08-17,selection,baseline,210,2026-08-17T22:40:00+09:00,0.7518800312206252
2026-08-17,selection,baseline,211,2026-08-17T22:00:00+09:00,0.7518800312206252
2026-08-17,selection,baseline,212,2026-08-18T00:30:00+09:00,0.7513168129709022
2026-08-17,selection,baseline,213,2026-08-18T00:00:00+09:00,0.7513168129709022
2026-08-17,selection,baseline,214,2026-08-18T01:30:00+09:00,0.7508703124298655
2026-08-17,selection,baseline,215,2026-08-18T00:10:00+09:00,0.7498906730607456
2026-08-17,selection,baseline,216,2026-08-18T00:40:00+09:00,0.7498906730607456
2026-08-17,selection,baseline,217,2026-08-17T23:10:00+09:00,0.7492723494025535
2026-08-17,selection,baseline,218,2026-08-17T22:50:00+09:00,0.7482821304017504
2026-08-17,selection,baseline,219,2026-08-17T22:00:00+09:00,0.7482821304017504
2026-08-17,selection,baseline,220,2026-08-18T00:20:00+09:00,0.7477995051272983
2026-08-17,selection,baseline,221,2026-08-18T00:50:00+09:00,0.7477995051272983
2026-08-17,selection,baseline,222,2026-08-18T00:10:00+09:00,0.7477933227432633
2026-08-17,selection,baseline,223,2026-08-18T00:40:00+09:00,0.7477933227432633
2026-08-17,selection,baseline,224,2026-08-18T00:40:00+09:00,0.746038237202352
2026-08-17,selection,baseline,225,2026-08-18T00:00:00+09:00,0.746038237202352
2026-08-17,selection,baseline,226,2026-08-17T23:10:00+09:00,0.7450830473022473
2026-08-17,selection,baseline,227,2026-08-18T00:40:00+09:00,0.7449035731841518
2026-08-17,selection,baseline,228,2026-08-18T00:00:00+09:00,0.7449035731841518
2026-08-17,selection,baseline,229,2026-08-18T01:00:00+09:00,0.7441967987460634
2026-08-17,selection,baseline,230,2026-08-18T01:50:00+09:00,0.7441967987460634
2026-08-17,selection,baseline,231,2026-08-18T01:00:00+09:00,0.7435150314536312
2026-08-17,selection,baseline,232,2026-08-18T01:30:00+09:00,0.7435150314536312
2026-08-17,selection,baseline,233,2026-08-18T00:00:00+09:00,0.7425242557035568
2026-08-17,selection,baseline,234,2026-08-18T00:50:00+09:00,0.7425242557035568
2026-08-17,selection,baseline,235,2026-08-17T23:20:00+09:00,0.7422576438519082
2026-08-17,selection,baseline,236,2026-08-17T23:50:00+09:00,0.7422576438519082
2026-08-17,selection,baseline,237,2026-08-18T02:30:00+09:00,0.7407602674278686
2026-08-17,selection,baseline,238,2026-08-18T02:00:00+09:00,0.7407602674278686
2026-08-17,selection,baseline,239,2026-08-18T02:50:00+09:00,0.7403745922542876
2026-08-17,selection,baseline,240,2026-08-18T02:20:00+09:00,0.7403745922542876
2026-08-17,selection,baseline,241,2026-08-18T01:30:00+09:00,0.7377183022195268
2026-08-17,selection,baseline,242,2026-08-18T01:50:00+09:00,0.7333078690480885
2026-08-17,selection,baseline,243,2026-08-18T01:10:00+09:00,0.7333078690480885
2026-08-17,selection,baseline,244,2026-08-18T00:50:00+09:00,0.7319234926079305
2026-08-17,selection,baseline,245,2026-08-18T00:10:00+09:00,0.7319234926079305
2026-08-17,selection,baseline,246,2026-08-18T01:10:00+09:00,0.7304510684236667
2026-08-17,selection,baseline,247,2026-08-18T01:40:00+09:00,0.7304510684236667
2026-08-17,selection,baseline,248,2026-08-18T00:20:00+09:00,0.7291485499749848
2026-08-17,selection,baseline,249,2026-08-18T00:50:00+09:00,0.7291485499749848
2026-08-17,selection,baseline,250,2026-08-17T23:00:00+09:00,0.727214106500451
2026-08-17,selection,baseline,251,2026-08-17T23:30:00+09:00,0.727214106500451
2026-08-17,selection,baseline,252,2026-08-18T00:20:00+09:00,0.7264672730954058
2026-08-17,selection,baseline,253,2026-08-18T00:50:00+09:00,0.7264672730954058
2026-08-17,selection,baseline,254,2026-08-18T02:50:00+09:00,0.7239226435820316
2026-08-17,selection,baseline,255,2026-08-18T02:20:00+09:00,0.7239226435820316
2026-08-17,selection,baseline,256,2026-08-18T03:30:00+09:00,0.7235461655927902
2026-08-17,selection,baseline,257,2026-08-18T01:40:00+09:00,0.7199620982211734
2026-08-17,selection,baseline,258,2026-08-18T01:00:00+09:00,0.7199620982211734
2026-08-17,selection,baseline,259,2026-08-18T01:10:00+09:00,0.7189734965511492
2026-08-17,selection,baseline,260,2026-08-18T01:50:00+09:00,0.7189734965511492
2026-08-17,selection,baseline,261,2026-08-17T22:20:00+09:00,0.7173577388283279
2026-08-17,selection,baseline,262,2026-08-18T02:40:00+09:00,0.7172524892262647
2026-08-17,selection,baseline,263,2026-08-17T22:20:00+09:00,0.7164224170972309
2026-08-17,selection,baseline,264,2026-08-17T22:50:00+09:00,0.7164224170972309
2026-08-17,selection,baseline,265,2026-08-18T00:00:00+09:00,0.7137085682453234
2026-08-17,selection,baseline,266,2026-08-18T00:40:00+09:00,0.7137085682453234
2026-08-17,selection,baseline,267,2026-08-17T23:40:00+09:00,0.7120999743123785
2026-08-17,selection,baseline,268,2026-08-17T23:10:00+09:00,0.7120999743123785
2026-08-17,selection,baseline,269,2026-08-17T23:50:00+09:00,0.7107448431193498
2026-08-17,selection,baseline,270,2026-08-17T23:00:00+09:00,0.7107448431193498
2026-08-17,selection,baseline,271,2026-08-17T23:00:00+09:00,0.707279719402623
2026-08-17,selection,baseline,272,2026-08-17T23:30:00+09:00,0.707279719402623
2026-08-17,selection,baseline,273,2026-08-18T01:30:00+09:00,0.7063982207799298
2026-08-17,selection,baseline,274,2026-08-18T01:20:00+09:00,0.7024084436821587
2026-08-17,selection,baseline,275,2026-08-18T01:50:00+09:00,0.7024084436821587
2026-08-17,selection,baseline,276,2026-08-18T02:50:00+09:00,0.7020495612640717
2026-08-17,selection,baseline,277,2026-08-18T02:20:00+09:00,0.7020495612640717
2026-08-17,selection,baseline,278,2026-08-18T00:40:00+09:00,0.7013874034138231
2026-08-17,selection,baseline,279,2026-08-18T00:00:00+09:00,0.7013874034138231
2026-08-17,selection,baseline,280,2026-08-17T22:20:00+09:00,0.7012338583351442
2026-08-17,selection,baseline,281,2026-08-17T22:30:00+09:00,0.700083946072845
2026-08-17,selection,baseline,282,2026-08-17T22:00:00+09:00,0.700083946072845
2026-08-17,selection,baseline,283,2026-08-17T22:20:00+09:00,0.6995186536534497
2026-08-17,selection,baseline,284,2026-08-18T01:00:00+09:00,0.698866691477197
2026-08-17,selection,baseline,285,2026-08-18T01:50:00+09:00,0.698866691477197
2026-08-17,selection,baseline,286,2026-08-17T23:20:00+09:00,0.6978639219166902
2026-08-17,selection,baseline,287,2026-08-18T03:30:00+09:00,0.6978578165863726
2026-08-17,selection,baseline,288,2026-08-18T02:50:00+09:00,0.6974285490878057
2026-08-17,selection,baseline,289,2026-08-18T02:20:00+09:00,0.6974285490878057
2026-08-17,selection,baseline,290,2026-08-18T01:50:00+09:00,0.6971631845909787
2026-08-17,selection,baseline,291,2026-08-18T01:20:00+09:00,0.6971631845909787
2026-08-17,selection,baseline,292,2026-08-18T01:40:00+09:00,0.6961085757347616
2026-08-17,selection,baseline,293,2026-08-18T01:10:00+09:00,0.6961085757347616
2026-08-17,selection,baseline,294,2026-08-18T01:30:00+09:00,0.695901146969467
2026-08-17,selection,baseline,295,2026-08-18T01:50:00+09:00,0.6950481797393446
2026-08-17,selection,baseline,296,2026-08-18T01:00:00+09:00,0.6950481797393446
2026-08-17,selection,baseline,297,2026-08-18T01:20:00+09:00,0.6945599414018759
2026-08-17,selection,baseline,298,2026-08-18T01:50:00+09:00,0.6945599414018759
2026-08-17,selection,baseline,299,2026-08-18T01:20:00+09:00,0.6942204663757232
2026-08-17,selection,baseline,300,2026-08-18T01:50:00+09:00,0.6942204663757232
2026-08-17,selection,baseline,301,2026-08-18T02:30:00+09:00,0.6938952276706938
2026-08-17,selection,baseline,302,2026-08-17T23:40:00+09:00,0.6907368360025713
2026-08-17,selection,baseline,303,2026-08-17T23:10:00+09:00,0.6907368360025713
2026-08-17,selection,baseline,304,2026-08-17T23:50:00+09:00,0.6904696573176261
2026-08-17,selection,baseline,305,2026-08-17T23:20:00+09:00,0.6904696573176261
2026-08-17,selection,baseline,306,2026-08-17T23:40:00+09:00,0.6890620311030637
2026-08-17,selection,baseline,307,2026-08-17T23:10:00+09:00,0.6890620311030637
2026-08-17,selection,baseline,308,2026-08-17T22:00:00+09:00,0.6889941358656099
2026-08-17,selection,baseline,309,2026-08-17T22:30:00+09:00,0.6889941358656099
2026-08-17,selection,baseline,310,2026-08-17T22:30:00+09:00,0.6876946915230999
2026-08-17,selection,baseline,311,2026-08-17T22:00:00+09:00,0.6876946915230999
2026-08-17,selection,baseline,312,2026-08-18T01:30:00+09:00,0.6867600904314602
2026-08-17,selection,baseline,313,2026-08-18T01:00:00+09:00,0.6867600904314602
2026-08-17,selection,baseline,314,2026-08-18T01:40:00+09:00,0.6862470296527997
2026-08-17,selection,baseline,315,2026-08-18T03:40:00+09:00,0.6845674874754262
2026-08-17,selection,baseline,316,2026-08-18T03:20:00+09:00,0.6826945014905913
2026-08-17,selection,baseline,317,2026-08-18T03:50:00+09:00,0.6826945014905913
2026-08-17,selection,baseline,318,2026-08-18T03:50:00+09:00,0.6823808911853388
2026-08-17,selection,baseline,319,2026-08-18T03:20:00+09:00,0.6823808911853388
2026-08-17,selection,baseline,320,2026-08-17T23:00:00+09:00,0.6811879200968174
2026-08-17,selection,baseline,321,2026-08-17T23:40:00+09:00,0.6811879200968174
2026-08-17,selection,baseline,322,2026-08-18T01:30:00+09:00,0.679557916267966
2026-08-17,selection,baseline,323,2026-08-18T01:00:00+09:00,0.679557916267966
2026-08-17,selection,baseline,324,2026-08-17T22:20:00+09:00,0.6787433573711436
2026-08-17,selection,baseline,325,2026-08-17T22:50:00+09:00,0.6787433573711436
2026-08-17,selection,baseline,326,2026-08-18T02:30:00+09:00,0.676977118866221
2026-08-17,selection,baseline,327,2026-08-18T02:10:00+09:00,0.6743749697637601
2026-08-17,selection,baseline,328,2026-08-18T02:50:00+09:00,0.6743749697637601
2026-08-17,selection,baseline,329,2026-08-18T00:00:00+09:00,0.6740184390443986
2026-08-17,selection,baseline,330,2026-08-18T00:30:00+09:00,0.6740184390443986
2026-08-17,selection,baseline,331,2026-08-18T01:40:00+09:00,0.6733411225576235
2026-08-17,selection,baseline,332,2026-08-18T01:00:00+09:00,0.6733411225576235
2026-08-17,selection,baseline,333,2026-08-18T00:20:00+09:00,0.673146287649712
2026-08-17,selection,baseline,334,2026-08-18T02:50:00+09:00,0.6707466800137473
2026-08-17,selection,baseline,335,2026-08-18T02:10:00+09:00,0.6707466800137473
2026-08-17,selection,baseline,336,2026-08-18T00:30:00+09:00,0.6700155957445163
2026-08-17,selection,baseline,337,2026-08-18T00:00:00+09:00,0.6700155957445163
2026-08-17,selection,baseline,338,2026-08-18T02:50:00+09:00,0.6698833398507229
2026-08-17,selection,baseline,339,2026-08-18T02:20:00+09:00,0.6698833398507229
2026-08-17,selection,baseline,340,2026-08-18T02:50:00+09:00,0.6690855945884164
2026-08-17,selection,baseline,341,2026-08-18T02:20:00+09:00,0.6690855945884164
2026-08-17,selection,baseline,342,2026-08-18T02:50:00+09:00,0.6675328735400938
2026-08-17,selection,baseline,343,2026-08-18T02:20:00+09:00,0.6675328735400938
2026-08-17,selection,baseline,344,2026-08-18T01:30:00+09:00,0.6674955823177582
2026-08-17,selection,baseline,345,2026-08-18T01:00:00+09:00,0.6674955823177582
2026-08-17,selection,baseline,346,2026-08-18T01:20:00+09:00,0.6665935976491945
2026-08-17,selection,baseline,347,2026-08-18T01:50:00+09:00,0.6665935976491945
2026-08-17,selection,baseline,348,2026-08-18T01:40:00+09:00,0.6663744466105203
2026-08-17,selection,baseline,349,2026-08-18T01:00:00+09:00,0.6663744466105203
2026-08-17,selection,baseline,350,2026-08-18T00:00:00+09:00,0.6647736682940197
2026-08-17,selection,baseline,351,2026-08-18T00:30:00+09:00,0.6647736682940197
2026-08-17,selection,baseline,352,2026-08-18T00:30:00+09:00,0.6646855464758044
2026-08-17,selection,baseline,353,2026-08-18T00:00:00+09:00,0.6646855464758044
2026-08-17,selection,baseline,354,2026-08-18T02:40:00+09:00,0.6642872912675625
2026-08-17,selection,baseline,355,2026-08-18T02:10:00+09:00,0.6642872912675625
2026-08-17,selection,baseline,356,2026-08-18T03:20:00+09:00,0.6618457005107408
2026-08-17,selection,baseline,357,2026-08-18T03:50:00+09:00,0.6618457005107408
2026-08-17,selection,baseline,358,2026-08-18T01:40:00+09:00,0.6602818231550169
2026-08-17,selection,baseline,359,2026-08-18T01:10:00+09:00,0.6602818231550169
2026-08-19,selection,baseline,1,2026-08-20T00:00:00+09:00,0.996999939311035
2026-08-19,selection,baseline,2,2026-08-20T00:30:00+09:00,0.996999939311035
2026-08-19,selection,baseline,3,2026-08-20T00:20:00+09:00,0.9773604886632706
2026-08-19,selection,baseline,4,2026-08-20T00:50:00+09:00,0.9773604886632706
2026-08-19,selection,baseline,5,2026-08-20T00:50:00+09:00,0.959155327531182
2026-08-19,selection,baseline,6,2026-08-20T00:20:00+09:00,0.959155327531182
2026-08-19,selection,baseline,7,2026-08-20T00:50:00+09:00,0.9567514018219347
2026-08-19,selection,baseline,8,2026-08-20T00:10:00+09:00,0.9567514018219347
2026-08-19,selection,baseline,9,2026-08-20T00:20:00+09:00,0.9537431074321179
2026-08-19,selection,baseline,10,2026-08-20T00:50:00+09:00,0.9537431074321179
2026-08-19,selection,baseline,11,2026-08-20T00:40:00+09:00,0.9534135556614495
2026-08-19,selection,baseline,12,2026-08-20T00:10:00+09:00,0.9534135556614495
2026-08-19,selection,baseline,13,2026-08-20T01:00:00+09:00,0.9514025029704999
2026-08-19,selection,baseline,14,2026-08-20T01:30:00+09:00,0.9514025029704999
2026-08-19,selection,baseline,15,2026-08-20T00:40:00+09:00,0.9489189468991168
2026-08-19,selection,baseline,16,2026-08-20T00:00:00+09:00,0.9489189468991168
2026-08-19,selection,baseline,17,2026-08-20T01:50:00+09:00,0.9436038109344336
2026-08-19,selection,baseline,18,2026-08-20T01:20:00+09:00,0.9436038109344336
2026-08-19,selection,baseline,19,2026-08-20T01:20:00+09:00,0.9403184990054647
2026-08-19,selection,baseline,20,2026-08-20T01:50:00+09:00,0.9403184990054647
2026-08-19,selection,baseline,21,2026-08-20T00:10:00+09:00,0.934708119712333
2026-08-19,selection,baseline,22,2026-08-20T00:40:00+09:00,0.934708119712333
2026-08-19,selection,baseline,23,2026-08-20T00:00:00+09:00,0.9344420967119105
2026-08-19,selection,baseline,24,2026-08-20T00:30:00+09:00,0.9344420967119105
2026-08-19,selection,baseline,25,2026-08-19T23:10:00+09:00,0.9303469091568379
2026-08-19,selection,baseline,26,2026-08-20T01:50:00+09:00,0.9207161417595392
2026-08-19,selection,baseline,27,2026-08-20T01:20:00+09:00,0.9207161417595392
2026-08-19,selection,baseline,28,2026-08-20T01:40:00+09:00,0.916090610734889
2026-08-19,selection,baseline,29,2026-08-20T01:00:00+09:00,0.916090610734889
2026-08-19,selection,baseline,30,2026-08-20T01:30:00+09:00,0.9098095270187618
2026-08-19,selection,baseline,31,2026-08-20T01:30:00+09:00,0.9050203514661596
2026-08-19,selection,baseline,32,2026-08-20T01:20:00+09:00,0.9026729235312398
2026-08-19,selection,baseline,33,2026-08-20T01:50:00+09:00,0.9026729235312398
2026-08-19,selection,baseline,34,2026-08-20T01:30:00+09:00,0.9004426371664873
2026-08-19,selection,baseline,35,2026-08-19T23:20:00+09:00,0.8999851282503496
2026-08-19,selection,baseline,36,2026-08-19T23:50:00+09:00,0.8999851282503496
2026-08-19,selection,baseline,37,2026-08-19T23:10:00+09:00,0.8994620550677609
2026-08-19,selection,baseline,38,2026-08-19T23:40:00+09:00,0.8994620550677609
2026-08-19,selection,baseline,39,2026-08-20T00:50:00+09:00,0.898420737599521
2026-08-19,selection,baseline,40,2026-08-20T00:20:00+09:00,0.898420737599521
2026-08-19,selection,baseline,41,2026-08-19T23:50:00+09:00,0.8982793547339027
2026-08-19,selection,baseline,42,2026-08-19T23:00:00+09:00,0.8982793547339027
2026-08-19,selection,baseline,43,2026-08-20T00:10:00+09:00,0.8975720856109725
2026-08-19,selection,baseline,44,2026-08-20T00:50:00+09:00,0.8975720856109725
2026-08-19,selection,baseline,45,2026-08-19T23:30:00+09:00,0.8937357372996605
2026-08-19,selection,baseline,46,2026-08-19T23:00:00+09:00,0.8937357372996605
2026-08-19,selection,baseline,47,2026-08-19T23:00:00+09:00,0.8896744319471223
2026-08-19,selection,baseline,48,2026-08-19T23:40:00+09:00,0.8896744319471223
2026-08-19,selection,baseline,49,2026-08-19T23:40:00+09:00,0.8861966224955766
2026-08-19,selection,baseline,50,2026-08-19T23:00:00+09:00,0.8861966224955766
2026-08-19,selection,baseline,51,2026-08-20T01:40:00+09:00,0.8831868950721742
2026-08-19,selection,baseline,52,2026-08-20T00:20:00+09:00,0.8739954574938262
2026-08-19,selection,baseline,53,2026-08-20T00:50:00+09:00,0.8739954574938262
2026-08-19,selection,baseline,54,2026-08-19T23:00:00+09:00,0.8727694873969307
2026-08-19,selection,baseline,55,2026-08-19T23:30:00+09:00,0.8727694873969307
2026-08-19,selection,baseline,56,2026-08-20T00:00:00+09:00,0.8700894453851606
2026-08-19,selection,baseline,57,2026-08-20T00:30:00+09:00,0.8700894453851606
2026-08-19,selection,baseline,58,2026-08-20T00:00:00+09:00,0.868814540153332
2026-08-19,selection,baseline,59,2026-08-20T00:50:00+09:00,0.868814540153332
2026-08-19,selection,baseline,60,2026-08-20T01:30:00+09:00,0.8642512844710534
2026-08-19,selection,baseline,61,2026-08-19T23:10:00+09:00,0.863363217879701
2026-08-19,selection,baseline,62,2026-08-20T00:50:00+09:00,0.8585825183590885
2026-08-19,selection,baseline,63,2026-08-20T00:10:00+09:00,0.8585825183590885
2026-08-19,selection,baseline,64,2026-08-20T01:30:00+09:00,0.8533549841403834
2026-08-19,selection,baseline,65,2026-08-20T01:00:00+09:00,0.8533549841403834
2026-08-19,selection,baseline,66,2026-08-20T01:30:00+09:00,0.8517519121891599
2026-08-19,selection,baseline,67,2026-08-20T00:00:00+09:00,0.8508923521108409
2026-08-19,selection,baseline,68,2026-08-20T00:50:00+09:00,0.8508923521108409
2026-08-19,selection,baseline,69,2026-08-20T01:50:00+09:00,0.8507572966024919
2026-08-19,selection,baseline,70,2026-08-20T01:00:00+09:00,0.8507572966024919
2026-08-19,selection,baseline,71,2026-08-20T01:50:00+09:00,0.8452448263004962
2026-08-19,selection,baseline,72,2026-08-20T01:20:00+09:00,0.8452448263004962
2026-08-19,selection,baseline,73,2026-08-20T02:50:00+09:00,0.839685130586232
2026-08-19,selection,baseline,74,2026-08-20T02:20:00+09:00,0.839685130586232
2026-08-19,selection,baseline,75,2026-08-20T00:10:00+09:00,0.8374325131017905
2026-08-19,selection,baseline,76,2026-08-20T00:50:00+09:00,0.8374325131017905
2026-08-19,selection,baseline,77,2026-08-20T00:10:00+09:00,0.8374266122139041
2026-08-19,selection,baseline,78,2026-08-20T00:50:00+09:00,0.8374266122139041
2026-08-19,selection,baseline,79,2026-08-20T01:30:00+09:00,0.8373182371253214
2026-08-19,selection,baseline,80,2026-08-20T01:00:00+09:00,0.8373182371253214
2026-08-19,selection,baseline,81,2026-08-20T00:00:00+09:00,0.834266535989944
2026-08-19,selection,baseline,82,2026-08-20T00:30:00+09:00,0.834266535989944
2026-08-19,selection,baseline,83,2026-08-19T23:20:00+09:00,0.8307430569293235
2026-08-19,selection,baseline,84,2026-08-19T23:00:00+09:00,0.8304593638498091
2026-08-19,selection,baseline,85,2026-08-19T23:30:00+09:00,0.8304593638498091
2026-08-19,selection,baseline,86,2026-08-19T23:40:00+09:00,0.8298481408557249
2026-08-19,selection,baseline,87,2026-08-19T23:00:00+09:00,0.8298481408557249
2026-08-19,selection,baseline,88,2026-08-20T02:30:00+09:00,0.8295197960456729
2026-08-19,selection,baseline,89,2026-08-20T02:00:00+09:00,0.8295197960456729
2026-08-19,selection,baseline,90,2026-08-20T01:20:00+09:00,0.8285748969836165
2026-08-19,selection,baseline,91,2026-08-20T01:50:00+09:00,0.8285748969836165
2026-08-19,selection,baseline,92,2026-08-20T02:30:00+09:00,0.8269946649142332
2026-08-19,selection,baseline,93,2026-08-20T00:10:00+09:00,0.8260782983014523
2026-08-19,selection,baseline,94,2026-08-20T00:50:00+09:00,0.8260782983014523
2026-08-19,selection,baseline,95,2026-08-19T23:20:00+09:00,0.8254941920630675
2026-08-19,selection,baseline,96,2026-08-19T23:50:00+09:00,0.8254941920630675
2026-08-19,selection,baseline,97,2026-08-20T00:50:00+09:00,0.8251922834783875
2026-08-19,selection,baseline,98,2026-08-20T00:10:00+09:00,0.8251922834783875
2026-08-19,selection,baseline,99,2026-08-20T00:50:00+09:00,0.8240296970874739
2026-08-19,selection,baseline,100,2026-08-20T00:10:00+09:00,0.8240296970874739
2026-08-19,selection,baseline,101,2026-08-20T00:50:00+09:00,0.8223468753491567
2026-08-19,selection,baseline,102,2026-08-20T00:00:00+09:00,0.8223468753491567
2026-08-19,selection,baseline,103,2026-08-20T01:50:00+09:00,0.8202236231426911
2026-08-19,selection,baseline,104,2026-08-20T01:20:00+09:00,0.8202236231426911
2026-08-19,selection,baseline,105,2026-08-20T00:00:00+09:00,0.8198485745099341
2026-08-19,selection,baseline,106,2026-08-20T00:50:00+09:00,0.8198485745099341
2026-08-19,selection,baseline,107,2026-08-20T00:20:00+09:00,0.8191162650908558
2026-08-19,selection,baseline,108,2026-08-20T00:50:00+09:00,0.8191162650908558
2026-08-19,selection,baseline,109,2026-08-20T02:40:00+09:00,0.8188689363386508
2026-08-19,selection,baseline,110,2026-08-20T00:10:00+09:00,0.8184657041929517
2026-08-19,selection,baseline,111,2026-08-20T00:50:00+09:00,0.8184657041929517
2026-08-19,selection,baseline,112,2026-08-20T02:40:00+09:00,0.8180501233542953
2026-08-19,selection,baseline,113,2026-08-20T02:10:00+09:00,0.8180501233542953
2026-08-19,selection,baseline,114,2026-08-19T23:30:00+09:00,0.8179893325983968
2026-08-19,selection,baseline,115,2026-08-19T23:00:00+09:00,0.8179893325983968
2026-08-19,selection,baseline,116,2026-08-20T02:30:00+09:00,0.8178812222861093
2026-08-19,selection,baseline,117,2026-08-20T02:00:00+09:00,0.8178812222861093
2026-08-19,selection,baseline,118,2026-08-20T00:00:00+09:00,0.8148263025222284
2026-08-19,selection,baseline,119,2026-08-20T00:30:00+09:00,0.8148263025222284
2026-08-19,selection,baseline,120,2026-08-19T23:30:00+09:00,0.8145451240375496
2026-08-19,selection,baseline,121,2026-08-19T23:00:00+09:00,0.8145451240375496
2026-08-19,selection,baseline,122,2026-08-20T00:10:00+09:00,0.814297425778688
2026-08-19,selection,baseline,123,2026-08-20T00:40:00+09:00,0.814297425778688
2026-08-19,selection,baseline,124,2026-08-20T00:30:00+09:00,0.8128293356213885
2026-08-19,selection,baseline,125,2026-08-20T00:00:00+09:00,0.8128293356213885
2026-08-19,selection,baseline,126,2026-08-19T23:10:00+09:00,0.8113849282238177
2026-08-19,selection,baseline,127,2026-08-19T23:20:00+09:00,0.8093963954034021
2026-08-19,selection,baseline,128,2026-08-20T02:40:00+09:00,0.8088852852561556
2026-08-19,selection,baseline,129,2026-08-20T01:50:00+09:00,0.806672433991875
2026-08-19,selection,baseline,130,2026-08-20T01:20:00+09:00,0.806672433991875
2026-08-19,selection,baseline,131,2026-08-19T23:20:00+09:00,0.8061011013966862
2026-08-19,selection,baseline,132,2026-08-19T23:20:00+09:00,0.8036731641060543
2026-08-19,selection,baseline,133,2026-08-19T23:20:00+09:00,0.8027276593883066
2026-08-19,selection,baseline,134,2026-08-19T23:00:00+09:00,0.8009102228000569
2026-08-19,selection,baseline,135,2026-08-19T23:30:00+09:00,0.8009102228000569
2026-08-19,selection,baseline,136,2026-08-20T00:20:00+09:00,0.8001865463422566
2026-08-19,selection,baseline,137,2026-08-20T00:50:00+09:00,0.8001865463422566
2026-08-19,selection,baseline,138,2026-08-20T00:30:00+09:00,0.7980256168911598
2026-08-19,selection,baseline,139,2026-08-20T00:00:00+09:00,0.7980256168911598
2026-08-19,selection,baseline,140,2026-08-20T00:30:00+09:00,0.7979887868830865
2026-08-19,selection,baseline,141,2026-08-20T00:00:00+09:00,0.7979887868830865
2026-08-19,selection,baseline,142,2026-08-20T00:00:00+09:00,0.7958244107778482
2026-08-19,selection,baseline,143,2026-08-20T00:30:00+09:00,0.7958244107778482
2026-08-19,selection,baseline,144,2026-08-20T00:40:00+09:00,0.7929846461241641
2026-08-19,selection,baseline,145,2026-08-20T00:10:00+09:00,0.7929846461241641
2026-08-19,selection,baseline,146,2026-08-20T01:30:00+09:00,0.7919238702256491
2026-08-19,selection,baseline,147,2026-08-20T02:30:00+09:00,0.7918779690155585
2026-08-19,selection,baseline,148,2026-08-20T01:40:00+09:00,0.7882979022012003
2026-08-19,selection,baseline,149,2026-08-20T00:00:00+09:00,0.7880735877812743
2026-08-19,selection,baseline,150,2026-08-20T00:30:00+09:00,0.7880735877812743
2026-08-19,selection,baseline,151,2026-08-20T01:00:00+09:00,0.7872420340418128
2026-08-19,selection,baseline,152,2026-08-20T01:50:00+09:00,0.7872420340418128
2026-08-19,selection,baseline,153,2026-08-20T02:10:00+09:00,0.7872419841391358
2026-08-19,selection,baseline,154,2026-08-20T02:40:00+09:00,0.7872419841391358
2026-08-19,selection,baseline,155,2026-08-19T23:20:00+09:00,0.7868957194331372
2026-08-19,selection,baseline,156,2026-08-19T23:20:00+09:00,0.7838977860579294
2026-08-19,selection,baseline,157,2026-08-20T02:40:00+09:00,0.7821254681192747
2026-08-19,selection,baseline,158,2026-08-20T02:10:00+09:00,0.7821254681192747
2026-08-19,selection,baseline,159,2026-08-19T23:00:00+09:00,0.7818053905535801
2026-08-19,selection,baseline,160,2026-08-19T23:30:00+09:00,0.7818053905535801
2026-08-19,selection,baseline,161,2026-08-19T23:30:00+09:00,0.7816527256990584
2026-08-19,selection,baseline,162,2026-08-19T23:00:00+09:00,0.7816527256990584
2026-08-19,selection,baseline,163,2026-08-20T01:50:00+09:00,0.780354310791385
2026-08-19,selection,baseline,164,2026-08-20T01:20:00+09:00,0.780354310791385
2026-08-19,selection,baseline,165,2026-08-20T01:30:00+09:00,0.7790946119018579
2026-08-19,selection,baseline,166,2026-08-20T01:50:00+09:00,0.7778626310265059
2026-08-19,selection,baseline,167,2026-08-20T01:20:00+09:00,0.7778626310265059
2026-08-19,selection,baseline,168,2026-08-20T01:40:00+09:00,0.7770560647235814
2026-08-19,selection,baseline,169,2026-08-20T01:10:00+09:00,0.7770560647235814
2026-08-19,selection,baseline,170,2026-08-20T02:20:00+09:00,0.7763170570133316
2026-08-19,selection,baseline,171,2026-08-20T02:50:00+09:00,0.7763170570133316
2026-08-19,selection,baseline,172,2026-08-20T00:40:00+09:00,0.7759897055577364
2026-08-19,selection,baseline,173,2026-08-20T00:10:00+09:00,0.7759897055577364
2026-08-19,selection,baseline,174,2026-08-19T23:00:00+09:00,0.7753996184355052
2026-08-19,selection,baseline,175,2026-08-19T23:30:00+09:00,0.7753996184355052
2026-08-19,selection,baseline,176,2026-08-20T00:00:00+09:00,0.774456469418977
2026-08-19,selection,baseline,177,2026-08-20T00:50:00+09:00,0.774456469418977
2026-08-19,selection,baseline,178,2026-08-20T01:20:00+09:00,0.774361214152957
2026-08-19,selection,baseline,179,2026-08-20T01:50:00+09:00,0.774361214152957
2026-08-19,selection,baseline,180,2026-08-20T01:40:00+09:00,0.7736117008439444
2026-08-19,selection,baseline,181,2026-08-20T01:00:00+09:00,0.7736117008439444
2026-08-19,selection,baseline,182,2026-08-19T23:00:00+09:00,0.7731988383722488
2026-08-19,selection,baseline,183,2026-08-19T23:30:00+09:00,0.7731988383722488
2026-08-19,selection,baseline,184,2026-08-20T02:30:00+09:00,0.7723903412359326
2026-08-19,selection,baseline,185,2026-08-20T02:00:00+09:00,0.7723903412359326
2026-08-19,selection,baseline,186,2026-08-20T01:50:00+09:00,0.771184164585837
2026-08-19,selection,baseline,187,2026-08-20T01:20:00+09:00,0.771184164585837
2026-08-19,selection,baseline,188,2026-08-19T23:00:00+09:00,0.7708519943114406
2026-08-19,selection,baseline,189,2026-08-19T23:40:00+09:00,0.7708519943114406
2026-08-19,selection,baseline,190,2026-08-20T01:50:00+09:00,0.7700514403675587
2026-08-19,selection,baseline,191,2026-08-20T01:20:00+09:00,0.7700514403675587
2026-08-19,selection,baseline,192,2026-08-20T01:20:00+09:00,0.7698880701446016
2026-08-19,selection,baseline,193,2026-08-20T01:50:00+09:00,0.7698880701446016
2026-08-19,selection,baseline,194,2026-08-20T00:40:00+09:00,0.768771274862615
2026-08-19,selection,baseline,195,2026-08-20T00:10:00+09:00,0.768771274862615
2026-08-19,selection,baseline,196,2026-08-20T00:10:00+09:00,0.7680237013725203
2026-08-19,selection,baseline,197,2026-08-20T00:40:00+09:00,0.7680237013725203
2026-08-19,selection,baseline,198,2026-08-20T01:30:00+09:00,0.7663276934083019
2026-08-19,selection,baseline,199,2026-08-20T01:00:00+09:00,0.7659992470114063
2026-08-19,selection,baseline,200,2026-08-20T01:30:00+09:00,0.7659992470114063
2026-08-19,selection,baseline,201,2026-08-20T00:00:00+09:00,0.7652150788968523
2026-08-19,selection,baseline,202,2026-08-20T00:50:00+09:00,0.7652150788968523
2026-08-19,selection,baseline,203,2026-08-19T23:30:00+09:00,0.7651621638780701
2026-08-19,selection,baseline,204,2026-08-19T23:00:00+09:00,0.7651621638780701
2026-08-19,selection,baseline,205,2026-08-20T01:40:00+09:00,0.7649051773953579
2026-08-19,selection,baseline,206,2026-08-20T01:10:00+09:00,0.7649051773953579
2026-08-19,selection,baseline,207,2026-08-19T22:10:00+09:00,0.7636789812483002
2026-08-19,selection,baseline,208,2026-08-19T22:40:00+09:00,0.7636789812483002
2026-08-19,selection,baseline,209,2026-08-20T01:10:00+09:00,0.763546471604146
2026-08-19,selection,baseline,210,2026-08-20T01:50:00+09:00,0.763546471604146
2026-08-19,selection,baseline,211,2026-08-20T00:50:00+09:00,0.7616657358524915
2026-08-19,selection,baseline,212,2026-08-20T00:00:00+09:00,0.7616657358524915
2026-08-19,selection,baseline,213,2026-08-20T02:30:00+09:00,0.7605969853513124
2026-08-19,selection,baseline,214,2026-08-20T02:00:00+09:00,0.7605969853513124
2026-08-19,selection,baseline,215,2026-08-20T01:30:00+09:00,0.7597011562609646
2026-08-19,selection,baseline,216,2026-08-20T01:00:00+09:00,0.7597011562609646
2026-08-19,selection,baseline,217,2026-08-20T01:40:00+09:00,0.7592469373480586
2026-08-19,selection,baseline,218,2026-08-20T01:40:00+09:00,0.758876527972819
2026-08-19,selection,baseline,219,2026-08-20T01:00:00+09:00,0.758876527972819
2026-08-19,selection,baseline,220,2026-08-19T23:30:00+09:00,0.7588082154799889
2026-08-19,selection,baseline,221,2026-08-19T23:00:00+09:00,0.7588082154799889
2026-08-19,selection,baseline,222,2026-08-19T23:10:00+09:00,0.758581274079227
2026-08-19,selection,baseline,223,2026-08-19T23:40:00+09:00,0.758581274079227
2026-08-19,selection,baseline,224,2026-08-20T02:50:00+09:00,0.7585176523740818
2026-08-19,selection,baseline,225,2026-08-20T02:20:00+09:00,0.7585176523740818
2026-08-19,selection,baseline,226,2026-08-19T23:30:00+09:00,0.7579208404326554
2026-08-19,selection,baseline,227,2026-08-19T23:00:00+09:00,0.7579208404326554
2026-08-19,selection,baseline,228,2026-08-20T01:50:00+09:00,0.7566239196750352
2026-08-19,selection,baseline,229,2026-08-20T01:20:00+09:00,0.7566239196750352
2026-08-19,selection,baseline,230,2026-08-20T02:20:00+09:00,0.7553519933733926
2026-08-19,selection,baseline,231,2026-08-20T02:50:00+09:00,0.7553519933733926
2026-08-19,selection,baseline,232,2026-08-20T00:50:00+09:00,0.7548529185228963
2026-08-19,selection,baseline,233,2026-08-20T00:10:00+09:00,0.7548529185228963
2026-08-19,selection,baseline,234,2026-08-19T22:10:00+09:00,0.7531680301635634
2026-08-19,selection,baseline,235,2026-08-19T22:40:00+09:00,0.7531680301635634
2026-08-19,selection,baseline,236,2026-08-20T00:50:00+09:00,0.7529762821038593
2026-08-19,selection,baseline,237,2026-08-20T00:00:00+09:00,0.7529762821038593
2026-08-19,selection,baseline,238,2026-08-20T00:00:00+09:00,0.7526580837531598
2026-08-19,selection,baseline,239,2026-08-20T00:40:00+09:00,0.7526580837531598
2026-08-19,selection,baseline,240,2026-08-20T02:40:00+09:00,0.7520038345461237
2026-08-19,selection,baseline,241,2026-08-20T02:10:00+09:00,0.7520038345461237
2026-08-19,selection,baseline,242,2026-08-20T01:10:00+09:00,0.7519479956217029
2026-08-19,selection,baseline,243,2026-08-20T01:50:00+09:00,0.7519479956217029
2026-08-19,selection,baseline,244,2026-08-20T02:30:00+09:00,0.7490344832809978
2026-08-19,selection,baseline,245,2026-08-20T02:00:00+09:00,0.7490344832809978
2026-08-19,selection,baseline,246,2026-08-20T01:40:00+09:00,0.748160345084803
2026-08-19,selection,baseline,247,2026-08-20T01:10:00+09:00,0.748160345084803
2026-08-19,selection,baseline,248,2026-08-19T22:30:00+09:00,0.7471507293429097
2026-08-19,selection,baseline,249,2026-08-19T22:00:00+09:00,0.7471507293429097
2026-08-19,selection,baseline,250,2026-08-19T22:00:00+09:00,0.7460430556846601
2026-08-19,selection,baseline,251,2026-08-19T22:30:00+09:00,0.7460430556846601
2026-08-19,selection,baseline,252,2026-08-20T01:30:00+09:00,0.7455605361362875
2026-08-19,selection,baseline,253,2026-08-20T01:00:00+09:00,0.7455605361362875
2026-08-19,selection,baseline,254,2026-08-20T01:00:00+09:00,0.74525251115252
2026-08-19,selection,baseline,255,2026-08-20T01:30:00+09:00,0.74525251115252
2026-08-19,selection,baseline,256,2026-08-20T01:00:00+09:00,0.7451185192376066
2026-08-19,selection,baseline,257,2026-08-20T01:30:00+09:00,0.7451185192376066
2026-08-19,selection,baseline,258,2026-08-19T23:30:00+09:00,0.74292392250524
2026-08-19,selection,baseline,259,2026-08-19T23:00:00+09:00,0.74292392250524
2026-08-19,selection,baseline,260,2026-08-19T22:30:00+09:00,0.7422694698656825
2026-08-19,selection,baseline,261,2026-08-19T22:00:00+09:00,0.7422694698656825
2026-08-19,selection,baseline,262,2026-08-20T01:50:00+09:00,0.7413191663909856
2026-08-19,selection,baseline,263,2026-08-20T01:20:00+09:00,0.7413191663909856
2026-08-19,selection,baseline,264,2026-08-19T23:10:00+09:00,0.7405206901461582
2026-08-19,selection,baseline,265,2026-08-20T00:20:00+09:00,0.7398495030995641
2026-08-19,selection,baseline,266,2026-08-20T00:30:00+09:00,0.7397785558552089
2026-08-19,selection,baseline,267,2026-08-20T00:00:00+09:00,0.7397785558552089
2026-08-19,selection,baseline,268,2026-08-20T00:50:00+09:00,0.7377307488364733
2026-08-19,selection,baseline,269,2026-08-20T00:00:00+09:00,0.7377307488364733
2026-08-19,selection,baseline,270,2026-08-20T00:00:00+09:00,0.7375973362172754
2026-08-19,selection,baseline,271,2026-08-20T00:30:00+09:00,0.7375973362172754
2026-08-19,selection,baseline,272,2026-08-20T00:20:00+09:00,0.737419407886405
2026-08-19,selection,baseline,273,2026-08-20T00:50:00+09:00,0.737419407886405
2026-08-19,selection,baseline,274,2026-08-20T01:10:00+09:00,0.7365710867476845
2026-08-19,selection,baseline,275,2026-08-20T01:40:00+09:00,0.7365710867476845
2026-08-19,selection,baseline,276,2026-08-20T02:20:00+09:00,0.7356169511625483
2026-08-19,selection,baseline,277,2026-08-20T02:50:00+09:00,0.7356169511625483
2026-08-19,selection,baseline,278,2026-08-19T23:40:00+09:00,0.735150384729584
2026-08-19,selection,baseline,279,2026-08-19T23:10:00+09:00,0.735150384729584
2026-08-19,selection,baseline,280,2026-08-20T01:20:00+09:00,0.7338774848373921
2026-08-19,selection,baseline,281,2026-08-20T01:50:00+09:00,0.7338774848373921
2026-08-19,selection,baseline,282,2026-08-19T23:30:00+09:00,0.7336920736730284
2026-08-19,selection,baseline,283,2026-08-19T23:00:00+09:00,0.7336920736730284
2026-08-19,selection,baseline,284,2026-08-19T23:00:00+09:00,0.7317144761914596
2026-08-19,selection,baseline,285,2026-08-19T23:30:00+09:00,0.7317144761914596
2026-08-19,selection,baseline,286,2026-08-20T01:20:00+09:00,0.7316771283321982
2026-08-19,selection,baseline,287,2026-08-20T01:50:00+09:00,0.7316771283321982
2026-08-19,selection,baseline,288,2026-08-19T22:10:00+09:00,0.7314801066490091
2026-08-19,selection,baseline,289,2026-08-20T02:00:00+09:00,0.7311170378510448
2026-08-19,selection,baseline,290,2026-08-20T02:50:00+09:00,0.7311170378510448
2026-08-19,selection,baseline,291,2026-08-20T01:50:00+09:00,0.7310992316044509
2026-08-19,selection,baseline,292,2026-08-20T01:20:00+09:00,0.7310992316044509
2026-08-19,selection,baseline,293,2026-08-19T22:00:00+09:00,0.7309916615805631
2026-08-19,selection,baseline,294,2026-08-19T22:30:00+09:00,0.7309916615805631
2026-08-19,selection,baseline,295,2026-08-19T22:00:00+09:00,0.7302928156635612
2026-08-19,selection,baseline,296,2026-08-19T22:30:00+09:00,0.7302928156635612
2026-08-19,selection,baseline,297,2026-08-19T22:40:00+09:00,0.729740484550141
2026-08-19,selection,baseline,298,2026-08-19T22:00:00+09:00,0.729740484550141
2026-08-19,selection,baseline,299,2026-08-19T23:00:00+09:00,0.7290386346517644
2026-08-19,selection,baseline,300,2026-08-19T23:30:00+09:00,0.7290386346517644
2026-08-19,selection,baseline,301,2026-08-19T22:40:00+09:00,0.7282490687896832
2026-08-19,selection,baseline,302,2026-08-19T22:00:00+09:00,0.7282490687896832
2026-08-19,selection,baseline,303,2026-08-19T22:10:00+09:00,0.7279520449902757
2026-08-19,selection,baseline,304,2026-08-19T22:50:00+09:00,0.7279520449902757
2026-08-19,selection,baseline,305,2026-08-20T01:20:00+09:00,0.7279482896040308
2026-08-19,selection,baseline,306,2026-08-20T01:50:00+09:00,0.7279482896040308
2026-08-19,selection,baseline,307,2026-08-20T02:30:00+09:00,0.7268694635280143
2026-08-19,selection,baseline,308,2026-08-19T22:10:00+09:00,0.7253730891963767
2026-08-19,selection,baseline,309,2026-08-20T01:50:00+09:00,0.7247169626586681
2026-08-19,selection,baseline,310,2026-08-20T01:10:00+09:00,0.7247169626586681
2026-08-19,selection,baseline,311,2026-08-20T01:40:00+09:00,0.7220786815780775
2026-08-19,selection,baseline,312,2026-08-20T01:10:00+09:00,0.7220786815780775
2026-08-23,confirmation,baseline,1,2026-08-24T00:20:00+09:00,0.9803107385135631
2026-08-23,confirmation,baseline,2,2026-08-24T00:50:00+09:00,0.9803107385135631
2026-08-23,confirmation,baseline,3,2026-08-24T00:30:00+09:00,0.962991808189544
2026-08-23,confirmation,baseline,4,2026-08-24T00:00:00+09:00,0.962991808189544
2026-08-23,confirmation,baseline,5,2026-08-24T00:00:00+09:00,0.9576683865019047
2026-08-23,confirmation,baseline,6,2026-08-24T00:30:00+09:00,0.9576683865019047
2026-08-23,confirmation,baseline,7,2026-08-24T00:00:00+09:00,0.9477720588645643
2026-08-23,confirmation,baseline,8,2026-08-24T00:40:00+09:00,0.9477720588645643
2026-08-23,confirmation,baseline,9,2026-08-24T00:40:00+09:00,0.9453489032085418
2026-08-23,confirmation,baseline,10,2026-08-24T00:10:00+09:00,0.9453489032085418
2026-08-23,confirmation,baseline,11,2026-08-24T01:40:00+09:00,0.9284629263053759
2026-08-23,confirmation,baseline,12,2026-08-24T00:30:00+09:00,0.9276997845930167
2026-08-23,confirmation,baseline,13,2026-08-24T00:00:00+09:00,0.9276997845930167
2026-08-23,confirmation,baseline,14,2026-08-24T01:50:00+09:00,0.9218141401862029
2026-08-23,confirmation,baseline,15,2026-08-24T01:10:00+09:00,0.9218141401862029
2026-08-23,confirmation,baseline,16,2026-08-23T23:50:00+09:00,0.9150571229566411
2026-08-23,confirmation,baseline,17,2026-08-23T23:20:00+09:00,0.9150571229566411
2026-08-23,confirmation,baseline,18,2026-08-24T01:10:00+09:00,0.9017606435482837
2026-08-23,confirmation,baseline,19,2026-08-24T01:50:00+09:00,0.9017606435482837
2026-08-23,confirmation,baseline,20,2026-08-24T00:10:00+09:00,0.8991288636122821
2026-08-23,confirmation,baseline,21,2026-08-24T00:40:00+09:00,0.8991288636122821
2026-08-23,confirmation,baseline,22,2026-08-23T23:10:00+09:00,0.8966165936614467
2026-08-23,confirmation,baseline,23,2026-08-23T23:20:00+09:00,0.8904144684589802
2026-08-23,confirmation,baseline,24,2026-08-24T01:40:00+09:00,0.8899641616523648
2026-08-23,confirmation,baseline,25,2026-08-24T01:10:00+09:00,0.8899641616523648
2026-08-23,confirmation,baseline,26,2026-08-23T23:40:00+09:00,0.8881379581575102
2026-08-23,confirmation,baseline,27,2026-08-23T23:10:00+09:00,0.8881379581575102
2026-08-23,confirmation,baseline,28,2026-08-23T23:30:00+09:00,0.8879154687489689
2026-08-23,confirmation,baseline,29,2026-08-23T23:00:00+09:00,0.8879154687489689
2026-08-23,confirmation,baseline,30,2026-08-24T00:00:00+09:00,0.887850625383216
2026-08-23,confirmation,baseline,31,2026-08-24T00:40:00+09:00,0.887850625383216
2026-08-23,confirmation,baseline,32,2026-08-24T01:20:00+09:00,0.8876888026440514
2026-08-23,confirmation,baseline,33,2026-08-24T01:50:00+09:00,0.8876888026440514
2026-08-23,confirmation,baseline,34,2026-08-24T00:10:00+09:00,0.8774228792247384
2026-08-23,confirmation,baseline,35,2026-08-24T00:50:00+09:00,0.8774228792247384
2026-08-23,confirmation,baseline,36,2026-08-24T01:40:00+09:00,0.8736127472352962
2026-08-23,confirmation,baseline,37,2026-08-24T01:10:00+09:00,0.8736127472352962
2026-08-23,confirmation,baseline,38,2026-08-23T23:20:00+09:00,0.8734240140870715
2026-08-23,confirmation,baseline,39,2026-08-24T00:20:00+09:00,0.8614611487268207
2026-08-23,confirmation,baseline,40,2026-08-24T00:50:00+09:00,0.8614611487268207
2026-08-23,confirmation,baseline,41,2026-08-24T01:50:00+09:00,0.8523010368335427
2026-08-23,confirmation,baseline,42,2026-08-24T01:10:00+09:00,0.8523010368335427
2026-08-23,confirmation,baseline,43,2026-08-24T01:20:00+09:00,0.8500207296980216
2026-08-23,confirmation,baseline,44,2026-08-24T01:50:00+09:00,0.8500207296980216
2026-08-23,confirmation,baseline,45,2026-08-24T00:30:00+09:00,0.8447419195986791
2026-08-23,confirmation,baseline,46,2026-08-24T00:00:00+09:00,0.8447419195986791
2026-08-23,confirmation,baseline,47,2026-08-23T23:20:00+09:00,0.8447150785691833
2026-08-23,confirmation,baseline,48,2026-08-24T01:10:00+09:00,0.8442878831865783
2026-08-23,confirmation,baseline,49,2026-08-24T01:50:00+09:00,0.8442878831865783
2026-08-23,confirmation,baseline,50,2026-08-23T23:00:00+09:00,0.8356997377883476
2026-08-23,confirmation,baseline,51,2026-08-23T23:30:00+09:00,0.8356997377883476
2026-08-23,confirmation,baseline,52,2026-08-24T01:40:00+09:00,0.8336565175781447
2026-08-23,confirmation,baseline,53,2026-08-24T01:10:00+09:00,0.8336565175781447
2026-08-23,confirmation,baseline,54,2026-08-24T02:40:00+09:00,0.830286416910049
2026-08-23,confirmation,baseline,55,2026-08-24T02:20:00+09:00,0.8280650092627695
2026-08-23,confirmation,baseline,56,2026-08-24T02:50:00+09:00,0.8280650092627695
2026-08-23,confirmation,baseline,57,2026-08-23T23:10:00+09:00,0.824322704295175
2026-08-23,confirmation,baseline,58,2026-08-23T23:40:00+09:00,0.824322704295175
2026-08-23,confirmation,baseline,59,2026-08-24T01:30:00+09:00,0.8239058218906986
2026-08-23,confirmation,baseline,60,2026-08-23T23:50:00+09:00,0.8186089987630776
2026-08-23,confirmation,baseline,61,2026-08-23T23:00:00+09:00,0.8186089987630776
2026-08-23,confirmation,baseline,62,2026-08-24T00:20:00+09:00,0.8177638468251816
2026-08-23,confirmation,baseline,63,2026-08-24T00:50:00+09:00,0.8177638468251816
2026-08-23,confirmation,baseline,64,2026-08-24T00:40:00+09:00,0.8153478763363761
2026-08-23,confirmation,baseline,65,2026-08-24T00:00:00+09:00,0.8153478763363761
2026-08-23,confirmation,baseline,66,2026-08-23T23:20:00+09:00,0.8143234657441416
2026-08-23,confirmation,baseline,67,2026-08-23T23:50:00+09:00,0.8143234657441416
2026-08-23,confirmation,baseline,68,2026-08-23T22:20:00+09:00,0.8104933070514639
2026-08-23,confirmation,baseline,69,2026-08-24T01:20:00+09:00,0.8084357406045375
2026-08-23,confirmation,baseline,70,2026-08-24T01:50:00+09:00,0.8084357406045375
2026-08-23,confirmation,baseline,71,2026-08-24T00:00:00+09:00,0.7989261143947081
2026-08-23,confirmation,baseline,72,2026-08-24T00:30:00+09:00,0.7989261143947081
2026-08-23,confirmation,baseline,73,2026-08-24T01:50:00+09:00,0.7940188643491136
2026-08-23,confirmation,baseline,74,2026-08-24T01:20:00+09:00,0.7940188643491136
2026-08-23,confirmation,baseline,75,2026-08-23T23:30:00+09:00,0.793619542050628
2026-08-23,confirmation,baseline,76,2026-08-23T23:00:00+09:00,0.793619542050628
2026-08-23,confirmation,baseline,77,2026-08-24T01:50:00+09:00,0.793218187070102
2026-08-23,confirmation,baseline,78,2026-08-24T01:20:00+09:00,0.793218187070102
2026-08-23,confirmation,baseline,79,2026-08-24T01:30:00+09:00,0.7909254902098521
2026-08-23,confirmation,baseline,80,2026-08-24T00:50:00+09:00,0.7906925748543094
2026-08-23,confirmation,baseline,81,2026-08-24T00:10:00+09:00,0.7906925748543094
2026-08-23,confirmation,baseline,82,2026-08-24T02:20:00+09:00,0.7888274724371397
2026-08-23,confirmation,baseline,83,2026-08-24T02:50:00+09:00,0.7888274724371397
2026-08-23,confirmation,baseline,84,2026-08-24T02:30:00+09:00,0.7876860959776221
2026-08-23,confirmation,baseline,85,2026-08-24T00:10:00+09:00,0.7850075416203377
2026-08-23,confirmation,baseline,86,2026-08-24T00:40:00+09:00,0.7850075416203377
2026-08-23,confirmation,baseline,87,2026-08-24T01:10:00+09:00,0.7791372305905317
2026-08-23,confirmation,baseline,88,2026-08-24T01:50:00+09:00,0.7791372305905317
2026-08-23,confirmation,baseline,89,2026-08-23T23:00:00+09:00,0.7774140818928126
2026-08-23,confirmation,baseline,90,2026-08-23T23:30:00+09:00,0.7774140818928126
2026-08-23,confirmation,baseline,91,2026-08-24T01:20:00+09:00,0.7759773905172138
2026-08-23,confirmation,baseline,92,2026-08-24T01:50:00+09:00,0.7759773905172138
2026-08-23,confirmation,baseline,93,2026-08-24T00:30:00+09:00,0.7731283845205683
2026-08-23,confirmation,baseline,94,2026-08-24T00:00:00+09:00,0.7731283845205683
2026-08-23,confirmation,baseline,95,2026-08-23T22:00:00+09:00,0.7697067966926223
2026-08-23,confirmation,baseline,96,2026-08-23T22:30:00+09:00,0.7697067966926223
2026-08-23,confirmation,baseline,97,2026-08-24T00:00:00+09:00,0.7678618670861406
2026-08-23,confirmation,baseline,98,2026-08-24T00:40:00+09:00,0.7678618670861406
2026-08-23,confirmation,baseline,99,2026-08-23T23:00:00+09:00,0.7636515704467532
2026-08-23,confirmation,baseline,100,2026-08-23T23:30:00+09:00,0.7636515704467532
2026-08-23,confirmation,baseline,101,2026-08-24T00:00:00+09:00,0.7635209687483726
2026-08-23,confirmation,baseline,102,2026-08-24T00:50:00+09:00,0.7635209687483726
2026-08-23,confirmation,baseline,103,2026-08-24T00:10:00+09:00,0.7619030071138204
2026-08-23,confirmation,baseline,104,2026-08-24T00:50:00+09:00,0.7619030071138204
2026-08-23,confirmation,baseline,105,2026-08-24T00:30:00+09:00,0.7616107678910877
2026-08-23,confirmation,baseline,106,2026-08-24T00:00:00+09:00,0.7616107678910877
2026-08-23,confirmation,baseline,107,2026-08-24T01:30:00+09:00,0.7590775206276392
2026-08-23,confirmation,baseline,108,2026-08-24T01:00:00+09:00,0.7590775206276392
2026-08-23,confirmation,baseline,109,2026-08-24T02:20:00+09:00,0.7590124046682045
2026-08-23,confirmation,baseline,110,2026-08-24T02:50:00+09:00,0.7590124046682045
2026-08-23,confirmation,baseline,111,2026-08-24T02:30:00+09:00,0.757886595377411
2026-08-23,confirmation,baseline,112,2026-08-24T00:20:00+09:00,0.7572486073616506
2026-08-23,confirmation,baseline,113,2026-08-24T00:50:00+09:00,0.7572486073616506
2026-08-23,confirmation,baseline,114,2026-08-24T00:30:00+09:00,0.7567594483364646
2026-08-23,confirmation,baseline,115,2026-08-24T00:00:00+09:00,0.7567594483364646
2026-08-23,confirmation,baseline,116,2026-08-24T01:10:00+09:00,0.7559398827422517
2026-08-23,confirmation,baseline,117,2026-08-24T01:50:00+09:00,0.7559398827422517
2026-08-23,confirmation,baseline,118,2026-08-24T02:20:00+09:00,0.7559341820929616
2026-08-23,confirmation,baseline,119,2026-08-24T02:50:00+09:00,0.7559341820929616
2026-08-23,confirmation,baseline,120,2026-08-23T23:00:00+09:00,0.7537165968031246
2026-08-23,confirmation,baseline,121,2026-08-23T23:30:00+09:00,0.7537165968031246
2026-08-23,confirmation,baseline,122,2026-08-23T23:10:00+09:00,0.7536415808017191
2026-08-23,confirmation,baseline,123,2026-08-24T01:40:00+09:00,0.7530679792380646
2026-08-23,confirmation,baseline,124,2026-08-24T00:50:00+09:00,0.7493499201919444
2026-08-23,confirmation,baseline,125,2026-08-24T00:00:00+09:00,0.7493499201919444
2026-08-23,confirmation,baseline,126,2026-08-24T02:30:00+09:00,0.7472010663814033
2026-08-23,confirmation,baseline,127,2026-08-23T22:40:00+09:00,0.7464047521862385
2026-08-23,confirmation,baseline,128,2026-08-23T22:10:00+09:00,0.7464047521862385
2026-08-23,confirmation,baseline,129,2026-08-24T02:20:00+09:00,0.7452907077954399
2026-08-23,confirmation,baseline,130,2026-08-24T02:50:00+09:00,0.7452907077954399
2026-08-23,confirmation,baseline,131,2026-08-24T00:40:00+09:00,0.7437728674179706
2026-08-23,confirmation,baseline,132,2026-08-24T00:10:00+09:00,0.7437728674179706
2026-08-23,confirmation,baseline,133,2026-08-23T23:40:00+09:00,0.7431361337607209
2026-08-23,confirmation,baseline,134,2026-08-23T23:00:00+09:00,0.7431361337607209
2026-08-23,confirmation,baseline,135,2026-08-24T00:00:00+09:00,0.741691192046015
2026-08-23,confirmation,baseline,136,2026-08-24T00:50:00+09:00,0.741691192046015
2026-08-23,confirmation,baseline,137,2026-08-24T00:20:00+09:00,0.7413842324157013
2026-08-23,confirmation,baseline,138,2026-08-24T00:50:00+09:00,0.7413842324157013
2026-08-23,confirmation,baseline,139,2026-08-24T02:40:00+09:00,0.739470829579639
2026-08-23,confirmation,baseline,140,2026-08-24T02:10:00+09:00,0.739470829579639
2026-08-23,confirmation,baseline,141,2026-08-24T01:40:00+09:00,0.7392397911747146
2026-08-23,confirmation,baseline,142,2026-08-24T01:10:00+09:00,0.7392397911747146
2026-08-23,confirmation,baseline,143,2026-08-23T23:20:00+09:00,0.7390800876292674
2026-08-23,confirmation,baseline,144,2026-08-24T02:20:00+09:00,0.738926963999948
2026-08-23,confirmation,baseline,145,2026-08-24T02:50:00+09:00,0.738926963999948
2026-08-23,confirmation,baseline,146,2026-08-24T01:40:00+09:00,0.7368054389649534
2026-08-23,confirmation,baseline,147,2026-08-24T01:00:00+09:00,0.7368054389649534
2026-08-23,confirmation,baseline,148,2026-08-24T00:10:00+09:00,0.7361252525347468
2026-08-23,confirmation,baseline,149,2026-08-24T00:40:00+09:00,0.7361252525347468
2026-08-23,confirmation,baseline,150,2026-08-24T00:40:00+09:00,0.7356376625712059
2026-08-23,confirmation,baseline,151,2026-08-24T00:10:00+09:00,0.7356376625712059
2026-08-23,confirmation,baseline,152,2026-08-24T00:00:00+09:00,0.7336694849688984
2026-08-23,confirmation,baseline,153,2026-08-24T00:30:00+09:00,0.7336694849688984
2026-08-23,confirmation,baseline,154,2026-08-23T23:30:00+09:00,0.7333636479600816
2026-08-23,confirmation,baseline,155,2026-08-23T23:00:00+09:00,0.7333636479600816
2026-08-23,confirmation,baseline,156,2026-08-23T22:10:00+09:00,0.7323437177382507
2026-08-23,confirmation,baseline,157,2026-08-23T22:40:00+09:00,0.7323437177382507
2026-08-23,confirmation,baseline,158,2026-08-23T22:50:00+09:00,0.7295875164669071
2026-08-23,confirmation,baseline,159,2026-08-23T22:20:00+09:00,0.7295875164669071
2026-08-23,confirmation,baseline,160,2026-08-23T23:00:00+09:00,0.7286064196101452
2026-08-23,confirmation,baseline,161,2026-08-23T23:30:00+09:00,0.7286064196101452
2026-08-23,confirmation,baseline,162,2026-08-23T22:30:00+09:00,0.7277221901993147
2026-08-23,confirmation,baseline,163,2026-08-23T22:00:00+09:00,0.7277221901993147
2026-08-23,confirmation,baseline,164,2026-08-24T01:40:00+09:00,0.7231389855165006
2026-08-23,confirmation,baseline,165,2026-08-24T01:20:00+09:00,0.7219900650433463
2026-08-23,confirmation,baseline,166,2026-08-24T01:50:00+09:00,0.7219900650433463
2026-08-23,confirmation,baseline,167,2026-08-23T22:00:00+09:00,0.7199994249211941
2026-08-23,confirmation,baseline,168,2026-08-23T22:40:00+09:00,0.7199994249211941
2026-08-23,confirmation,baseline,169,2026-08-23T23:40:00+09:00,0.7199921163262615
2026-08-23,confirmation,baseline,170,2026-08-23T23:00:00+09:00,0.7199921163262615
2026-08-23,confirmation,baseline,171,2026-08-24T00:20:00+09:00,0.7191415336823694
2026-08-23,confirmation,baseline,172,2026-08-24T00:50:00+09:00,0.7191415336823694
2026-08-23,confirmation,baseline,173,2026-08-24T01:20:00+09:00,0.7184070468296735
2026-08-23,confirmation,baseline,174,2026-08-24T01:50:00+09:00,0.7184070468296735
2026-08-23,confirmation,baseline,175,2026-08-24T01:20:00+09:00,0.7171486767934611
2026-08-23,confirmation,baseline,176,2026-08-24T01:50:00+09:00,0.7171486767934611
2026-08-23,confirmation,baseline,177,2026-08-24T01:10:00+09:00,0.7167350762443929
2026-08-23,confirmation,baseline,178,2026-08-24T01:50:00+09:00,0.7167350762443929
2026-08-23,confirmation,baseline,179,2026-08-24T01:20:00+09:00,0.7153700904363915
2026-08-23,confirmation,baseline,180,2026-08-24T01:50:00+09:00,0.7153700904363915
2026-08-23,confirmation,baseline,181,2026-08-23T22:10:00+09:00,0.714461287868472
2026-08-23,confirmation,baseline,182,2026-08-23T23:20:00+09:00,0.7130577369236649
2026-08-23,confirmation,baseline,183,2026-08-23T23:20:00+09:00,0.7126977942109801
2026-08-23,confirmation,baseline,184,2026-08-23T21:40:00+09:00,0.7110769658816265
2026-08-23,confirmation,baseline,185,2026-08-23T21:00:00+09:00,0.7110769658816265
2026-08-23,confirmation,baseline,186,2026-08-24T01:20:00+09:00,0.7105132459089538
2026-08-23,confirmation,baseline,187,2026-08-24T01:50:00+09:00,0.7105132459089538
2026-08-23,confirmation,baseline,188,2026-08-24T02:30:00+09:00,0.7088519221702445
2026-08-23,confirmation,baseline,189,2026-08-24T00:00:00+09:00,0.708430875936523
2026-08-23,confirmation,baseline,190,2026-08-24T00:50:00+09:00,0.708430875936523
2026-08-23,confirmation,baseline,191,2026-08-23T23:20:00+09:00,0.7063863491029578
2026-08-23,confirmation,baseline,192,2026-08-24T01:30:00+09:00,0.7056036053809935
2026-08-23,confirmation,baseline,193,2026-08-23T23:40:00+09:00,0.7042339388414774
2026-08-23,confirmation,baseline,194,2026-08-23T23:10:00+09:00,0.7042339388414774
2026-08-23,confirmation,baseline,195,2026-08-24T00:50:00+09:00,0.7038386940830728
2026-08-23,confirmation,baseline,196,2026-08-24T00:20:00+09:00,0.7038386940830728
2026-08-23,confirmation,baseline,197,2026-08-24T00:40:00+09:00,0.7020696750101929
2026-08-23,confirmation,baseline,198,2026-08-24T00:00:00+09:00,0.7020696750101929
2026-08-23,confirmation,baseline,199,2026-08-23T23:30:00+09:00,0.7015785238115322
2026-08-23,confirmation,baseline,200,2026-08-23T23:00:00+09:00,0.7015785238115322
2026-08-23,confirmation,baseline,201,2026-08-24T02:10:00+09:00,0.7014193660118179
2026-08-23,confirmation,baseline,202,2026-08-24T02:40:00+09:00,0.7014193660118179
2026-08-23,confirmation,baseline,203,2026-08-24T02:40:00+09:00,0.7010985779828763
2026-08-23,confirmation,baseline,204,2026-08-24T00:20:00+09:00,0.7005744862361241
2026-08-23,confirmation,baseline,205,2026-08-24T00:50:00+09:00,0.7005744862361241
2026-08-23,confirmation,baseline,206,2026-08-24T01:20:00+09:00,0.6991189788153627
2026-08-23,confirmation,baseline,207,2026-08-24T01:50:00+09:00,0.6991189788153627
2026-08-23,confirmation,baseline,208,2026-08-23T23:30:00+09:00,0.6968052733244082
2026-08-23,confirmation,baseline,209,2026-08-23T23:00:00+09:00,0.6968052733244082
2026-08-23,confirmation,baseline,210,2026-08-24T01:30:00+09:00,0.6964528799519077
2026-08-23,confirmation,baseline,211,2026-08-24T00:50:00+09:00,0.6958889691515471
2026-08-23,confirmation,baseline,212,2026-08-24T00:10:00+09:00,0.6958889691515471
2026-08-23,confirmation,baseline,213,2026-08-23T23:30:00+09:00,0.6957028918393523
2026-08-23,confirmation,baseline,214,2026-08-23T23:00:00+09:00,0.6957028918393523
2026-08-23,confirmation,baseline,215,2026-08-24T02:40:00+09:00,0.6956234262136641
2026-08-23,confirmation,baseline,216,2026-08-24T02:10:00+09:00,0.6956234262136641
2026-08-23,confirmation,baseline,217,2026-08-24T00:10:00+09:00,0.6954418842638777
2026-08-23,confirmation,baseline,218,2026-08-24T00:50:00+09:00,0.6954418842638777
2026-08-23,confirmation,baseline,219,2026-08-23T22:10:00+09:00,0.6921423652987623
2026-08-23,confirmation,baseline,220,2026-08-23T22:50:00+09:00,0.6921423652987623
2026-08-23,confirmation,baseline,221,2026-08-24T02:40:00+09:00,0.6917394376550744
2026-08-23,confirmation,baseline,222,2026-08-24T02:00:00+09:00,0.6917394376550744
2026-08-23,confirmation,baseline,223,2026-08-23T23:30:00+09:00,0.689863062936339
2026-08-23,confirmation,baseline,224,2026-08-23T23:00:00+09:00,0.689863062936339
2026-08-23,confirmation,baseline,225,2026-08-24T01:10:00+09:00,0.6893894385601029
2026-08-23,confirmation,baseline,226,2026-08-24T01:40:00+09:00,0.6893894385601029
2026-08-23,confirmation,baseline,227,2026-08-24T01:20:00+09:00,0.6889629852107773
2026-08-23,confirmation,baseline,228,2026-08-24T01:50:00+09:00,0.6889629852107773
2026-08-23,confirmation,baseline,229,2026-08-24T01:00:00+09:00,0.6872761138285909
2026-08-23,confirmation,baseline,230,2026-08-24T01:30:00+09:00,0.6872761138285909
2026-08-23,confirmation,baseline,231,2026-08-23T22:30:00+09:00,0.686962204209266
2026-08-23,confirmation,baseline,232,2026-08-23T22:00:00+09:00,0.686962204209266
2026-08-23,confirmation,baseline,233,2026-08-24T00:40:00+09:00,0.6868302160750623
2026-08-23,confirmation,baseline,234,2026-08-24T00:00:00+09:00,0.6868302160750623
2026-08-23,confirmation,baseline,235,2026-08-24T00:50:00+09:00,0.6864735852160345
2026-08-23,confirmation,baseline,236,2026-08-24T00:00:00+09:00,0.6864735852160345
2026-08-23,confirmation,baseline,237,2026-08-24T01:50:00+09:00,0.6854204330670983
2026-08-23,confirmation,baseline,238,2026-08-24T01:00:00+09:00,0.6854204330670983
2026-08-23,confirmation,baseline,239,2026-08-23T23:20:00+09:00,0.6852755751444772
2026-08-23,confirmation,baseline,240,2026-08-23T23:50:00+09:00,0.6852755751444772
2026-08-23,confirmation,baseline,241,2026-08-24T00:20:00+09:00,0.6834404176877615
2026-08-23,confirmation,baseline,242,2026-08-24T00:50:00+09:00,0.6834404176877615
2026-08-23,confirmation,baseline,243,2026-08-24T02:20:00+09:00,0.6827382560076722
2026-08-23,confirmation,baseline,244,2026-08-24T02:50:00+09:00,0.6827382560076722
2026-08-23,confirmation,baseline,245,2026-08-23T23:10:00+09:00,0.6819011285466893
2026-08-23,confirmation,baseline,246,2026-08-23T23:50:00+09:00,0.6819011285466893
2026-08-23,confirmation,baseline,247,2026-08-24T00:40:00+09:00,0.6805963485500248
2026-08-23,confirmation,baseline,248,2026-08-24T00:00:00+09:00,0.6805963485500248
2026-08-23,confirmation,baseline,249,2026-08-24T03:10:00+09:00,0.6784633034379943
2026-08-23,confirmation,baseline,250,2026-08-24T03:50:00+09:00,0.6784633034379943
2026-08-23,confirmation,baseline,251,2026-08-24T00:10:00+09:00,0.6783626893440574
2026-08-23,confirmation,baseline,252,2026-08-24T00:50:00+09:00,0.6783626893440574
2026-08-23,confirmation,baseline,253,2026-08-24T01:50:00+09:00,0.6776849306109308
2026-08-23,confirmation,baseline,254,2026-08-24T01:20:00+09:00,0.6776849306109308
2026-08-23,confirmation,baseline,255,2026-08-24T01:30:00+09:00,0.6772495411960837
2026-08-23,confirmation,baseline,256,2026-08-24T03:50:00+09:00,0.6766480942042161
2026-08-23,confirmation,baseline,257,2026-08-24T03:20:00+09:00,0.6766480942042161
2026-08-23,confirmation,baseline,258,2026-08-24T01:00:00+09:00,0.6763342352190177
2026-08-23,confirmation,baseline,259,2026-08-24T01:30:00+09:00,0.6763342352190177
2026-08-23,confirmation,baseline,260,2026-08-24T01:30:00+09:00,0.6756074912848822
2026-08-23,confirmation,baseline,261,2026-08-23T22:40:00+09:00,0.6754332683237475
2026-08-23,confirmation,baseline,262,2026-08-23T22:10:00+09:00,0.6754332683237475
2026-08-23,confirmation,baseline,263,2026-08-23T21:10:00+09:00,0.6752933908878073
2026-08-23,confirmation,baseline,264,2026-08-24T00:00:00+09:00,0.675127332466077
2026-08-23,confirmation,baseline,265,2026-08-24T00:50:00+09:00,0.675127332466077
2026-08-23,confirmation,baseline,266,2026-08-23T23:20:00+09:00,0.6739733901869185
2026-08-23,confirmation,baseline,267,2026-08-24T00:00:00+09:00,0.6738749238958356
2026-08-23,confirmation,baseline,268,2026-08-24T00:40:00+09:00,0.6738749238958356
2026-08-23,confirmation,baseline,269,2026-08-23T22:30:00+09:00,0.6736333251162192
2026-08-23,confirmation,baseline,270,2026-08-23T22:00:00+09:00,0.6736333251162192
2026-08-23,confirmation,baseline,271,2026-08-24T00:20:00+09:00,0.6724885531797868
2026-08-23,confirmation,baseline,272,2026-08-24T01:20:00+09:00,0.6722660255498739
2026-08-23,confirmation,baseline,273,2026-08-24T01:50:00+09:00,0.6722660255498739
2026-08-23,confirmation,baseline,274,2026-08-23T22:10:00+09:00,0.6710590968490406
2026-08-23,confirmation,baseline,275,2026-08-23T22:40:00+09:00,0.6710590968490406
2026-08-23,confirmation,baseline,276,2026-08-24T01:50:00+09:00,0.6706380075615268
2026-08-23,confirmation,baseline,277,2026-08-24T01:10:00+09:00,0.6706380075615268
2026-08-23,confirmation,baseline,278,2026-08-24T01:10:00+09:00,0.6701844971215818
2026-08-23,confirmation,baseline,279,2026-08-24T01:50:00+09:00,0.6701844971215818
2026-08-23,confirmation,baseline,280,2026-08-24T00:30:00+09:00,0.6700703044895047
2026-08-23,confirmation,baseline,281,2026-08-24T00:00:00+09:00,0.6700703044895047
2026-08-23,confirmation,baseline,282,2026-08-24T00:40:00+09:00,0.6697612335295957
2026-08-23,confirmation,baseline,283,2026-08-24T00:00:00+09:00,0.6697612335295957
2026-08-23,confirmation,baseline,284,2026-08-24T00:40:00+09:00,0.6683767923986027
2026-08-23,confirmation,baseline,285,2026-08-24T00:00:00+09:00,0.6683767923986027
2026-08-23,confirmation,baseline,286,2026-08-23T22:10:00+09:00,0.6679316073202942
2026-08-23,confirmation,baseline,287,2026-08-23T22:50:00+09:00,0.6679316073202942
2026-08-23,confirmation,baseline,288,2026-08-24T02:30:00+09:00,0.6675795274843311
2026-08-23,confirmation,baseline,289,2026-08-24T00:50:00+09:00,0.6671601604399435
2026-08-23,confirmation,baseline,290,2026-08-24T00:20:00+09:00,0.6671601604399435
2026-08-23,confirmation,baseline,291,2026-08-24T01:40:00+09:00,0.667123157904679
2026-08-23,confirmation,baseline,292,2026-08-24T01:10:00+09:00,0.667123157904679
2026-08-23,confirmation,baseline,293,2026-08-24T02:30:00+09:00,0.6659745423360317
2026-08-23,confirmation,baseline,294,2026-08-24T01:40:00+09:00,0.6641400326630035
2026-08-23,confirmation,baseline,295,2026-08-24T02:00:00+09:00,0.663677302834313
2026-08-23,confirmation,baseline,296,2026-08-24T02:30:00+09:00,0.663677302834313
2026-08-23,confirmation,baseline,297,2026-08-23T23:40:00+09:00,0.6636349323018154
2026-08-23,confirmation,baseline,298,2026-08-23T23:00:00+09:00,0.6636349323018154
2026-08-23,confirmation,baseline,299,2026-08-24T00:10:00+09:00,0.6620036882564979
2026-08-23,confirmation,baseline,300,2026-08-24T00:40:00+09:00,0.6620036882564979
2026-08-23,confirmation,baseline,301,2026-08-23T22:30:00+09:00,0.6611422416005115
2026-08-23,confirmation,baseline,302,2026-08-23T22:00:00+09:00,0.6611422416005115
2026-08-23,confirmation,baseline,303,2026-08-23T22:50:00+09:00,0.6595477269203827
2026-08-23,confirmation,baseline,304,2026-08-23T22:10:00+09:00,0.6595477269203827
2026-08-23,confirmation,baseline,305,2026-08-24T00:40:00+09:00,0.6592356122261707
2026-08-23,confirmation,baseline,306,2026-08-24T00:00:00+09:00,0.6592356122261707
2026-08-23,confirmation,baseline,307,2026-08-24T00:40:00+09:00,0.6591224211772906
2026-08-23,confirmation,baseline,308,2026-08-24T00:00:00+09:00,0.6591224211772906
2026-08-23,confirmation,baseline,309,2026-08-24T00:50:00+09:00,0.6577869801394128
2026-08-23,confirmation,baseline,310,2026-08-24T00:00:00+09:00,0.6577869801394128
2026-08-23,confirmation,baseline,311,2026-08-23T23:30:00+09:00,0.6575002585546647
2026-08-23,confirmation,baseline,312,2026-08-23T23:00:00+09:00,0.6575002585546647
2026-08-23,confirmation,baseline,313,2026-08-24T01:50:00+09:00,0.656451967799523
2026-08-23,confirmation,baseline,314,2026-08-24T01:20:00+09:00,0.656451967799523
2026-08-23,confirmation,baseline,315,2026-08-23T23:10:00+09:00,0.6564150492309108
2026-08-23,confirmation,baseline,316,2026-08-23T23:40:00+09:00,0.6564150492309108
2026-08-23,confirmation,baseline,317,2026-08-23T23:20:00+09:00,0.6563251974211899
2026-08-23,confirmation,baseline,318,2026-08-23T23:50:00+09:00,0.6563251974211899
2026-08-23,confirmation,baseline,319,2026-08-24T02:20:00+09:00,0.6553427380875286
2026-08-23,confirmation,baseline,320,2026-08-24T02:50:00+09:00,0.6553427380875286
2026-08-23,confirmation,baseline,321,2026-08-24T00:10:00+09:00,0.6551746259272959
2026-08-23,confirmation,baseline,322,2026-08-23T23:40:00+09:00,0.6551468582448581
2026-08-23,confirmation,baseline,323,2026-08-23T23:00:00+09:00,0.6551468582448581
2026-08-23,confirmation,baseline,324,2026-08-24T01:30:00+09:00,0.6549700245348588
2026-08-23,confirmation,baseline,325,2026-08-24T02:20:00+09:00,0.6549016432478861
2026-08-23,confirmation,baseline,326,2026-08-24T02:50:00+09:00,0.6549016432478861
2026-08-24,confirmation,baseline,1,2026-08-25T00:30:00+09:00,0.9722752407930836
2026-08-24,confirmation,baseline,2,2026-08-25T00:00:00+09:00,0.9722752407930836
2026-08-24,confirmation,baseline,3,2026-08-25T00:50:00+09:00,0.9366616736632215
2026-08-24,confirmation,baseline,4,2026-08-25T00:10:00+09:00,0.9366616736632215
2026-08-24,confirmation,baseline,5,2026-08-25T01:00:00+09:00,0.9279634391564134
2026-08-24,confirmation,baseline,6,2026-08-25T01:40:00+09:00,0.9279634391564134
2026-08-24,confirmation,baseline,7,2026-08-24T23:00:00+09:00,0.8937816052594811
2026-08-24,confirmation,baseline,8,2026-08-24T23:30:00+09:00,0.8937816052594811
2026-08-24,confirmation,baseline,9,2026-08-25T00:30:00+09:00,0.8857936912382479
2026-08-24,confirmation,baseline,10,2026-08-25T00:00:00+09:00,0.8857936912382479
2026-08-24,confirmation,baseline,11,2026-08-25T01:50:00+09:00,0.8850346703602855
2026-08-24,confirmation,baseline,12,2026-08-25T01:20:00+09:00,0.8850346703602855
2026-08-24,confirmation,baseline,13,2026-08-24T23:20:00+09:00,0.8712740270461501
2026-08-24,confirmation,baseline,14,2026-08-25T00:40:00+09:00,0.8686716984538295
2026-08-24,confirmation,baseline,15,2026-08-25T00:00:00+09:00,0.8686716984538295
2026-08-24,confirmation,baseline,16,2026-08-25T01:00:00+09:00,0.8663602028983549
2026-08-24,confirmation,baseline,17,2026-08-25T01:30:00+09:00,0.8663602028983549
2026-08-24,confirmation,baseline,18,2026-08-25T01:30:00+09:00,0.8641635497167653
2026-08-24,confirmation,baseline,19,2026-08-25T01:00:00+09:00,0.8641635497167653
2026-08-24,confirmation,baseline,20,2026-08-25T00:00:00+09:00,0.8560282941545001
2026-08-24,confirmation,baseline,21,2026-08-25T00:50:00+09:00,0.8560282941545001
2026-08-24,confirmation,baseline,22,2026-08-25T02:50:00+09:00,0.8536469288436415
2026-08-24,confirmation,baseline,23,2026-08-25T02:20:00+09:00,0.8536469288436415
2026-08-24,confirmation,baseline,24,2026-08-25T02:40:00+09:00,0.8514825101227385
2026-08-24,confirmation,baseline,25,2026-08-25T02:10:00+09:00,0.8514825101227385
2026-08-24,confirmation,baseline,26,2026-08-25T00:50:00+09:00,0.8405343354191482
2026-08-24,confirmation,baseline,27,2026-08-25T00:10:00+09:00,0.8405343354191482
2026-08-24,confirmation,baseline,28,2026-08-25T00:40:00+09:00,0.8394276854536328
2026-08-24,confirmation,baseline,29,2026-08-25T00:10:00+09:00,0.8394276854536328
2026-08-24,confirmation,baseline,30,2026-08-25T00:50:00+09:00,0.8387774058694485
2026-08-24,confirmation,baseline,31,2026-08-25T00:10:00+09:00,0.8387774058694485
2026-08-24,confirmation,baseline,32,2026-08-25T00:20:00+09:00,0.8350840331990074
2026-08-24,confirmation,baseline,33,2026-08-25T00:50:00+09:00,0.8350840331990074
2026-08-24,confirmation,baseline,34,2026-08-25T01:50:00+09:00,0.8323037295080131
2026-08-24,confirmation,baseline,35,2026-08-25T01:10:00+09:00,0.8323037295080131
2026-08-24,confirmation,baseline,36,2026-08-25T00:10:00+09:00,0.8313145767872004
2026-08-24,confirmation,baseline,37,2026-08-25T00:50:00+09:00,0.8313145767872004
2026-08-24,confirmation,baseline,38,2026-08-24T23:20:00+09:00,0.8305438617699717
2026-08-24,confirmation,baseline,39,2026-08-25T01:50:00+09:00,0.8300827230380091
2026-08-24,confirmation,baseline,40,2026-08-25T01:10:00+09:00,0.8300827230380091
2026-08-24,confirmation,baseline,41,2026-08-25T00:40:00+09:00,0.8294692871509265
2026-08-24,confirmation,baseline,42,2026-08-25T00:10:00+09:00,0.8294692871509265
2026-08-24,confirmation,baseline,43,2026-08-25T01:20:00+09:00,0.8293033521486132
2026-08-24,confirmation,baseline,44,2026-08-25T01:50:00+09:00,0.8293033521486132
2026-08-24,confirmation,baseline,45,2026-08-24T23:10:00+09:00,0.8220218991194647
2026-08-24,confirmation,baseline,46,2026-08-25T00:10:00+09:00,0.819811428810267
2026-08-24,confirmation,baseline,47,2026-08-25T00:50:00+09:00,0.819811428810267
2026-08-24,confirmation,baseline,48,2026-08-24T23:30:00+09:00,0.8178702672263807
2026-08-24,confirmation,baseline,49,2026-08-24T23:00:00+09:00,0.8178702672263807
2026-08-24,confirmation,baseline,50,2026-08-24T23:50:00+09:00,0.8146239998906629
2026-08-24,confirmation,baseline,51,2026-08-24T23:20:00+09:00,0.8146239998906629
2026-08-24,confirmation,baseline,52,2026-08-24T22:30:00+09:00,0.8065590130431656
2026-08-24,confirmation,baseline,53,2026-08-24T22:00:00+09:00,0.8065590130431656
2026-08-24,confirmation,baseline,54,2026-08-24T22:10:00+09:00,0.8033576420149092
2026-08-24,confirmation,baseline,55,2026-08-24T22:50:00+09:00,0.8033576420149092
2026-08-24,confirmation,baseline,56,2026-08-25T01:30:00+09:00,0.8001730143998798
2026-08-24,confirmation,baseline,57,2026-08-25T01:30:00+09:00,0.7982368982313067
2026-08-24,confirmation,baseline,58,2026-08-24T23:00:00+09:00,0.7974991537795812
2026-08-24,confirmation,baseline,59,2026-08-24T23:30:00+09:00,0.7974991537795812
2026-08-24,confirmation,baseline,60,2026-08-25T00:50:00+09:00,0.7968980068519195
2026-08-24,confirmation,baseline,61,2026-08-25T00:20:00+09:00,0.7968980068519195
2026-08-24,confirmation,baseline,62,2026-08-25T01:10:00+09:00,0.7962304045915741
2026-08-24,confirmation,baseline,63,2026-08-25T01:50:00+09:00,0.7962304045915741
2026-08-24,confirmation,baseline,64,2026-08-25T01:10:00+09:00,0.7929905567729614
2026-08-24,confirmation,baseline,65,2026-08-25T01:50:00+09:00,0.7929905567729614
2026-08-24,confirmation,baseline,66,2026-08-25T00:00:00+09:00,0.7916563992886247
2026-08-24,confirmation,baseline,67,2026-08-25T00:30:00+09:00,0.7916563992886247
2026-08-24,confirmation,baseline,68,2026-08-25T01:30:00+09:00,0.7898103486274155
2026-08-24,confirmation,baseline,69,2026-08-25T02:50:00+09:00,0.7875339778451756
2026-08-24,confirmation,baseline,70,2026-08-25T02:20:00+09:00,0.7875339778451756
2026-08-24,confirmation,baseline,71,2026-08-25T01:50:00+09:00,0.7866661956777548
2026-08-24,confirmation,baseline,72,2026-08-25T01:20:00+09:00,0.7866661956777548
2026-08-24,confirmation,baseline,73,2026-08-24T23:00:00+09:00,0.7859519083590376
2026-08-24,confirmation,baseline,74,2026-08-24T23:50:00+09:00,0.7859519083590376
2026-08-24,confirmation,baseline,75,2026-08-24T23:00:00+09:00,0.7856033460953633
2026-08-24,confirmation,baseline,76,2026-08-24T23:30:00+09:00,0.7856033460953633
2026-08-24,confirmation,baseline,77,2026-08-25T02:30:00+09:00,0.7845462398406966
2026-08-24,confirmation,baseline,78,2026-08-24T23:40:00+09:00,0.7840920035033899
2026-08-24,confirmation,baseline,79,2026-08-24T23:10:00+09:00,0.7840920035033899
2026-08-24,confirmation,baseline,80,2026-08-25T01:30:00+09:00,0.7820635324963726
2026-08-24,confirmation,baseline,81,2026-08-25T02:40:00+09:00,0.7813539346874507
2026-08-24,confirmation,baseline,82,2026-08-25T01:30:00+09:00,0.7811469776352857
2026-08-24,confirmation,baseline,83,2026-08-25T00:40:00+09:00,0.7771654592299075
2026-08-24,confirmation,baseline,84,2026-08-25T00:10:00+09:00,0.7771654592299075
2026-08-24,confirmation,baseline,85,2026-08-24T23:30:00+09:00,0.7754913566137698
2026-08-24,confirmation,baseline,86,2026-08-24T23:00:00+09:00,0.7754913566137698
2026-08-24,confirmation,baseline,87,2026-08-25T00:50:00+09:00,0.7732684764811882
2026-08-24,confirmation,baseline,88,2026-08-25T00:20:00+09:00,0.7732684764811882
2026-08-24,confirmation,baseline,89,2026-08-25T01:10:00+09:00,0.772747201071153
2026-08-24,confirmation,baseline,90,2026-08-25T01:40:00+09:00,0.772747201071153
2026-08-24,confirmation,baseline,91,2026-08-25T00:10:00+09:00,0.7707439877751515
2026-08-24,confirmation,baseline,92,2026-08-25T00:50:00+09:00,0.7707439877751515
2026-08-24,confirmation,baseline,93,2026-08-25T00:50:00+09:00,0.7703280405205106
2026-08-24,confirmation,baseline,94,2026-08-25T00:10:00+09:00,0.7703280405205106
2026-08-24,confirmation,baseline,95,2026-08-24T23:30:00+09:00,0.7685542337202212
2026-08-24,confirmation,baseline,96,2026-08-24T23:00:00+09:00,0.7685542337202212
2026-08-24,confirmation,baseline,97,2026-08-25T01:40:00+09:00,0.7682082108568444
2026-08-24,confirmation,baseline,98,2026-08-25T00:10:00+09:00,0.7680702103688622
2026-08-24,confirmation,baseline,99,2026-08-25T00:50:00+09:00,0.7680702103688622
2026-08-24,confirmation,baseline,100,2026-08-24T23:20:00+09:00,0.7671898723527781
2026-08-24,confirmation,baseline,101,2026-08-25T01:40:00+09:00,0.7624247912644649
2026-08-24,confirmation,baseline,102,2026-08-25T02:20:00+09:00,0.7614076371006887
2026-08-24,confirmation,baseline,103,2026-08-25T02:50:00+09:00,0.7614076371006887
2026-08-24,confirmation,baseline,104,2026-08-25T00:00:00+09:00,0.7595784183115423
2026-08-24,confirmation,baseline,105,2026-08-25T00:40:00+09:00,0.7595784183115423
2026-08-24,confirmation,baseline,106,2026-08-25T00:50:00+09:00,0.7565635213198187
2026-08-24,confirmation,baseline,107,2026-08-25T00:20:00+09:00,0.7565635213198187
2026-08-24,confirmation,baseline,108,2026-08-25T00:50:00+09:00,0.756333518881113
2026-08-24,confirmation,baseline,109,2026-08-25T00:10:00+09:00,0.756333518881113
2026-08-24,confirmation,baseline,110,2026-08-24T23:10:00+09:00,0.754140249329351
2026-08-24,confirmation,baseline,111,2026-08-24T23:40:00+09:00,0.754140249329351
2026-08-24,confirmation,baseline,112,2026-08-25T01:30:00+09:00,0.7532138175510503
2026-08-24,confirmation,baseline,113,2026-08-25T00:40:00+09:00,0.7501315216961298
2026-08-24,confirmation,baseline,114,2026-08-25T00:10:00+09:00,0.7501315216961298
2026-08-24,confirmation,baseline,115,2026-08-25T01:00:00+09:00,0.7472002838315577
2026-08-24,confirmation,baseline,116,2026-08-25T01:30:00+09:00,0.7472002838315577
2026-08-24,confirmation,baseline,117,2026-08-25T02:50:00+09:00,0.7450297497271152
2026-08-24,confirmation,baseline,118,2026-08-25T02:20:00+09:00,0.7450297497271152
2026-08-24,confirmation,baseline,119,2026-08-24T23:20:00+09:00,0.7434723597173686
2026-08-24,confirmation,baseline,120,2026-08-24T23:20:00+09:00,0.7433386294832522
2026-08-24,confirmation,baseline,121,2026-08-24T23:50:00+09:00,0.7433386294832522
2026-08-24,confirmation,baseline,122,2026-08-25T00:30:00+09:00,0.7408691573765862
2026-08-24,confirmation,baseline,123,2026-08-25T00:00:00+09:00,0.7408691573765862
2026-08-24,confirmation,baseline,124,2026-08-25T00:20:00+09:00,0.7402708431914585
2026-08-24,confirmation,baseline,125,2026-08-25T00:50:00+09:00,0.7402708431914585
2026-08-24,confirmation,baseline,126,2026-08-25T00:30:00+09:00,0.7389906862900238
2026-08-24,confirmation,baseline,127,2026-08-25T00:00:00+09:00,0.7389906862900238
2026-08-24,confirmation,baseline,128,2026-08-25T01:10:00+09:00,0.736469564052799
2026-08-24,confirmation,baseline,129,2026-08-25T01:50:00+09:00,0.736469564052799
2026-08-24,confirmation,baseline,130,2026-08-25T01:30:00+09:00,0.7352708069065678
2026-08-24,confirmation,baseline,131,2026-08-25T01:20:00+09:00,0.735071159121106
2026-08-24,confirmation,baseline,132,2026-08-25T01:50:00+09:00,0.735071159121106
2026-08-24,confirmation,baseline,133,2026-08-25T01:20:00+09:00,0.7348740034563933
2026-08-24,confirmation,baseline,134,2026-08-25T01:50:00+09:00,0.7348740034563933
2026-08-24,confirmation,baseline,135,2026-08-25T01:40:00+09:00,0.7339502516798623
2026-08-24,confirmation,baseline,136,2026-08-24T23:40:00+09:00,0.7328138237036075
2026-08-24,confirmation,baseline,137,2026-08-24T23:00:00+09:00,0.7328138237036075
2026-08-24,confirmation,baseline,138,2026-08-24T23:10:00+09:00,0.7324183462130697
2026-08-24,confirmation,baseline,139,2026-08-24T23:40:00+09:00,0.7324183462130697
2026-08-24,confirmation,baseline,140,2026-08-25T01:20:00+09:00,0.7302351739011006
2026-08-24,confirmation,baseline,141,2026-08-25T01:50:00+09:00,0.7302351739011006
2026-08-24,confirmation,baseline,142,2026-08-24T23:40:00+09:00,0.7286911254027342
2026-08-24,confirmation,baseline,143,2026-08-24T23:00:00+09:00,0.7286911254027342
2026-08-24,confirmation,baseline,144,2026-08-24T23:40:00+09:00,0.7268229575204201
2026-08-24,confirmation,baseline,145,2026-08-24T23:10:00+09:00,0.7268229575204201
2026-08-24,confirmation,baseline,146,2026-08-25T00:00:00+09:00,0.7240140065672293
2026-08-24,confirmation,baseline,147,2026-08-25T00:30:00+09:00,0.7240140065672293
2026-08-24,confirmation,baseline,148,2026-08-25T02:20:00+09:00,0.7235308602626316
2026-08-24,confirmation,baseline,149,2026-08-25T02:50:00+09:00,0.7235308602626316
2026-08-24,confirmation,baseline,150,2026-08-25T01:20:00+09:00,0.7210420232528841
2026-08-24,confirmation,baseline,151,2026-08-25T01:50:00+09:00,0.7210420232528841
2026-08-24,confirmation,baseline,152,2026-08-24T23:00:00+09:00,0.7169934198808815
2026-08-24,confirmation,baseline,153,2026-08-24T23:40:00+09:00,0.7169934198808815
2026-08-24,confirmation,baseline,154,2026-08-24T23:30:00+09:00,0.7143929795595717
2026-08-24,confirmation,baseline,155,2026-08-24T23:00:00+09:00,0.7143929795595717
2026-08-24,confirmation,baseline,156,2026-08-24T22:20:00+09:00,0.7137192439832678
2026-08-24,confirmation,baseline,157,2026-08-25T00:10:00+09:00,0.7070184456907275
2026-08-24,confirmation,baseline,158,2026-08-25T00:40:00+09:00,0.7070184456907275
2026-08-24,confirmation,baseline,159,2026-08-25T03:40:00+09:00,0.7062471917353722
2026-08-24,confirmation,baseline,160,2026-08-24T21:00:00+09:00,0.7054212432282109
2026-08-24,confirmation,baseline,161,2026-08-24T21:30:00+09:00,0.7054212432282109
2026-08-24,confirmation,baseline,162,2026-08-24T22:40:00+09:00,0.7051514125494928
2026-08-24,confirmation,baseline,163,2026-08-24T22:10:00+09:00,0.7051514125494928
2026-08-24,confirmation,baseline,164,2026-08-25T02:30:00+09:00,0.7045711275208556
2026-08-24,confirmation,baseline,165,2026-08-25T03:50:00+09:00,0.7044565045182953
2026-08-24,confirmation,baseline,166,2026-08-25T03:10:00+09:00,0.7044565045182953
2026-08-24,confirmation,baseline,167,2026-08-25T01:20:00+09:00,0.7043263529070342
2026-08-24,confirmation,baseline,168,2026-08-25T01:50:00+09:00,0.7043263529070342
2026-08-24,confirmation,baseline,169,2026-08-25T01:10:00+09:00,0.702982663851221
2026-08-24,confirmation,baseline,170,2026-08-25T01:40:00+09:00,0.702982663851221
2026-08-24,confirmation,baseline,171,2026-08-24T21:30:00+09:00,0.702621305351047
2026-08-24,confirmation,baseline,172,2026-08-24T21:00:00+09:00,0.702621305351047
2026-08-24,confirmation,baseline,173,2026-08-25T00:30:00+09:00,0.7020907582354168
2026-08-24,confirmation,baseline,174,2026-08-25T00:00:00+09:00,0.7020907582354168
2026-08-24,confirmation,baseline,175,2026-08-25T01:00:00+09:00,0.7020665520164223
2026-08-24,confirmation,baseline,176,2026-08-25T01:30:00+09:00,0.7020665520164223
2026-08-24,confirmation,baseline,177,2026-08-24T23:30:00+09:00,0.7020328774808292
2026-08-24,confirmation,baseline,178,2026-08-24T23:00:00+09:00,0.7020328774808292
2026-08-24,confirmation,baseline,179,2026-08-25T01:40:00+09:00,0.6994665758286455
2026-08-24,confirmation,baseline,180,2026-08-25T01:00:00+09:00,0.6994665758286455
2026-08-24,confirmation,baseline,181,2026-08-25T02:50:00+09:00,0.6990618818592884
2026-08-24,confirmation,baseline,182,2026-08-25T02:10:00+09:00,0.6990618818592884
2026-08-24,confirmation,baseline,183,2026-08-25T02:30:00+09:00,0.6982549616297984
2026-08-24,confirmation,baseline,184,2026-08-25T01:30:00+09:00,0.698076523227569
2026-08-24,confirmation,baseline,185,2026-08-25T01:00:00+09:00,0.698076523227569
2026-08-24,confirmation,baseline,186,2026-08-25T00:10:00+09:00,0.695385753143266
2026-08-24,confirmation,baseline,187,2026-08-25T00:50:00+09:00,0.695385753143266
2026-08-24,confirmation,baseline,188,2026-08-25T01:20:00+09:00,0.6940447268193946
2026-08-24,confirmation,baseline,189,2026-08-25T01:50:00+09:00,0.6940447268193946
2026-08-24,confirmation,baseline,190,2026-08-24T22:00:00+09:00,0.6934437327413632
2026-08-24,confirmation,baseline,191,2026-08-24T22:30:00+09:00,0.6934437327413632
2026-08-24,confirmation,baseline,192,2026-08-25T00:20:00+09:00,0.6921431669339044
2026-08-24,confirmation,baseline,193,2026-08-25T00:50:00+09:00,0.6921431669339044
2026-08-24,confirmation,baseline,194,2026-08-25T01:40:00+09:00,0.6909850314529689
2026-08-24,confirmation,baseline,195,2026-08-25T01:10:00+09:00,0.6909850314529689
2026-08-24,confirmation,baseline,196,2026-08-25T01:40:00+09:00,0.6906915542176693
2026-08-24,confirmation,baseline,197,2026-08-25T01:00:00+09:00,0.6906915542176693
2026-08-24,confirmation,baseline,198,2026-08-25T00:30:00+09:00,0.690294293486877
2026-08-24,confirmation,baseline,199,2026-08-25T00:00:00+09:00,0.690294293486877
2026-08-24,confirmation,baseline,200,2026-08-25T01:20:00+09:00,0.6888586551744089
2026-08-24,confirmation,baseline,201,2026-08-25T01:50:00+09:00,0.6888586551744089
2026-08-24,confirmation,baseline,202,2026-08-25T01:00:00+09:00,0.6887834359755357
2026-08-24,confirmation,baseline,203,2026-08-25T01:50:00+09:00,0.6887834359755357
2026-08-24,confirmation,baseline,204,2026-08-24T23:10:00+09:00,0.6883835371834027
2026-08-24,confirmation,baseline,205,2026-08-25T00:10:00+09:00,0.6883104603626281
2026-08-24,confirmation,baseline,206,2026-08-25T00:50:00+09:00,0.6883104603626281
2026-08-24,confirmation,baseline,207,2026-08-25T02:50:00+09:00,0.688161563209193
2026-08-24,confirmation,baseline,208,2026-08-25T02:10:00+09:00,0.688161563209193
2026-08-24,confirmation,baseline,209,2026-08-25T00:20:00+09:00,0.6874364913477576
2026-08-24,confirmation,baseline,210,2026-08-25T00:50:00+09:00,0.6874364913477576
2026-08-24,confirmation,baseline,211,2026-08-25T01:30:00+09:00,0.6853416044665591
2026-08-24,confirmation,baseline,212,2026-08-25T01:00:00+09:00,0.6853416044665591
2026-08-24,confirmation,baseline,213,2026-08-25T02:20:00+09:00,0.6839599870653547
2026-08-24,confirmation,baseline,214,2026-08-25T02:50:00+09:00,0.6839599870653547
2026-08-24,confirmation,baseline,215,2026-08-25T02:30:00+09:00,0.6834247159177773
2026-08-24,confirmation,baseline,216,2026-08-25T02:20:00+09:00,0.6826612870705722
2026-08-24,confirmation,baseline,217,2026-08-25T02:50:00+09:00,0.6826612870705722
2026-08-24,confirmation,baseline,218,2026-08-25T00:10:00+09:00,0.6824914053120339
2026-08-24,confirmation,baseline,219,2026-08-25T00:40:00+09:00,0.6824914053120339
2026-08-24,confirmation,baseline,220,2026-08-25T01:40:00+09:00,0.6821544043673411
2026-08-24,confirmation,baseline,221,2026-08-25T01:10:00+09:00,0.6821544043673411
2026-08-24,confirmation,baseline,222,2026-08-25T00:40:00+09:00,0.6808975607996478
2026-08-24,confirmation,baseline,223,2026-08-25T00:00:00+09:00,0.6808975607996478
2026-08-24,confirmation,baseline,224,2026-08-25T02:50:00+09:00,0.6808452742905579
2026-08-24,confirmation,baseline,225,2026-08-25T02:20:00+09:00,0.6808452742905579
2026-08-24,confirmation,baseline,226,2026-08-25T02:00:00+09:00,0.6797121658948435
2026-08-24,confirmation,baseline,227,2026-08-25T02:40:00+09:00,0.6797121658948435
2026-08-24,confirmation,baseline,228,2026-08-25T02:40:00+09:00,0.6787501012047142
2026-08-24,confirmation,baseline,229,2026-08-24T22:20:00+09:00,0.6787402924326481
2026-08-24,confirmation,baseline,230,2026-08-24T22:50:00+09:00,0.6787402924326481
2026-08-24,confirmation,baseline,231,2026-08-25T00:30:00+09:00,0.6781270003383363
2026-08-24,confirmation,baseline,232,2026-08-25T00:00:00+09:00,0.6781270003383363
2026-08-24,confirmation,baseline,233,2026-08-24T23:10:00+09:00,0.6776890143068257
2026-08-24,confirmation,baseline,234,2026-08-24T23:40:00+09:00,0.6776890143068257
2026-08-24,confirmation,baseline,235,2026-08-25T01:30:00+09:00,0.677606957666729
2026-08-24,confirmation,baseline,236,2026-08-24T22:00:00+09:00,0.6766623227373861
2026-08-24,confirmation,baseline,237,2026-08-24T22:30:00+09:00,0.6766623227373861
2026-08-24,confirmation,baseline,238,2026-08-25T01:30:00+09:00,0.6755506329432481
2026-08-24,confirmation,baseline,239,2026-08-25T01:00:00+09:00,0.6755506329432481
2026-08-24,confirmation,baseline,240,2026-08-25T02:20:00+09:00,0.6752846609348366
2026-08-24,confirmation,baseline,241,2026-08-25T02:50:00+09:00,0.6752846609348366
2026-08-24,confirmation,baseline,242,2026-08-25T02:30:00+09:00,0.6751415298907963
2026-08-24,confirmation,baseline,243,2026-08-25T00:30:00+09:00,0.6739093776069249
2026-08-24,confirmation,baseline,244,2026-08-25T00:00:00+09:00,0.6739093776069249
2026-08-24,confirmation,baseline,245,2026-08-25T01:00:00+09:00,0.6731689747228575
2026-08-24,confirmation,baseline,246,2026-08-25T01:30:00+09:00,0.6731689747228575
2026-08-24,confirmation,baseline,247,2026-08-25T00:00:00+09:00,0.6726184096801953
2026-08-24,confirmation,baseline,248,2026-08-25T00:30:00+09:00,0.6726184096801953
2026-08-24,confirmation,baseline,249,2026-08-25T00:20:00+09:00,0.6721282692259241
2026-08-24,confirmation,baseline,250,2026-08-25T00:50:00+09:00,0.6721282692259241
2026-08-24,confirmation,baseline,251,2026-08-25T01:00:00+09:00,0.6709436154656949
2026-08-24,confirmation,baseline,252,2026-08-25T01:30:00+09:00,0.6709436154656949
2026-08-24,confirmation,baseline,253,2026-08-25T00:10:00+09:00,0.670206396383626
2026-08-24,confirmation,baseline,254,2026-08-25T00:50:00+09:00,0.670206396383626
2026-08-24,confirmation,baseline,255,2026-08-25T02:30:00+09:00,0.6686437915482473
2026-08-24,confirmation,baseline,256,2026-08-25T02:50:00+09:00,0.6656373655681881
2026-08-24,confirmation,baseline,257,2026-08-25T02:20:00+09:00,0.6656373655681881
2026-08-24,confirmation,baseline,258,2026-08-25T00:30:00+09:00,0.665545197707826
2026-08-24,confirmation,baseline,259,2026-08-25T00:00:00+09:00,0.665545197707826
2026-08-24,confirmation,baseline,260,2026-08-25T02:10:00+09:00,0.6650692190633974
2026-08-24,confirmation,baseline,261,2026-08-25T02:40:00+09:00,0.6650692190633974
2026-08-24,confirmation,baseline,262,2026-08-25T00:20:00+09:00,0.6640121133307865
2026-08-24,confirmation,baseline,263,2026-08-25T00:50:00+09:00,0.6640121133307865
2026-08-24,confirmation,baseline,264,2026-08-25T01:40:00+09:00,0.6626348973192081
2026-08-24,confirmation,baseline,265,2026-08-25T01:10:00+09:00,0.6626348973192081
2026-08-24,confirmation,baseline,266,2026-08-25T00:20:00+09:00,0.6625642898280585
2026-08-24,confirmation,baseline,267,2026-08-25T00:50:00+09:00,0.6625642898280585
2026-08-24,confirmation,baseline,268,2026-08-25T00:10:00+09:00,0.6608158659728617
2026-08-24,confirmation,baseline,269,2026-08-25T00:40:00+09:00,0.6608158659728617
2026-08-24,confirmation,baseline,270,2026-08-24T23:10:00+09:00,0.6598672527623395
2026-08-24,confirmation,baseline,271,2026-08-25T00:30:00+09:00,0.6589768504693646
2026-08-24,confirmation,baseline,272,2026-08-25T00:00:00+09:00,0.6589768504693646
2026-08-24,confirmation,baseline,273,2026-08-25T01:20:00+09:00,0.6589583973631171
2026-08-24,confirmation,baseline,274,2026-08-25T01:50:00+09:00,0.6589583973631171
2026-08-24,confirmation,baseline,275,2026-08-25T02:10:00+09:00,0.6588530567536076
2026-08-24,confirmation,baseline,276,2026-08-25T02:50:00+09:00,0.6588530567536076
2026-08-24,confirmation,baseline,277,2026-08-25T02:10:00+09:00,0.657949743561202
2026-08-24,confirmation,baseline,278,2026-08-25T02:50:00+09:00,0.657949743561202
2026-08-24,confirmation,baseline,279,2026-08-25T00:40:00+09:00,0.6577255883364168
2026-08-24,confirmation,baseline,280,2026-08-25T00:00:00+09:00,0.6577255883364168
2026-08-24,confirmation,baseline,281,2026-08-25T00:40:00+09:00,0.6565371783535388
2026-08-24,confirmation,baseline,282,2026-08-25T00:10:00+09:00,0.6565371783535388
2026-08-24,confirmation,baseline,283,2026-08-25T01:50:00+09:00,0.6563428784884535
2026-08-24,confirmation,baseline,284,2026-08-25T01:20:00+09:00,0.6563428784884535
2026-08-24,confirmation,baseline,285,2026-08-24T23:10:00+09:00,0.65632113457246
2026-08-24,confirmation,baseline,286,2026-08-25T01:30:00+09:00,0.6561191030688328
2026-08-24,confirmation,baseline,287,2026-08-25T01:20:00+09:00,0.6557975043689094
2026-08-24,confirmation,baseline,288,2026-08-25T01:50:00+09:00,0.6557975043689094
2026-08-24,confirmation,baseline,289,2026-08-25T01:10:00+09:00,0.6557143864700917
2026-08-24,confirmation,baseline,290,2026-08-25T01:50:00+09:00,0.6557143864700917
2026-08-24,confirmation,baseline,291,2026-08-25T02:30:00+09:00,0.6555099977708617
2026-08-24,confirmation,baseline,292,2026-08-25T00:00:00+09:00,0.655161210930496
2026-08-24,confirmation,baseline,293,2026-08-25T00:40:00+09:00,0.655161210930496
2026-08-24,confirmation,baseline,294,2026-08-25T02:00:00+09:00,0.6550472089984877
2026-08-24,confirmation,baseline,295,2026-08-25T02:30:00+09:00,0.6550472089984877
2026-08-24,confirmation,baseline,296,2026-08-25T01:40:00+09:00,0.6541301555171685
2026-08-24,confirmation,baseline,297,2026-08-24T23:40:00+09:00,0.653606089399564
2026-08-24,confirmation,baseline,298,2026-08-24T23:10:00+09:00,0.653606089399564
2026-08-24,confirmation,baseline,299,2026-08-24T23:10:00+09:00,0.6517183567313933
2026-08-24,confirmation,baseline,300,2026-08-24T23:40:00+09:00,0.6517183567313933
2026-08-24,confirmation,baseline,301,2026-08-25T02:20:00+09:00,0.6516261465594391
2026-08-24,confirmation,baseline,302,2026-08-25T02:50:00+09:00,0.6516261465594391
2026-08-24,confirmation,baseline,303,2026-08-24T23:20:00+09:00,0.6514243174532416
2026-08-24,confirmation,baseline,304,2026-08-25T00:00:00+09:00,0.6512701862382821
2026-08-24,confirmation,baseline,305,2026-08-25T00:30:00+09:00,0.6512701862382821
2026-08-24,confirmation,baseline,306,2026-08-24T23:10:00+09:00,0.6509682585997266
2026-08-24,confirmation,baseline,307,2026-08-25T01:00:00+09:00,0.6508339717048914
2026-08-24,confirmation,baseline,308,2026-08-25T01:50:00+09:00,0.6508339717048914
2026-08-24,confirmation,baseline,309,2026-08-25T03:50:00+09:00,0.6490781609495214
2026-08-24,confirmation,baseline,310,2026-08-25T03:00:00+09:00,0.6490781609495214
2026-08-24,confirmation,baseline,311,2026-08-25T01:20:00+09:00,0.6489681868943641
2026-08-24,confirmation,baseline,312,2026-08-25T01:50:00+09:00,0.6489681868943641
2026-08-24,confirmation,baseline,313,2026-08-25T02:20:00+09:00,0.6483043334064054
2026-08-24,confirmation,baseline,314,2026-08-25T02:50:00+09:00,0.6483043334064054
2026-08-24,confirmation,baseline,315,2026-08-24T23:20:00+09:00,0.6475323519582014
2026-08-27,confirmation,baseline,1,2026-08-28T00:00:00+09:00,0.9525627341823761
2026-08-27,confirmation,baseline,2,2026-08-28T00:30:00+09:00,0.9525627341823761
2026-08-27,confirmation,baseline,3,2026-08-28T01:40:00+09:00,0.9099898474491502
2026-08-27,confirmation,baseline,4,2026-08-28T01:10:00+09:00,0.9099898474491502
2026-08-27,confirmation,baseline,5,2026-08-28T00:10:00+09:00,0.898889694130627
2026-08-27,confirmation,baseline,6,2026-08-28T00:40:00+09:00,0.898889694130627
2026-08-27,confirmation,baseline,7,2026-08-28T01:10:00+09:00,0.8757018083931533
2026-08-27,confirmation,baseline,8,2026-08-28T01:40:00+09:00,0.8757018083931533
2026-08-27,confirmation,baseline,9,2026-08-28T01:20:00+09:00,0.8736444818743317
2026-08-27,confirmation,baseline,10,2026-08-28T01:50:00+09:00,0.8736444818743317
2026-08-27,confirmation,baseline,11,2026-08-27T23:20:00+09:00,0.8710180002399684
2026-08-27,confirmation,baseline,12,2026-08-28T02:10:00+09:00,0.8580363873614889
2026-08-27,confirmation,baseline,13,2026-08-28T02:50:00+09:00,0.8580363873614889
2026-08-27,confirmation,baseline,14,2026-08-28T02:50:00+09:00,0.8560205630284642
2026-08-27,confirmation,baseline,15,2026-08-28T02:20:00+09:00,0.8560205630284642
2026-08-27,confirmation,baseline,16,2026-08-28T01:40:00+09:00,0.8505032793791374
2026-08-27,confirmation,baseline,17,2026-08-28T01:10:00+09:00,0.8505032793791374
2026-08-27,confirmation,baseline,18,2026-08-27T23:00:00+09:00,0.8335677711269479
2026-08-27,confirmation,baseline,19,2026-08-27T23:30:00+09:00,0.8335677711269479
2026-08-27,confirmation,baseline,20,2026-08-28T00:10:00+09:00,0.8326731819285723
2026-08-27,confirmation,baseline,21,2026-08-28T00:50:00+09:00,0.8326731819285723
2026-08-27,confirmation,baseline,22,2026-08-27T23:40:00+09:00,0.8314428784284589
2026-08-27,confirmation,baseline,23,2026-08-27T23:00:00+09:00,0.8314428784284589
2026-08-27,confirmation,baseline,24,2026-08-27T23:20:00+09:00,0.830376736818048
2026-08-27,confirmation,baseline,25,2026-08-27T23:50:00+09:00,0.830376736818048
2026-08-27,confirmation,baseline,26,2026-08-28T00:50:00+09:00,0.8280614362015719
2026-08-27,confirmation,baseline,27,2026-08-28T00:00:00+09:00,0.8280614362015719
2026-08-27,confirmation,baseline,28,2026-08-28T00:10:00+09:00,0.8271113366395079
2026-08-27,confirmation,baseline,29,2026-08-28T00:40:00+09:00,0.8271113366395079
2026-08-27,confirmation,baseline,30,2026-08-27T22:20:00+09:00,0.8206746454899722
2026-08-27,confirmation,baseline,31,2026-08-27T22:40:00+09:00,0.8175329681832041
2026-08-27,confirmation,baseline,32,2026-08-27T22:10:00+09:00,0.8175329681832041
2026-08-27,confirmation,baseline,33,2026-08-28T01:20:00+09:00,0.8083362062945966
2026-08-27,confirmation,baseline,34,2026-08-28T01:50:00+09:00,0.8083362062945966
2026-08-27,confirmation,baseline,35,2026-08-28T01:50:00+09:00,0.8052797701491515
2026-08-27,confirmation,baseline,36,2026-08-28T01:20:00+09:00,0.8052797701491515
2026-08-27,confirmation,baseline,37,2026-08-28T01:30:00+09:00,0.796543197599199
2026-08-27,confirmation,baseline,38,2026-08-28T01:20:00+09:00,0.7930316378516669
2026-08-27,confirmation,baseline,39,2026-08-28T01:50:00+09:00,0.7930316378516669
2026-08-27,confirmation,baseline,40,2026-08-28T02:30:00+09:00,0.7920297429728702
2026-08-27,confirmation,baseline,41,2026-08-28T00:20:00+09:00,0.7920271984372669
2026-08-27,confirmation,baseline,42,2026-08-28T00:50:00+09:00,0.7920271984372669
2026-08-27,confirmation,baseline,43,2026-08-28T00:50:00+09:00,0.7916855521629255
2026-08-27,confirmation,baseline,44,2026-08-28T00:00:00+09:00,0.7916855521629255
2026-08-27,confirmation,baseline,45,2026-08-28T00:20:00+09:00,0.7906233805693598
2026-08-27,confirmation,baseline,46,2026-08-28T00:50:00+09:00,0.7906233805693598
2026-08-27,confirmation,baseline,47,2026-08-28T01:10:00+09:00,0.7899965755055187
2026-08-27,confirmation,baseline,48,2026-08-28T01:50:00+09:00,0.7899965755055187
2026-08-27,confirmation,baseline,49,2026-08-28T02:40:00+09:00,0.7890349639244509
2026-08-27,confirmation,baseline,50,2026-08-28T01:10:00+09:00,0.7845708376081271
2026-08-27,confirmation,baseline,51,2026-08-28T01:40:00+09:00,0.7845708376081271
2026-08-27,confirmation,baseline,52,2026-08-28T00:10:00+09:00,0.782178104910247
2026-08-27,confirmation,baseline,53,2026-08-28T00:40:00+09:00,0.782178104910247
2026-08-27,confirmation,baseline,54,2026-08-27T23:30:00+09:00,0.7815869848182271
2026-08-27,confirmation,baseline,55,2026-08-27T23:00:00+09:00,0.7815869848182271
2026-08-27,confirmation,baseline,56,2026-08-27T23:10:00+09:00,0.7797132071595776
2026-08-27,confirmation,baseline,57,2026-08-27T23:40:00+09:00,0.7797132071595776
2026-08-27,confirmation,baseline,58,2026-08-28T00:30:00+09:00,0.7793264682523806
2026-08-27,confirmation,baseline,59,2026-08-28T00:00:00+09:00,0.7793264682523806
2026-08-27,confirmation,baseline,60,2026-08-28T00:30:00+09:00,0.775350267912446
2026-08-27,confirmation,baseline,61,2026-08-28T00:00:00+09:00,0.775350267912446
2026-08-27,confirmation,baseline,62,2026-08-28T00:20:00+09:00,0.7723820997658077
2026-08-27,confirmation,baseline,63,2026-08-28T00:50:00+09:00,0.7723820997658077
2026-08-27,confirmation,baseline,64,2026-08-28T00:50:00+09:00,0.7708874519872164
2026-08-27,confirmation,baseline,65,2026-08-28T00:20:00+09:00,0.7708874519872164
2026-08-27,confirmation,baseline,66,2026-08-28T02:50:00+09:00,0.7688476287524566
2026-08-27,confirmation,baseline,67,2026-08-28T02:10:00+09:00,0.7688476287524566
2026-08-27,confirmation,baseline,68,2026-08-28T02:30:00+09:00,0.7687437900416217
2026-08-27,confirmation,baseline,69,2026-08-28T01:20:00+09:00,0.7671770957546324
2026-08-27,confirmation,baseline,70,2026-08-28T01:50:00+09:00,0.7671770957546324
2026-08-27,confirmation,baseline,71,2026-08-28T01:10:00+09:00,0.7670894335361068
2026-08-27,confirmation,baseline,72,2026-08-28T01:40:00+09:00,0.7670894335361068
2026-08-27,confirmation,baseline,73,2026-08-27T23:00:00+09:00,0.7667775864644726
2026-08-27,confirmation,baseline,74,2026-08-27T23:30:00+09:00,0.7667775864644726
2026-08-27,confirmation,baseline,75,2026-08-28T00:50:00+09:00,0.7596626056144832
2026-08-27,confirmation,baseline,76,2026-08-28T00:20:00+09:00,0.7596626056144832
2026-08-27,confirmation,baseline,77,2026-08-28T00:40:00+09:00,0.7584783125120841
2026-08-27,confirmation,baseline,78,2026-08-28T00:00:00+09:00,0.7584783125120841
2026-08-27,confirmation,baseline,79,2026-08-28T00:10:00+09:00,0.7566963845414826
2026-08-27,confirmation,baseline,80,2026-08-28T00:40:00+09:00,0.7566963845414826
2026-08-27,confirmation,baseline,81,2026-08-28T00:10:00+09:00,0.7561176417262612
2026-08-27,confirmation,baseline,82,2026-08-28T00:50:00+09:00,0.7561176417262612
2026-08-27,confirmation,baseline,83,2026-08-28T01:20:00+09:00,0.7557150885191746
2026-08-27,confirmation,baseline,84,2026-08-28T01:50:00+09:00,0.7557150885191746
2026-08-27,confirmation,baseline,85,2026-08-28T01:00:00+09:00,0.7443559456234675
2026-08-27,confirmation,baseline,86,2026-08-28T01:40:00+09:00,0.7443559456234675
2026-08-27,confirmation,baseline,87,2026-08-28T01:30:00+09:00,0.7441597910354142
2026-08-27,confirmation,baseline,88,2026-08-27T23:00:00+09:00,0.744040691513574
2026-08-27,confirmation,baseline,89,2026-08-27T23:30:00+09:00,0.744040691513574
2026-08-27,confirmation,baseline,90,2026-08-28T01:30:00+09:00,0.7435646361729221
2026-08-27,confirmation,baseline,91,2026-08-28T00:50:00+09:00,0.7426381993756345
2026-08-27,confirmation,baseline,92,2026-08-28T00:00:00+09:00,0.7426381993756345
2026-08-27,confirmation,baseline,93,2026-08-28T01:20:00+09:00,0.7407192610452281
2026-08-27,confirmation,baseline,94,2026-08-28T01:50:00+09:00,0.7407192610452281
2026-08-27,confirmation,baseline,95,2026-08-28T00:10:00+09:00,0.7385323598877459
2026-08-27,confirmation,baseline,96,2026-08-28T00:50:00+09:00,0.7385323598877459
2026-08-27,confirmation,baseline,97,2026-08-27T23:30:00+09:00,0.7368307125840741
2026-08-27,confirmation,baseline,98,2026-08-27T23:00:00+09:00,0.7368307125840741
2026-08-27,confirmation,baseline,99,2026-08-27T23:30:00+09:00,0.7366529951561421
2026-08-27,confirmation,baseline,100,2026-08-27T23:00:00+09:00,0.7366529951561421
2026-08-27,confirmation,baseline,101,2026-08-28T01:50:00+09:00,0.7362956112346273
2026-08-27,confirmation,baseline,102,2026-08-28T01:20:00+09:00,0.7362956112346273
2026-08-27,confirmation,baseline,103,2026-08-27T23:00:00+09:00,0.7346666803700842
2026-08-27,confirmation,baseline,104,2026-08-27T23:30:00+09:00,0.7346666803700842
2026-08-27,confirmation,baseline,105,2026-08-27T23:40:00+09:00,0.7305264478438532
2026-08-27,confirmation,baseline,106,2026-08-27T23:10:00+09:00,0.7305264478438532
2026-08-27,confirmation,baseline,107,2026-08-28T01:40:00+09:00,0.728054088422165
2026-08-27,confirmation,baseline,108,2026-08-27T23:30:00+09:00,0.7267112671797425
2026-08-27,confirmation,baseline,109,2026-08-27T23:00:00+09:00,0.7267112671797425
2026-08-27,confirmation,baseline,110,2026-08-28T01:50:00+09:00,0.7239027796838422
2026-08-27,confirmation,baseline,111,2026-08-28T01:20:00+09:00,0.7239027796838422
2026-08-27,confirmation,baseline,112,2026-08-28T01:10:00+09:00,0.7220259283332802
2026-08-27,confirmation,baseline,113,2026-08-28T01:50:00+09:00,0.7220259283332802
2026-08-27,confirmation,baseline,114,2026-08-28T00:10:00+09:00,0.7218675537465614
2026-08-27,confirmation,baseline,115,2026-08-28T00:40:00+09:00,0.7218675537465614
2026-08-27,confirmation,baseline,116,2026-08-28T01:00:00+09:00,0.7189501338457618
2026-08-27,confirmation,baseline,117,2026-08-28T01:30:00+09:00,0.7189501338457618
2026-08-27,confirmation,baseline,118,2026-08-27T21:20:00+09:00,0.7169056482299524
2026-08-27,confirmation,baseline,119,2026-08-27T21:50:00+09:00,0.7169056482299524
2026-08-27,confirmation,baseline,120,2026-08-28T01:30:00+09:00,0.7167815107530197
2026-08-27,confirmation,baseline,121,2026-08-28T01:00:00+09:00,0.7167815107530197
2026-08-27,confirmation,baseline,122,2026-08-28T01:20:00+09:00,0.7147643169305856
2026-08-27,confirmation,baseline,123,2026-08-28T01:50:00+09:00,0.7147643169305856
2026-08-27,confirmation,baseline,124,2026-08-27T21:40:00+09:00,0.7141612156847101
2026-08-27,confirmation,baseline,125,2026-08-27T21:00:00+09:00,0.7141612156847101
2026-08-27,confirmation,baseline,126,2026-08-28T02:10:00+09:00,0.7130902678888197
2026-08-27,confirmation,baseline,127,2026-08-28T02:40:00+09:00,0.7130902678888197
2026-08-27,confirmation,baseline,128,2026-08-28T01:40:00+09:00,0.7130288592132594
2026-08-27,confirmation,baseline,129,2026-08-28T01:00:00+09:00,0.7130288592132594
2026-08-27,confirmation,baseline,130,2026-08-28T01:20:00+09:00,0.712789356409002
2026-08-27,confirmation,baseline,131,2026-08-28T01:50:00+09:00,0.712789356409002
2026-08-27,confirmation,baseline,132,2026-08-27T23:20:00+09:00,0.7103093630499294
2026-08-27,confirmation,baseline,133,2026-08-27T23:50:00+09:00,0.7103093630499294
2026-08-27,confirmation,baseline,134,2026-08-28T01:20:00+09:00,0.7092712247022757
2026-08-27,confirmation,baseline,135,2026-08-28T01:50:00+09:00,0.7092712247022757
2026-08-27,confirmation,baseline,136,2026-08-28T03:40:00+09:00,0.7080692613409126
2026-08-27,confirmation,baseline,137,2026-08-28T01:10:00+09:00,0.7065204874047655
2026-08-27,confirmation,baseline,138,2026-08-28T01:50:00+09:00,0.7065204874047655
2026-08-27,confirmation,baseline,139,2026-08-28T00:50:00+09:00,0.7064667738412328
2026-08-27,confirmation,baseline,140,2026-08-28T00:10:00+09:00,0.7064667738412328
2026-08-27,confirmation,baseline,141,2026-08-28T03:40:00+09:00,0.706405761671782
2026-08-27,confirmation,baseline,142,2026-08-28T00:30:00+09:00,0.7058639215821781
2026-08-27,confirmation,baseline,143,2026-08-28T00:00:00+09:00,0.7058639215821781
2026-08-27,confirmation,baseline,144,2026-08-28T01:20:00+09:00,0.7053923811294791
2026-08-27,confirmation,baseline,145,2026-08-28T01:50:00+09:00,0.7053923811294791
2026-08-27,confirmation,baseline,146,2026-08-28T01:00:00+09:00,0.7044395381915792
2026-08-27,confirmation,baseline,147,2026-08-28T01:30:00+09:00,0.7044395381915792
2026-08-27,confirmation,baseline,148,2026-08-28T00:50:00+09:00,0.7043428732397782
2026-08-27,confirmation,baseline,149,2026-08-28T00:10:00+09:00,0.7043428732397782
2026-08-27,confirmation,baseline,150,2026-08-28T00:20:00+09:00,0.7042623908332873
2026-08-27,confirmation,baseline,151,2026-08-28T02:40:00+09:00,0.7042303271432376
2026-08-27,confirmation,baseline,152,2026-08-28T02:50:00+09:00,0.7041498575969334
2026-08-27,confirmation,baseline,153,2026-08-28T02:10:00+09:00,0.7041498575969334
2026-08-27,confirmation,baseline,154,2026-08-28T01:40:00+09:00,0.7030490814941196
2026-08-27,confirmation,baseline,155,2026-08-28T01:10:00+09:00,0.7030490814941196
2026-08-27,confirmation,baseline,156,2026-08-28T00:40:00+09:00,0.7014771088561911
2026-08-27,confirmation,baseline,157,2026-08-28T00:00:00+09:00,0.7014771088561911
2026-08-27,confirmation,baseline,158,2026-08-28T00:50:00+09:00,0.7011062639194793
2026-08-27,confirmation,baseline,159,2026-08-28T00:20:00+09:00,0.7011062639194793
2026-08-27,confirmation,baseline,160,2026-08-28T02:40:00+09:00,0.700833639471336
2026-08-27,confirmation,baseline,161,2026-08-28T02:10:00+09:00,0.700833639471336
2026-08-27,confirmation,baseline,162,2026-08-28T00:20:00+09:00,0.7001304277511403
2026-08-27,confirmation,baseline,163,2026-08-28T00:50:00+09:00,0.7001304277511403
2026-08-27,confirmation,baseline,164,2026-08-28T01:20:00+09:00,0.6999120218051186
2026-08-27,confirmation,baseline,165,2026-08-28T01:50:00+09:00,0.6999120218051186
2026-08-27,confirmation,baseline,166,2026-08-28T01:40:00+09:00,0.6984975778646819
2026-08-27,confirmation,baseline,167,2026-08-28T01:00:00+09:00,0.6984975778646819
2026-08-27,confirmation,baseline,168,2026-08-28T00:50:00+09:00,0.6974831333094949
2026-08-27,confirmation,baseline,169,2026-08-28T00:20:00+09:00,0.6974831333094949
2026-08-27,confirmation,baseline,170,2026-08-28T02:00:00+09:00,0.6964821790371263
2026-08-27,confirmation,baseline,171,2026-08-28T02:30:00+09:00,0.6964821790371263
2026-08-27,confirmation,baseline,172,2026-08-27T23:30:00+09:00,0.6962103037528357
2026-08-27,confirmation,baseline,173,2026-08-27T23:00:00+09:00,0.6962103037528357
2026-08-27,confirmation,baseline,174,2026-08-28T00:10:00+09:00,0.6958268878263909
2026-08-27,confirmation,baseline,175,2026-08-28T00:40:00+09:00,0.6958268878263909
2026-08-27,confirmation,baseline,176,2026-08-28T02:20:00+09:00,0.6902289691208819
2026-08-27,confirmation,baseline,177,2026-08-28T02:50:00+09:00,0.6902289691208819
2026-08-27,confirmation,baseline,178,2026-08-27T22:50:00+09:00,0.6901795095980747
2026-08-27,confirmation,baseline,179,2026-08-27T22:20:00+09:00,0.6901795095980747
2026-08-27,confirmation,baseline,180,2026-08-28T02:40:00+09:00,0.6894718986064204
2026-08-27,confirmation,baseline,181,2026-08-28T02:10:00+09:00,0.6894718986064204
2026-08-27,confirmation,baseline,182,2026-08-28T02:20:00+09:00,0.6888665619292603
2026-08-27,confirmation,baseline,183,2026-08-28T02:50:00+09:00,0.6888665619292603
2026-08-27,confirmation,baseline,184,2026-08-28T02:50:00+09:00,0.68871720198493
2026-08-27,confirmation,baseline,185,2026-08-28T02:20:00+09:00,0.68871720198493
2026-08-27,confirmation,baseline,186,2026-08-28T01:40:00+09:00,0.6882127167858192
2026-08-27,confirmation,baseline,187,2026-08-28T01:10:00+09:00,0.6882127167858192
2026-08-27,confirmation,baseline,188,2026-08-28T00:10:00+09:00,0.6877188782165176
2026-08-27,confirmation,baseline,189,2026-08-28T00:40:00+09:00,0.6877188782165176
2026-08-27,confirmation,baseline,190,2026-08-28T02:50:00+09:00,0.6851726243875119
2026-08-27,confirmation,baseline,191,2026-08-28T02:20:00+09:00,0.6851726243875119
2026-08-27,confirmation,baseline,192,2026-08-28T02:10:00+09:00,0.6844068752027576
2026-08-27,confirmation,baseline,193,2026-08-28T02:40:00+09:00,0.6844068752027576
2026-08-27,confirmation,baseline,194,2026-08-27T23:20:00+09:00,0.6839515316635068
2026-08-27,confirmation,baseline,195,2026-08-28T01:20:00+09:00,0.6830100798214588
2026-08-27,confirmation,baseline,196,2026-08-28T01:50:00+09:00,0.6830100798214588
2026-08-27,confirmation,baseline,197,2026-08-28T00:40:00+09:00,0.6824915866297807
2026-08-27,confirmation,baseline,198,2026-08-28T00:00:00+09:00,0.6824915866297807
2026-08-27,confirmation,baseline,199,2026-08-28T02:50:00+09:00,0.6822752600761811
2026-08-27,confirmation,baseline,200,2026-08-28T02:20:00+09:00,0.6822752600761811
2026-08-27,confirmation,baseline,201,2026-08-27T23:00:00+09:00,0.6800528087219782
2026-08-27,confirmation,baseline,202,2026-08-27T23:30:00+09:00,0.6800528087219782
2026-08-27,confirmation,baseline,203,2026-08-28T02:50:00+09:00,0.6800122539547802
2026-08-27,confirmation,baseline,204,2026-08-28T02:20:00+09:00,0.6800122539547802
2026-08-27,confirmation,baseline,205,2026-08-28T00:10:00+09:00,0.6800042251853032
2026-08-27,confirmation,baseline,206,2026-08-28T00:40:00+09:00,0.6800042251853032
2026-08-27,confirmation,baseline,207,2026-08-28T00:10:00+09:00,0.6795463470003921
2026-08-27,confirmation,baseline,208,2026-08-28T00:40:00+09:00,0.6795463470003921
2026-08-27,confirmation,baseline,209,2026-08-28T00:50:00+09:00,0.6789259417718646
2026-08-27,confirmation,baseline,210,2026-08-28T00:00:00+09:00,0.6789259417718646
2026-08-27,confirmation,baseline,211,2026-08-28T02:30:00+09:00,0.6743294893163279
2026-08-27,confirmation,baseline,212,2026-08-28T01:30:00+09:00,0.6729097110527943
2026-08-27,confirmation,baseline,213,2026-08-28T01:00:00+09:00,0.6729097110527943
2026-08-27,confirmation,baseline,214,2026-08-28T01:30:00+09:00,0.6726573787309424
2026-08-27,confirmation,baseline,215,2026-08-28T01:50:00+09:00,0.670685014768682
2026-08-27,confirmation,baseline,216,2026-08-28T01:20:00+09:00,0.670685014768682
2026-08-27,confirmation,baseline,217,2026-08-28T01:20:00+09:00,0.6703337021796846
2026-08-27,confirmation,baseline,218,2026-08-28T01:50:00+09:00,0.6703337021796846
2026-08-27,confirmation,baseline,219,2026-08-28T00:30:00+09:00,0.6679806630110169
2026-08-27,confirmation,baseline,220,2026-08-28T00:00:00+09:00,0.6679806630110169
2026-08-27,confirmation,baseline,221,2026-08-27T23:10:00+09:00,0.6677033240565011
2026-08-27,confirmation,baseline,222,2026-08-27T23:40:00+09:00,0.6677033240565011
2026-08-27,confirmation,baseline,223,2026-08-27T22:30:00+09:00,0.6676465069770261
2026-08-27,confirmation,baseline,224,2026-08-27T22:00:00+09:00,0.6676465069770261
2026-08-27,confirmation,baseline,225,2026-08-28T00:20:00+09:00,0.6665356504801022
2026-08-27,confirmation,baseline,226,2026-08-28T00:50:00+09:00,0.6665356504801022
2026-08-27,confirmation,baseline,227,2026-08-28T00:40:00+09:00,0.666248800052749
2026-08-27,confirmation,baseline,228,2026-08-28T00:00:00+09:00,0.666248800052749
2026-08-27,confirmation,baseline,229,2026-08-28T01:50:00+09:00,0.6662320398099507
2026-08-27,confirmation,baseline,230,2026-08-28T01:10:00+09:00,0.6662320398099507
2026-08-27,confirmation,baseline,231,2026-08-28T01:30:00+09:00,0.6645730883273218
2026-08-27,confirmation,baseline,232,2026-08-28T01:00:00+09:00,0.6645730883273218
2026-08-27,confirmation,baseline,233,2026-08-28T00:30:00+09:00,0.6637128232839029
2026-08-27,confirmation,baseline,234,2026-08-28T00:00:00+09:00,0.6637128232839029
2026-08-27,confirmation,baseline,235,2026-08-28T01:20:00+09:00,0.6627324022391348
2026-08-27,confirmation,baseline,236,2026-08-28T01:50:00+09:00,0.6627324022391348
2026-08-27,confirmation,baseline,237,2026-08-28T01:10:00+09:00,0.6620891496868836
2026-08-27,confirmation,baseline,238,2026-08-28T01:40:00+09:00,0.6620891496868836
2026-08-27,confirmation,baseline,239,2026-08-28T02:30:00+09:00,0.6607990864317526
2026-08-27,confirmation,baseline,240,2026-08-27T23:20:00+09:00,0.6606557634273758
2026-08-27,confirmation,baseline,241,2026-08-28T01:50:00+09:00,0.6603752818649772
2026-08-27,confirmation,baseline,242,2026-08-28T01:20:00+09:00,0.6603752818649772
2026-08-27,confirmation,baseline,243,2026-08-27T23:20:00+09:00,0.6580919654273241
2026-08-27,confirmation,baseline,244,2026-08-27T23:50:00+09:00,0.6580919654273241
2026-08-27,confirmation,baseline,245,2026-08-28T02:20:00+09:00,0.6573167008032912
2026-08-27,confirmation,baseline,246,2026-08-28T02:50:00+09:00,0.6573167008032912
2026-08-27,confirmation,baseline,247,2026-08-27T23:40:00+09:00,0.6571867567708187
2026-08-27,confirmation,baseline,248,2026-08-27T23:10:00+09:00,0.6571867567708187
2026-08-27,confirmation,baseline,249,2026-08-28T00:30:00+09:00,0.6566099524349523
2026-08-27,confirmation,baseline,250,2026-08-28T00:00:00+09:00,0.6566099524349523
2026-08-27,confirmation,baseline,251,2026-08-28T01:40:00+09:00,0.655249887001617
2026-08-27,confirmation,baseline,252,2026-08-28T01:00:00+09:00,0.655249887001617
2026-08-27,confirmation,baseline,253,2026-08-28T01:40:00+09:00,0.6551269487256915
2026-08-27,confirmation,baseline,254,2026-08-28T01:10:00+09:00,0.6551269487256915
2026-08-27,confirmation,baseline,255,2026-08-28T01:50:00+09:00,0.65395491300619
2026-08-27,confirmation,baseline,256,2026-08-28T01:20:00+09:00,0.65395491300619
2026-08-27,confirmation,baseline,257,2026-08-28T02:50:00+09:00,0.6539086837988218
2026-08-27,confirmation,baseline,258,2026-08-28T02:20:00+09:00,0.6539086837988218
2026-08-27,confirmation,baseline,259,2026-08-27T23:20:00+09:00,0.6537368161896526
2026-08-27,confirmation,baseline,260,2026-08-27T22:00:00+09:00,0.6536277956184295
2026-08-27,confirmation,baseline,261,2026-08-27T22:30:00+09:00,0.6536277956184295
2026-08-27,confirmation,baseline,262,2026-08-28T03:40:00+09:00,0.653599221813147
2026-08-27,confirmation,baseline,263,2026-08-28T03:10:00+09:00,0.653599221813147
2026-08-27,confirmation,baseline,264,2026-08-28T01:50:00+09:00,0.6534946716726898
2026-08-27,confirmation,baseline,265,2026-08-28T01:20:00+09:00,0.6534946716726898
2026-08-27,confirmation,baseline,266,2026-08-28T02:10:00+09:00,0.6531931397499893
2026-08-27,confirmation,baseline,267,2026-08-28T02:50:00+09:00,0.6531931397499893
2026-08-27,confirmation,baseline,268,2026-08-28T02:10:00+09:00,0.6530705873619
2026-08-27,confirmation,baseline,269,2026-08-28T02:40:00+09:00,0.6530705873619
2026-08-27,confirmation,baseline,270,2026-08-28T00:30:00+09:00,0.6529876761587725
2026-08-27,confirmation,baseline,271,2026-08-28T00:00:00+09:00,0.6529876761587725
2026-08-27,confirmation,baseline,272,2026-08-28T00:10:00+09:00,0.6529839381076438
2026-08-27,confirmation,baseline,273,2026-08-28T00:50:00+09:00,0.6529839381076438
2026-08-27,confirmation,baseline,274,2026-08-28T02:50:00+09:00,0.6527922257371408
2026-08-27,confirmation,baseline,275,2026-08-28T02:20:00+09:00,0.6527922257371408
2026-08-27,confirmation,baseline,276,2026-08-28T01:20:00+09:00,0.6522497188130016
2026-08-27,confirmation,baseline,277,2026-08-28T01:50:00+09:00,0.6522497188130016
2026-08-27,confirmation,baseline,278,2026-08-28T00:10:00+09:00,0.6522339939683939
2026-08-27,confirmation,baseline,279,2026-08-28T00:40:00+09:00,0.6522339939683939
2026-08-27,confirmation,baseline,280,2026-08-28T02:20:00+09:00,0.6519022305155929
2026-08-27,confirmation,baseline,281,2026-08-28T02:50:00+09:00,0.6519022305155929
2026-08-27,confirmation,baseline,282,2026-08-27T22:20:00+09:00,0.6517100969936876
2026-08-27,confirmation,baseline,283,2026-08-28T02:30:00+09:00,0.6511667400714496
2026-08-27,confirmation,baseline,284,2026-08-28T02:00:00+09:00,0.6511667400714496
2026-08-27,confirmation,baseline,285,2026-08-28T03:50:00+09:00,0.6511278685932512
2026-08-27,confirmation,baseline,286,2026-08-28T03:20:00+09:00,0.6511278685932512
2026-08-27,confirmation,baseline,287,2026-08-28T01:20:00+09:00,0.6495195024720604
2026-08-27,confirmation,baseline,288,2026-08-28T01:50:00+09:00,0.6495195024720604
2026-08-27,confirmation,baseline,289,2026-08-28T01:50:00+09:00,0.6494905648473893
2026-08-27,confirmation,baseline,290,2026-08-28T01:10:00+09:00,0.6494905648473893
2026-08-27,confirmation,baseline,291,2026-08-28T00:00:00+09:00,0.6494704723378745
2026-08-27,confirmation,baseline,292,2026-08-28T00:50:00+09:00,0.6494704723378745
2026-08-27,confirmation,baseline,293,2026-08-28T02:40:00+09:00,0.6493631859092485
2026-08-27,confirmation,baseline,294,2026-08-28T02:30:00+09:00,0.6491351683235663
2026-08-27,confirmation,baseline,295,2026-08-28T00:10:00+09:00,0.6491289668720608
2026-08-27,confirmation,baseline,296,2026-08-28T00:40:00+09:00,0.6491289668720608
2026-08-27,confirmation,baseline,297,2026-08-28T01:40:00+09:00,0.6480787438678685
2026-08-27,confirmation,baseline,298,2026-08-28T01:20:00+09:00,0.6479423259704319
2026-08-27,confirmation,baseline,299,2026-08-28T01:50:00+09:00,0.6479423259704319
2026-08-27,confirmation,baseline,300,2026-08-28T01:50:00+09:00,0.6478219460589738
2026-08-27,confirmation,baseline,301,2026-08-28T01:10:00+09:00,0.6478219460589738
2026-08-27,confirmation,baseline,302,2026-08-28T01:40:00+09:00,0.6477193994313811
2026-08-27,confirmation,baseline,303,2026-08-28T01:10:00+09:00,0.6477193994313811
2026-08-27,confirmation,baseline,304,2026-08-28T01:00:00+09:00,0.6476669420050044
2026-08-27,confirmation,baseline,305,2026-08-28T01:30:00+09:00,0.6476669420050044
2026-08-27,confirmation,baseline,306,2026-08-28T00:10:00+09:00,0.6475005959625189
2026-08-27,confirmation,baseline,307,2026-08-28T00:40:00+09:00,0.6475005959625189
2026-08-27,confirmation,baseline,308,2026-08-28T02:30:00+09:00,0.6474521657829524
2026-08-27,confirmation,baseline,309,2026-08-27T23:00:00+09:00,0.6466390443389989
2026-08-27,confirmation,baseline,310,2026-08-27T23:30:00+09:00,0.6466390443389989
2026-08-27,confirmation,baseline,311,2026-08-28T00:00:00+09:00,0.6456284529474842
2026-08-27,confirmation,baseline,312,2026-08-28T00:30:00+09:00,0.6456284529474842
2026-08-27,confirmation,baseline,313,2026-08-28T02:40:00+09:00,0.6455880095618421
2026-08-27,confirmation,baseline,314,2026-08-28T02:10:00+09:00,0.6455880095618421
2026-08-27,confirmation,baseline,315,2026-08-27T22:40:00+09:00,0.6436054175598814
2026-08-27,confirmation,baseline,316,2026-08-27T22:10:00+09:00,0.6436054175598814
2026-08-27,confirmation,baseline,317,2026-08-28T01:40:00+09:00,0.6425978911615109
2026-08-27,confirmation,baseline,318,2026-08-28T01:00:00+09:00,0.6425978911615109
2026-08-27,confirmation,baseline,319,2026-08-27T23:40:00+09:00,0.6416063800929922
2026-08-27,confirmation,baseline,320,2026-08-27T23:10:00+09:00,0.6416063800929922
2026-08-27,confirmation,baseline,321,2026-08-28T00:00:00+09:00,0.6413630044057339
2026-08-27,confirmation,baseline,322,2026-08-28T00:50:00+09:00,0.6413630044057339
2026-08-27,confirmation,baseline,323,2026-08-27T23:40:00+09:00,0.6410361602048563
2026-08-27,confirmation,baseline,324,2026-08-27T23:10:00+09:00,0.6410361602048563
2026-08-27,confirmation,baseline,325,2026-08-28T00:50:00+09:00,0.6396653985893554
2026-08-27,confirmation,baseline,326,2026-08-28T00:20:00+09:00,0.6396653985893554
2026-08-27,confirmation,baseline,327,2026-08-28T00:20:00+09:00,0.6396569737144899
2026-08-27,confirmation,baseline,328,2026-08-27T23:00:00+09:00,0.6394395573278271
2026-08-27,confirmation,baseline,329,2026-08-27T23:30:00+09:00,0.6394395573278271
2026-08-27,confirmation,baseline,330,2026-08-27T23:40:00+09:00,0.6386090621259052
2026-08-27,confirmation,baseline,331,2026-08-27T23:10:00+09:00,0.6386090621259052
2026-08-27,confirmation,baseline,332,2026-08-28T02:50:00+09:00,0.6385971938572188
2026-08-27,confirmation,baseline,333,2026-08-28T02:20:00+09:00,0.6385971938572188
2026-08-27,confirmation,baseline,334,2026-08-27T23:20:00+09:00,0.6380671288270336
2026-08-27,confirmation,baseline,335,2026-08-28T01:40:00+09:00,0.6373482008876414
2026-08-27,confirmation,baseline,336,2026-08-28T01:00:00+09:00,0.6373482008876414
2026-08-27,confirmation,baseline,337,2026-08-28T02:30:00+09:00,0.6368417430026597
2026-08-27,confirmation,baseline,338,2026-08-28T00:00:00+09:00,0.6362860062023572
2026-08-27,confirmation,baseline,339,2026-08-28T00:30:00+09:00,0.6362860062023572
2026-08-27,confirmation,baseline,340,2026-08-28T02:20:00+09:00,0.6348714679651178
2026-08-27,confirmation,baseline,341,2026-08-28T02:50:00+09:00,0.6348714679651178
2026-08-27,confirmation,baseline,342,2026-08-28T00:20:00+09:00,0.6348546083011363
2026-08-27,confirmation,baseline,343,2026-08-28T00:50:00+09:00,0.6348546083011363
