time,temperature_2m,relative_humidity_2m,dew_point_2m,precipitation,weather_code,surface_pressure,cloud_cover
2025-09-17 00:00:00,26.7,89,24.7,0.0,0,1013.1,4
2025-09-17 01:00:00,26.7,88,24.6,0.0,0,1012.9,4
2025-09-17 02:00:00,26.7,88,24.5,0.0,0,1012.4,7
2025-09-17 03:00:00,26.9,84,24.0,0.0,0,1011.9,6
2025-09-17 04:00:00,26.9,83,23.7,0.0,0,1011.6,4
2025-09-17 05:00:00,26.8,83,23.7,0.0,0,1011.5,2
2025-09-17 06:00:00,26.8,83,23.7,0.0,1,1011.7,36
2025-09-17 07:00:00,27.3,84,24.4,0.0,1,1011.8,45
2025-09-17 08:00:00,28.4,79,24.4,0.0,3,1012.1,98
2025-09-17 09:00:00,28.9,76,24.2,0.0,3,1012.5,99
2025-09-17 10:00:00,29.9,71,24.2,0.0,1,1012.8,32
2025-09-17 11:00:00,30.5,68,24.0,0.0,1,1012.7,40
2025-09-17 12:00:00,30.5,68,24.0,0.0,3,1012.5,100
2025-09-17 13:00:00,30.2,69,24.0,0.2,51,1012.3,97
2025-09-17 14:00:00,29.7,72,24.0,0.4,51,1011.7,45
2025-09-17 15:00:00,29.6,71,23.9,0.4,51,1011.3,36
2025-09-17 16:00:00,29.3,73,23.9,0.2,51,1011.0,41
2025-09-17 17:00:00,28.8,76,24.1,0.1,51,1010.8,63
2025-09-17 18:00:00,27.9,84,24.8,0.0,2,1011.1,71
2025-09-17 19:00:00,27.6,82,24.1,0.0,1,1011.5,28
2025-09-17 20:00:00,27.4,82,24.1,0.0,2,1012.5,63
2025-09-17 21:00:00,27.4,82,24.1,0.0,1,1013.0,47
2025-09-17 22:00:00,27.3,83,24.3,0.0,0,1013.0,11
2025-09-17 23:00:00,27.1,85,24.3,0.0,2,1013.1,69
2025-09-18 00:00:00,27.0,85,24.4,0.0,0,1012.8,7
2025-09-18 01:00:00,26.9,86,24.4,0.0,0,1012.2,4
2025-09-18 02:00:00,26.7,87,24.3,0.0,0,1011.9,6
2025-09-18 03:00:00,26.3,87,24.1,0.0,0,1011.5,8
2025-09-18 04:00:00,26.1,87,23.8,0.0,0,1011.3,14
2025-09-18 05:00:00,26.1,86,23.5,0.0,0,1011.5,18
2025-09-18 06:00:00,26.0,86,23.4,0.0,0,1011.9,8
2025-09-18 07:00:00,27.3,83,24.2,0.0,3,1012.3,95
2025-09-18 08:00:00,28.0,84,25.1,0.1,51,1012.8,100
2025-09-18 09:00:00,28.6,79,24.7,0.0,3,1013.1,98
2025-09-18 10:00:00,29.0,80,25.2,0.1,51,1013.5,97
2025-09-18 11:00:00,30.0,73,24.6,0.1,51,1012.8,96
2025-09-18 12:00:00,30.0,71,24.2,0.2,51,1012.4,100
2025-09-18 13:00:00,29.8,73,24.6,0.2,51,1011.9,97
2025-09-18 14:00:00,30.0,74,24.8,0.1,51,1011.6,100
2025-09-18 15:00:00,29.6,74,24.6,0.1,51,1011.9,96
2025-09-18 16:00:00,26.5,89,24.6,3.0,63,1012.1,78
2025-09-18 17:00:00,27.0,87,24.7,0.1,51,1011.3,6
2025-09-18 18:00:00,26.7,89,24.8,0.0,0,1011.3,3
2025-09-18 19:00:00,25.9,93,24.6,0.0,0,1011.5,7
2025-09-18 20:00:00,25.8,92,24.4,0.0,0,1012.2,1
2025-09-18 21:00:00,25.9,91,24.3,0.0,0,1013.0,2
2025-09-18 22:00:00,26.1,90,24.3,0.0,1,1013.0,32
2025-09-18 23:00:00,26.0,89,24.1,0.0,3,1013.0,95
2025-09-19 00:00:00,26.0,89,24.0,0.0,3,1013.0,98
2025-09-19 01:00:00,26.1,87,23.8,0.0,0,1013.0,1
2025-09-19 02:00:00,25.6,88,23.4,0.0,0,1012.9,4
2025-09-19 03:00:00,25.3,87,23.1,0.0,1,1012.4,33
2025-09-19 04:00:00,25.2,89,23.3,0.0,0,1012.1,8
2025-09-19 05:00:00,25.1,89,23.3,0.0,0,1012.1,5
2025-09-19 06:00:00,25.1,90,23.3,0.0,0,1012.2,6
2025-09-19 07:00:00,26.7,87,24.4,0.0,0,1012.5,5
2025-09-19 08:00:00,28.0,86,25.5,0.0,0,1012.8,6
2025-09-19 09:00:00,28.9,76,24.1,0.0,0,1012.9,8
2025-09-19 10:00:00,29.9,69,23.7,0.0,0,1013.2,11
2025-09-19 11:00:00,30.2,67,23.4,0.0,0,1012.9,11
2025-09-19 12:00:00,30.4,66,23.3,0.0,0,1012.6,7
2025-09-19 13:00:00,30.5,65,23.1,0.0,0,1012.1,12
2025-09-19 14:00:00,30.3,65,22.9,0.1,51,1011.5,18
2025-09-19 15:00:00,30.0,66,23.0,0.1,51,1010.8,19
2025-09-19 16:00:00,29.6,69,23.4,0.0,0,1010.5,5
2025-09-19 17:00:00,29.1,72,23.5,0.0,0,1010.6,1
2025-09-19 18:00:00,28.1,78,24.0,0.0,0,1010.7,8
2025-09-19 19:00:00,27.6,79,23.6,0.0,0,1011.0,8
2025-09-19 20:00:00,27.5,79,23.6,0.0,0,1011.5,6
2025-09-19 21:00:00,27.6,78,23.5,0.0,0,1012.0,5
2025-09-19 22:00:00,27.5,78,23.3,0.0,0,1012.3,4
2025-09-19 23:00:00,27.4,78,23.2,0.0,0,1012.0,3
2025-09-20 00:00:00,27.2,79,23.3,0.0,0,1011.7,7
2025-09-20 01:00:00,27.2,79,23.3,0.0,0,1011.5,8
2025-09-20 02:00:00,27.0,79,23.1,0.0,0,1010.9,9
2025-09-20 03:00:00,26.9,80,23.2,0.0,0,1010.4,14
2025-09-20 04:00:00,27.0,79,23.0,0.0,1,1010.0,40
2025-09-20 05:00:00,26.7,81,23.2,0.0,0,1009.8,7
2025-09-20 06:00:00,26.5,83,23.4,0.0,0,1010.0,6
2025-09-20 07:00:00,27.1,83,24.0,0.0,0,1010.0,5
2025-09-20 08:00:00,28.2,79,24.1,0.0,0,1010.2,9
2025-09-20 09:00:00,28.7,77,24.2,0.1,51,1010.5,24
2025-09-20 10:00:00,30.0,72,24.3,0.0,2,1010.9,60
2025-09-20 11:00:00,30.1,71,24.3,0.1,51,1010.8,82
2025-09-20 12:00:00,30.2,71,24.4,0.1,51,1010.6,21
2025-09-20 13:00:00,30.2,71,24.4,0.1,51,1010.3,19
2025-09-20 14:00:00,29.8,72,24.3,0.2,51,1009.9,25
2025-09-20 15:00:00,29.3,72,23.8,0.3,51,1009.4,26
2025-09-20 16:00:00,29.5,71,23.8,0.1,51,1009.2,20
2025-09-20 17:00:00,29.1,77,24.7,0.0,1,1009.1,43
2025-09-20 18:00:00,28.1,82,24.8,0.0,3,1009.3,94
2025-09-20 19:00:00,27.6,82,24.3,0.0,0,1009.5,1
2025-09-20 20:00:00,27.4,83,24.4,0.0,0,1009.9,1
2025-09-20 21:00:00,27.4,83,24.3,0.0,0,1010.8,14
2025-09-20 22:00:00,27.3,84,24.4,0.0,0,1010.6,5
2025-09-20 23:00:00,26.3,89,24.2,0.0,0,1010.5,3
2025-09-21 00:00:00,26.0,89,24.1,0.0,0,1010.0,2
2025-09-21 01:00:00,25.7,91,24.1,0.0,0,1009.7,2
2025-09-21 02:00:00,25.3,92,23.9,0.0,0,1009.3,0
2025-09-21 03:00:00,25.3,92,23.9,0.0,0,1008.9,3
2025-09-21 04:00:00,25.7,91,24.0,0.0,1,1009.0,39
2025-09-21 05:00:00,25.5,91,23.9,0.0,2,1009.3,53
2025-09-21 06:00:00,25.1,93,23.9,0.0,3,1009.6,82
2025-09-21 07:00:00,26.1,91,24.5,0.0,3,1009.9,84
2025-09-21 08:00:00,27.4,85,24.7,0.0,2,1010.1,69
2025-09-21 09:00:00,28.4,82,25.0,0.0,3,1010.2,96
2025-09-21 10:00:00,29.9,74,24.7,0.0,0,1010.6,13
2025-09-21 11:00:00,30.3,72,24.7,0.1,51,1010.5,36
2025-09-21 12:00:00,30.3,72,24.6,0.3,51,1010.0,96
2025-09-21 13:00:00,30.3,72,24.6,0.1,51,1009.3,100
2025-09-21 14:00:00,29.7,74,24.5,0.6,53,1008.7,100
2025-09-21 15:00:00,29.7,73,24.5,0.3,51,1008.3,97
2025-09-21 16:00:00,29.2,76,24.5,0.3,51,1008.3,98
2025-09-21 17:00:00,28.7,79,24.8,0.2,51,1008.9,89
2025-09-21 18:00:00,28.0,82,24.5,0.1,51,1009.2,39
2025-09-21 19:00:00,27.5,82,24.1,0.0,0,1009.4,12
2025-09-21 20:00:00,27.4,82,24.0,0.0,0,1010.0,13
2025-09-21 21:00:00,27.5,80,23.7,0.0,0,1010.7,17
2025-09-21 22:00:00,27.3,83,24.2,0.0,0,1010.8,17
2025-09-21 23:00:00,26.7,85,24.0,0.0,1,1011.3,46
2025-09-22 00:00:00,26.7,85,24.0,0.0,1,1011.2,48
2025-09-22 01:00:00,26.6,86,24.1,0.1,51,1011.1,28
2025-09-22 02:00:00,26.9,86,24.3,0.0,0,1010.2,14
2025-09-22 03:00:00,26.7,88,24.6,0.0,0,1010.1,14
2025-09-22 04:00:00,26.7,88,24.5,0.0,0,1010.1,10
2025-09-22 05:00:00,26.7,88,24.5,0.0,0,1010.2,15
2025-09-22 06:00:00,26.6,87,24.3,0.0,1,1010.2,25
2025-09-22 07:00:00,27.2,85,24.5,0.0,1,1010.6,44
2025-09-22 08:00:00,26.3,88,24.1,0.3,51,1011.5,70
2025-09-22 09:00:00,27.3,84,24.4,0.1,51,1011.8,37
2025-09-22 10:00:00,28.3,78,24.1,0.8,53,1012.8,83
2025-09-22 11:00:00,27.1,85,24.3,0.5,53,1012.8,52
2025-09-22 12:00:00,29.4,76,24.8,0.0,1,1012.2,32
2025-09-22 13:00:00,29.7,74,24.7,0.1,51,1011.7,13
2025-09-22 14:00:00,29.5,75,24.7,0.0,0,1011.0,14
2025-09-22 15:00:00,29.0,77,24.5,0.4,51,1010.9,42
2025-09-22 16:00:00,28.4,79,24.5,0.0,1,1010.8,31
2025-09-22 17:00:00,28.1,79,24.2,0.0,1,1010.9,39
2025-09-22 18:00:00,27.1,85,24.4,0.1,51,1011.0,35
2025-09-22 19:00:00,26.8,87,24.5,0.0,1,1011.3,35
2025-09-22 20:00:00,26.3,87,24.1,0.1,51,1011.6,28
2025-09-22 21:00:00,26.5,89,24.5,0.0,1,1012.1,21
2025-09-22 22:00:00,27.0,88,24.8,0.0,0,1012.3,13
2025-09-22 23:00:00,27.4,84,24.6,0.0,0,1012.6,14
2025-09-23 00:00:00,27.6,82,24.2,0.0,0,1012.7,14
2025-09-23 01:00:00,27.6,81,23.9,0.0,0,1012.4,15
2025-09-23 02:00:00,27.6,78,23.4,0.0,0,1012.0,15
2025-09-23 03:00:00,27.4,79,23.5,0.0,1,1011.6,36
2025-09-23 04:00:00,27.2,81,23.6,0.0,1,1011.6,38
2025-09-23 05:00:00,27.0,82,23.8,0.0,1,1011.8,28
2025-09-23 06:00:00,26.8,84,23.9,0.0,1,1012.0,27
2025-09-23 07:00:00,27.1,85,24.5,0.0,0,1012.3,18
2025-09-23 08:00:00,28.2,79,24.2,0.0,0,1012.4,13
2025-09-23 09:00:00,28.8,76,24.1,0.0,0,1012.6,14
2025-09-23 10:00:00,29.9,69,23.7,0.0,1,1013.0,44
2025-09-23 11:00:00,30.2,68,23.7,0.0,2,1013.2,75
2025-09-23 12:00:00,30.3,68,23.7,0.0,1,1012.8,30
2025-09-23 13:00:00,30.3,68,23.7,0.0,1,1012.2,20
2025-09-23 14:00:00,30.1,69,23.7,0.0,2,1011.7,58
2025-09-23 15:00:00,29.9,70,23.7,0.0,2,1011.2,74
2025-09-23 16:00:00,29.6,70,23.6,0.0,0,1011.2,16
2025-09-23 17:00:00,28.9,74,23.9,0.0,0,1011.2,7
2025-09-23 18:00:00,28.1,77,23.7,0.0,0,1011.3,7
2025-09-23 19:00:00,27.7,77,23.3,0.0,0,1011.6,7
2025-09-23 20:00:00,27.6,78,23.4,0.0,0,1012.1,6
2025-09-23 21:00:00,27.6,77,23.2,0.0,0,1012.6,5
2025-09-23 22:00:00,27.8,79,23.8,0.0,0,1012.7,16
2025-09-23 23:00:00,27.8,79,23.7,0.0,0,1012.7,6
2025-09-24 00:00:00,27.6,79,23.7,0.0,0,1012.5,3
2025-09-24 01:00:00,27.5,80,23.7,0.0,0,1012.1,2
2025-09-24 02:00:00,27.3,81,23.8,0.0,1,1011.9,45
2025-09-24 03:00:00,27.2,81,23.7,0.0,3,1011.3,81
2025-09-24 04:00:00,27.1,82,23.7,0.0,1,1011.1,37
2025-09-24 05:00:00,27.1,82,23.7,0.0,0,1011.2,6
2025-09-24 06:00:00,27.0,82,23.6,0.0,0,1011.6,15
2025-09-24 07:00:00,27.2,84,24.3,0.0,3,1011.9,100
2025-09-24 08:00:00,28.5,76,23.9,0.0,3,1012.4,95
2025-09-24 09:00:00,29.2,72,23.6,0.0,2,1012.6,73
2025-09-24 10:00:00,29.8,70,23.7,0.0,0,1012.7,7
2025-09-24 11:00:00,30.1,68,23.7,0.0,1,1012.6,21
2025-09-24 12:00:00,30.4,67,23.6,0.0,0,1012.3,7
2025-09-24 13:00:00,30.6,66,23.5,0.0,0,1011.9,16
2025-09-24 14:00:00,30.5,66,23.5,0.0,0,1011.5,9
2025-09-24 15:00:00,30.1,69,23.7,0.0,1,1011.5,21
2025-09-24 16:00:00,29.6,72,23.9,0.0,1,1011.2,46
2025-09-24 17:00:00,29.0,74,24.0,0.0,3,1011.3,97
2025-09-24 18:00:00,28.1,79,24.1,0.0,1,1011.4,28
2025-09-24 19:00:00,27.6,81,24.0,0.0,0,1012.0,2
2025-09-24 20:00:00,27.5,82,24.2,0.0,1,1012.7,34
2025-09-24 21:00:00,27.5,81,24.0,0.0,3,1013.3,96
2025-09-24 22:00:00,27.4,82,24.2,0.0,0,1013.5,1
2025-09-24 23:00:00,27.4,82,24.1,0.0,0,1013.7,16
2025-09-25 00:00:00,27.5,80,23.7,0.0,2,1013.4,75
2025-09-25 01:00:00,27.6,79,23.6,0.0,2,1013.8,76
2025-09-25 02:00:00,26.9,83,23.8,0.1,51,1013.5,62
2025-09-25 03:00:00,26.4,87,24.0,0.1,51,1013.4,80
2025-09-25 04:00:00,26.3,87,24.0,0.2,51,1013.0,94
2025-09-25 05:00:00,26.3,89,24.3,0.1,51,1013.1,96
2025-09-25 06:00:00,26.0,91,24.3,0.2,51,1013.3,94
2025-09-25 07:00:00,26.7,88,24.5,0.1,51,1013.4,70
2025-09-25 08:00:00,27.4,85,24.6,0.2,51,1014.2,74
2025-09-25 09:00:00,28.0,82,24.7,0.7,53,1014.4,94
2025-09-25 10:00:00,27.0,89,25.0,0.1,51,1015.1,97
2025-09-25 11:00:00,29.0,81,25.5,0.1,51,1014.7,100
2025-09-25 12:00:00,30.0,73,24.6,0.1,51,1014.4,92
2025-09-25 13:00:00,30.2,71,24.3,0.1,51,1013.9,56
2025-09-25 14:00:00,30.4,68,23.9,0.0,3,1013.3,96
2025-09-25 15:00:00,30.4,67,23.6,0.0,2,1013.3,51
2025-09-25 16:00:00,29.9,69,23.5,0.0,1,1013.4,42
2025-09-25 17:00:00,29.2,74,24.0,0.0,1,1013.5,40
2025-09-25 18:00:00,28.5,75,23.7,0.0,0,1014.0,15
2025-09-25 19:00:00,28.3,73,23.1,0.0,0,1014.3,12
2025-09-25 20:00:00,28.2,74,23.1,0.0,0,1014.8,3
2025-09-25 21:00:00,28.4,71,22.6,0.0,0,1015.0,1
2025-09-25 22:00:00,27.7,76,23.0,0.0,2,1015.5,57
2025-09-25 23:00:00,27.7,75,22.8,0.0,1,1015.2,37
2025-09-26 00:00:00,27.7,74,22.6,0.0,2,1014.7,56
2025-09-26 01:00:00,27.7,74,22.6,0.0,1,1014.5,38
2025-09-26 02:00:00,27.5,75,22.8,0.0,0,1014.5,13
2025-09-26 03:00:00,27.3,76,22.7,0.0,1,1014.6,31
2025-09-26 04:00:00,27.1,77,22.8,0.0,0,1014.6,14
2025-09-26 05:00:00,26.7,81,23.1,0.0,0,1014.7,1
2025-09-26 06:00:00,26.5,82,23.1,0.0,0,1014.7,0
2025-09-26 07:00:00,26.8,83,23.6,0.0,0,1014.9,14
2025-09-26 08:00:00,28.3,77,23.9,0.0,0,1015.3,3
2025-09-26 09:00:00,29.2,71,23.3,0.0,0,1015.8,13
2025-09-26 10:00:00,29.8,67,23.0,0.0,0,1015.7,3
2025-09-26 11:00:00,30.0,65,22.7,0.0,0,1015.7,2
2025-09-26 12:00:00,30.2,63,22.3,0.0,0,1015.1,0
2025-09-26 13:00:00,30.3,62,22.2,0.0,0,1014.6,0
2025-09-26 14:00:00,30.3,61,22.0,0.0,0,1014.1,1
2025-09-26 15:00:00,30.2,62,22.1,0.0,0,1014.1,15
2025-09-26 16:00:00,29.5,65,22.4,0.0,2,1013.9,60
2025-09-26 17:00:00,28.8,72,23.3,0.0,0,1014.0,1
2025-09-26 18:00:00,27.9,75,22.9,0.0,0,1014.4,1
2025-09-26 19:00:00,27.4,75,22.7,0.0,0,1014.8,1
2025-09-26 20:00:00,27.2,77,22.8,0.0,0,1015.4,1
2025-09-26 21:00:00,27.1,77,22.7,0.0,0,1015.7,1
2025-09-26 22:00:00,26.8,83,23.6,0.0,3,1015.4,85
2025-09-26 23:00:00,26.6,83,23.4,0.0,3,1015.1,99
2025-09-27 00:00:00,26.5,83,23.3,0.0,1,1015.0,31
2025-09-27 01:00:00,26.3,84,23.5,0.0,0,1014.7,2
2025-09-27 02:00:00,26.2,85,23.5,0.0,0,1014.5,13
2025-09-27 03:00:00,26.2,85,23.5,0.0,2,1014.4,66
2025-09-27 04:00:00,26.0,86,23.4,0.0,3,1014.4,93
2025-09-27 05:00:00,25.9,85,23.2,0.0,3,1014.6,100
2025-09-27 06:00:00,25.9,85,23.2,0.0,3,1014.7,88
2025-09-27 07:00:00,26.3,86,23.8,0.0,0,1014.9,1
2025-09-27 08:00:00,27.7,81,24.1,0.0,0,1015.1,9
2025-09-27 09:00:00,28.8,72,23.3,0.0,3,1015.1,100
2025-09-27 10:00:00,29.9,66,22.8,0.0,2,1014.9,50
2025-09-27 11:00:00,30.3,63,22.6,0.0,3,1014.6,93
2025-09-27 12:00:00,30.6,61,22.3,0.0,2,1014.3,73
2025-09-27 13:00:00,30.0,64,22.4,0.0,3,1014.1,91
2025-09-27 14:00:00,29.2,70,23.2,0.3,51,1013.8,34
2025-09-27 15:00:00,28.9,71,23.2,0.4,51,1013.3,22
2025-09-27 16:00:00,28.8,72,23.3,0.1,51,1013.1,32
2025-09-27 17:00:00,28.2,77,23.7,0.0,1,1013.0,38
2025-09-27 18:00:00,27.2,84,24.3,0.0,0,1013.1,5
2025-09-27 19:00:00,26.6,85,23.9,0.0,0,1013.2,8
2025-09-27 20:00:00,26.5,83,23.4,0.0,0,1013.8,9
2025-09-27 21:00:00,26.4,82,23.1,0.0,0,1014.1,8
2025-09-27 22:00:00,26.2,87,23.8,0.0,0,1013.9,0
2025-09-27 23:00:00,25.4,90,23.6,0.0,0,1013.7,0
2025-09-28 00:00:00,25.1,89,23.1,0.0,0,1013.5,0
2025-09-28 01:00:00,25.0,88,22.9,0.0,0,1013.4,0
2025-09-28 02:00:00,24.9,87,22.5,0.0,0,1013.1,0
2025-09-28 03:00:00,24.8,85,22.1,0.0,0,1012.8,0
2025-09-28 04:00:00,24.9,83,21.7,0.0,0,1012.7,2
2025-09-28 05:00:00,24.9,82,21.6,0.0,0,1012.8,1
2025-09-28 06:00:00,24.9,81,21.5,0.0,0,1012.9,1
2025-09-28 07:00:00,26.0,80,22.4,0.0,0,1013.1,2
2025-09-28 08:00:00,27.2,81,23.7,0.0,0,1013.5,2
2025-09-28 09:00:00,28.3,75,23.4,0.0,0,1013.9,14
2025-09-28 10:00:00,29.5,66,22.6,0.0,0,1013.9,1
2025-09-28 11:00:00,30.2,64,22.7,0.0,0,1013.7,2
2025-09-28 12:00:00,30.2,63,22.5,0.0,1,1013.1,47
2025-09-28 13:00:00,30.0,66,22.9,0.0,1,1012.8,20
2025-09-28 14:00:00,29.6,68,23.0,0.0,0,1012.2,13
2025-09-28 15:00:00,29.1,69,22.9,0.0,0,1011.9,16
2025-09-28 16:00:00,28.9,70,22.8,0.0,0,1012.1,13
2025-09-28 17:00:00,28.4,73,23.1,0.0,0,1012.2,2
2025-09-28 18:00:00,27.3,81,23.7,0.0,0,1012.4,0
2025-09-28 19:00:00,26.5,83,23.4,0.0,0,1012.7,4
2025-09-28 20:00:00,26.6,81,23.0,0.0,0,1012.9,15
2025-09-28 21:00:00,26.4,81,22.9,0.0,0,1013.3,17
2025-09-28 22:00:00,27.4,75,22.6,0.0,0,1013.0,4
2025-09-28 23:00:00,27.5,75,22.7,0.0,0,1012.7,3
2025-09-29 00:00:00,26.6,80,22.9,0.0,0,1012.5,0
2025-09-29 01:00:00,27.1,78,22.9,0.0,0,1012.3,0
2025-09-29 02:00:00,27.1,78,22.9,0.0,0,1012.1,1
2025-09-29 03:00:00,27.1,76,22.6,0.0,0,1011.8,8
2025-09-29 04:00:00,27.0,78,22.7,0.0,0,1011.5,10
2025-09-29 05:00:00,26.9,78,22.7,0.0,0,1011.5,13
2025-09-29 06:00:00,26.9,77,22.5,0.0,1,1011.6,22
2025-09-29 07:00:00,27.2,78,23.0,0.0,1,1012.1,27
2025-09-29 08:00:00,28.4,74,23.3,0.0,2,1012.8,59
2025-09-29 09:00:00,29.0,69,22.8,0.0,3,1012.6,98
2025-09-29 10:00:00,29.6,69,23.4,0.0,2,1012.3,78
2025-09-29 11:00:00,29.8,69,23.6,0.1,51,1012.2,98
2025-09-29 12:00:00,29.7,71,23.8,0.2,51,1011.7,100
2025-09-29 13:00:00,29.4,71,23.6,0.2,51,1010.9,100
2025-09-29 14:00:00,28.4,79,24.4,0.1,51,1010.2,100
2025-09-29 15:00:00,28.1,80,24.3,0.0,3,1009.9,100
2025-09-29 16:00:00,27.9,81,24.3,0.0,3,1009.9,97
2025-09-29 17:00:00,27.6,82,24.2,0.0,3,1010.2,100
2025-09-29 18:00:00,26.9,86,24.3,0.0,3,1010.3,100
2025-09-29 19:00:00,26.5,89,24.5,0.0,3,1010.5,84
2025-09-29 20:00:00,26.5,88,24.4,0.0,3,1011.0,98
2025-09-29 21:00:00,26.7,86,24.2,0.0,2,1011.2,54
2025-09-29 22:00:00,27.3,81,23.7,0.0,1,1011.2,44
2025-09-29 23:00:00,27.1,82,23.7,0.0,0,1011.1,19
2025-09-30 00:00:00,27.1,82,23.8,0.0,0,1010.9,10
2025-09-30 01:00:00,27.1,81,23.6,0.0,0,1010.9,13
2025-09-30 02:00:00,26.9,82,23.5,0.0,1,1010.8,39
2025-09-30 03:00:00,26.1,86,23.6,0.0,2,1010.5,56
2025-09-30 04:00:00,25.5,89,23.6,0.0,2,1010.3,79
2025-09-30 05:00:00,25.4,90,23.6,0.0,2,1010.4,79
2025-09-30 06:00:00,25.7,88,23.6,0.0,3,1010.3,95
2025-09-30 07:00:00,25.9,89,24.0,0.0,2,1010.9,60
2025-09-30 08:00:00,27.1,85,24.3,0.0,3,1011.7,93
2025-09-30 09:00:00,28.1,80,24.2,0.0,2,1011.2,58
2025-09-30 10:00:00,29.5,76,24.9,0.0,1,1011.2,40
2025-09-30 11:00:00,29.7,74,24.7,0.1,51,1011.1,59
2025-09-30 12:00:00,29.7,75,24.9,0.0,1,1010.6,27
2025-09-30 13:00:00,29.8,76,25.1,0.0,1,1009.9,21
2025-09-30 14:00:00,29.8,74,24.7,0.1,51,1009.3,22
2025-09-30 15:00:00,29.4,76,24.7,0.0,1,1009.2,30
2025-09-30 16:00:00,28.7,78,24.5,0.0,1,1009.3,38
2025-09-30 17:00:00,27.7,85,24.9,0.3,51,1009.2,15
2025-09-30 18:00:00,26.8,90,25.1,0.1,51,1009.3,5
2025-09-30 19:00:00,26.4,92,25.0,0.0,0,1009.4,5
2025-09-30 20:00:00,26.2,91,24.6,0.0,0,1009.9,16
2025-09-30 21:00:00,26.3,89,24.4,0.0,0,1010.4,13
2025-09-30 22:00:00,25.9,90,24.2,0.0,1,1011.1,29
2025-09-30 23:00:00,26.0,89,24.0,0.0,2,1011.1,55
2025-10-01 00:00:00,24.2,91,22.7,4.5,63,1012.2,100
2025-10-01 01:00:00,24.1,95,23.2,0.8,53,1011.0,100
2025-10-01 02:00:00,24.4,94,23.5,0.0,3,1010.2,100
2025-10-01 03:00:00,24.8,93,23.6,0.0,3,1010.0,100
2025-10-01 04:00:00,25.1,93,23.9,0.0,3,1009.5,91
2025-10-01 05:00:00,25.6,93,24.3,0.0,2,1009.8,78
2025-10-01 06:00:00,25.7,90,24.0,0.0,3,1009.8,99
2025-10-01 07:00:00,26.2,89,24.3,0.0,3,1010.3,100
2025-10-01 08:00:00,26.2,92,24.8,0.1,51,1010.6,98
2025-10-01 09:00:00,27.1,87,24.8,0.1,51,1011.0,100
2025-10-01 10:00:00,27.9,83,24.7,0.2,51,1011.3,100
2025-10-01 11:00:00,29.0,76,24.4,0.3,51,1010.9,95
2025-10-01 12:00:00,29.5,73,24.0,0.2,51,1010.6,34
2025-10-01 13:00:00,29.5,72,23.9,0.3,51,1009.9,22
2025-10-01 14:00:00,29.3,72,23.7,0.2,51,1009.5,17
2025-10-01 15:00:00,29.8,68,23.2,0.1,51,1009.3,16
2025-10-01 16:00:00,29.6,67,22.8,0.1,51,1009.2,10
2025-10-01 17:00:00,28.9,71,23.2,0.0,0,1009.7,2
2025-10-01 18:00:00,28.0,76,23.3,0.0,0,1010.3,1
2025-10-01 19:00:00,27.7,75,22.9,0.0,0,1010.7,9
2025-10-01 20:00:00,27.4,77,23.0,0.0,0,1011.4,9
2025-10-01 21:00:00,27.3,81,23.9,0.0,0,1011.8,16
2025-10-01 22:00:00,26.8,84,23.8,0.0,0,1011.8,19
2025-10-01 23:00:00,26.2,89,24.2,0.0,0,1011.7,5
2025-10-02 00:00:00,25.9,90,24.2,0.0,0,1012.1,8
2025-10-02 01:00:00,26.1,90,24.3,0.0,0,1012.2,14
2025-10-02 02:00:00,26.1,90,24.2,0.0,1,1012.1,22
2025-10-02 03:00:00,26.0,89,24.0,0.0,1,1011.8,22
2025-10-02 04:00:00,24.8,94,23.7,0.0,2,1011.7,76
2025-10-02 05:00:00,24.5,94,23.4,0.0,0,1011.6,0
2025-10-02 06:00:00,24.3,94,23.2,0.0,0,1011.7,0
2025-10-02 07:00:00,24.9,92,23.5,0.0,0,1012.6,0
2025-10-02 08:00:00,26.6,86,24.1,0.0,0,1012.9,2
2025-10-02 09:00:00,28.0,77,23.6,0.0,3,1013.1,98
2025-10-02 10:00:00,28.9,72,23.3,0.1,51,1013.4,91
2025-10-02 11:00:00,29.2,70,23.2,0.1,51,1013.4,27
2025-10-02 12:00:00,28.9,72,23.3,0.6,53,1012.8,41
2025-10-02 13:00:00,28.6,73,23.3,0.7,53,1012.8,41
2025-10-02 14:00:00,28.7,71,22.9,0.2,51,1012.3,45
2025-10-02 15:00:00,28.5,71,22.6,0.1,51,1012.0,57
2025-10-02 16:00:00,28.6,71,22.8,0.0,3,1012.1,97
2025-10-02 17:00:00,27.8,76,23.2,0.0,1,1012.4,23
2025-10-02 18:00:00,26.7,85,23.9,0.0,0,1012.8,7
2025-10-02 19:00:00,26.3,85,23.6,0.0,0,1013.0,5
2025-10-02 20:00:00,25.8,87,23.4,0.0,0,1013.8,9
2025-10-02 21:00:00,26.3,82,22.9,0.0,0,1014.3,2
2025-10-02 22:00:00,26.4,80,22.7,0.0,0,1014.1,2
2025-10-02 23:00:00,26.4,79,22.4,0.0,0,1013.9,0
2025-10-03 00:00:00,26.5,78,22.3,0.0,0,1013.5,0
2025-10-03 01:00:00,26.4,78,22.2,0.0,0,1013.0,0
2025-10-03 02:00:00,26.4,79,22.4,0.0,0,1013.2,0
2025-10-03 03:00:00,25.5,84,22.6,0.0,0,1013.0,8
2025-10-03 04:00:00,25.1,86,22.5,0.0,0,1012.6,11
2025-10-03 05:00:00,25.0,87,22.7,0.0,0,1012.9,10
2025-10-03 06:00:00,25.0,87,22.8,0.0,0,1013.5,6
2025-10-03 07:00:00,26.0,88,24.0,0.0,0,1014.2,9
2025-10-03 08:00:00,27.4,80,23.6,0.0,0,1014.7,13
2025-10-03 09:00:00,28.2,79,24.3,0.0,1,1015.3,29
2025-10-03 10:00:00,28.7,77,24.2,0.4,51,1015.0,25
2025-10-03 11:00:00,28.9,76,24.3,0.2,51,1014.6,23
2025-10-03 12:00:00,29.4,73,24.1,0.1,51,1013.9,19
2025-10-03 13:00:00,29.6,72,24.1,0.1,51,1013.3,50
2025-10-03 14:00:00,29.8,71,24.0,0.0,0,1012.6,15
2025-10-03 15:00:00,29.5,73,24.2,0.0,1,1012.4,34
2025-10-03 16:00:00,28.0,81,24.4,0.5,53,1013.0,71
2025-10-03 17:00:00,26.7,89,24.7,0.6,53,1013.6,77
2025-10-03 18:00:00,26.1,90,24.3,0.1,51,1013.9,79
2025-10-03 19:00:00,25.9,91,24.3,0.0,3,1014.1,98
2025-10-03 20:00:00,25.9,92,24.5,0.0,3,1014.8,92
2025-10-03 21:00:00,26.4,93,25.2,0.0,3,1015.7,100
2025-10-03 22:00:00,26.0,94,24.9,0.0,3,1015.7,89
2025-10-03 23:00:00,25.8,94,24.7,0.0,3,1015.6,96
2025-10-04 00:00:00,25.3,94,24.3,0.0,3,1015.4,100
2025-10-04 01:00:00,25.0,94,24.0,0.0,3,1014.9,100
2025-10-04 02:00:00,25.7,92,24.3,0.0,1,1014.4,46
2025-10-04 03:00:00,25.3,92,24.0,0.0,0,1014.1,1
2025-10-04 04:00:00,25.3,92,23.9,0.0,0,1014.0,1
2025-10-04 05:00:00,25.2,93,23.9,0.0,0,1014.0,5
2025-10-04 06:00:00,25.2,92,23.8,0.0,0,1014.1,9
2025-10-04 07:00:00,26.1,91,24.5,0.0,0,1014.3,4
2025-10-04 08:00:00,27.6,85,24.8,0.0,0,1014.9,12
2025-10-04 09:00:00,28.6,76,24.1,0.0,1,1015.0,22
2025-10-04 10:00:00,29.6,71,23.9,0.0,0,1015.0,0
2025-10-04 11:00:00,30.2,68,23.7,0.0,0,1014.4,0
2025-10-04 12:00:00,30.5,67,23.8,0.0,0,1014.0,0
2025-10-04 13:00:00,30.6,66,23.6,0.0,0,1013.1,2
2025-10-04 14:00:00,30.4,67,23.5,0.0,0,1012.7,4
2025-10-04 15:00:00,30.1,65,22.9,0.0,0,1012.3,17
2025-10-04 16:00:00,29.6,68,22.9,0.0,0,1012.2,5
2025-10-04 17:00:00,28.7,75,23.7,0.0,0,1012.1,1
2025-10-04 18:00:00,27.4,80,23.6,0.0,0,1012.7,0
2025-10-04 19:00:00,26.3,84,23.3,0.0,2,1013.2,66
2025-10-04 20:00:00,25.8,85,23.2,0.0,3,1013.6,91
2025-10-04 21:00:00,26.0,88,23.9,0.0,3,1013.8,100
2025-10-04 22:00:00,25.6,88,23.5,0.0,3,1013.5,100
2025-10-04 23:00:00,25.4,88,23.2,0.0,3,1013.4,100
2025-10-05 00:00:00,25.2,88,23.1,0.0,3,1013.3,96
2025-10-05 01:00:00,25.2,88,23.1,0.0,2,1013.0,68
2025-10-05 02:00:00,25.1,88,23.0,0.0,0,1012.7,16
2025-10-05 03:00:00,25.1,88,22.9,0.0,2,1012.4,55
2025-10-05 04:00:00,25.2,88,23.0,0.0,0,1012.4,12
2025-10-05 05:00:00,25.6,86,23.1,0.0,0,1012.5,2
2025-10-05 06:00:00,26.0,85,23.2,0.0,0,1012.7,5
2025-10-05 07:00:00,26.3,84,23.5,0.0,0,1012.7,3
2025-10-05 08:00:00,27.7,83,24.5,0.0,0,1013.1,2
2025-10-05 09:00:00,29.0,73,23.7,0.0,0,1013.6,13
2025-10-05 10:00:00,29.8,69,23.5,0.0,0,1013.7,16
2025-10-05 11:00:00,30.2,67,23.4,0.1,51,1013.6,26
2025-10-05 12:00:00,30.3,66,23.4,0.1,51,1012.9,28
2025-10-05 13:00:00,30.1,68,23.4,0.1,51,1012.1,18
2025-10-05 14:00:00,30.0,68,23.4,0.0,0,1011.3,12
2025-10-05 15:00:00,29.6,70,23.6,0.0,0,1010.7,11
2025-10-05 16:00:00,29.0,73,23.8,0.0,0,1010.5,9
2025-10-05 17:00:00,28.3,77,23.8,0.0,0,1010.3,6
2025-10-05 18:00:00,27.5,80,23.7,0.0,0,1010.5,7
2025-10-05 19:00:00,27.1,81,23.6,0.0,0,1010.7,13
2025-10-05 20:00:00,26.9,82,23.5,0.0,1,1011.3,20
2025-10-05 21:00:00,26.9,83,23.7,0.0,0,1011.7,4
2025-10-05 22:00:00,26.7,83,23.5,0.0,0,1011.5,7
2025-10-05 23:00:00,26.8,82,23.4,0.0,0,1011.4,9
2025-10-06 00:00:00,26.7,82,23.3,0.0,0,1011.2,13
2025-10-06 01:00:00,26.7,79,22.8,0.0,0,1011.0,2
2025-10-06 02:00:00,26.6,80,22.9,0.0,0,1010.7,5
2025-10-06 03:00:00,26.2,83,23.0,0.0,0,1010.4,14
2025-10-06 04:00:00,25.7,86,23.2,0.0,0,1010.2,11
2025-10-06 05:00:00,25.7,86,23.2,0.0,1,1010.1,21
2025-10-06 06:00:00,25.7,85,23.1,0.0,0,1010.3,16
2025-10-06 07:00:00,26.2,84,23.2,0.0,0,1010.9,3
2025-10-06 08:00:00,27.3,80,23.6,0.0,0,1011.1,13
2025-10-06 09:00:00,28.7,72,23.3,0.0,0,1011.4,16
2025-10-06 10:00:00,29.4,69,23.1,0.0,1,1011.3,26
2025-10-06 11:00:00,29.9,66,22.8,0.0,2,1011.0,52
2025-10-06 12:00:00,30.0,65,22.7,0.0,0,1010.7,16
2025-10-06 13:00:00,30.3,63,22.4,0.0,1,1010.2,38
2025-10-06 14:00:00,29.8,65,22.4,0.0,1,1009.7,36
2025-10-06 15:00:00,29.7,66,22.6,0.0,1,1009.3,34
2025-10-06 16:00:00,29.1,67,22.5,0.0,1,1009.4,30
2025-10-06 17:00:00,28.1,73,22.9,0.0,0,1009.7,7
2025-10-06 18:00:00,27.0,77,22.7,0.0,0,1010.1,8
2025-10-06 19:00:00,26.7,78,22.4,0.0,0,1010.5,1
2025-10-06 20:00:00,26.5,78,22.3,0.0,0,1011.0,12
2025-10-06 21:00:00,26.4,78,22.3,0.0,0,1011.5,16
2025-10-06 22:00:00,26.3,79,22.4,0.0,0,1011.8,16
2025-10-06 23:00:00,26.1,79,22.3,0.0,0,1011.8,11
2025-10-07 00:00:00,26.0,79,22.0,0.0,0,1011.5,11
2025-10-07 01:00:00,25.9,79,22.0,0.0,0,1011.1,4
2025-10-07 02:00:00,26.0,79,22.0,0.0,0,1010.6,2
2025-10-07 03:00:00,25.8,79,21.9,0.0,0,1010.5,1
2025-10-07 04:00:00,25.6,79,21.7,0.0,0,1010.2,0
2025-10-07 05:00:00,25.5,79,21.6,0.0,0,1010.3,4
2025-10-07 06:00:00,25.7,78,21.6,0.0,0,1010.7,12
2025-10-07 07:00:00,26.0,79,22.0,0.0,0,1011.3,12
2025-10-07 08:00:00,27.3,77,22.9,0.0,0,1011.9,16
2025-10-07 09:00:00,28.3,71,22.5,0.0,0,1012.3,13
2025-10-07 10:00:00,29.4,65,22.1,0.0,1,1012.2,41
2025-10-07 11:00:00,29.9,62,21.8,0.0,3,1011.6,98
2025-10-07 12:00:00,29.2,68,22.6,0.1,51,1011.3,30
2025-10-07 13:00:00,29.6,66,22.6,0.1,51,1010.6,40
2025-10-07 14:00:00,29.7,66,22.6,0.0,0,1009.8,18
2025-10-07 15:00:00,29.9,66,22.8,0.0,1,1009.5,29
2025-10-07 16:00:00,29.0,69,22.8,0.0,1,1009.5,20
2025-10-07 17:00:00,28.1,74,23.1,0.0,1,1009.8,42
2025-10-07 18:00:00,27.2,78,23.1,0.0,0,1010.2,9
2025-10-07 19:00:00,26.9,78,22.8,0.0,1,1010.2,25
2025-10-07 20:00:00,26.7,78,22.6,0.0,0,1010.6,5
2025-10-07 21:00:00,26.5,79,22.5,0.0,0,1010.9,1
2025-10-07 22:00:00,26.3,79,22.4,0.0,0,1010.8,2
2025-10-07 23:00:00,26.5,77,22.2,0.0,1,1010.6,27
2025-10-08 00:00:00,26.6,77,22.2,0.0,1,1010.4,36
2025-10-08 01:00:00,26.4,78,22.3,0.0,0,1009.9,14
2025-10-08 02:00:00,26.3,79,22.4,0.0,0,1009.4,8
2025-10-08 03:00:00,26.8,74,21.7,0.0,0,1009.3,1
2025-10-08 04:00:00,26.7,75,21.9,0.0,0,1008.9,13
2025-10-08 05:00:00,26.5,78,22.4,0.0,0,1009.0,8
2025-10-08 06:00:00,26.4,80,22.7,0.0,0,1009.3,2
2025-10-08 07:00:00,26.4,82,23.1,0.0,0,1009.7,3
2025-10-08 08:00:00,27.7,79,23.7,0.0,0,1010.2,3
2025-10-08 09:00:00,29.3,71,23.4,0.0,0,1010.1,17
2025-10-08 10:00:00,30.0,67,23.2,0.0,1,1009.9,29
2025-10-08 11:00:00,30.4,65,23.1,0.0,1,1009.6,44
2025-10-08 12:00:00,30.1,69,23.7,0.1,51,1009.2,26
2025-10-08 13:00:00,30.0,70,23.9,0.4,51,1008.7,35
2025-10-08 14:00:00,29.5,72,23.9,0.4,51,1008.1,30
2025-10-08 15:00:00,29.2,73,23.9,0.2,51,1007.3,16
2025-10-08 16:00:00,28.7,75,23.9,0.1,51,1007.5,9
2025-10-08 17:00:00,27.9,79,23.9,0.0,0,1007.8,5
2025-10-08 18:00:00,26.8,84,23.9,0.0,0,1008.1,9
2025-10-08 19:00:00,26.3,86,23.8,0.0,0,1008.5,11
2025-10-08 20:00:00,26.0,87,23.7,0.0,1,1009.2,20
2025-10-08 21:00:00,25.6,89,23.6,0.0,0,1009.1,9
2025-10-08 22:00:00,25.5,89,23.6,0.0,0,1009.2,10
2025-10-08 23:00:00,25.5,90,23.7,0.0,0,1009.3,19
2025-10-09 00:00:00,25.6,90,23.8,0.0,1,1009.0,33
2025-10-09 01:00:00,25.4,90,23.7,0.0,1,1009.0,41
2025-10-09 02:00:00,25.3,90,23.6,0.0,1,1008.8,30
2025-10-09 03:00:00,25.6,89,23.6,0.0,1,1008.8,28
2025-10-09 04:00:00,25.5,90,23.7,0.0,1,1008.8,33
2025-10-09 05:00:00,25.3,91,23.7,0.0,0,1009.0,14
2025-10-09 06:00:00,25.1,91,23.6,0.0,0,1009.3,9
2025-10-09 07:00:00,25.8,88,23.6,0.0,0,1009.7,13
2025-10-09 08:00:00,27.2,81,23.7,0.0,0,1010.3,9
2025-10-09 09:00:00,28.2,76,23.6,0.0,1,1010.2,43
2025-10-09 10:00:00,29.3,71,23.4,0.1,51,1010.1,21
2025-10-09 11:00:00,29.7,69,23.3,0.1,51,1009.7,20
2025-10-09 12:00:00,29.6,69,23.4,0.3,51,1009.3,47
2025-10-09 13:00:00,29.3,71,23.5,0.3,51,1009.5,60
2025-10-09 14:00:00,29.0,72,23.4,0.1,51,1009.2,48
2025-10-09 15:00:00,29.7,68,23.2,0.1,51,1009.0,26
2025-10-09 16:00:00,28.5,73,23.3,0.9,53,1008.9,38
2025-10-09 17:00:00,28.2,76,23.6,0.0,0,1008.9,16
2025-10-09 18:00:00,27.2,79,23.3,0.0,0,1009.5,14
2025-10-09 19:00:00,26.8,79,22.9,0.0,0,1009.7,6
2025-10-09 20:00:00,26.6,80,22.9,0.0,0,1010.4,13
2025-10-09 21:00:00,27.1,81,23.6,0.0,1,1010.5,31
2025-10-09 22:00:00,26.9,82,23.6,0.0,2,1010.1,68
2025-10-09 23:00:00,26.9,81,23.4,0.0,1,1010.1,38
2025-10-10 00:00:00,27.0,79,23.1,0.0,3,1010.3,90
2025-10-10 01:00:00,26.9,79,22.9,0.0,0,1010.4,16
2025-10-10 02:00:00,26.7,79,22.9,0.0,0,1010.1,19
2025-10-10 03:00:00,26.8,79,22.8,0.0,0,1010.0,12
2025-10-10 04:00:00,26.5,80,22.7,0.0,0,1009.6,11
2025-10-10 05:00:00,26.4,80,22.6,0.0,0,1009.6,9
2025-10-10 06:00:00,26.2,81,22.7,0.0,0,1009.5,4
2025-10-10 07:00:00,26.4,82,23.0,0.0,0,1010.0,5
2025-10-10 08:00:00,27.3,79,23.4,0.0,0,1010.4,12
2025-10-10 09:00:00,28.8,70,22.9,0.0,0,1010.5,5
2025-10-10 10:00:00,29.7,66,22.6,0.0,0,1010.3,4
2025-10-10 11:00:00,30.2,62,22.2,0.0,0,1010.2,9
2025-10-10 12:00:00,30.3,62,22.1,0.0,0,1009.3,11
2025-10-10 13:00:00,30.3,63,22.5,0.0,0,1008.5,8
2025-10-10 14:00:00,30.2,63,22.4,0.0,1,1007.8,20
2025-10-10 15:00:00,30.0,63,22.1,0.0,1,1007.6,20
2025-10-10 16:00:00,29.1,68,22.5,0.0,0,1007.4,12
2025-10-10 17:00:00,27.8,76,23.1,0.1,51,1007.8,85
2025-10-10 18:00:00,26.9,78,22.8,0.1,51,1007.6,91
2025-10-10 19:00:00,26.5,82,23.2,0.0,3,1007.1,93
2025-10-10 20:00:00,26.1,84,23.3,0.0,3,1007.8,99
2025-10-10 21:00:00,25.4,92,24.1,0.3,51,1008.6,100
2025-10-10 22:00:00,25.0,94,24.0,0.4,51,1007.9,85
2025-10-10 23:00:00,25.5,93,24.3,0.0,3,1006.7,91
2025-10-11 00:00:00,25.3,94,24.2,0.1,51,1006.5,99
2025-10-11 01:00:00,25.5,94,24.4,0.0,3,1006.2,100
2025-10-11 02:00:00,25.5,93,24.3,0.0,3,1005.4,100
2025-10-11 03:00:00,25.0,93,23.8,0.0,3,1004.9,100
2025-10-11 04:00:00,25.1,93,23.8,0.1,51,1004.1,98
2025-10-11 05:00:00,25.0,94,24.0,0.0,3,1004.0,100
2025-10-11 06:00:00,25.7,91,24.1,0.0,3,1003.9,100
2025-10-11 07:00:00,25.7,92,24.4,0.0,3,1004.3,99
2025-10-11 08:00:00,26.4,90,24.7,0.0,3,1004.6,100
2025-10-11 09:00:00,28.0,84,25.0,0.1,51,1005.3,99
2025-10-11 10:00:00,29.0,77,24.5,0.0,3,1004.7,98
2025-10-11 11:00:00,29.7,72,24.1,0.0,3,1004.6,100
2025-10-11 12:00:00,29.7,70,23.6,0.1,51,1004.1,98
2025-10-11 13:00:00,28.3,76,23.7,0.4,51,1004.0,94
2025-10-11 14:00:00,27.5,81,24.0,0.2,51,1003.8,80
2025-10-11 15:00:00,26.9,84,24.0,0.1,51,1003.8,100
2025-10-11 16:00:00,26.4,90,24.6,1.2,55,1003.8,100
2025-10-11 17:00:00,25.0,94,24.0,6.5,63,1004.7,100
2025-10-11 18:00:00,24.9,98,24.5,0.8,53,1004.9,85
2025-10-11 19:00:00,25.4,94,24.3,0.8,53,1005.2,88
2025-10-11 20:00:00,25.0,95,24.1,0.3,51,1005.8,75
2025-10-11 21:00:00,26.3,88,24.1,0.1,51,1006.2,88
2025-10-11 22:00:00,26.3,88,24.1,0.0,3,1006.2,80
2025-10-11 23:00:00,25.8,89,23.8,0.1,51,1006.0,87
2025-10-12 00:00:00,25.4,91,23.9,0.2,51,1006.4,89
2025-10-12 01:00:00,25.8,90,24.0,0.1,51,1007.0,93
2025-10-12 02:00:00,25.6,91,24.1,0.2,51,1007.2,93
2025-10-12 03:00:00,26.0,88,23.8,0.3,51,1007.0,84
2025-10-12 04:00:00,25.8,88,23.7,0.1,51,1007.3,85
2025-10-12 05:00:00,26.0,88,23.9,0.3,51,1007.9,88
2025-10-12 06:00:00,24.6,92,23.3,0.3,51,1008.3,30
2025-10-12 07:00:00,26.0,87,23.7,0.0,0,1008.7,7
2025-10-12 08:00:00,27.1,88,25.0,0.0,1,1009.5,24
2025-10-12 09:00:00,28.1,80,24.3,0.0,1,1009.6,27
2025-10-12 10:00:00,28.9,75,24.1,0.0,1,1010.0,35
2025-10-12 11:00:00,29.4,71,23.7,0.0,1,1010.3,34
2025-10-12 12:00:00,29.5,69,23.2,0.0,1,1010.4,32
2025-10-12 13:00:00,29.5,69,23.1,0.0,1,1010.2,27
2025-10-12 14:00:00,29.2,69,23.0,0.0,1,1009.8,31
2025-10-12 15:00:00,29.4,70,23.3,0.0,1,1009.7,29
2025-10-12 16:00:00,28.8,72,23.2,0.0,0,1009.7,19
2025-10-12 17:00:00,28.0,76,23.4,0.0,0,1010.1,9
2025-10-12 18:00:00,27.0,80,23.4,0.0,0,1010.5,13
2025-10-12 19:00:00,26.5,82,23.1,0.0,0,1010.6,1
2025-10-12 20:00:00,26.2,83,23.0,0.0,0,1011.3,2
2025-10-12 21:00:00,26.2,84,23.3,0.0,0,1011.8,8
2025-10-12 22:00:00,26.0,86,23.4,0.0,0,1011.8,6
2025-10-12 23:00:00,25.9,86,23.4,0.0,1,1011.6,41
2025-10-13 00:00:00,25.6,89,23.7,0.0,3,1011.6,98
2025-10-13 01:00:00,25.3,92,23.9,0.0,2,1011.5,74
2025-10-13 02:00:00,25.2,92,23.8,0.0,0,1011.5,9
2025-10-13 03:00:00,25.3,91,23.7,0.0,1,1011.4,43
2025-10-13 04:00:00,25.0,92,23.6,0.0,3,1011.2,100
2025-10-13 05:00:00,25.0,91,23.4,0.0,3,1011.5,98
2025-10-13 06:00:00,24.8,91,23.2,0.0,2,1012.1,61
2025-10-13 07:00:00,24.8,91,23.2,0.0,0,1012.5,3
2025-10-13 08:00:00,26.6,86,24.1,0.0,0,1013.3,2
2025-10-13 09:00:00,27.7,80,23.9,0.0,0,1013.3,18
2025-10-13 10:00:00,29.0,75,24.1,0.0,0,1013.3,15
2025-10-13 11:00:00,29.8,72,24.2,0.0,0,1013.1,15
2025-10-13 12:00:00,30.3,69,24.0,0.0,0,1012.6,15
2025-10-13 13:00:00,30.4,67,23.6,0.0,0,1012.3,10
2025-10-13 14:00:00,30.3,66,23.3,0.0,1,1012.1,33
2025-10-13 15:00:00,29.6,67,22.9,0.0,0,1011.9,9
2025-10-13 16:00:00,29.1,70,23.1,0.0,2,1011.6,52
2025-10-13 17:00:00,27.9,79,24.0,0.0,0,1011.8,9
2025-10-13 18:00:00,26.1,90,24.3,0.0,0,1012.3,10
2025-10-13 19:00:00,25.1,93,23.8,0.0,0,1012.9,17
2025-10-13 20:00:00,25.1,91,23.5,0.0,1,1013.3,23
2025-10-13 21:00:00,25.0,89,23.0,0.0,0,1013.8,0
2025-10-13 22:00:00,24.6,91,22.9,0.0,0,1013.5,0
2025-10-13 23:00:00,23.7,92,22.3,0.0,0,1013.4,0
2025-10-14 00:00:00,23.5,92,22.1,0.0,0,1013.3,0
2025-10-14 01:00:00,23.6,92,22.1,0.0,0,1013.5,0
2025-10-14 02:00:00,23.4,92,22.0,0.0,0,1012.9,0
2025-10-14 03:00:00,23.0,92,21.7,0.0,0,1012.8,0
2025-10-14 04:00:00,23.3,91,21.8,0.0,0,1012.8,0
2025-10-14 05:00:00,22.9,93,21.7,0.0,0,1012.9,2
2025-10-14 06:00:00,22.5,94,21.4,0.0,0,1013.2,1
2025-10-14 07:00:00,23.9,91,22.4,0.0,0,1013.8,2
2025-10-14 08:00:00,25.7,86,23.2,0.0,0,1014.2,3
2025-10-14 09:00:00,27.1,79,23.1,0.0,0,1014.3,0
2025-10-14 10:00:00,28.3,74,23.2,0.0,0,1014.3,0
2025-10-14 11:00:00,29.2,70,23.2,0.0,0,1013.8,14
2025-10-14 12:00:00,29.8,65,22.4,0.0,1,1013.3,39
2025-10-14 13:00:00,29.6,63,21.7,0.1,51,1012.9,64
2025-10-14 14:00:00,29.6,62,21.4,0.0,2,1012.6,59
2025-10-14 15:00:00,29.0,64,21.4,0.0,3,1012.4,96
2025-10-14 16:00:00,28.7,64,21.2,0.0,3,1012.7,82
2025-10-14 17:00:00,27.7,75,22.9,0.0,1,1013.1,27
2025-10-14 18:00:00,26.2,81,22.6,0.0,0,1013.6,19
2025-10-14 19:00:00,25.4,83,22.2,0.0,0,1013.8,6
2025-10-14 20:00:00,25.0,85,22.3,0.0,0,1014.4,0
2025-10-14 21:00:00,25.8,87,23.4,0.0,2,1014.8,60
2025-10-14 22:00:00,25.6,87,23.3,0.0,0,1014.9,16
2025-10-14 23:00:00,25.2,90,23.4,0.0,0,1014.6,12
2025-10-15 00:00:00,25.1,90,23.3,0.0,0,1014.4,13
2025-10-15 01:00:00,25.1,89,23.1,0.0,0,1014.2,5
2025-10-15 02:00:00,24.9,89,22.9,0.0,0,1013.8,14
2025-10-15 03:00:00,24.9,89,22.9,0.0,0,1013.7,15
2025-10-15 04:00:00,24.5,89,22.7,0.0,0,1013.8,16
2025-10-15 05:00:00,24.4,90,22.6,0.0,0,1013.7,9
2025-10-15 06:00:00,24.2,89,22.3,0.0,0,1014.1,9
2025-10-15 07:00:00,24.6,89,22.6,0.0,0,1014.5,14
2025-10-15 08:00:00,26.1,85,23.3,0.1,51,1015.0,20
2025-10-15 09:00:00,27.3,79,23.3,0.1,51,1014.9,26
2025-10-15 10:00:00,28.0,75,23.1,0.4,51,1014.7,38
2025-10-15 11:00:00,28.4,72,22.9,0.2,51,1014.5,27
2025-10-15 12:00:00,28.5,72,22.8,0.3,51,1014.0,34
2025-10-15 13:00:00,28.5,71,22.8,0.6,53,1013.5,40
2025-10-15 14:00:00,28.2,72,22.7,0.8,53,1013.3,46
2025-10-15 15:00:00,27.7,72,22.1,0.4,51,1013.2,23
2025-10-15 16:00:00,27.6,72,22.1,0.1,51,1013.2,22
2025-10-15 17:00:00,27.0,76,22.5,0.0,0,1013.3,4
2025-10-15 18:00:00,26.2,78,22.0,0.0,0,1013.7,16
2025-10-15 19:00:00,25.9,80,22.1,0.0,0,1014.1,14
2025-10-15 20:00:00,25.8,81,22.3,0.0,0,1014.5,10
2025-10-15 21:00:00,26.3,79,22.3,0.0,0,1014.8,5
2025-10-15 22:00:00,26.2,80,22.5,0.0,0,1014.7,13
2025-10-15 23:00:00,26.4,76,21.9,0.0,0,1014.5,13
2025-10-16 00:00:00,26.5,76,21.9,0.0,0,1014.5,12
2025-10-16 01:00:00,26.6,75,21.8,0.0,1,1014.4,34
2025-10-16 02:00:00,26.4,77,21.9,0.0,1,1014.4,29
2025-10-16 03:00:00,26.0,82,22.7,0.0,1,1013.9,25
2025-10-16 04:00:00,25.6,84,22.7,0.0,1,1013.6,27
2025-10-16 05:00:00,25.7,85,22.9,0.0,0,1013.7,17
2025-10-16 06:00:00,25.5,85,22.8,0.0,1,1014.1,27
2025-10-16 07:00:00,26.0,84,23.0,0.0,1,1014.6,23
2025-10-16 08:00:00,27.1,78,23.0,0.0,1,1015.0,23
2025-10-16 09:00:00,28.2,76,23.5,0.2,51,1015.0,19
2025-10-16 10:00:00,28.8,73,23.4,0.2,51,1015.0,26
2025-10-16 11:00:00,29.0,73,23.7,0.4,51,1015.1,29
2025-10-16 12:00:00,29.5,71,23.8,0.1,51,1014.7,88
2025-10-16 13:00:00,27.7,77,23.4,0.1,51,1014.4,88
2025-10-16 14:00:00,28.5,73,23.3,0.3,51,1013.7,32
2025-10-16 15:00:00,28.7,74,23.6,0.1,51,1013.7,32
2025-10-16 16:00:00,28.0,79,24.0,0.4,51,1013.6,49
2025-10-16 17:00:00,27.1,85,24.3,0.2,51,1013.9,29
2025-10-16 18:00:00,26.1,90,24.2,0.0,0,1014.2,10
2025-10-16 19:00:00,25.4,92,24.0,0.0,0,1014.3,16
2025-10-16 20:00:00,25.4,91,23.9,0.0,0,1014.8,0
2025-10-16 21:00:00,25.7,89,23.8,0.0,0,1015.3,6
2025-10-16 22:00:00,25.6,88,23.5,0.0,0,1015.3,5
2025-10-16 23:00:00,25.4,88,23.2,0.0,0,1015.5,0
2025-10-17 00:00:00,25.3,87,23.0,0.0,0,1015.3,0
2025-10-17 01:00:00,24.9,87,22.6,0.0,0,1015.4,0
2025-10-17 02:00:00,24.7,86,22.2,0.0,0,1015.3,0
2025-10-17 03:00:00,24.4,87,22.1,0.0,0,1015.2,5
2025-10-17 04:00:00,24.5,85,21.9,0.0,0,1015.0,7
2025-10-17 05:00:00,24.2,88,22.0,0.0,0,1015.1,6
2025-10-17 06:00:00,24.1,88,22.0,0.0,0,1015.5,5
2025-10-17 07:00:00,24.3,89,22.4,0.0,0,1015.6,0
2025-10-17 08:00:00,25.8,86,23.3,0.0,0,1015.8,0
2025-10-17 09:00:00,27.5,74,22.5,0.0,0,1015.8,1
2025-10-17 10:00:00,28.5,68,21.9,0.0,0,1015.8,7
2025-10-17 11:00:00,28.9,66,21.8,0.0,0,1015.5,7
2025-10-17 12:00:00,29.0,65,21.7,0.0,0,1015.1,4
2025-10-17 13:00:00,29.0,64,21.6,0.0,0,1014.3,5
2025-10-17 14:00:00,28.7,65,21.4,0.0,0,1013.7,10
2025-10-17 15:00:00,28.4,68,21.9,0.0,0,1013.6,12
2025-10-17 16:00:00,27.8,71,22.0,0.0,0,1013.6,13
2025-10-17 17:00:00,27.2,74,22.2,0.0,1,1013.7,23
2025-10-17 18:00:00,26.7,75,22.0,0.0,0,1014.1,13
2025-10-17 19:00:00,26.6,76,21.9,0.0,0,1014.5,16
2025-10-17 20:00:00,26.4,76,21.9,0.0,1,1015.0,26
2025-10-17 21:00:00,26.4,82,23.0,0.0,1,1015.0,27
2025-10-17 22:00:00,26.2,85,23.5,0.0,0,1015.0,13
2025-10-17 23:00:00,25.8,88,23.6,0.0,1,1015.0,47
2025-10-18 00:00:00,25.6,88,23.5,0.1,51,1014.7,48
2025-10-18 01:00:00,25.9,86,23.3,0.0,0,1014.3,17
2025-10-18 02:00:00,26.3,80,22.6,0.0,0,1013.9,13
2025-10-18 03:00:00,26.8,76,22.3,0.0,0,1013.7,11
2025-10-18 04:00:00,26.5,77,22.2,0.0,0,1013.3,6
2025-10-18 05:00:00,26.4,77,22.1,0.0,0,1013.3,8
2025-10-18 06:00:00,26.5,77,22.0,0.0,0,1013.6,7
2025-10-18 07:00:00,26.7,78,22.5,0.0,0,1013.6,9
2025-10-18 08:00:00,27.6,77,23.3,0.0,0,1014.2,11
2025-10-18 09:00:00,28.4,75,23.5,0.0,0,1014.4,16
2025-10-18 10:00:00,28.8,73,23.5,0.2,51,1014.5,38
2025-10-18 11:00:00,28.7,73,23.4,0.7,53,1014.3,49
2025-10-18 12:00:00,28.7,74,23.6,0.9,53,1013.9,60
2025-10-18 13:00:00,28.5,75,23.7,1.2,55,1013.5,48
2025-10-18 14:00:00,27.9,76,23.3,0.9,53,1013.1,69
2025-10-18 15:00:00,27.0,84,24.1,1.0,55,1013.3,38
2025-10-18 16:00:00,26.7,84,23.7,0.1,51,1013.5,27
2025-10-18 17:00:00,26.6,83,23.4,0.0,1,1013.7,21
2025-10-18 18:00:00,25.8,90,24.0,0.0,0,1014.2,17
2025-10-18 19:00:00,25.6,91,24.0,0.0,1,1014.5,25
2025-10-18 20:00:00,25.6,90,23.9,0.0,0,1014.8,9
2025-10-18 21:00:00,25.6,90,23.8,0.0,1,1014.7,24
2025-10-18 22:00:00,25.6,92,24.2,0.0,0,1014.6,8
2025-10-18 23:00:00,25.5,94,24.5,0.0,0,1014.5,8
2025-10-19 00:00:00,25.4,95,24.5,0.0,0,1014.3,11
2025-10-19 01:00:00,25.3,92,24.0,0.0,1,1014.3,24
2025-10-19 02:00:00,25.5,90,23.8,0.0,0,1013.7,19
2025-10-19 03:00:00,25.7,88,23.6,0.0,0,1013.6,11
2025-10-19 04:00:00,25.7,88,23.5,0.0,0,1013.1,7
2025-10-19 05:00:00,25.5,89,23.6,0.0,0,1012.8,5
2025-10-19 06:00:00,25.2,89,23.3,0.0,1,1013.0,29
2025-10-19 07:00:00,25.6,88,23.5,0.0,1,1013.6,47
2025-10-19 08:00:00,26.6,85,23.8,0.0,1,1014.3,35
2025-10-19 09:00:00,28.2,74,23.2,0.3,51,1014.6,5
2025-10-19 10:00:00,29.0,71,23.3,0.0,0,1014.6,5
2025-10-19 11:00:00,29.4,70,23.3,0.0,0,1014.4,6
2025-10-19 12:00:00,29.3,70,23.2,0.0,0,1013.8,15
2025-10-19 13:00:00,29.3,70,23.3,0.0,1,1013.3,48
2025-10-19 14:00:00,28.9,70,22.8,1.3,61,1012.6,100
2025-10-19 15:00:00,28.7,71,22.9,0.9,53,1012.3,100
2025-10-19 16:00:00,28.5,72,22.9,0.0,3,1012.9,100
2025-10-19 17:00:00,27.8,76,23.2,0.0,3,1013.2,100
2025-10-19 18:00:00,27.1,77,22.7,0.0,3,1013.3,100
2025-10-19 19:00:00,26.8,79,22.8,0.0,3,1013.8,100
2025-10-19 20:00:00,26.6,80,22.9,0.0,3,1013.9,99
2025-10-19 21:00:00,27.0,81,23.4,0.0,3,1014.1,100
2025-10-19 22:00:00,26.3,87,24.0,0.0,3,1014.1,98
2025-10-19 23:00:00,26.0,89,24.1,0.0,3,1014.3,99
2025-10-20 00:00:00,24.9,93,23.7,0.4,51,1014.4,100
2025-10-20 01:00:00,24.0,95,23.2,1.4,61,1014.2,100
2025-10-20 02:00:00,24.5,95,23.7,0.1,51,1013.3,100
2025-10-20 03:00:00,24.7,95,23.8,0.0,3,1013.7,100
2025-10-20 04:00:00,24.7,95,23.9,0.0,3,1012.8,100
2025-10-20 05:00:00,24.8,94,23.8,0.0,3,1012.5,100
2025-10-20 06:00:00,24.8,93,23.7,0.0,3,1012.8,100
2025-10-20 07:00:00,25.0,93,23.8,0.0,3,1013.1,97
2025-10-20 08:00:00,25.9,92,24.4,0.0,3,1013.5,100
2025-10-20 09:00:00,27.3,81,23.7,0.0,3,1013.9,100
2025-10-20 10:00:00,27.5,80,23.7,0.0,3,1013.7,99
2025-10-20 11:00:00,28.5,76,23.9,0.1,51,1013.5,68
2025-10-20 12:00:00,26.5,84,23.6,3.7,63,1013.7,100
2025-10-20 13:00:00,24.0,96,23.3,2.8,63,1013.5,100
2025-10-20 14:00:00,25.1,92,23.7,0.4,51,1012.5,100
2025-10-20 15:00:00,24.8,94,23.8,0.4,51,1012.3,100
2025-10-20 16:00:00,25.4,93,24.1,0.1,51,1012.6,100
2025-10-20 17:00:00,25.0,95,24.1,0.5,53,1013.2,100
2025-10-20 18:00:00,24.1,98,23.7,1.2,55,1013.1,100
2025-10-20 19:00:00,24.2,98,23.8,1.4,61,1013.2,100
2025-10-20 20:00:00,23.7,98,23.3,0.7,53,1013.4,100
2025-10-20 21:00:00,24.9,93,23.7,0.2,51,1013.8,100
2025-10-20 22:00:00,24.3,97,23.8,2.9,63,1014.0,100
2025-10-20 23:00:00,24.2,97,23.8,1.3,61,1014.0,100
2025-10-21 00:00:00,24.2,95,23.3,0.2,51,1013.9,100
2025-10-21 01:00:00,24.3,94,23.3,0.0,3,1013.8,100
2025-10-21 02:00:00,24.4,94,23.3,0.0,3,1013.1,100
2025-10-21 03:00:00,24.8,92,23.4,0.0,3,1012.6,100
2025-10-21 04:00:00,24.4,94,23.4,0.1,51,1012.6,100
2025-10-21 05:00:00,23.6,94,22.5,0.1,51,1012.5,92
2025-10-21 06:00:00,23.8,94,22.8,0.0,3,1012.9,100
2025-10-21 07:00:00,23.0,96,22.4,0.3,51,1013.9,100
2025-10-21 08:00:00,23.6,94,22.5,0.2,51,1013.5,100
2025-10-21 09:00:00,26.4,86,23.9,0.1,51,1013.7,100
2025-10-21 10:00:00,26.6,85,23.8,0.0,3,1013.7,100
2025-10-21 11:00:00,26.5,84,23.5,0.0,3,1013.6,100
2025-10-21 12:00:00,25.9,86,23.3,0.0,3,1013.1,100
2025-10-21 13:00:00,26.3,82,22.9,0.0,3,1012.0,100
2025-10-21 14:00:00,26.0,83,22.9,0.0,3,1011.6,100
2025-10-21 15:00:00,24.5,90,22.8,0.0,3,1012.1,100
2025-10-21 16:00:00,24.0,98,23.7,1.3,61,1011.8,100
2025-10-21 17:00:00,24.2,94,23.1,0.3,51,1011.9,100
2025-10-21 18:00:00,23.9,94,22.8,0.0,3,1011.7,100
2025-10-21 19:00:00,23.8,95,22.9,0.0,3,1012.0,100
2025-10-21 20:00:00,24.1,95,23.2,0.0,3,1012.2,100
2025-10-21 21:00:00,24.6,94,23.5,0.0,3,1012.7,100
2025-10-21 22:00:00,24.4,93,23.2,0.2,51,1013.2,100
2025-10-21 23:00:00,23.3,96,22.6,0.0,3,1013.2,100
2025-10-22 00:00:00,23.6,95,22.7,0.0,3,1012.8,88
2025-10-22 01:00:00,24.1,94,23.1,0.0,3,1012.3,100
2025-10-22 02:00:00,24.1,95,23.2,0.0,3,1012.0,100
2025-10-22 03:00:00,24.5,92,23.1,0.0,3,1012.0,100
2025-10-22 04:00:00,24.4,92,23.0,0.0,3,1011.7,100
2025-10-22 05:00:00,23.7,95,22.9,0.0,3,1012.0,100
2025-10-22 06:00:00,22.9,96,22.3,0.0,3,1012.2,100
2025-10-22 07:00:00,22.9,95,22.0,0.0,3,1012.8,100
2025-10-22 08:00:00,24.0,89,22.0,0.0,3,1012.7,100
2025-10-22 09:00:00,23.9,94,22.9,0.0,3,1013.7,100
2025-10-22 10:00:00,23.0,96,22.4,0.7,53,1014.1,100
2025-10-22 11:00:00,25.6,90,23.8,0.1,51,1013.5,100
2025-10-22 12:00:00,25.9,91,24.2,0.0,3,1013.0,100
2025-10-22 13:00:00,26.3,87,24.0,0.0,3,1012.3,99
2025-10-22 14:00:00,26.9,74,21.8,0.4,51,1011.4,100
2025-10-22 15:00:00,22.8,96,22.1,0.5,53,1012.3,100
2025-10-22 16:00:00,23.2,95,22.3,0.2,51,1012.1,100
2025-10-22 17:00:00,23.6,94,22.6,0.0,3,1012.2,100
2025-10-22 18:00:00,23.4,93,22.2,0.0,3,1012.3,100
2025-10-22 19:00:00,23.2,94,22.3,0.0,3,1012.5,100
2025-10-22 20:00:00,24.1,92,22.8,0.0,3,1012.6,100
2025-10-22 21:00:00,25.1,89,23.3,0.3,51,1012.9,100
2025-10-22 22:00:00,24.5,90,22.7,0.0,3,1013.0,100
2025-10-22 23:00:00,23.4,92,22.1,0.1,51,1012.8,100
2025-10-23 00:00:00,23.4,91,21.9,0.0,3,1012.4,100
2025-10-23 01:00:00,23.3,92,22.0,0.0,3,1012.3,100
2025-10-23 02:00:00,23.6,91,22.1,0.0,3,1011.9,100
2025-10-23 03:00:00,22.4,91,20.9,0.0,3,1012.4,100
2025-10-23 04:00:00,22.3,95,21.4,1.2,55,1011.4,70
2025-10-23 05:00:00,22.4,90,20.7,0.1,51,1010.9,91
2025-10-23 06:00:00,22.6,86,20.1,0.0,3,1011.6,99
2025-10-23 07:00:00,23.2,83,20.2,0.0,3,1012.2,98
2025-10-23 08:00:00,24.4,88,22.4,0.0,3,1012.8,96
2025-10-23 09:00:00,25.8,89,23.9,0.0,3,1012.9,100
2025-10-23 10:00:00,26.0,88,23.9,0.5,53,1013.1,71
2025-10-23 11:00:00,26.9,79,22.9,1.0,55,1013.0,90
2025-10-23 12:00:00,27.8,74,22.7,0.1,51,1012.3,100
2025-10-23 13:00:00,27.7,71,22.0,0.1,51,1011.6,100
2025-10-23 14:00:00,27.0,73,21.7,0.0,3,1011.5,100
2025-10-23 15:00:00,23.8,94,22.8,0.0,3,1011.8,94
2025-10-23 16:00:00,24.9,92,23.6,0.2,51,1011.5,100
2025-10-23 17:00:00,24.3,94,23.2,0.0,3,1011.7,89
2025-10-23 18:00:00,23.8,95,22.9,0.0,3,1012.1,100
2025-10-23 19:00:00,23.9,93,22.7,0.0,3,1012.5,98
2025-10-23 20:00:00,23.9,94,22.9,0.0,3,1013.1,100
2025-10-23 21:00:00,23.6,90,21.8,0.0,3,1014.1,96
2025-10-23 22:00:00,23.3,89,21.4,0.1,51,1013.5,100
2025-10-23 23:00:00,23.1,91,21.5,0.0,3,1013.2,100
2025-10-24 00:00:00,22.7,92,21.4,0.0,3,1013.3,97
2025-10-24 01:00:00,23.2,91,21.7,0.0,1,1013.1,48
2025-10-24 02:00:00,23.0,92,21.6,0.0,3,1012.9,87
2025-10-24 03:00:00,23.9,92,22.5,0.0,1,1011.8,45
2025-10-24 04:00:00,23.8,93,22.6,0.0,3,1011.7,99
2025-10-24 05:00:00,23.9,92,22.5,0.0,3,1011.7,100
2025-10-24 06:00:00,24.1,91,22.5,0.0,3,1012.0,100
2025-10-24 07:00:00,24.2,91,22.7,0.0,3,1012.2,95
2025-10-24 08:00:00,25.4,87,23.0,0.0,1,1012.1,30
2025-10-24 09:00:00,23.2,96,22.5,0.0,3,1013.4,100
2025-10-24 10:00:00,23.9,94,23.0,4.6,63,1013.4,100
2025-10-24 11:00:00,23.5,99,23.2,1.0,55,1012.8,100
2025-10-24 12:00:00,25.4,90,23.7,0.4,51,1012.0,98
2025-10-24 13:00:00,26.1,86,23.6,0.2,51,1011.2,100
2025-10-24 14:00:00,25.9,85,23.1,0.0,3,1010.7,100
2025-10-24 15:00:00,26.4,80,22.7,0.3,51,1010.5,100
2025-10-24 16:00:00,25.3,88,23.1,0.0,3,1010.4,85
2025-10-24 17:00:00,24.3,91,22.7,0.3,51,1010.9,90
2025-10-24 18:00:00,23.8,90,22.1,0.3,51,1011.3,90
2025-10-24 19:00:00,23.1,92,21.8,0.2,51,1011.6,99
2025-10-24 20:00:00,23.4,92,22.1,0.1,51,1011.7,90
2025-10-24 21:00:00,22.8,95,22.0,0.0,3,1012.9,100
2025-10-24 22:00:00,22.8,96,22.2,1.9,61,1012.7,100
2025-10-24 23:00:00,22.8,96,22.1,0.7,53,1012.5,98
2025-10-25 00:00:00,22.9,96,22.3,0.6,53,1012.1,92
2025-10-25 01:00:00,23.8,90,22.1,0.1,51,1010.8,60
2025-10-25 02:00:00,23.9,91,22.3,0.1,51,1010.7,85
2025-10-25 03:00:00,23.9,91,22.3,0.1,51,1010.7,83
2025-10-25 04:00:00,23.8,90,22.0,0.1,51,1010.3,82
2025-10-25 05:00:00,23.3,92,21.9,0.1,51,1010.0,80
2025-10-25 06:00:00,23.0,93,21.7,0.1,51,1010.3,99
2025-10-25 07:00:00,23.4,92,22.1,0.1,51,1010.4,91
2025-10-25 08:00:00,24.0,92,22.6,0.1,51,1010.8,54
2025-10-25 09:00:00,25.8,88,23.6,0.0,2,1011.6,64
2025-10-25 10:00:00,26.5,84,23.5,0.0,2,1011.1,57
2025-10-25 11:00:00,26.8,83,23.6,0.1,51,1011.7,93
2025-10-25 12:00:00,25.2,91,23.5,3.6,63,1011.1,88
2025-10-25 13:00:00,26.5,84,23.5,0.2,51,1010.6,66
2025-10-25 14:00:00,26.6,83,23.5,0.2,51,1009.9,74
2025-10-25 15:00:00,26.6,75,21.9,0.6,53,1009.8,70
2025-10-25 16:00:00,25.2,86,22.7,0.4,51,1009.9,18
2025-10-25 17:00:00,25.1,87,22.7,0.0,0,1009.9,17
2025-10-25 18:00:00,24.3,89,22.3,0.0,0,1010.0,9
2025-10-25 19:00:00,24.2,88,22.1,0.0,1,1010.2,21
2025-10-25 20:00:00,24.1,88,22.0,0.0,0,1010.6,9
2025-10-25 21:00:00,24.5,87,22.2,0.0,0,1010.8,14
2025-10-25 22:00:00,24.3,88,22.2,0.0,1,1010.9,36
2025-10-25 23:00:00,24.5,86,22.1,0.0,2,1010.9,51
2025-10-26 00:00:00,24.1,89,22.3,0.0,1,1010.8,27
2025-10-26 01:00:00,24.1,89,22.1,0.0,1,1010.8,41
2025-10-26 02:00:00,23.8,87,21.5,0.0,1,1010.6,28
2025-10-26 03:00:00,23.6,88,21.5,0.0,1,1010.2,27
2025-10-26 04:00:00,23.9,87,21.6,0.0,1,1009.9,26
2025-10-26 05:00:00,24.0,87,21.7,0.0,0,1010.0,15
2025-10-26 06:00:00,24.0,87,21.7,0.0,0,1010.2,16
2025-10-26 07:00:00,23.9,89,21.9,0.0,1,1011.0,20
2025-10-26 08:00:00,24.7,87,22.4,0.0,0,1011.5,13
2025-10-26 09:00:00,25.3,81,21.8,0.0,2,1011.7,63
2025-10-26 10:00:00,25.7,78,21.5,0.0,1,1011.8,35
2025-10-26 11:00:00,25.9,71,20.4,0.0,3,1011.8,91
2025-10-26 12:00:00,25.7,70,19.9,0.0,1,1011.2,25
2025-10-26 13:00:00,26.0,66,19.1,0.0,0,1010.6,3
2025-10-26 14:00:00,25.7,65,18.7,0.0,0,1010.3,0
2025-10-26 15:00:00,25.3,66,18.4,0.0,0,1010.5,9
2025-10-26 16:00:00,24.9,67,18.2,0.0,0,1011.3,11
2025-10-26 17:00:00,24.3,69,18.3,0.0,0,1011.9,10
2025-10-26 18:00:00,24.0,67,17.6,0.0,0,1012.0,15
2025-10-26 19:00:00,24.0,65,16.9,0.0,0,1012.2,13
2025-10-26 20:00:00,24.0,64,16.8,0.0,2,1012.6,77
2025-10-26 21:00:00,24.1,62,16.3,0.0,2,1013.6,52
2025-10-26 22:00:00,24.0,62,16.2,0.0,0,1013.6,2
2025-10-26 23:00:00,24.3,57,15.2,0.0,0,1013.3,17
2025-10-27 00:00:00,22.9,78,18.9,0.1,51,1013.7,26
2025-10-27 01:00:00,22.4,81,18.9,0.0,0,1014.0,19
2025-10-27 02:00:00,21.9,83,19.0,0.1,51,1013.9,16
2025-10-27 03:00:00,22.2,78,18.2,0.1,51,1013.9,56
2025-10-27 04:00:00,22.9,70,17.1,0.0,2,1013.5,70
2025-10-27 05:00:00,23.3,66,16.5,0.0,3,1013.8,91
2025-10-27 06:00:00,23.4,63,15.9,0.0,2,1014.1,57
2025-10-27 07:00:00,22.6,69,16.6,0.0,0,1014.6,10
2025-10-27 08:00:00,23.4,68,17.1,0.0,1,1015.1,42
2025-10-27 09:00:00,23.3,68,17.0,0.0,1,1015.8,24
2025-10-27 10:00:00,24.2,63,16.8,0.0,2,1016.2,50
2025-10-27 11:00:00,24.7,61,16.7,0.0,2,1015.7,79
2025-10-27 12:00:00,24.6,58,15.9,0.0,3,1015.3,100
2025-10-27 13:00:00,24.1,63,16.5,0.0,3,1015.1,93
2025-10-27 14:00:00,23.9,64,16.8,0.0,1,1014.7,21
2025-10-27 15:00:00,23.9,60,15.7,0.0,2,1015.0,52
2025-10-27 16:00:00,23.5,60,15.4,0.0,1,1015.3,39
2025-10-27 17:00:00,22.8,63,15.5,0.0,1,1015.6,42
2025-10-27 18:00:00,22.3,63,14.9,0.0,1,1016.1,35
2025-10-27 19:00:00,22.3,62,14.6,0.0,1,1016.3,33
2025-10-27 20:00:00,22.0,63,14.8,0.0,0,1016.8,7
2025-10-27 21:00:00,22.1,62,14.5,0.0,1,1017.0,33
2025-10-27 22:00:00,21.8,64,14.8,0.0,1,1016.9,23
2025-10-27 23:00:00,21.7,66,15.0,0.0,1,1016.9,38
2025-10-28 00:00:00,21.5,66,15.0,0.0,1,1016.8,41
2025-10-28 01:00:00,21.4,67,15.1,0.0,2,1016.7,66
2025-10-28 02:00:00,21.4,67,15.0,0.0,3,1016.4,95
2025-10-28 03:00:00,21.2,70,15.6,0.0,2,1016.4,79
2025-10-28 04:00:00,20.7,73,15.6,0.0,2,1016.5,76
2025-10-28 05:00:00,20.3,75,15.8,0.0,2,1016.6,66
2025-10-28 06:00:00,20.2,74,15.5,0.0,2,1017.2,63
2025-10-28 07:00:00,20.0,76,15.6,0.0,3,1018.2,100
2025-10-28 08:00:00,20.8,73,15.9,0.0,3,1018.8,100
2025-10-28 09:00:00,21.6,68,15.4,0.0,3,1018.7,100
2025-10-28 10:00:00,22.2,60,13.9,0.0,3,1018.9,100
2025-10-28 11:00:00,22.3,59,13.8,0.0,3,1018.5,99
2025-10-28 12:00:00,22.3,58,13.7,0.0,3,1018.1,98
2025-10-28 13:00:00,22.0,60,14.0,0.0,3,1017.8,95
2025-10-28 14:00:00,22.5,56,13.3,0.0,3,1017.2,100
2025-10-28 15:00:00,21.5,62,13.9,0.0,3,1017.3,99
2025-10-28 16:00:00,22.3,59,13.8,0.0,3,1017.2,100
2025-10-28 17:00:00,21.9,59,13.5,0.0,3,1017.8,100
2025-10-28 18:00:00,21.8,58,13.3,0.0,3,1017.9,100
2025-10-28 19:00:00,21.5,61,13.6,0.0,3,1018.0,100
2025-10-28 20:00:00,21.7,60,13.5,0.0,3,1018.0,100
2025-10-28 21:00:00,20.8,71,15.3,0.0,3,1018.9,100
2025-10-28 22:00:00,20.7,73,15.7,0.2,51,1018.8,98
2025-10-28 23:00:00,20.9,72,15.6,0.0,3,1018.9,100
2025-10-29 00:00:00,21.4,69,15.5,0.0,3,1018.7,100
2025-10-29 01:00:00,21.5,73,16.5,0.8,53,1017.9,100
2025-10-29 02:00:00,21.0,82,17.8,0.0,3,1017.9,100
2025-10-29 03:00:00,20.8,84,18.1,0.3,51,1017.5,100
2025-10-29 04:00:00,20.5,87,18.4,0.5,53,1016.7,100
2025-10-29 05:00:00,20.4,88,18.4,0.4,51,1016.7,100
2025-10-29 06:00:00,20.6,87,18.3,0.1,51,1017.2,100
2025-10-29 07:00:00,21.0,84,18.2,0.0,3,1017.4,100
2025-10-29 08:00:00,21.6,81,18.2,0.0,3,1017.6,100
2025-10-29 09:00:00,22.1,79,18.2,0.0,3,1018.3,100
2025-10-29 10:00:00,22.1,76,17.6,0.0,2,1018.2,68
2025-10-29 11:00:00,24.4,62,16.7,0.0,2,1017.8,67
2025-10-29 12:00:00,25.0,58,16.2,0.0,3,1017.2,84
2025-10-29 13:00:00,24.0,65,17.0,0.0,0,1016.7,7
2025-10-29 14:00:00,24.8,61,16.8,0.0,1,1016.2,45
2025-10-29 15:00:00,24.7,63,17.2,0.0,0,1016.5,15
2025-10-29 16:00:00,24.1,66,17.3,0.0,0,1016.3,6
2025-10-29 17:00:00,23.3,68,17.2,0.0,0,1016.1,9
2025-10-29 18:00:00,23.0,68,16.7,0.0,1,1015.8,38
2025-10-29 19:00:00,22.9,68,16.8,0.0,3,1017.4,91
2025-10-29 20:00:00,22.8,69,16.9,0.0,3,1016.4,82
2025-10-29 21:00:00,22.9,71,17.4,0.0,0,1017.4,14
2025-10-29 22:00:00,22.9,71,17.3,0.0,0,1017.8,9
2025-10-29 23:00:00,22.9,69,16.9,0.0,1,1017.9,32
2025-10-30 00:00:00,22.9,68,16.7,0.0,0,1017.6,10
2025-10-30 01:00:00,22.7,69,16.8,0.0,1,1017.6,23
2025-10-30 02:00:00,22.6,71,17.1,0.0,0,1017.6,6
2025-10-30 03:00:00,23.0,67,16.6,0.0,0,1017.0,10
2025-10-30 04:00:00,22.7,70,17.0,0.0,2,1016.5,59
2025-10-30 05:00:00,22.7,68,16.5,0.0,3,1016.7,95
2025-10-30 06:00:00,22.7,68,16.5,0.0,3,1017.4,99
2025-10-30 07:00:00,22.7,68,16.6,0.0,3,1017.9,100
2025-10-30 08:00:00,22.8,69,16.9,0.0,3,1018.1,100
2025-10-30 09:00:00,23.6,65,16.7,0.0,3,1018.5,100
2025-10-30 10:00:00,24.3,60,16.0,0.0,3,1018.6,100
2025-10-30 11:00:00,24.9,56,15.5,0.0,3,1018.1,99
2025-10-30 12:00:00,24.7,58,15.8,0.0,3,1017.5,98
2025-10-30 13:00:00,25.2,55,15.6,0.0,3,1016.5,100
2025-10-30 14:00:00,24.5,58,15.6,0.0,3,1015.5,100
2025-10-30 15:00:00,24.9,57,15.8,0.0,3,1015.5,100
2025-10-30 16:00:00,24.4,61,16.3,0.0,3,1015.2,100
2025-10-30 17:00:00,23.9,61,15.9,0.0,3,1014.9,98
2025-10-30 18:00:00,24.1,55,14.5,0.0,3,1014.9,95
2025-10-30 19:00:00,24.2,55,14.6,0.0,3,1014.9,91
2025-10-30 20:00:00,24.4,57,15.2,0.0,3,1014.9,100
2025-10-30 21:00:00,25.0,56,15.5,0.0,3,1014.8,99
2025-10-30 22:00:00,24.7,60,16.3,0.0,3,1013.8,100
2025-10-30 23:00:00,25.1,56,15.8,0.0,3,1013.5,100
2025-10-31 00:00:00,25.4,56,16.1,0.0,3,1013.2,98
2025-10-31 01:00:00,24.0,68,17.8,2.1,61,1012.9,98
2025-10-31 02:00:00,21.9,93,20.6,1.5,61,1012.1,100
2025-10-31 03:00:00,24.1,72,18.8,0.2,51,1011.1,93
2025-10-31 04:00:00,23.7,78,19.5,1.3,61,1010.6,98
2025-10-31 05:00:00,23.0,86,20.5,1.4,61,1010.5,99
2025-10-31 06:00:00,23.2,85,20.4,0.0,3,1010.4,100
2025-10-31 07:00:00,23.2,84,20.4,0.3,51,1010.4,100
2025-10-31 08:00:00,23.2,87,20.8,0.7,53,1010.4,100
2025-10-31 09:00:00,24.4,81,20.8,0.3,51,1010.6,100
2025-10-31 10:00:00,22.7,94,21.7,2.6,63,1010.4,100
2025-10-31 11:00:00,22.6,98,22.2,2.6,63,1010.4,100
2025-10-31 12:00:00,21.7,98,21.4,6.1,63,1009.9,100
2025-10-31 13:00:00,21.6,98,21.3,13.8,65,1009.0,100
2025-10-31 14:00:00,21.5,98,21.1,9.4,65,1008.4,100
2025-10-31 15:00:00,21.7,94,20.6,2.2,61,1008.3,100
2025-10-31 16:00:00,21.4,98,21.0,2.0,61,1007.7,100
2025-10-31 17:00:00,21.5,96,20.8,0.0,3,1008.0,100
2025-10-31 18:00:00,21.4,94,20.4,0.0,1,1008.0,24
2025-10-31 19:00:00,21.0,95,20.1,0.1,51,1009.4,100
2025-10-31 20:00:00,20.9,91,19.5,0.2,51,1010.2,27
2025-10-31 21:00:00,21.3,83,18.3,0.0,1,1010.5,47
2025-10-31 22:00:00,21.3,82,18.1,0.0,3,1010.4,81
2025-10-31 23:00:00,21.1,82,18.0,0.0,0,1010.5,16
2025-11-01 00:00:00,21.1,82,17.9,0.0,3,1010.9,90
2025-11-01 01:00:00,21.1,82,18.0,0.0,2,1011.1,59
2025-11-01 02:00:00,20.9,82,17.7,0.0,2,1011.3,61
2025-11-01 03:00:00,21.3,74,16.5,0.0,3,1010.8,85
2025-11-01 04:00:00,21.4,74,16.5,0.0,3,1010.7,90
2025-11-01 05:00:00,21.1,76,16.8,0.0,3,1011.1,100
2025-11-01 06:00:00,21.7,69,15.9,0.0,3,1011.7,100
2025-11-01 07:00:00,22.0,67,15.6,0.0,1,1012.3,41
2025-11-01 08:00:00,22.4,66,15.7,0.0,2,1012.9,60
2025-11-01 09:00:00,23.4,60,15.2,0.0,1,1014.0,44
2025-11-01 10:00:00,23.9,55,14.3,0.0,0,1014.1,12
2025-11-01 11:00:00,24.3,55,14.6,0.0,2,1014.0,77
2025-11-01 12:00:00,24.4,53,14.2,0.0,2,1013.0,53
2025-11-01 13:00:00,23.7,55,14.1,0.0,3,1012.7,98
2025-11-01 14:00:00,23.3,58,14.6,0.0,3,1012.8,99
2025-11-01 15:00:00,23.4,55,13.7,0.0,3,1012.7,99
2025-11-01 16:00:00,22.7,58,14.0,0.0,3,1012.9,100
2025-11-01 17:00:00,21.9,58,13.2,0.0,3,1013.3,100
2025-11-01 18:00:00,21.7,52,11.5,0.0,3,1013.6,100
2025-11-01 19:00:00,21.5,53,11.4,0.0,3,1014.3,97
2025-11-01 20:00:00,21.2,54,11.5,0.0,3,1014.9,86
2025-11-01 21:00:00,21.2,52,10.9,0.0,3,1015.3,100
2025-11-01 22:00:00,20.8,52,10.6,0.0,3,1015.5,95
2025-11-01 23:00:00,20.4,55,11.0,0.0,3,1015.7,98
2025-11-02 00:00:00,20.2,57,11.4,0.0,3,1015.8,100
2025-11-02 01:00:00,20.0,60,12.0,0.0,3,1015.8,98
2025-11-02 02:00:00,19.8,61,12.1,0.0,3,1015.9,100
2025-11-02 03:00:00,21.0,57,12.1,0.0,3,1016.0,100
2025-11-02 04:00:00,20.6,58,12.1,0.0,3,1016.0,100
2025-11-02 05:00:00,20.7,58,12.2,0.0,3,1015.8,100
2025-11-02 06:00:00,21.3,54,11.7,0.0,3,1016.1,100
2025-11-02 07:00:00,21.2,56,12.0,0.0,3,1016.8,100
2025-11-02 08:00:00,21.2,62,13.6,0.0,3,1017.1,100
2025-11-02 09:00:00,22.2,62,14.7,0.0,3,1017.5,98
2025-11-02 10:00:00,23.1,52,12.7,0.0,3,1017.6,100
2025-11-02 11:00:00,23.0,51,12.4,0.0,3,1017.1,97
2025-11-02 12:00:00,24.0,47,11.9,0.0,3,1016.6,100
2025-11-02 13:00:00,23.6,49,12.3,0.0,3,1016.5,100
2025-11-02 14:00:00,23.6,48,12.0,0.0,2,1016.1,55
2025-11-02 15:00:00,23.0,51,12.3,0.0,3,1016.2,98
2025-11-02 16:00:00,22.2,56,13.0,0.0,3,1016.3,87
2025-11-02 17:00:00,21.5,59,13.1,0.0,3,1016.7,100
2025-11-02 18:00:00,21.0,53,11.1,0.0,3,1016.9,83
2025-11-02 19:00:00,20.8,53,10.7,0.0,3,1017.3,84
2025-11-02 20:00:00,20.7,54,11.0,0.0,1,1017.9,21
2025-11-02 21:00:00,19.7,60,11.8,0.0,3,1018.4,83
2025-11-02 22:00:00,19.7,63,12.4,0.0,3,1018.6,99
2025-11-02 23:00:00,19.2,66,12.8,0.0,1,1018.6,25
2025-11-03 00:00:00,19.1,65,12.5,0.0,3,1018.6,80
2025-11-03 01:00:00,19.6,66,13.0,0.0,2,1018.2,62
2025-11-03 02:00:00,20.1,64,13.0,0.0,1,1018.0,38
2025-11-03 03:00:00,20.5,60,12.5,0.0,1,1018.1,23
2025-11-03 04:00:00,21.2,55,11.9,0.0,0,1017.9,14
2025-11-03 05:00:00,20.2,61,12.6,0.0,0,1018.3,14
2025-11-03 06:00:00,20.0,63,12.8,0.0,1,1018.8,24
2025-11-03 07:00:00,20.4,60,12.4,0.0,0,1018.9,4
2025-11-03 08:00:00,20.9,62,13.4,0.0,0,1019.0,2
2025-11-03 09:00:00,21.6,63,14.2,0.0,1,1020.1,31
2025-11-03 10:00:00,22.2,60,14.0,0.0,2,1020.3,67
2025-11-03 11:00:00,22.5,56,13.4,0.0,2,1020.2,50
2025-11-03 12:00:00,22.9,49,11.6,0.0,3,1019.4,93
2025-11-03 13:00:00,22.6,54,12.7,0.0,3,1018.1,100
2025-11-03 14:00:00,21.5,62,14.0,0.0,3,1018.3,95
2025-11-03 15:00:00,21.5,61,13.6,0.0,2,1018.3,72
2025-11-03 16:00:00,21.0,61,13.1,0.0,3,1018.6,100
2025-11-03 17:00:00,20.3,62,12.8,0.0,3,1019.0,99
2025-11-03 18:00:00,20.1,61,12.4,0.0,3,1019.1,97
2025-11-03 19:00:00,19.9,61,12.2,0.0,3,1019.5,100
2025-11-03 20:00:00,20.2,57,11.5,0.0,3,1019.5,100
2025-11-03 21:00:00,20.3,62,12.9,0.1,51,1020.2,99
2025-11-03 22:00:00,20.0,67,13.7,0.0,3,1020.1,100
2025-11-03 23:00:00,20.7,59,12.3,0.0,3,1019.7,100
2025-11-04 00:00:00,20.7,60,12.5,0.0,3,1018.9,100
2025-11-04 01:00:00,20.9,63,13.6,0.0,3,1018.3,100
2025-11-04 02:00:00,21.5,63,14.0,0.0,3,1018.1,100
2025-11-04 03:00:00,22.1,61,14.3,0.0,3,1018.1,100
2025-11-04 04:00:00,21.7,65,14.7,0.0,3,1017.8,100
2025-11-04 05:00:00,21.4,67,15.1,0.0,3,1017.8,100
2025-11-04 06:00:00,21.2,68,15.0,0.0,3,1018.2,100
2025-11-04 07:00:00,21.5,66,14.9,0.1,51,1018.2,100
2025-11-04 08:00:00,22.1,63,14.9,0.0,3,1018.2,100
2025-11-04 09:00:00,22.1,71,16.6,0.0,3,1019.2,91
2025-11-04 10:00:00,23.5,62,15.8,0.0,3,1018.8,95
2025-11-04 11:00:00,24.4,51,13.5,0.0,3,1018.3,100
2025-11-04 12:00:00,24.0,55,14.3,0.0,3,1017.6,100
2025-11-04 13:00:00,24.6,51,13.8,0.0,3,1016.2,98
2025-11-04 14:00:00,23.3,65,16.2,0.0,3,1016.2,100
2025-11-04 15:00:00,23.4,62,15.7,0.0,3,1016.2,100
2025-11-04 16:00:00,23.2,62,15.5,0.0,3,1015.9,100
2025-11-04 17:00:00,23.4,58,14.6,0.0,3,1015.9,100
2025-11-04 18:00:00,22.3,68,16.2,0.0,3,1016.2,100
2025-11-04 19:00:00,21.6,75,17.0,0.7,53,1015.9,100
2025-11-04 20:00:00,19.7,94,18.7,2.7,63,1016.4,100
2025-11-04 21:00:00,19.5,94,18.6,1.5,61,1016.4,100
2025-11-04 22:00:00,19.3,96,18.6,2.5,63,1016.5,100
2025-11-04 23:00:00,19.0,96,18.3,4.7,63,1016.7,100
2025-11-05 00:00:00,18.9,97,18.3,5.9,63,1015.7,100
2025-11-05 01:00:00,18.8,98,18.5,5.7,63,1015.1,100
2025-11-05 02:00:00,19.1,98,18.7,5.3,63,1014.4,100
2025-11-05 03:00:00,19.2,94,18.1,2.3,61,1014.1,100
2025-11-05 04:00:00,18.7,96,18.1,4.5,63,1014.2,100
2025-11-05 05:00:00,18.1,96,17.5,6.3,63,1014.0,100
2025-11-05 06:00:00,17.9,96,17.3,6.2,63,1013.1,100
2025-11-05 07:00:00,18.3,96,17.7,3.8,63,1012.5,100
2025-11-05 08:00:00,19.1,97,18.6,7.1,63,1012.8,97
2025-11-05 09:00:00,20.4,93,19.3,4.8,63,1013.3,100
2025-11-05 10:00:00,20.1,95,19.3,1.0,55,1013.4,100
2025-11-05 11:00:00,20.2,96,19.5,3.8,63,1013.2,100
2025-11-05 12:00:00,20.2,97,19.7,4.3,63,1012.8,100
2025-11-05 13:00:00,20.1,97,19.5,1.8,61,1012.2,100
2025-11-05 14:00:00,21.1,91,19.6,0.9,53,1011.5,100
2025-11-05 15:00:00,20.7,94,19.7,0.1,51,1011.2,100
2025-11-05 16:00:00,21.1,94,20.0,0.4,51,1011.0,100
2025-11-05 17:00:00,20.5,97,20.0,1.2,55,1011.1,100
2025-11-05 18:00:00,21.0,95,20.2,0.5,53,1011.3,100
2025-11-05 19:00:00,21.3,95,20.4,1.1,55,1011.5,99
2025-11-05 20:00:00,21.3,93,20.1,0.1,51,1011.9,37
2025-11-05 21:00:00,21.2,93,20.0,0.1,51,1012.2,55
2025-11-05 22:00:00,21.2,90,19.5,0.3,51,1011.8,50
2025-11-05 23:00:00,20.6,93,19.3,0.5,53,1012.5,83
2025-11-06 00:00:00,19.7,96,19.0,1.6,61,1012.9,95
2025-11-06 01:00:00,19.6,96,19.0,0.6,53,1012.7,72
2025-11-06 02:00:00,19.4,96,18.8,0.4,51,1012.7,83
2025-11-06 03:00:00,20.1,91,18.7,0.2,51,1012.3,48
2025-11-06 04:00:00,19.9,92,18.6,0.0,3,1012.8,100
2025-11-06 05:00:00,20.4,89,18.5,0.0,3,1013.0,100
2025-11-06 06:00:00,20.1,91,18.6,0.0,1,1013.2,48
2025-11-06 07:00:00,20.3,91,18.9,0.0,0,1013.3,12
2025-11-06 08:00:00,21.4,91,19.8,0.0,0,1014.0,17
2025-11-06 09:00:00,22.8,85,20.2,0.0,0,1014.3,17
2025-11-06 10:00:00,23.6,76,19.2,0.1,51,1014.7,14
2025-11-06 11:00:00,24.9,67,18.2,0.0,0,1014.3,4
2025-11-06 12:00:00,25.5,63,18.0,0.0,0,1013.8,16
2025-11-06 13:00:00,25.1,60,16.8,0.0,0,1013.1,13
2025-11-06 14:00:00,25.0,60,16.8,0.0,3,1012.8,85
2025-11-06 15:00:00,24.8,62,17.2,0.0,1,1012.6,35
2025-11-06 16:00:00,23.9,66,17.3,0.0,3,1012.9,100
2025-11-06 17:00:00,22.8,69,16.9,0.0,3,1013.0,95
2025-11-06 18:00:00,22.1,72,16.8,0.0,2,1013.4,56
2025-11-06 19:00:00,22.0,73,17.0,0.0,1,1014.0,43
2025-11-06 20:00:00,22.0,74,17.1,0.0,3,1014.6,100
2025-11-06 21:00:00,21.8,76,17.3,0.0,2,1014.9,50
2025-11-06 22:00:00,21.6,78,17.6,0.0,1,1014.9,24
2025-11-06 23:00:00,21.6,80,18.0,0.0,3,1014.9,93
2025-11-07 00:00:00,21.9,80,18.2,0.0,3,1014.5,96
2025-11-07 01:00:00,22.1,80,18.4,0.0,3,1014.6,91
2025-11-07 02:00:00,21.9,81,18.5,0.0,3,1014.9,99
2025-11-07 03:00:00,22.1,78,18.1,0.2,51,1014.9,100
2025-11-07 04:00:00,21.7,82,18.4,0.1,51,1014.8,80
2025-11-07 05:00:00,21.9,80,18.3,0.0,0,1014.5,10
2025-11-07 06:00:00,21.4,82,18.2,0.0,1,1015.6,26
2025-11-07 07:00:00,21.3,81,18.0,0.0,3,1016.2,90
2025-11-07 08:00:00,22.1,80,18.4,0.0,2,1016.7,56
2025-11-07 09:00:00,21.1,92,19.8,0.0,3,1017.3,100
2025-11-07 10:00:00,21.4,93,20.3,0.6,53,1017.7,100
2025-11-07 11:00:00,21.1,96,20.5,1.1,55,1017.1,100
2025-11-07 12:00:00,21.4,92,20.0,0.3,51,1016.2,100
2025-11-07 13:00:00,23.1,81,19.8,0.0,3,1015.9,100
2025-11-07 14:00:00,23.2,74,18.3,0.0,3,1015.6,100
2025-11-07 15:00:00,23.9,67,17.5,0.0,3,1015.5,99
2025-11-07 16:00:00,23.7,67,17.3,0.0,1,1015.3,21
2025-11-07 17:00:00,23.2,67,16.9,0.0,1,1015.5,28
2025-11-07 18:00:00,22.9,66,16.3,0.0,3,1016.0,92
2025-11-07 19:00:00,23.3,60,15.2,0.0,3,1016.2,100
2025-11-07 20:00:00,23.2,60,15.1,0.0,3,1016.5,99
2025-11-07 21:00:00,22.6,70,16.9,0.0,0,1016.3,15
2025-11-07 22:00:00,22.6,67,16.2,0.0,0,1016.9,14
2025-11-07 23:00:00,22.5,68,16.2,0.0,0,1017.0,11
2025-11-08 00:00:00,22.3,68,16.2,0.0,0,1016.6,1
2025-11-08 01:00:00,22.5,65,15.6,0.0,0,1016.4,5
2025-11-08 02:00:00,22.4,67,15.9,0.0,0,1016.3,16
2025-11-08 03:00:00,22.4,68,16.2,0.0,0,1016.1,3
2025-11-08 04:00:00,22.1,68,16.0,0.0,0,1015.9,9
2025-11-08 05:00:00,22.4,69,16.5,0.0,0,1015.8,0
2025-11-08 06:00:00,22.4,68,16.2,0.0,0,1016.2,4
2025-11-08 07:00:00,22.4,68,16.1,0.0,0,1016.9,19
2025-11-08 08:00:00,22.9,65,16.0,0.0,0,1017.4,0
2025-11-08 09:00:00,24.3,63,16.8,0.0,0,1017.3,19
2025-11-08 10:00:00,24.8,59,16.1,0.0,1,1017.5,23
2025-11-08 11:00:00,25.2,56,15.9,0.0,1,1017.1,30
2025-11-08 12:00:00,25.8,54,15.9,0.0,1,1016.1,24
2025-11-08 13:00:00,26.4,52,15.7,0.0,1,1015.4,22
2025-11-08 14:00:00,25.9,58,17.0,0.0,3,1014.7,98
2025-11-08 15:00:00,24.8,65,17.9,0.0,2,1014.8,77
2025-11-08 16:00:00,25.0,62,17.3,0.0,1,1014.7,29
2025-11-08 17:00:00,24.4,62,16.7,0.0,2,1014.7,75
2025-11-08 18:00:00,24.0,65,17.0,0.0,3,1015.0,81
2025-11-08 19:00:00,24.3,65,17.2,0.0,3,1015.3,80
2025-11-08 20:00:00,24.7,61,16.8,0.0,2,1015.3,72
2025-11-08 21:00:00,24.0,74,19.0,0.0,2,1015.8,66
2025-11-08 22:00:00,23.8,75,19.0,0.0,1,1015.4,40
2025-11-08 23:00:00,24.0,75,19.3,0.0,1,1015.0,48
2025-11-09 00:00:00,23.8,78,19.7,0.0,1,1015.1,45
2025-11-09 01:00:00,23.5,80,19.9,0.1,51,1014.6,55
2025-11-09 02:00:00,23.1,84,20.3,0.1,51,1014.4,48
2025-11-09 03:00:00,22.7,88,20.7,0.0,1,1014.0,34
2025-11-09 04:00:00,22.3,91,20.8,0.1,51,1013.6,27
2025-11-09 05:00:00,22.3,91,20.7,0.0,1,1013.0,27
2025-11-09 06:00:00,22.5,90,20.7,0.0,1,1013.0,30
2025-11-09 07:00:00,22.7,89,20.8,0.0,1,1013.3,46
2025-11-09 08:00:00,23.9,87,21.6,0.0,3,1013.4,100
2025-11-09 09:00:00,24.7,86,22.2,0.1,51,1014.0,32
2025-11-09 10:00:00,25.4,82,22.2,0.0,3,1013.5,91
2025-11-09 11:00:00,25.4,81,21.9,0.1,51,1013.3,94
2025-11-09 12:00:00,25.6,82,22.2,0.1,51,1012.5,55
2025-11-09 13:00:00,26.1,80,22.3,0.0,1,1011.8,36
2025-11-09 14:00:00,26.1,80,22.3,0.0,1,1011.3,26
2025-11-09 15:00:00,25.7,80,22.0,0.1,51,1010.8,16
2025-11-09 16:00:00,25.6,79,21.6,0.0,1,1011.2,34
2025-11-09 17:00:00,25.0,78,20.9,0.0,1,1011.2,29
2025-11-09 18:00:00,23.8,85,21.2,0.0,1,1011.3,25
2025-11-09 19:00:00,23.4,87,21.1,0.0,2,1011.9,69
2025-11-09 20:00:00,23.1,89,21.3,0.0,0,1012.0,3
2025-11-09 21:00:00,23.3,87,21.1,0.0,0,1011.8,2
2025-11-09 22:00:00,23.2,87,21.0,0.0,0,1011.9,9
2025-11-09 23:00:00,23.1,89,21.1,0.0,0,1011.6,2
2025-11-10 00:00:00,22.8,90,21.0,0.0,2,1011.8,64
2025-11-10 01:00:00,22.8,88,20.8,0.0,0,1011.6,2
2025-11-10 02:00:00,22.6,89,20.7,0.0,1,1011.4,20
2025-11-10 03:00:00,22.9,87,20.7,0.0,0,1011.2,13
2025-11-10 04:00:00,22.7,86,20.3,0.0,1,1010.9,21
2025-11-10 05:00:00,22.6,81,19.2,0.0,1,1010.7,46
2025-11-10 06:00:00,22.8,78,18.8,0.0,3,1011.8,100
2025-11-10 07:00:00,22.7,75,18.1,0.0,3,1012.4,100
2025-11-10 08:00:00,22.9,71,17.5,0.0,2,1012.7,68
2025-11-10 09:00:00,22.9,67,16.5,0.0,2,1013.5,76
2025-11-10 10:00:00,23.6,60,15.4,0.0,3,1013.2,95
2025-11-10 11:00:00,23.9,57,15.0,0.0,3,1012.5,93
2025-11-10 12:00:00,24.0,59,15.4,0.0,0,1011.8,16
2025-11-10 13:00:00,23.6,61,15.5,0.0,3,1011.2,93
2025-11-10 14:00:00,23.1,64,15.8,0.0,3,1011.1,100
2025-11-10 15:00:00,22.5,65,15.7,0.0,3,1011.2,100
2025-11-10 16:00:00,22.0,67,15.5,0.0,3,1011.0,100
2025-11-10 17:00:00,21.6,67,15.3,0.0,3,1011.4,100
2025-11-10 18:00:00,21.5,65,14.7,0.0,3,1011.8,100
2025-11-10 19:00:00,21.3,66,14.6,0.0,3,1012.3,100
2025-11-10 20:00:00,21.1,68,14.9,0.0,3,1012.3,100
2025-11-10 21:00:00,21.3,65,14.5,0.0,3,1012.7,100
2025-11-10 22:00:00,21.0,67,14.6,0.1,51,1012.6,100
2025-11-10 23:00:00,20.7,68,14.6,0.0,3,1012.8,100
2025-11-11 00:00:00,20.8,71,15.3,0.1,51,1012.6,100
2025-11-11 01:00:00,20.5,74,15.7,0.0,3,1012.1,100
2025-11-11 02:00:00,20.5,76,16.1,0.0,3,1011.5,100
2025-11-11 03:00:00,19.7,87,17.6,0.4,51,1011.8,100
2025-11-11 04:00:00,19.8,87,17.5,0.0,3,1011.4,100
2025-11-11 05:00:00,19.8,86,17.3,0.1,51,1011.6,100
2025-11-11 06:00:00,20.2,86,17.7,0.7,53,1011.9,100
2025-11-11 07:00:00,19.7,95,18.8,1.4,61,1012.3,100
2025-11-11 08:00:00,20.5,97,20.0,1.9,61,1012.4,100
2025-11-11 09:00:00,21.5,94,20.4,1.3,61,1012.8,100
2025-11-11 10:00:00,21.3,98,20.9,1.6,61,1013.5,100
2025-11-11 11:00:00,21.4,98,21.0,1.6,61,1013.2,100
2025-11-11 12:00:00,21.2,97,20.7,0.9,53,1012.5,100
2025-11-11 13:00:00,21.0,97,20.5,1.3,61,1011.7,100
2025-11-11 14:00:00,20.9,97,20.4,1.6,61,1011.0,100
2025-11-11 15:00:00,20.7,94,19.7,1.9,61,1010.7,100
2025-11-11 16:00:00,19.8,97,19.2,1.4,61,1011.6,100
2025-11-11 17:00:00,19.4,97,18.9,1.8,61,1012.3,100
2025-11-11 18:00:00,18.5,96,17.8,3.8,63,1012.7,100
2025-11-11 19:00:00,17.9,95,17.2,4.2,63,1012.3,100
2025-11-11 20:00:00,18.8,95,18.0,4.0,63,1011.8,100
2025-11-11 21:00:00,19.6,92,18.2,3.1,63,1012.0,100
2025-11-11 22:00:00,19.9,96,19.2,3.5,63,1012.8,100
2025-11-11 23:00:00,20.3,97,19.8,5.6,63,1013.0,100
2025-11-12 00:00:00,20.5,97,19.9,7.3,63,1012.1,100
2025-11-12 01:00:00,20.3,97,19.8,5.4,63,1012.4,100
2025-11-12 02:00:00,20.3,97,19.8,5.0,63,1011.1,100
2025-11-12 03:00:00,20.4,95,19.6,3.8,63,1011.7,100
2025-11-12 04:00:00,20.7,97,20.2,2.9,63,1011.4,100
2025-11-12 05:00:00,20.0,97,19.5,4.1,63,1011.4,100
2025-11-12 06:00:00,19.8,97,19.3,6.3,63,1012.5,100
2025-11-12 07:00:00,19.6,97,19.1,8.6,65,1012.3,100
2025-11-12 08:00:00,19.9,96,19.2,8.3,65,1012.0,100
2025-11-12 09:00:00,21.3,91,19.9,12.8,65,1013.8,100
2025-11-12 10:00:00,21.3,97,20.8,5.3,63,1012.7,100
2025-11-12 11:00:00,21.8,97,21.3,1.4,61,1012.8,100
2025-11-12 12:00:00,22.7,89,20.8,0.3,51,1012.0,100
2025-11-12 13:00:00,23.6,85,20.8,0.0,3,1010.8,81
2025-11-12 14:00:00,24.1,75,19.4,0.0,3,1009.9,82
2025-11-12 15:00:00,22.4,93,21.2,0.0,3,1010.6,100
2025-11-12 16:00:00,21.0,96,20.4,2.2,61,1010.2,100
2025-11-12 17:00:00,21.6,90,19.9,0.6,53,1009.7,100
2025-11-12 18:00:00,21.0,90,19.3,0.6,53,1010.1,100
2025-11-12 19:00:00,21.2,88,19.1,0.6,53,1010.7,100
2025-11-12 20:00:00,21.0,95,20.2,2.0,61,1010.4,100
2025-11-12 21:00:00,21.6,95,20.7,9.4,65,1011.3,98
2025-11-12 22:00:00,21.3,98,20.9,4.0,63,1011.1,100
2025-11-12 23:00:00,21.4,98,21.1,3.2,63,1010.5,100
2025-11-13 00:00:00,21.3,98,20.9,7.1,63,1009.3,100
2025-11-13 01:00:00,21.5,98,21.2,10.9,65,1008.9,100
2025-11-13 02:00:00,21.1,99,20.9,5.9,63,1007.1,100
2025-11-13 03:00:00,21.3,93,20.1,10.3,65,1008.1,100
2025-11-13 04:00:00,20.8,97,20.2,21.0,65,1005.9,100
2025-11-13 05:00:00,20.6,97,20.1,6.6,63,1005.9,100
2025-11-13 06:00:00,21.0,94,20.0,1.3,61,1006.1,97
2025-11-13 07:00:00,21.4,93,20.2,0.1,51,1006.7,98
2025-11-13 08:00:00,21.6,93,20.5,0.4,51,1007.4,100
2025-11-13 09:00:00,22.3,94,21.3,2.3,61,1008.0,86
2025-11-13 10:00:00,22.0,97,21.5,4.5,63,1008.5,100
2025-11-13 11:00:00,21.5,98,21.1,5.6,63,1008.2,100
2025-11-13 12:00:00,21.9,94,21.0,0.9,53,1007.6,100
2025-11-13 13:00:00,21.5,92,20.1,0.3,51,1006.8,100
2025-11-13 14:00:00,21.1,89,19.3,0.2,51,1006.2,99
2025-11-13 15:00:00,20.2,94,19.2,0.2,51,1007.7,100
2025-11-13 16:00:00,20.2,90,18.4,0.1,51,1006.6,100
2025-11-13 17:00:00,20.2,89,18.4,0.1,51,1006.9,100
2025-11-13 18:00:00,20.1,90,18.5,1.5,61,1007.8,100
2025-11-13 19:00:00,19.8,90,18.2,0.7,53,1008.8,100
2025-11-13 20:00:00,19.7,91,18.2,0.2,51,1008.1,100
2025-11-13 21:00:00,20.2,93,19.1,2.0,61,1009.1,100
2025-11-13 22:00:00,20.0,96,19.3,4.6,63,1009.0,100
2025-11-13 23:00:00,20.0,96,19.3,2.7,63,1008.5,100
2025-11-14 00:00:00,19.9,97,19.4,2.0,61,1008.6,100
2025-11-14 01:00:00,20.2,93,19.0,1.1,55,1008.6,100
2025-11-14 02:00:00,20.0,93,18.8,0.2,51,1008.7,100
2025-11-14 03:00:00,19.8,96,19.2,0.6,53,1008.9,95
2025-11-14 04:00:00,19.6,95,18.7,0.3,51,1008.9,92
2025-11-14 05:00:00,20.0,94,18.9,0.2,51,1008.7,91
2025-11-14 06:00:00,20.2,93,19.1,0.2,51,1009.6,70
2025-11-14 07:00:00,20.3,94,19.3,0.2,51,1010.7,84
2025-11-14 08:00:00,20.2,92,18.9,0.1,51,1011.6,59
2025-11-14 09:00:00,21.3,94,20.2,0.1,51,1012.7,13
2025-11-14 10:00:00,22.0,88,19.9,0.1,51,1013.2,55
2025-11-14 11:00:00,22.6,84,19.8,0.1,51,1013.3,40
2025-11-14 12:00:00,23.5,77,19.1,0.1,51,1013.0,13
2025-11-14 13:00:00,24.0,72,18.7,0.1,51,1012.8,16
2025-11-14 14:00:00,23.8,72,18.4,0.0,0,1012.6,5
2025-11-14 15:00:00,23.5,70,17.8,0.0,0,1012.4,9
2025-11-14 16:00:00,22.9,71,17.3,0.0,0,1012.7,2
2025-11-14 17:00:00,21.9,72,16.6,0.0,0,1013.5,2
2025-11-14 18:00:00,21.5,68,15.2,0.0,0,1014.0,8
2025-11-14 19:00:00,21.3,68,15.1,0.0,0,1014.7,9
2025-11-14 20:00:00,21.0,70,15.4,0.0,0,1015.0,6
2025-11-14 21:00:00,21.4,72,16.2,0.0,1,1015.7,23
2025-11-14 22:00:00,20.9,75,16.2,0.0,1,1016.2,26
2025-11-14 23:00:00,20.6,75,16.0,0.0,0,1016.2,14
2025-11-15 00:00:00,20.3,77,16.2,0.0,1,1016.3,26
2025-11-15 01:00:00,20.1,78,16.1,0.0,0,1016.7,15
2025-11-15 02:00:00,19.7,79,15.9,0.0,0,1016.7,10
2025-11-15 03:00:00,19.3,78,15.5,0.0,0,1016.7,4
2025-11-15 04:00:00,19.1,77,15.0,0.0,0,1016.8,2
2025-11-15 05:00:00,19.1,76,14.8,0.0,0,1017.0,0
2025-11-15 06:00:00,19.0,77,14.9,0.0,0,1017.8,0
2025-11-15 07:00:00,19.0,79,15.2,0.0,0,1018.5,0
2025-11-15 08:00:00,20.1,78,16.0,0.0,0,1018.9,2
2025-11-15 09:00:00,21.7,71,16.2,0.0,0,1019.3,1
2025-11-15 10:00:00,22.8,67,16.3,0.0,0,1019.4,9
2025-11-15 11:00:00,23.8,63,16.2,0.0,1,1019.3,42
2025-11-15 12:00:00,24.2,60,15.9,0.0,2,1018.6,60
2025-11-15 13:00:00,23.7,64,16.5,0.0,2,1018.3,70
2025-11-15 14:00:00,23.6,65,16.5,0.0,1,1018.0,23
2025-11-15 15:00:00,23.6,62,15.9,0.0,1,1018.1,25
2025-11-15 16:00:00,23.0,66,16.2,0.0,1,1018.5,38
2025-11-15 17:00:00,22.2,68,16.0,0.0,3,1018.9,96
2025-11-15 18:00:00,22.0,66,15.4,0.0,3,1019.4,99
2025-11-15 19:00:00,21.9,67,15.5,0.0,3,1019.9,96
2025-11-15 20:00:00,22.2,66,15.6,0.0,3,1020.2,84
2025-11-15 21:00:00,22.6,66,16.0,0.0,2,1020.6,67
2025-11-15 22:00:00,21.9,71,16.5,0.0,2,1020.8,56
2025-11-15 23:00:00,22.0,71,16.6,0.0,1,1020.8,23
2025-11-16 00:00:00,21.6,73,16.5,0.0,1,1020.4,24
2025-11-16 01:00:00,21.6,73,16.5,0.0,0,1020.2,9
2025-11-16 02:00:00,21.4,72,16.2,0.0,0,1020.0,5
2025-11-16 03:00:00,21.5,72,16.3,0.0,0,1019.9,16
2025-11-16 04:00:00,21.0,75,16.5,0.0,0,1019.8,6
2025-11-16 05:00:00,20.9,76,16.5,0.0,0,1019.7,4
2025-11-16 06:00:00,20.8,77,16.6,0.0,0,1020.4,1
2025-11-16 07:00:00,20.6,79,16.9,0.0,0,1020.8,1
2025-11-16 08:00:00,21.7,79,18.0,0.0,0,1021.2,2
2025-11-16 09:00:00,23.2,69,17.3,0.0,0,1021.3,2
2025-11-16 10:00:00,23.8,65,16.9,0.0,0,1021.4,0
2025-11-16 11:00:00,24.2,64,17.1,0.0,0,1021.2,2
2025-11-16 12:00:00,24.4,64,17.2,0.0,0,1020.5,5
2025-11-16 13:00:00,24.5,62,16.8,0.0,0,1019.9,1
2025-11-16 14:00:00,24.5,62,16.8,0.0,0,1019.4,2
2025-11-16 15:00:00,24.3,63,16.9,0.0,0,1019.3,5
2025-11-16 16:00:00,23.7,68,17.4,0.0,0,1019.2,1
2025-11-16 17:00:00,22.6,72,17.2,0.0,1,1019.5,35
2025-11-16 18:00:00,22.0,72,16.6,0.0,2,1019.9,77
2025-11-16 19:00:00,21.8,71,16.4,0.0,1,1020.4,21
2025-11-16 20:00:00,21.5,72,16.2,0.0,0,1020.4,13
2025-11-16 21:00:00,21.7,79,17.8,0.0,0,1020.8,10
2025-11-16 22:00:00,21.6,80,18.1,0.0,0,1020.9,7
2025-11-16 23:00:00,21.5,82,18.3,0.0,0,1020.7,9
2025-11-17 00:00:00,21.4,82,18.2,0.0,0,1020.2,7
2025-11-17 01:00:00,21.5,80,17.9,0.0,0,1019.9,16
2025-11-17 02:00:00,21.5,81,18.2,0.0,1,1019.8,20
2025-11-17 03:00:00,21.6,82,18.4,0.0,1,1019.4,23
2025-11-17 04:00:00,20.8,87,18.5,0.0,1,1019.3,20
2025-11-17 05:00:00,21.2,85,18.6,0.1,51,1019.0,16
2025-11-17 06:00:00,21.5,81,18.1,0.0,1,1019.1,24
2025-11-17 07:00:00,21.7,79,17.8,0.0,1,1019.5,20
2025-11-17 08:00:00,22.4,78,18.5,0.0,0,1019.8,16
2025-11-17 09:00:00,23.9,72,18.4,0.0,1,1019.5,34
2025-11-17 10:00:00,24.3,69,18.3,0.0,0,1019.7,16
2025-11-17 11:00:00,24.8,67,18.4,0.0,1,1019.2,20
2025-11-17 12:00:00,24.9,67,18.4,0.0,1,1018.4,32
2025-11-17 13:00:00,24.6,68,18.2,0.2,51,1017.7,48
2025-11-17 14:00:00,24.3,69,18.2,0.2,51,1017.1,91
2025-11-17 15:00:00,24.0,71,18.5,0.0,3,1016.6,100
2025-11-17 16:00:00,23.0,77,18.8,0.0,3,1016.9,100
2025-11-17 17:00:00,21.7,86,19.2,0.4,51,1017.1,100
2025-11-17 18:00:00,21.5,89,19.6,0.3,51,1017.1,100
2025-11-17 19:00:00,21.4,87,19.2,0.2,51,1017.7,100
2025-11-17 20:00:00,21.3,89,19.4,0.5,53,1017.9,100
2025-11-17 21:00:00,21.2,88,19.1,0.1,51,1018.2,91
2025-11-17 22:00:00,20.5,88,18.5,0.0,3,1018.1,100
2025-11-17 23:00:00,19.3,90,17.5,0.1,51,1018.3,90
2025-11-18 00:00:00,19.7,89,17.8,0.1,51,1017.7,97
2025-11-18 01:00:00,19.7,85,17.1,0.0,3,1017.6,91
2025-11-18 02:00:00,19.0,85,16.4,0.1,51,1017.7,100
2025-11-18 03:00:00,19.8,77,15.6,0.0,1,1017.5,48
2025-11-18 04:00:00,20.0,72,14.8,0.0,1,1017.5,21
2025-11-18 05:00:00,20.0,70,14.3,0.0,3,1017.7,84
2025-11-18 06:00:00,20.2,66,13.6,0.0,2,1018.1,70
2025-11-18 07:00:00,19.6,67,13.4,0.0,2,1018.7,52
2025-11-18 08:00:00,19.2,74,14.5,0.0,3,1019.8,100
2025-11-18 09:00:00,18.7,74,14.1,0.0,3,1020.6,100
2025-11-18 10:00:00,18.8,76,14.4,0.2,51,1020.8,100
2025-11-18 11:00:00,19.3,68,13.3,0.0,3,1020.6,100
2025-11-18 12:00:00,18.5,74,13.7,0.0,3,1019.9,100
2025-11-18 13:00:00,18.4,75,13.9,0.4,51,1018.8,100
2025-11-18 14:00:00,18.0,78,14.0,0.5,53,1018.2,100
2025-11-18 15:00:00,18.1,75,13.5,0.0,3,1018.7,100
2025-11-18 16:00:00,17.9,73,13.0,0.0,3,1018.6,94
2025-11-18 17:00:00,17.9,66,11.5,0.0,3,1018.9,100
2025-11-18 18:00:00,18.2,60,10.3,0.0,3,1019.1,100
2025-11-18 19:00:00,18.1,58,9.8,0.0,3,1019.7,100
2025-11-18 20:00:00,17.9,59,9.8,0.0,3,1020.1,100
2025-11-18 21:00:00,18.3,64,11.3,0.0,3,1020.1,94
2025-11-18 22:00:00,18.2,62,10.7,0.0,2,1019.8,60
2025-11-18 23:00:00,17.5,66,11.1,0.0,2,1020.0,74
2025-11-19 00:00:00,17.6,63,10.6,0.0,1,1020.1,41
2025-11-19 01:00:00,17.6,63,10.4,0.0,2,1020.0,73
2025-11-19 02:00:00,16.9,70,11.3,0.0,2,1019.8,77
2025-11-19 03:00:00,17.5,66,11.1,0.0,3,1019.6,95
2025-11-19 04:00:00,17.0,72,11.9,0.1,51,1019.6,100
2025-11-19 05:00:00,15.9,79,12.2,0.2,51,1019.6,89
2025-11-19 06:00:00,16.0,85,13.5,0.6,53,1019.9,95
2025-11-19 07:00:00,15.6,87,13.4,0.3,51,1020.7,81
2025-11-19 08:00:00,16.4,86,14.0,0.2,51,1020.6,52
2025-11-19 09:00:00,17.3,82,14.1,0.1,51,1021.0,57
2025-11-19 10:00:00,17.4,76,13.1,0.2,51,1021.3,45
2025-11-19 11:00:00,18.0,74,13.3,0.3,51,1020.7,83
2025-11-19 12:00:00,18.7,71,13.2,0.2,51,1019.8,41
2025-11-19 13:00:00,19.0,68,12.8,0.1,51,1019.0,52
2025-11-19 14:00:00,18.7,69,12.8,0.1,51,1018.7,40
2025-11-19 15:00:00,19.1,65,12.3,0.0,2,1018.8,78
2025-11-19 16:00:00,18.6,65,12.0,0.0,3,1018.5,93
2025-11-19 17:00:00,18.1,66,11.7,0.0,3,1018.9,100
2025-11-19 18:00:00,18.1,64,11.3,0.0,3,1019.0,100
2025-11-19 19:00:00,17.8,66,11.4,0.0,3,1019.7,96
2025-11-19 20:00:00,17.7,67,11.5,0.0,3,1019.9,99
2025-11-19 21:00:00,18.5,57,9.9,0.0,3,1020.5,100
2025-11-19 22:00:00,18.2,60,10.2,0.0,2,1020.9,63
2025-11-19 23:00:00,17.1,69,11.3,0.0,1,1020.8,45
2025-11-20 00:00:00,16.4,73,11.6,0.0,1,1020.4,23
2025-11-20 01:00:00,16.4,73,11.7,0.1,51,1020.3,74
2025-11-20 02:00:00,16.3,76,12.0,0.1,51,1020.0,20
2025-11-20 03:00:00,16.9,69,11.1,0.0,0,1019.6,9
2025-11-20 04:00:00,16.6,70,11.0,0.0,3,1019.5,85
2025-11-20 05:00:00,16.6,70,11.2,0.0,3,1019.9,95
2025-11-20 06:00:00,16.3,73,11.5,0.0,2,1020.5,66
2025-11-20 07:00:00,16.0,75,11.6,0.0,1,1020.9,22
2025-11-20 08:00:00,16.6,76,12.5,0.0,2,1021.3,57
2025-11-20 09:00:00,18.6,71,13.2,0.0,2,1021.5,77
2025-11-20 10:00:00,19.4,66,13.0,0.0,3,1021.8,96
2025-11-20 11:00:00,19.8,65,13.1,0.0,3,1021.3,95
2025-11-20 12:00:00,20.5,61,12.8,0.0,2,1020.5,66
2025-11-20 13:00:00,20.3,61,12.5,0.1,51,1019.8,98
2025-11-20 14:00:00,20.1,63,12.7,0.2,51,1019.5,94
2025-11-20 15:00:00,20.0,63,12.6,0.0,1,1019.5,34
2025-11-20 16:00:00,19.4,65,12.7,0.0,0,1019.5,13
2025-11-20 17:00:00,18.3,71,12.8,0.0,3,1019.8,92
2025-11-20 18:00:00,17.8,71,12.4,0.0,2,1020.0,63
2025-11-20 19:00:00,17.8,70,12.2,0.0,3,1020.5,100
2025-11-20 20:00:00,18.2,68,12.1,0.0,3,1020.7,100
2025-11-20 21:00:00,18.5,69,12.7,0.0,3,1020.9,100
2025-11-20 22:00:00,18.0,71,12.7,0.0,3,1020.8,98
2025-11-20 23:00:00,18.0,71,12.6,0.0,3,1020.7,91
2025-11-21 00:00:00,18.0,70,12.4,0.0,2,1020.5,62
2025-11-21 01:00:00,17.7,72,12.5,0.0,3,1020.5,99
2025-11-21 02:00:00,17.5,73,12.7,0.0,3,1020.5,100
2025-11-21 03:00:00,17.6,74,12.8,0.0,3,1020.4,100
2025-11-21 04:00:00,17.4,75,12.9,0.0,3,1020.4,96
2025-11-21 05:00:00,17.6,73,12.8,0.0,3,1020.2,100
2025-11-21 06:00:00,17.5,74,12.8,0.0,3,1020.2,100
2025-11-21 07:00:00,17.5,75,13.0,0.0,3,1020.7,100
2025-11-21 08:00:00,18.0,75,13.5,0.0,3,1021.3,100
2025-11-21 09:00:00,19.5,70,14.0,0.0,3,1021.6,100
2025-11-21 10:00:00,20.5,63,13.2,0.0,2,1021.4,76
2025-11-21 11:00:00,21.2,59,12.9,0.0,3,1021.0,83
2025-11-21 12:00:00,21.4,58,12.7,0.0,3,1020.5,88
2025-11-21 13:00:00,21.3,57,12.5,0.0,3,1019.8,98
2025-11-21 14:00:00,20.8,59,12.4,0.0,3,1019.8,96
2025-11-21 15:00:00,20.8,58,12.2,0.0,3,1019.7,100
2025-11-21 16:00:00,20.1,62,12.5,0.0,3,1019.8,98
2025-11-21 17:00:00,19.3,64,12.4,0.0,3,1020.0,91
2025-11-21 18:00:00,18.9,62,11.5,0.0,3,1020.1,100
2025-11-21 19:00:00,18.9,61,11.3,0.0,3,1020.6,100
2025-11-21 20:00:00,18.8,62,11.3,0.0,1,1020.9,30
2025-11-21 21:00:00,19.1,62,11.6,0.0,2,1020.9,69
2025-11-21 22:00:00,18.8,62,11.4,0.0,1,1021.1,49
2025-11-21 23:00:00,18.2,57,9.5,0.0,2,1021.0,58
2025-11-22 00:00:00,16.8,64,9.9,0.0,2,1020.9,52
2025-11-22 01:00:00,17.0,60,9.1,0.0,1,1020.4,42
2025-11-22 02:00:00,18.7,58,10.3,0.0,1,1020.5,47
2025-11-22 03:00:00,17.6,64,10.7,0.0,2,1020.6,50
2025-11-22 04:00:00,18.3,64,11.3,0.0,1,1020.5,42
2025-11-22 05:00:00,18.2,65,11.6,0.0,0,1020.4,3
2025-11-22 06:00:00,17.9,67,11.6,0.0,0,1020.8,6
2025-11-22 07:00:00,17.7,68,11.7,0.0,0,1021.5,5
2025-11-22 08:00:00,17.9,72,12.8,0.0,0,1022.2,18
2025-11-22 09:00:00,19.4,63,12.2,0.0,1,1022.8,42
2025-11-22 10:00:00,19.9,57,11.1,0.0,1,1022.9,25
2025-11-22 11:00:00,20.6,53,10.8,0.0,0,1022.5,16
2025-11-22 12:00:00,21.3,50,10.3,0.0,1,1021.8,27
2025-11-22 13:00:00,21.9,48,10.3,0.0,2,1020.7,62
2025-11-22 14:00:00,21.4,48,10.1,0.0,0,1020.2,9
2025-11-22 15:00:00,20.4,53,10.5,0.0,1,1020.5,25
2025-11-22 16:00:00,20.0,56,11.0,0.0,0,1020.4,5
2025-11-22 17:00:00,18.9,60,11.0,0.0,0,1020.5,1
2025-11-22 18:00:00,18.0,62,10.5,0.0,0,1020.7,0
2025-11-22 19:00:00,17.7,62,10.3,0.0,0,1021.3,1
2025-11-22 20:00:00,17.8,62,10.4,0.0,0,1021.5,9
2025-11-22 21:00:00,17.5,66,11.2,0.0,0,1021.8,2
2025-11-22 22:00:00,17.3,73,12.4,0.0,0,1021.7,2
2025-11-22 23:00:00,16.8,74,12.1,0.0,0,1021.2,1
2025-11-23 00:00:00,16.7,73,11.8,0.0,0,1020.8,0
2025-11-23 01:00:00,16.5,73,11.7,0.0,0,1020.7,3
2025-11-23 02:00:00,16.3,74,11.7,0.0,0,1019.9,13
2025-11-23 03:00:00,16.2,68,10.2,0.0,0,1020.0,18
2025-11-23 04:00:00,16.3,65,9.6,0.0,0,1019.7,2
2025-11-23 05:00:00,16.3,64,9.5,0.0,0,1019.6,4
2025-11-23 06:00:00,16.7,63,9.6,0.0,0,1019.7,4
2025-11-23 07:00:00,16.9,63,9.8,0.0,0,1020.2,1
2025-11-23 08:00:00,18.3,66,11.8,0.0,0,1020.5,4
2025-11-23 09:00:00,19.7,71,14.4,0.0,1,1020.9,20
2025-11-23 10:00:00,20.4,66,13.8,0.1,51,1021.1,95
2025-11-23 11:00:00,20.8,66,14.2,0.2,51,1020.5,27
2025-11-23 12:00:00,20.9,66,14.4,0.2,51,1019.7,30
2025-11-23 13:00:00,20.9,68,14.8,0.3,51,1019.0,27
2025-11-23 14:00:00,21.1,66,14.5,0.2,51,1018.2,30
2025-11-23 15:00:00,20.4,71,14.9,0.1,51,1018.3,16
2025-11-23 16:00:00,20.1,72,14.9,0.1,51,1018.4,9
2025-11-23 17:00:00,19.0,80,15.4,0.0,0,1018.3,15
2025-11-23 18:00:00,18.4,80,15.0,0.0,1,1018.5,20
2025-11-23 19:00:00,18.3,76,14.1,0.0,1,1019.0,27
2025-11-23 20:00:00,18.4,71,13.1,0.0,0,1019.1,15
2025-11-23 21:00:00,17.7,82,14.6,0.0,1,1018.8,20
2025-11-23 22:00:00,18.0,82,14.9,0.0,1,1018.8,30
2025-11-23 23:00:00,17.8,83,14.9,0.0,0,1018.5,15
2025-11-24 00:00:00,17.7,83,14.8,0.0,0,1018.1,13
2025-11-24 01:00:00,17.8,79,14.2,0.0,0,1017.8,8
2025-11-24 02:00:00,17.8,77,13.6,0.0,0,1017.9,10
2025-11-24 03:00:00,17.9,75,13.5,0.0,0,1017.5,5
2025-11-24 04:00:00,18.1,72,12.9,0.0,0,1017.1,2
2025-11-24 05:00:00,18.3,71,12.8,0.0,0,1016.8,8
2025-11-24 06:00:00,18.3,72,13.3,0.0,0,1017.4,13
2025-11-24 07:00:00,18.3,74,13.6,0.0,1,1017.5,27
2025-11-24 08:00:00,19.3,76,15.0,0.0,1,1017.9,35
2025-11-24 09:00:00,21.2,72,16.0,0.0,0,1017.8,1
2025-11-24 10:00:00,22.2,62,14.6,0.0,1,1017.6,33
2025-11-24 11:00:00,22.7,58,14.0,0.0,1,1017.2,42
2025-11-24 12:00:00,23.2,56,14.0,0.0,1,1016.2,31
2025-11-24 13:00:00,23.3,54,13.5,0.0,2,1015.4,57
2025-11-24 14:00:00,23.2,54,13.3,0.0,3,1014.8,83
2025-11-24 15:00:00,23.0,55,13.4,0.0,1,1014.7,34
2025-11-24 16:00:00,22.1,65,15.2,0.0,0,1014.6,14
2025-11-24 17:00:00,20.4,75,15.8,0.0,1,1015.1,24
2025-11-24 18:00:00,19.6,72,14.4,0.0,1,1015.5,23
2025-11-24 19:00:00,19.3,71,14.0,0.0,1,1015.8,24
2025-11-24 20:00:00,18.9,73,14.1,0.0,1,1016.1,22
2025-11-24 21:00:00,18.4,86,16.0,0.0,1,1016.1,21
2025-11-24 22:00:00,19.4,80,16.0,0.0,0,1015.6,15
2025-11-24 23:00:00,18.6,82,15.4,0.0,1,1015.7,34
2025-11-25 00:00:00,18.3,82,15.2,0.0,0,1015.3,12
2025-11-25 01:00:00,17.8,83,14.9,0.0,1,1015.1,21
2025-11-25 02:00:00,17.9,83,15.0,0.0,1,1014.6,27
2025-11-25 03:00:00,19.1,77,14.9,0.0,0,1014.0,16
2025-11-25 04:00:00,19.6,77,15.4,0.0,0,1013.7,3
2025-11-25 05:00:00,19.2,78,15.2,0.0,1,1013.8,26
2025-11-25 06:00:00,19.9,74,15.0,0.0,0,1014.0,5
2025-11-25 07:00:00,19.7,72,14.5,0.0,0,1014.4,19
2025-11-25 08:00:00,20.5,69,14.6,0.0,2,1015.2,78
2025-11-25 09:00:00,21.1,68,14.9,0.0,1,1015.9,45
2025-11-25 10:00:00,21.5,58,12.9,0.0,3,1016.0,100
2025-11-25 11:00:00,21.3,55,12.0,0.0,1,1015.5,28
2025-11-25 12:00:00,22.4,46,10.3,0.0,1,1014.5,42
2025-11-25 13:00:00,21.1,58,12.5,0.0,3,1014.1,100
2025-11-25 14:00:00,20.8,56,11.7,0.0,3,1014.1,100
2025-11-25 15:00:00,20.9,51,10.5,0.0,3,1014.1,92
2025-11-25 16:00:00,20.1,53,10.2,0.0,2,1014.5,66
2025-11-25 17:00:00,19.8,51,9.3,0.0,3,1015.3,93
2025-11-25 18:00:00,19.4,54,9.8,0.0,0,1016.2,14
2025-11-25 19:00:00,18.8,56,9.8,0.0,0,1016.4,9
2025-11-25 20:00:00,18.2,59,10.0,0.0,0,1016.8,3
2025-11-25 21:00:00,18.3,59,10.1,0.0,2,1017.1,69
2025-11-25 22:00:00,18.1,62,10.7,0.0,2,1017.5,66
2025-11-25 23:00:00,17.8,63,10.6,0.0,2,1017.4,58
2025-11-26 00:00:00,17.5,62,10.0,0.0,1,1017.7,20
2025-11-26 01:00:00,17.1,58,8.8,0.0,0,1017.7,4
2025-11-26 02:00:00,17.1,55,8.0,0.0,3,1017.4,93
2025-11-26 03:00:00,17.6,52,7.6,0.0,1,1017.9,41
2025-11-26 04:00:00,17.7,53,7.9,0.0,1,1017.8,42
2025-11-26 05:00:00,17.3,56,8.4,0.0,0,1018.1,5
2025-11-26 06:00:00,17.2,54,7.9,0.0,3,1018.6,80
2025-11-26 07:00:00,17.7,52,7.8,0.0,3,1018.9,91
2025-11-26 08:00:00,17.5,65,10.8,0.0,2,1019.8,69
2025-11-26 09:00:00,18.6,60,10.6,0.0,2,1020.1,59
2025-11-26 10:00:00,19.3,54,9.7,0.0,2,1020.3,63
2025-11-26 11:00:00,19.8,51,9.4,0.0,3,1019.7,95
2025-11-26 12:00:00,19.5,55,10.1,0.0,3,1019.0,85
2025-11-26 13:00:00,19.5,58,11.0,0.0,2,1018.3,63
2025-11-26 14:00:00,18.9,63,11.7,0.0,2,1018.0,69
2025-11-26 15:00:00,18.8,63,11.5,0.0,2,1018.1,64
2025-11-26 16:00:00,18.4,62,11.1,0.0,1,1018.3,35
2025-11-26 17:00:00,17.6,64,10.6,0.0,1,1018.5,31
2025-11-26 18:00:00,17.2,61,9.6,0.0,0,1019.2,5
2025-11-26 19:00:00,16.5,64,9.6,0.0,0,1019.3,0
2025-11-26 20:00:00,15.3,67,9.3,0.0,0,1019.3,17
2025-11-26 21:00:00,16.5,67,10.4,0.0,0,1019.9,2
2025-11-26 22:00:00,16.2,67,10.0,0.0,0,1020.1,9
2025-11-26 23:00:00,16.0,64,9.3,0.0,1,1019.8,40
2025-11-27 00:00:00,16.3,63,9.3,0.0,2,1019.3,59
2025-11-27 01:00:00,16.2,68,10.2,0.0,0,1018.9,1
2025-11-27 02:00:00,16.2,69,10.5,0.0,0,1018.5,2
2025-11-27 03:00:00,15.8,68,10.0,0.0,1,1018.4,20
2025-11-27 04:00:00,15.6,65,9.1,0.0,1,1018.2,24
2025-11-27 05:00:00,15.6,61,8.1,0.0,1,1017.9,39
2025-11-27 06:00:00,16.0,61,8.4,0.0,0,1018.1,17
2025-11-27 07:00:00,16.1,62,8.7,0.0,1,1018.4,34
2025-11-27 08:00:00,17.1,67,10.9,0.0,0,1018.8,17
2025-11-27 09:00:00,19.2,64,12.2,0.0,0,1019.2,12
2025-11-27 10:00:00,20.1,57,11.3,0.0,2,1019.4,77
2025-11-27 11:00:00,20.5,54,11.0,0.0,3,1018.7,82
2025-11-27 12:00:00,20.9,53,11.0,0.0,3,1017.7,85
2025-11-27 13:00:00,20.3,52,10.0,0.0,1,1016.5,49
2025-11-27 14:00:00,20.4,51,9.8,0.0,3,1015.9,98
2025-11-27 15:00:00,20.1,50,9.4,0.0,3,1015.7,100
2025-11-27 16:00:00,19.3,57,10.6,0.0,3,1016.1,92
2025-11-27 17:00:00,18.6,62,11.1,0.0,3,1016.0,100
2025-11-27 18:00:00,18.9,57,10.1,0.0,3,1016.2,100
2025-11-27 19:00:00,19.1,54,9.5,0.0,3,1016.2,100
2025-11-27 20:00:00,18.2,61,10.7,0.0,3,1016.5,100
2025-11-27 21:00:00,18.8,62,11.3,0.0,3,1016.7,100
2025-11-27 22:00:00,19.2,58,10.6,0.0,3,1016.3,100
2025-11-27 23:00:00,19.0,58,10.5,0.0,3,1016.7,100
2025-11-28 00:00:00,18.8,58,10.3,0.0,3,1016.4,100
2025-11-28 01:00:00,18.8,53,9.1,0.0,3,1016.1,100
2025-11-28 02:00:00,18.3,57,9.7,0.0,3,1015.5,100
2025-11-28 03:00:00,19.2,42,5.9,0.0,3,1015.3,100
2025-11-28 04:00:00,17.9,62,10.6,0.0,3,1015.0,100
2025-11-28 05:00:00,17.7,61,10.1,0.0,3,1015.2,98
2025-11-28 06:00:00,17.6,59,9.5,0.0,3,1015.6,99
2025-11-28 07:00:00,17.3,60,9.6,0.0,3,1016.4,100
2025-11-28 08:00:00,17.3,62,10.0,0.0,3,1017.1,100
2025-11-28 09:00:00,17.7,59,9.7,0.0,3,1016.7,100
2025-11-28 10:00:00,18.2,61,10.4,0.0,3,1017.0,100
2025-11-28 11:00:00,18.2,60,10.3,0.0,3,1016.8,100
2025-11-28 12:00:00,17.8,63,10.6,0.0,3,1015.9,100
2025-11-28 13:00:00,17.9,63,10.7,0.0,3,1015.1,100
2025-11-28 14:00:00,18.5,60,10.6,0.0,3,1014.9,100
2025-11-28 15:00:00,18.5,61,10.7,0.0,3,1014.5,100
2025-11-28 16:00:00,18.2,61,10.6,0.0,2,1015.0,52
2025-11-28 17:00:00,17.5,64,10.6,0.0,0,1015.3,16
2025-11-28 18:00:00,16.5,66,10.0,0.0,0,1015.5,6
2025-11-28 19:00:00,17.0,61,9.4,0.0,2,1015.9,60
2025-11-28 20:00:00,16.9,66,10.4,0.0,2,1016.4,71
2025-11-28 21:00:00,16.0,64,9.2,0.0,1,1016.7,40
2025-11-28 22:00:00,16.0,63,8.9,0.0,1,1017.0,26
2025-11-28 23:00:00,16.4,62,9.0,0.0,1,1016.9,38
2025-11-29 00:00:00,16.6,61,9.1,0.0,1,1016.4,34
2025-11-29 01:00:00,16.4,62,9.2,0.0,2,1016.1,63
2025-11-29 02:00:00,16.6,64,9.7,0.0,3,1015.6,87
2025-11-29 03:00:00,16.3,69,10.6,0.0,1,1015.6,28
2025-11-29 04:00:00,15.5,73,10.6,0.0,1,1015.2,25
2025-11-29 05:00:00,15.7,73,10.9,0.0,1,1015.1,42
2025-11-29 06:00:00,16.6,72,11.5,0.0,1,1015.6,44
2025-11-29 07:00:00,16.3,74,11.7,0.0,1,1016.3,30
2025-11-29 08:00:00,17.0,76,12.8,0.0,0,1016.7,17
2025-11-29 09:00:00,18.9,68,13.0,0.0,1,1017.0,30
2025-11-29 10:00:00,19.7,63,12.4,0.0,1,1017.1,38
2025-11-29 11:00:00,20.4,59,12.2,0.0,2,1016.7,52
2025-11-29 12:00:00,20.9,56,11.8,0.0,2,1015.8,50
2025-11-29 13:00:00,20.6,56,11.5,0.0,3,1015.1,100
2025-11-29 14:00:00,20.3,59,11.9,0.0,3,1014.9,97
2025-11-29 15:00:00,20.4,56,11.4,0.0,3,1014.7,94
2025-11-29 16:00:00,19.6,64,12.6,0.0,3,1015.0,91
2025-11-29 17:00:00,18.3,72,13.1,0.0,2,1015.5,54
2025-11-29 18:00:00,17.7,69,11.9,0.0,1,1016.0,36
2025-11-29 19:00:00,17.6,68,11.7,0.0,1,1016.7,25
2025-11-29 20:00:00,17.6,70,12.1,0.0,0,1016.8,18
2025-11-29 21:00:00,17.0,74,12.3,0.0,0,1017.2,11
2025-11-29 22:00:00,17.0,73,12.2,0.0,0,1017.3,8
2025-11-29 23:00:00,17.0,74,12.3,0.0,0,1017.3,2
2025-11-30 00:00:00,16.8,75,12.3,0.0,0,1017.0,0
2025-11-30 01:00:00,16.7,76,12.4,0.0,0,1016.7,0
2025-11-30 02:00:00,16.7,76,12.4,0.0,0,1016.4,0
2025-11-30 03:00:00,15.6,77,11.6,0.0,0,1016.5,2
2025-11-30 04:00:00,16.2,75,11.7,0.0,0,1016.4,2
2025-11-30 05:00:00,16.2,73,11.4,0.0,0,1016.4,3
2025-11-30 06:00:00,16.3,73,11.5,0.0,0,1016.9,3
2025-11-30 07:00:00,16.4,74,11.7,0.0,0,1017.0,11
2025-11-30 08:00:00,17.1,76,12.9,0.0,0,1017.3,9
2025-11-30 09:00:00,19.0,71,13.7,0.0,0,1017.7,4
2025-11-30 10:00:00,20.4,61,12.6,0.0,0,1017.9,0
2025-11-30 11:00:00,21.0,58,12.4,0.0,0,1017.3,5
2025-11-30 12:00:00,21.2,58,12.6,0.0,0,1016.3,8
2025-11-30 13:00:00,21.3,58,12.7,0.0,0,1015.8,4
2025-11-30 14:00:00,21.1,59,12.8,0.0,0,1015.3,10
2025-11-30 15:00:00,20.6,60,12.7,0.0,0,1015.1,9
2025-11-30 16:00:00,20.0,64,12.9,0.0,0,1015.4,13
2025-11-30 17:00:00,18.8,71,13.5,0.0,1,1015.7,23
2025-11-30 18:00:00,18.5,70,13.0,0.0,1,1016.1,27
2025-11-30 19:00:00,17.8,75,13.2,0.0,0,1016.4,0
2025-11-30 20:00:00,17.0,79,13.3,0.0,0,1016.7,1
2025-11-30 21:00:00,17.2,82,14.0,0.0,0,1016.6,0
2025-11-30 22:00:00,17.4,81,14.2,0.0,0,1016.9,0
2025-11-30 23:00:00,15.7,86,13.4,0.0,0,1017.3,0
2025-12-01 00:00:00,16.0,85,13.5,0.0,0,1017.4,0
2025-12-01 01:00:00,17.2,82,14.2,0.0,0,1017.1,1
2025-12-01 02:00:00,17.2,83,14.2,0.0,0,1016.1,0
2025-12-01 03:00:00,16.0,86,13.7,0.0,0,1015.9,0
2025-12-01 04:00:00,17.1,83,14.1,0.0,3,1015.5,90
2025-12-01 05:00:00,17.1,83,14.3,0.0,1,1015.5,27
2025-12-01 06:00:00,17.1,80,13.5,0.0,3,1015.4,90
2025-12-01 07:00:00,17.3,75,12.8,0.0,3,1015.6,98
2025-12-01 08:00:00,18.4,76,14.1,0.0,3,1015.5,100
2025-12-01 09:00:00,20.8,79,17.1,0.0,3,1015.9,100
2025-12-01 10:00:00,21.8,69,15.8,0.0,3,1015.7,100
2025-12-01 11:00:00,22.3,64,15.3,0.0,3,1015.4,100
2025-12-01 12:00:00,22.4,62,14.8,0.0,3,1015.2,100
2025-12-01 13:00:00,21.5,72,16.2,0.1,51,1014.6,100
2025-12-01 14:00:00,21.0,77,16.8,0.5,53,1013.6,100
2025-12-01 15:00:00,20.8,79,17.0,0.0,3,1012.5,100
2025-12-01 16:00:00,20.4,82,17.3,0.2,51,1012.6,100
2025-12-01 17:00:00,19.9,86,17.6,0.5,53,1012.5,100
2025-12-01 18:00:00,19.4,90,17.7,0.9,53,1012.6,100
2025-12-01 19:00:00,18.8,93,17.7,1.7,61,1013.0,100
2025-12-01 20:00:00,18.3,95,17.4,4.5,63,1013.7,100
2025-12-01 21:00:00,18.9,91,17.4,0.8,53,1013.5,20
2025-12-01 22:00:00,19.1,91,17.6,0.0,1,1013.3,45
2025-12-01 23:00:00,19.4,89,17.5,0.0,0,1013.3,16
2025-12-02 00:00:00,19.4,88,17.4,0.0,1,1013.0,34
2025-12-02 01:00:00,19.5,89,17.6,0.0,1,1012.4,34
2025-12-02 02:00:00,19.4,89,17.6,0.0,2,1012.2,55
2025-12-02 03:00:00,19.3,93,18.2,0.0,1,1012.3,35
2025-12-02 04:00:00,19.0,94,17.9,0.0,1,1012.2,39
2025-12-02 05:00:00,19.2,92,17.9,0.0,2,1012.1,56
2025-12-02 06:00:00,19.1,92,17.8,0.4,51,1012.4,74
2025-12-02 07:00:00,18.8,97,18.3,0.2,51,1013.1,100
2025-12-02 08:00:00,19.5,95,18.7,0.2,51,1013.7,95
2025-12-02 09:00:00,20.5,93,19.3,0.1,51,1013.8,94
2025-12-02 10:00:00,21.0,92,19.7,0.0,0,1014.0,13
2025-12-02 11:00:00,21.5,89,19.5,0.0,1,1013.2,48
2025-12-02 12:00:00,21.8,82,18.6,0.9,53,1012.5,41
2025-12-02 13:00:00,22.0,85,19.3,0.1,51,1011.7,24
2025-12-02 14:00:00,22.6,82,19.4,0.0,0,1010.9,13
2025-12-02 15:00:00,22.0,84,19.1,0.0,1,1010.6,43
2025-12-02 16:00:00,22.1,81,18.6,0.1,51,1010.8,33
2025-12-02 17:00:00,21.4,81,18.1,0.0,3,1011.1,96
2025-12-02 18:00:00,21.6,70,15.9,0.0,3,1011.5,100
2025-12-02 19:00:00,20.3,78,16.4,0.0,1,1011.8,41
2025-12-02 20:00:00,19.3,85,16.8,0.0,3,1012.3,100
2025-12-02 21:00:00,20.5,77,16.4,0.0,3,1012.2,100
2025-12-02 22:00:00,20.0,78,16.0,0.2,51,1012.7,69
2025-12-02 23:00:00,19.4,81,16.0,0.0,2,1012.7,53
2025-12-03 00:00:00,19.2,81,15.9,0.0,2,1012.5,52
2025-12-03 01:00:00,18.5,81,15.1,0.0,2,1012.5,64
2025-12-03 02:00:00,18.2,81,14.9,0.2,51,1012.5,80
2025-12-03 03:00:00,18.4,75,13.9,0.1,51,1012.2,37
2025-12-03 04:00:00,18.1,70,12.6,0.0,1,1012.3,33
2025-12-03 05:00:00,18.2,69,12.5,0.1,51,1012.5,22
2025-12-03 06:00:00,17.9,66,11.5,0.0,3,1013.4,95
2025-12-03 07:00:00,17.9,63,10.8,0.0,1,1014.0,24
2025-12-03 08:00:00,17.8,64,10.9,0.0,0,1014.8,9
2025-12-03 09:00:00,17.9,69,12.1,0.0,1,1015.6,41
2025-12-03 10:00:00,18.7,62,11.3,0.1,51,1015.6,4
2025-12-03 11:00:00,19.2,59,10.9,0.0,0,1015.9,13
2025-12-03 12:00:00,18.0,66,11.5,0.1,51,1015.5,24
2025-12-03 13:00:00,17.9,64,10.9,0.0,0,1015.3,17
2025-12-03 14:00:00,17.5,63,10.4,0.1,51,1015.3,57
2025-12-03 15:00:00,16.7,71,11.4,0.6,53,1015.5,17
2025-12-03 16:00:00,16.0,74,11.3,0.2,51,1016.1,66
2025-12-03 17:00:00,15.9,74,11.4,0.1,51,1016.6,39
2025-12-03 18:00:00,15.4,71,10.2,0.1,51,1017.3,38
2025-12-03 19:00:00,15.4,67,9.3,0.1,51,1018.0,45
2025-12-03 20:00:00,14.8,77,10.9,0.3,51,1018.7,17
2025-12-03 21:00:00,15.3,76,11.0,0.1,51,1018.8,59
2025-12-03 22:00:00,15.1,63,8.1,0.0,1,1019.0,41
2025-12-03 23:00:00,15.4,60,7.8,0.0,0,1019.0,13
2025-12-04 00:00:00,15.2,59,7.2,0.0,0,1019.0,10
2025-12-04 01:00:00,14.7,61,7.2,0.0,1,1019.2,36
2025-12-04 02:00:00,14.3,62,7.1,0.0,1,1019.2,49
2025-12-04 03:00:00,14.6,58,6.6,0.0,2,1019.7,63
2025-12-04 04:00:00,14.9,54,5.8,0.0,1,1019.8,36
2025-12-04 05:00:00,14.8,55,5.8,0.0,3,1019.7,96
2025-12-04 06:00:00,14.8,55,5.9,0.0,3,1020.0,100
2025-12-04 07:00:00,14.9,53,5.4,0.0,1,1020.3,23
2025-12-04 08:00:00,14.5,60,6.8,0.0,3,1020.7,100
2025-12-04 09:00:00,15.3,61,7.8,0.0,3,1021.5,100
2025-12-04 10:00:00,15.9,58,7.7,0.0,2,1021.6,59
2025-12-04 11:00:00,16.5,55,7.3,0.0,3,1021.4,96
2025-12-04 12:00:00,16.2,54,6.9,0.0,2,1020.8,60
2025-12-04 13:00:00,16.3,56,7.6,0.0,3,1020.4,84
2025-12-04 14:00:00,16.1,59,8.1,0.0,2,1020.2,56
2025-12-04 15:00:00,16.3,54,6.9,0.0,2,1020.0,64
2025-12-04 16:00:00,15.8,58,7.5,0.0,0,1020.2,3
2025-12-04 17:00:00,15.0,60,7.4,0.0,1,1020.4,29
2025-12-04 18:00:00,14.5,62,7.3,0.0,2,1021.0,71
2025-12-04 19:00:00,14.6,62,7.4,0.0,3,1021.7,94
2025-12-04 20:00:00,14.6,63,7.6,0.0,2,1021.8,58
2025-12-04 21:00:00,14.6,67,8.5,0.0,2,1021.7,50
2025-12-04 22:00:00,14.5,69,9.0,0.0,2,1022.0,56
2025-12-04 23:00:00,14.7,67,8.7,0.0,2,1022.0,54
2025-12-05 00:00:00,14.8,64,8.1,0.0,2,1021.9,52
2025-12-05 01:00:00,14.8,64,8.1,0.0,2,1021.8,66
2025-12-05 02:00:00,15.0,63,8.0,0.0,1,1021.4,48
2025-12-05 03:00:00,15.3,61,7.9,0.0,2,1020.9,71
2025-12-05 04:00:00,15.5,60,7.7,0.0,2,1020.8,61
2025-12-05 05:00:00,15.6,60,7.8,0.0,3,1020.8,98
2025-12-05 06:00:00,15.6,58,7.4,0.0,1,1021.0,45
2025-12-05 07:00:00,15.4,55,6.5,0.0,2,1021.1,60
2025-12-05 08:00:00,16.0,59,7.9,0.0,2,1021.7,59
2025-12-05 09:00:00,17.2,57,8.7,0.0,3,1022.0,92
2025-12-05 10:00:00,17.4,47,6.1,0.0,1,1022.1,40
2025-12-05 11:00:00,18.6,42,5.3,0.0,3,1021.5,88
2025-12-05 12:00:00,18.0,48,6.9,0.0,2,1020.7,65
2025-12-05 13:00:00,18.5,45,6.2,0.0,3,1019.9,100
2025-12-05 14:00:00,18.0,52,8.0,0.0,1,1019.4,41
2025-12-05 15:00:00,18.6,47,6.9,0.0,3,1019.0,82
2025-12-05 16:00:00,16.8,63,9.8,0.0,0,1019.1,16
2025-12-05 17:00:00,16.1,66,9.9,0.0,0,1019.2,13
2025-12-05 18:00:00,15.3,71,10.0,0.0,1,1019.6,45
2025-12-05 19:00:00,15.6,71,10.4,0.0,2,1019.9,57
2025-12-05 20:00:00,16.0,66,9.6,0.0,1,1019.9,26
2025-12-05 21:00:00,14.2,72,9.3,0.0,0,1019.5,8
2025-12-05 22:00:00,14.8,68,9.0,0.0,1,1019.4,20
2025-12-05 23:00:00,15.4,69,9.6,0.0,0,1019.3,1
2025-12-06 00:00:00,14.9,74,10.3,0.0,0,1019.1,1
2025-12-06 01:00:00,14.8,75,10.5,0.0,0,1018.9,1
2025-12-06 02:00:00,14.8,76,10.5,0.0,0,1018.6,1
2025-12-06 03:00:00,15.2,75,10.9,0.0,0,1018.7,8
2025-12-06 04:00:00,14.3,82,11.3,0.0,1,1018.8,23
2025-12-06 05:00:00,13.9,84,11.3,0.0,1,1018.7,34
2025-12-06 06:00:00,14.2,84,11.5,0.0,1,1018.8,38
2025-12-06 07:00:00,14.4,82,11.4,0.0,2,1019.3,71
2025-12-06 08:00:00,16.0,77,12.0,0.0,3,1019.9,98
2025-12-06 09:00:00,16.6,77,12.6,0.0,3,1020.5,80
2025-12-06 10:00:00,17.3,70,11.9,0.0,3,1020.7,96
2025-12-06 11:00:00,17.9,67,11.7,0.0,3,1020.4,95
2025-12-06 12:00:00,18.7,63,11.5,0.0,2,1019.6,66
2025-12-06 13:00:00,18.9,62,11.5,0.0,2,1019.0,50
2025-12-06 14:00:00,18.9,61,11.2,0.0,1,1018.8,24
2025-12-06 15:00:00,18.5,62,11.0,0.0,1,1018.6,22
2025-12-06 16:00:00,18.0,62,10.7,0.0,0,1018.8,5
2025-12-06 17:00:00,17.0,70,11.5,0.0,0,1019.0,9
2025-12-06 18:00:00,16.4,70,10.8,0.0,1,1019.3,39
2025-12-06 19:00:00,16.0,70,10.5,0.0,0,1019.9,6
2025-12-06 20:00:00,15.7,72,10.7,0.0,0,1020.3,13
2025-12-06 21:00:00,15.9,75,11.5,0.0,0,1020.7,5
2025-12-06 22:00:00,15.5,76,11.4,0.0,0,1020.7,0
2025-12-06 23:00:00,15.6,75,11.1,0.0,0,1020.6,0
2025-12-07 00:00:00,15.4,75,11.0,0.0,0,1020.5,0
2025-12-07 01:00:00,15.2,75,10.8,0.0,0,1020.4,0
2025-12-07 02:00:00,14.6,77,10.6,0.0,0,1020.2,0
2025-12-07 03:00:00,14.5,75,10.1,0.0,0,1020.0,0
2025-12-07 04:00:00,14.8,73,10.1,0.0,0,1019.7,0
2025-12-07 05:00:00,14.7,75,10.4,0.0,0,1019.8,0
2025-12-07 06:00:00,14.5,76,10.4,0.0,0,1020.1,0
2025-12-07 07:00:00,14.9,75,10.5,0.0,0,1020.5,0
2025-12-07 08:00:00,15.9,75,11.4,0.0,0,1021.2,1
2025-12-07 09:00:00,17.5,70,12.0,0.0,0,1021.7,0
2025-12-07 10:00:00,18.5,63,11.2,0.0,0,1021.8,0
2025-12-07 11:00:00,19.2,60,11.2,0.0,0,1021.1,0
2025-12-07 12:00:00,19.8,58,11.2,0.0,0,1020.1,0
2025-12-07 13:00:00,20.1,58,11.5,0.0,0,1019.3,0
2025-12-07 14:00:00,20.1,58,11.7,0.0,0,1018.7,2
2025-12-07 15:00:00,19.5,61,11.7,0.0,0,1018.5,15
2025-12-07 16:00:00,18.9,64,12.0,0.0,1,1018.8,20
2025-12-07 17:00:00,17.6,73,12.7,0.0,1,1019.2,33
2025-12-07 18:00:00,16.9,75,12.4,0.0,0,1019.7,19
2025-12-07 19:00:00,16.7,75,12.3,0.0,1,1019.9,23
2025-12-07 20:00:00,16.5,75,12.0,0.0,1,1020.0,49
2025-12-07 21:00:00,16.7,78,12.9,0.0,2,1020.5,58
2025-12-07 22:00:00,16.5,80,13.0,0.0,1,1020.1,35
2025-12-07 23:00:00,16.2,79,12.5,0.0,1,1020.2,20
2025-12-08 00:00:00,16.3,75,11.8,0.0,1,1020.2,23
2025-12-08 01:00:00,16.2,73,11.5,0.0,1,1020.0,20
2025-12-08 02:00:00,16.2,74,11.6,0.0,1,1019.7,32
2025-12-08 03:00:00,16.3,73,11.5,0.0,0,1019.5,10
2025-12-08 04:00:00,16.4,72,11.4,0.0,1,1019.2,23
2025-12-08 05:00:00,16.2,71,10.9,0.0,1,1019.4,30
2025-12-08 06:00:00,16.5,69,10.8,0.0,3,1019.7,91
2025-12-08 07:00:00,16.8,70,11.2,0.0,2,1020.1,71
2025-12-08 08:00:00,17.1,74,12.4,0.0,0,1020.2,10
2025-12-08 09:00:00,19.4,68,13.3,0.0,1,1020.7,29
2025-12-08 10:00:00,20.3,57,11.6,0.0,1,1020.8,28
2025-12-08 11:00:00,21.0,54,11.4,0.0,0,1020.3,14
2025-12-08 12:00:00,21.4,52,11.3,0.0,0,1019.1,13
2025-12-08 13:00:00,21.6,52,11.5,0.0,0,1018.5,16
2025-12-08 14:00:00,21.5,53,11.5,0.0,1,1018.1,40
2025-12-08 15:00:00,21.1,53,11.2,0.0,1,1017.9,38
2025-12-08 16:00:00,20.1,63,12.8,0.0,0,1018.5,16
2025-12-08 17:00:00,18.7,69,12.9,0.0,1,1019.0,26
2025-12-08 18:00:00,18.0,67,11.8,0.0,0,1019.4,16
2025-12-08 19:00:00,17.7,66,11.4,0.0,1,1019.8,20
2025-12-08 20:00:00,17.6,67,11.3,0.0,0,1019.9,10
2025-12-08 21:00:00,17.0,68,11.1,0.0,2,1020.0,74
2025-12-08 22:00:00,18.2,62,10.8,0.0,0,1020.0,12
2025-12-08 23:00:00,17.6,66,11.1,0.0,0,1019.9,16
2025-12-09 00:00:00,17.2,70,11.6,0.0,0,1019.9,18
2025-12-09 01:00:00,16.2,76,11.9,0.0,1,1020.0,38
2025-12-09 02:00:00,16.6,76,12.3,0.1,51,1019.5,32
2025-12-09 03:00:00,16.9,76,12.6,0.0,0,1019.3,3
2025-12-09 04:00:00,16.5,75,12.0,0.0,0,1018.9,0
2025-12-09 05:00:00,16.3,72,11.2,0.0,0,1018.7,0
2025-12-09 06:00:00,16.2,70,10.8,0.0,0,1019.6,0
2025-12-09 07:00:00,16.2,70,10.7,0.0,0,1020.0,1
2025-12-09 08:00:00,16.5,72,11.4,0.0,0,1020.5,2
2025-12-09 09:00:00,17.8,66,11.4,0.0,0,1021.1,12
2025-12-09 10:00:00,18.5,63,11.3,0.0,0,1021.4,5
2025-12-09 11:00:00,19.2,59,10.9,0.0,0,1021.2,17
2025-12-09 12:00:00,19.4,57,10.7,0.0,1,1020.3,24
2025-12-09 13:00:00,19.5,57,10.7,0.0,0,1019.5,12
2025-12-09 14:00:00,19.2,57,10.4,0.0,0,1019.1,18
2025-12-09 15:00:00,19.3,58,10.9,0.0,1,1019.2,22
2025-12-09 16:00:00,18.3,62,10.8,0.0,1,1019.7,30
2025-12-09 17:00:00,17.4,66,10.9,0.0,0,1020.0,1
2025-12-09 18:00:00,16.7,65,10.2,0.0,0,1020.5,0
2025-12-09 19:00:00,16.5,66,10.2,0.0,0,1020.8,2
2025-12-09 20:00:00,16.5,66,10.2,0.0,0,1021.1,1
2025-12-09 21:00:00,16.4,64,9.7,0.0,0,1021.2,2
2025-12-09 22:00:00,16.1,66,9.8,0.0,0,1021.4,1
2025-12-09 23:00:00,15.9,68,10.0,0.0,0,1021.3,1
2025-12-10 00:00:00,15.7,70,10.3,0.0,0,1021.1,0
2025-12-10 01:00:00,15.5,72,10.5,0.0,0,1021.0,1
2025-12-10 02:00:00,15.4,73,10.6,0.0,0,1020.8,1
2025-12-10 03:00:00,15.0,74,10.5,0.0,0,1020.9,13
2025-12-10 04:00:00,15.0,75,10.5,0.0,0,1020.8,0
2025-12-10 05:00:00,14.9,75,10.5,0.0,0,1020.5,2
2025-12-10 06:00:00,15.0,74,10.5,0.0,0,1020.9,2
2025-12-10 07:00:00,15.1,75,10.6,0.0,0,1021.3,2
2025-12-10 08:00:00,15.8,74,11.3,0.0,0,1021.9,2
2025-12-10 09:00:00,17.6,67,11.4,0.0,0,1021.8,3
2025-12-10 10:00:00,18.5,60,10.5,0.0,0,1021.7,1
2025-12-10 11:00:00,19.0,58,10.6,0.0,0,1020.8,1
2025-12-10 12:00:00,19.5,55,10.1,0.0,0,1019.9,0
2025-12-10 13:00:00,19.5,56,10.6,0.0,1,1019.2,27
2025-12-10 14:00:00,19.5,59,11.2,0.0,2,1019.0,63
2025-12-10 15:00:00,19.0,62,11.6,0.0,1,1018.2,32
2025-12-10 16:00:00,18.5,64,11.6,0.0,0,1018.1,13
2025-12-10 17:00:00,17.5,67,11.4,0.0,0,1017.9,14
2025-12-10 18:00:00,17.0,70,11.5,0.0,3,1018.5,91
2025-12-10 19:00:00,17.5,71,12.1,0.0,1,1018.5,24
2025-12-10 20:00:00,17.4,73,12.5,0.0,2,1018.5,53
2025-12-10 21:00:00,18.4,70,12.8,0.0,0,1018.5,18
2025-12-10 22:00:00,18.1,73,13.1,0.0,3,1018.2,91
2025-12-10 23:00:00,18.9,70,13.4,0.0,3,1018.0,100
2025-12-11 00:00:00,19.3,67,12.9,0.0,3,1017.5,100
2025-12-11 01:00:00,19.6,64,12.7,0.0,3,1016.8,100
2025-12-11 02:00:00,19.2,68,13.2,0.0,3,1016.6,100
2025-12-11 03:00:00,18.8,75,14.2,0.3,51,1016.5,100
2025-12-11 04:00:00,18.2,81,15.0,0.2,51,1015.8,98
2025-12-11 05:00:00,18.3,81,15.0,0.3,51,1015.6,100
2025-12-11 06:00:00,17.2,95,16.4,2.6,63,1016.1,100
2025-12-11 07:00:00,17.0,96,16.4,1.3,61,1016.2,100
2025-12-11 08:00:00,17.1,97,16.6,1.9,61,1016.4,98
2025-12-11 09:00:00,18.2,91,16.6,3.6,63,1017.1,100
2025-12-11 10:00:00,18.5,89,16.7,0.0,3,1016.9,100
2025-12-11 11:00:00,18.7,88,16.6,0.3,51,1016.4,100
2025-12-11 12:00:00,17.8,96,17.2,1.8,61,1015.4,100
2025-12-11 13:00:00,18.0,97,17.5,2.5,63,1014.9,100
2025-12-11 14:00:00,17.7,98,17.3,4.7,63,1014.8,100
2025-12-11 15:00:00,17.2,94,16.2,3.1,63,1014.7,100
2025-12-11 16:00:00,16.8,97,16.2,1.9,61,1014.7,100
2025-12-11 17:00:00,16.6,96,15.9,5.4,63,1015.4,100
2025-12-11 18:00:00,16.5,97,16.0,2.9,63,1015.8,98
2025-12-11 19:00:00,16.4,88,14.4,0.2,51,1016.1,100
2025-12-11 20:00:00,16.5,88,14.5,0.0,3,1016.9,100
2025-12-11 21:00:00,17.0,90,15.4,0.0,3,1016.9,100
2025-12-11 22:00:00,17.0,91,15.4,0.0,3,1017.0,80
2025-12-11 23:00:00,17.1,89,15.4,0.0,1,1017.1,29
2025-12-12 00:00:00,17.0,89,15.1,0.0,1,1016.9,41
2025-12-12 01:00:00,17.3,87,15.2,0.0,3,1017.0,100
2025-12-12 02:00:00,17.4,89,15.7,0.0,3,1016.8,100
2025-12-12 03:00:00,17.5,88,15.5,0.0,3,1016.2,91
2025-12-12 04:00:00,17.4,86,15.1,0.0,2,1016.3,52
2025-12-12 05:00:00,17.2,86,14.9,0.0,3,1016.5,95
2025-12-12 06:00:00,17.3,82,14.1,0.0,0,1017.1,16
2025-12-12 07:00:00,17.5,77,13.4,0.0,0,1017.8,4
2025-12-12 08:00:00,17.7,75,13.2,0.0,0,1018.3,1
2025-12-12 09:00:00,19.1,77,15.0,0.0,0,1019.1,3
2025-12-12 10:00:00,19.9,71,14.5,0.0,0,1019.2,5
2025-12-12 11:00:00,20.4,64,13.3,0.0,0,1018.9,1
2025-12-12 12:00:00,20.9,58,12.3,0.0,0,1018.2,0
2025-12-12 13:00:00,21.3,58,12.7,0.0,0,1017.4,0
2025-12-12 14:00:00,21.3,59,12.9,0.0,0,1016.9,5
2025-12-12 15:00:00,21.5,59,13.1,0.0,0,1016.6,13
2025-12-12 16:00:00,20.9,65,14.0,0.0,1,1016.4,34
2025-12-12 17:00:00,20.1,67,13.8,0.0,3,1016.8,87
2025-12-12 18:00:00,19.5,70,13.8,0.0,0,1017.5,16
2025-12-12 19:00:00,18.9,73,14.0,0.0,1,1017.9,28
2025-12-12 20:00:00,18.8,74,14.2,0.2,51,1018.4,41
2025-12-12 21:00:00,19.1,75,14.5,0.1,51,1018.5,23
2025-12-12 22:00:00,18.7,76,14.4,0.0,3,1018.4,94
2025-12-12 23:00:00,18.9,73,14.0,0.0,3,1018.5,100
2025-12-13 00:00:00,19.2,69,13.4,0.0,3,1018.4,100
2025-12-13 01:00:00,19.9,66,13.4,0.0,3,1017.5,100
2025-12-13 02:00:00,20.2,67,13.9,0.0,3,1017.3,100
2025-12-13 03:00:00,19.9,70,14.2,0.1,51,1016.9,100
2025-12-13 04:00:00,19.1,78,15.1,0.1,51,1016.4,100
2025-12-13 05:00:00,18.7,84,15.9,0.1,51,1016.5,91
2025-12-13 06:00:00,18.3,87,16.2,0.2,51,1016.9,100
2025-12-13 07:00:00,18.1,90,16.5,0.2,51,1017.0,100
2025-12-13 08:00:00,18.9,87,16.7,0.1,51,1016.7,99
2025-12-13 09:00:00,18.8,90,17.2,0.1,51,1017.6,100
2025-12-13 10:00:00,19.5,88,17.4,0.3,51,1016.5,98
2025-12-13 11:00:00,20.8,79,17.0,0.0,3,1015.5,100
2025-12-13 12:00:00,21.3,77,17.1,0.0,3,1014.1,100
2025-12-13 13:00:00,21.1,80,17.6,0.0,3,1013.3,96
2025-12-13 14:00:00,20.9,81,17.6,0.1,51,1012.8,99
2025-12-13 15:00:00,19.8,93,18.6,0.4,51,1012.2,100
2025-12-13 16:00:00,20.5,91,19.1,0.1,51,1011.9,100
2025-12-13 17:00:00,20.3,92,19.0,0.3,51,1011.9,100
2025-12-13 18:00:00,19.8,93,18.7,0.2,51,1012.0,100
2025-12-13 19:00:00,19.1,94,18.2,0.3,51,1012.5,100
2025-12-13 20:00:00,19.0,94,17.9,0.1,51,1012.6,99
2025-12-13 21:00:00,19.3,92,17.9,0.0,3,1012.9,97
2025-12-13 22:00:00,19.2,90,17.5,0.0,1,1012.9,48
2025-12-13 23:00:00,18.8,90,17.1,0.0,2,1013.1,66
2025-12-14 00:00:00,18.6,88,16.6,0.0,2,1013.0,52
2025-12-14 01:00:00,18.5,86,16.2,0.1,51,1012.8,100
2025-12-14 02:00:00,18.1,87,15.9,0.2,51,1012.6,60
2025-12-14 03:00:00,17.9,80,14.4,0.0,3,1012.5,96
2025-12-14 04:00:00,17.6,81,14.3,0.0,3,1012.7,99
2025-12-14 05:00:00,17.0,81,13.7,0.1,51,1013.1,100
2025-12-14 06:00:00,16.8,76,12.5,0.4,51,1013.6,100
2025-12-14 07:00:00,15.9,83,13.0,1.2,55,1014.7,100
2025-12-14 08:00:00,15.8,80,12.4,0.4,51,1015.7,100
2025-12-14 09:00:00,14.6,86,12.2,0.0,3,1016.4,100
2025-12-14 10:00:00,14.9,79,11.2,0.0,3,1017.1,98
2025-12-14 11:00:00,15.9,68,10.1,0.0,3,1017.1,91
2025-12-14 12:00:00,16.3,60,8.5,0.0,3,1016.5,100
2025-12-14 13:00:00,16.5,61,8.9,0.0,3,1015.9,91
2025-12-14 14:00:00,16.5,58,8.3,0.0,3,1015.9,87
2025-12-14 15:00:00,16.8,56,8.0,0.0,3,1016.0,96
2025-12-14 16:00:00,15.9,63,8.8,0.0,1,1016.5,35
2025-12-14 17:00:00,15.5,60,7.7,0.0,1,1017.1,30
2025-12-14 18:00:00,15.2,59,7.3,0.0,1,1017.7,27
2025-12-14 19:00:00,14.9,61,7.4,0.0,1,1018.4,20
2025-12-14 20:00:00,14.7,60,7.0,0.0,2,1018.7,74
2025-12-14 21:00:00,15.8,54,6.4,0.0,1,1019.0,44
2025-12-14 22:00:00,15.4,54,6.3,0.0,3,1019.3,89
2025-12-14 23:00:00,15.3,57,6.8,0.0,2,1019.4,58
2025-12-15 00:00:00,14.8,62,7.5,0.0,1,1019.6,47
2025-12-15 01:00:00,14.1,65,7.7,0.0,3,1019.9,84
2025-12-15 02:00:00,14.2,65,7.7,0.0,2,1019.8,55
2025-12-15 03:00:00,15.2,56,6.6,0.0,3,1019.5,91
2025-12-15 04:00:00,14.9,56,6.2,0.0,1,1019.3,47
2025-12-15 05:00:00,14.9,56,6.3,0.0,1,1019.4,38
2025-12-15 06:00:00,14.6,58,6.4,0.0,1,1019.9,34
2025-12-15 07:00:00,14.7,56,6.0,0.0,1,1020.5,30
2025-12-15 08:00:00,14.8,58,6.7,0.0,1,1020.7,27
2025-12-15 09:00:00,16.0,57,7.5,0.0,1,1021.1,27
2025-12-15 10:00:00,16.5,49,5.9,0.0,1,1021.7,38
2025-12-15 11:00:00,16.8,50,6.2,0.0,2,1021.4,73
2025-12-15 12:00:00,16.7,49,5.9,0.0,3,1020.7,100
2025-12-15 13:00:00,17.0,50,6.6,0.0,3,1020.0,83
2025-12-15 14:00:00,17.3,49,6.6,0.0,3,1019.8,85
2025-12-15 15:00:00,17.1,50,6.4,0.0,3,1019.8,96
2025-12-15 16:00:00,16.7,56,7.7,0.0,2,1019.9,69
2025-12-15 17:00:00,16.0,59,8.0,0.0,2,1020.5,77
2025-12-15 18:00:00,15.5,60,7.7,0.0,3,1020.8,84
2025-12-15 19:00:00,15.4,59,7.6,0.0,3,1021.4,83
2025-12-15 20:00:00,15.3,60,7.7,0.0,3,1021.6,89
2025-12-15 21:00:00,15.7,67,9.7,0.0,3,1021.6,100
2025-12-15 22:00:00,15.5,70,10.0,0.0,3,1021.6,100
2025-12-15 23:00:00,15.5,70,10.1,0.0,1,1021.4,49
2025-12-16 00:00:00,15.3,71,10.0,0.0,0,1021.2,8
2025-12-16 01:00:00,14.5,76,10.3,0.0,0,1021.0,18
2025-12-16 02:00:00,14.3,77,10.4,0.0,0,1021.0,15
2025-12-16 03:00:00,14.4,75,10.1,0.0,0,1020.6,5
2025-12-16 04:00:00,14.4,77,10.4,0.0,0,1020.3,11
2025-12-16 05:00:00,13.4,83,10.5,0.0,1,1020.3,20
2025-12-16 06:00:00,13.2,83,10.3,0.0,1,1020.4,23
2025-12-16 07:00:00,13.3,81,10.1,0.0,1,1020.8,27
2025-12-16 08:00:00,15.2,77,11.2,0.0,0,1021.2,19
2025-12-16 09:00:00,17.0,72,11.9,0.0,1,1021.3,36
2025-12-16 10:00:00,17.9,62,10.5,0.0,1,1021.7,39
2025-12-16 11:00:00,18.4,57,9.7,0.0,1,1021.3,36
2025-12-16 12:00:00,19.0,52,8.9,0.0,2,1020.5,66
2025-12-16 13:00:00,18.8,52,8.8,0.0,2,1019.8,77
2025-12-16 14:00:00,18.7,54,9.2,0.0,3,1019.5,100
2025-12-16 15:00:00,19.0,53,9.1,0.0,1,1019.1,45
2025-12-16 16:00:00,18.7,57,10.0,0.0,1,1019.0,21
2025-12-16 17:00:00,17.6,69,11.8,0.0,1,1019.5,23
2025-12-16 18:00:00,15.9,72,11.0,0.0,1,1019.9,41
2025-12-16 19:00:00,15.9,77,11.8,0.0,2,1020.3,67
2025-12-16 20:00:00,15.8,78,12.0,0.0,2,1020.5,52
2025-12-16 21:00:00,16.6,81,13.3,0.0,1,1020.0,35
2025-12-16 22:00:00,16.2,82,13.1,0.0,1,1019.9,41
2025-12-16 23:00:00,16.6,77,12.5,0.0,1,1019.9,30
2025-12-17 00:00:00,16.6,76,12.4,0.0,1,1019.6,34
2025-12-17 01:00:00,15.8,79,12.2,0.0,1,1019.3,20
2025-12-17 02:00:00,15.3,78,11.4,0.0,0,1019.0,19
2025-12-17 03:00:00,16.1,72,11.0,0.0,1,1018.5,30
2025-12-17 04:00:00,17.0,67,10.7,0.1,51,1018.2,23
2025-12-17 05:00:00,15.5,74,10.9,0.0,1,1018.2,42
2025-12-17 06:00:00,15.3,75,10.8,0.0,3,1018.8,93
2025-12-17 07:00:00,15.9,75,11.5,0.1,51,1019.4,100
2025-12-17 08:00:00,15.8,81,12.6,0.1,51,1019.6,53
2025-12-17 09:00:00,18.2,76,14.0,0.0,0,1020.0,12
2025-12-17 10:00:00,19.3,66,12.9,0.1,51,1020.4,12
2025-12-17 11:00:00,19.8,63,12.5,0.1,51,1020.2,14
2025-12-17 12:00:00,20.0,61,12.2,0.0,0,1019.5,9
2025-12-17 13:00:00,20.2,57,11.5,0.0,0,1019.0,15
2025-12-17 14:00:00,20.1,57,11.2,0.0,0,1018.7,9
2025-12-17 15:00:00,20.0,54,10.5,0.0,0,1018.6,5
2025-12-17 16:00:00,19.5,60,11.5,0.0,0,1018.7,5
2025-12-17 17:00:00,18.3,66,11.7,0.0,0,1018.9,5
2025-12-17 18:00:00,17.6,66,11.2,0.0,0,1019.4,9
2025-12-17 19:00:00,17.6,65,11.1,0.0,0,1020.0,16
2025-12-17 20:00:00,17.9,64,11.0,0.0,1,1020.4,28
2025-12-17 21:00:00,17.8,74,13.1,0.0,1,1020.5,20
2025-12-17 22:00:00,17.8,68,11.9,0.0,0,1020.2,7
2025-12-17 23:00:00,17.5,66,11.1,0.0,0,1020.1,3
2025-12-18 00:00:00,17.3,68,11.2,0.0,0,1019.7,1
2025-12-18 01:00:00,17.1,70,11.6,0.0,0,1019.5,2
2025-12-18 02:00:00,16.7,73,11.9,0.0,0,1019.3,1
2025-12-18 03:00:00,17.1,69,11.4,0.0,0,1019.3,1
2025-12-18 04:00:00,16.6,67,10.4,0.0,1,1019.0,34
2025-12-18 05:00:00,16.6,72,11.4,0.0,0,1019.4,18
2025-12-18 06:00:00,16.1,77,12.1,0.0,1,1020.1,20
2025-12-18 07:00:00,15.9,77,11.9,0.0,1,1021.0,27
2025-12-18 08:00:00,16.0,80,12.6,0.0,0,1021.4,16
2025-12-18 09:00:00,17.7,71,12.3,0.0,1,1021.9,23
2025-12-18 10:00:00,18.4,66,11.8,0.0,2,1022.5,55
2025-12-18 11:00:00,18.9,62,11.5,0.0,1,1022.0,43
2025-12-18 12:00:00,19.5,58,10.9,0.0,1,1021.0,49
2025-12-18 13:00:00,19.6,56,10.6,0.0,1,1020.0,30
2025-12-18 14:00:00,19.6,54,10.1,0.0,1,1019.5,34
2025-12-18 15:00:00,19.2,48,7.9,0.0,0,1019.2,13
2025-12-18 16:00:00,18.6,56,9.5,0.0,0,1019.2,9
2025-12-18 17:00:00,17.2,67,11.1,0.0,0,1019.7,13
2025-12-18 18:00:00,16.2,69,10.5,0.0,0,1020.2,18
2025-12-18 19:00:00,16.0,67,9.9,0.0,0,1020.6,3
2025-12-18 20:00:00,15.8,67,9.6,0.0,0,1020.9,5
2025-12-18 21:00:00,15.8,71,10.4,0.0,0,1020.9,17
2025-12-18 22:00:00,15.4,69,9.7,0.0,1,1021.1,23
2025-12-18 23:00:00,15.6,66,9.3,0.0,0,1020.9,13
2025-12-19 00:00:00,15.4,68,9.4,0.0,0,1020.3,1
2025-12-19 01:00:00,15.3,67,9.2,0.0,0,1020.1,6
2025-12-19 02:00:00,15.2,63,8.2,0.0,0,1020.0,8
2025-12-19 03:00:00,15.5,59,7.5,0.0,0,1019.9,3
2025-12-19 04:00:00,15.3,62,8.0,0.0,0,1019.4,2
2025-12-19 05:00:00,15.3,63,8.4,0.0,0,1019.1,2
2025-12-19 06:00:00,15.4,66,9.1,0.0,0,1019.4,5
2025-12-19 07:00:00,15.1,71,10.0,0.0,0,1019.9,13
2025-12-19 08:00:00,16.3,74,11.6,0.0,0,1020.2,5
2025-12-19 09:00:00,17.6,66,11.2,0.0,1,1020.7,22
2025-12-19 10:00:00,19.3,62,11.9,0.0,1,1020.6,48
2025-12-19 11:00:00,20.0,59,11.8,0.0,0,1020.2,19
2025-12-19 12:00:00,20.3,59,12.1,0.0,1,1019.1,23
2025-12-19 13:00:00,20.6,60,12.6,0.0,1,1018.3,34
2025-12-19 14:00:00,20.5,62,12.9,0.0,1,1017.9,36
2025-12-19 15:00:00,20.0,62,12.6,0.0,3,1018.0,100
2025-12-19 16:00:00,19.6,69,13.6,0.0,3,1017.7,100
2025-12-19 17:00:00,19.2,74,14.6,0.1,51,1018.2,100
2025-12-19 18:00:00,19.0,78,15.1,0.2,51,1018.4,100
2025-12-19 19:00:00,19.4,79,15.7,0.1,51,1018.7,100
2025-12-19 20:00:00,19.7,77,15.7,0.0,3,1018.8,100
2025-12-19 21:00:00,19.6,92,18.4,0.1,51,1019.0,100
2025-12-19 22:00:00,20.1,90,18.3,0.0,3,1018.9,100
2025-12-19 23:00:00,19.8,90,18.1,0.0,3,1018.7,100
2025-12-20 00:00:00,19.6,90,17.9,0.1,51,1018.5,100
2025-12-20 01:00:00,19.5,90,17.8,0.2,51,1018.2,100
2025-12-20 02:00:00,19.6,89,17.8,0.1,51,1018.0,100
2025-12-20 03:00:00,19.9,89,18.0,0.0,3,1017.6,100
2025-12-20 04:00:00,19.8,90,18.1,0.1,51,1017.0,100
2025-12-20 05:00:00,19.6,90,18.0,0.1,51,1017.0,100
2025-12-20 06:00:00,19.6,90,18.0,0.4,51,1017.7,100
2025-12-20 07:00:00,18.4,96,17.8,1.2,55,1018.5,100
2025-12-20 08:00:00,18.4,97,17.8,1.2,55,1018.0,100
2025-12-20 09:00:00,20.6,89,18.8,0.4,51,1017.9,100
2025-12-20 10:00:00,20.6,91,19.0,0.1,51,1018.2,100
2025-12-20 11:00:00,19.8,84,17.0,2.1,61,1018.6,100
2025-12-20 12:00:00,19.1,98,18.8,1.8,61,1017.9,100
2025-12-20 13:00:00,19.4,98,19.0,1.4,61,1017.0,100
2025-12-20 14:00:00,19.8,97,19.4,1.2,55,1016.5,100
2025-12-20 15:00:00,19.4,95,18.5,2.8,63,1016.0,100
2025-12-20 16:00:00,18.9,98,18.5,2.3,61,1016.4,100
2025-12-20 17:00:00,18.8,98,18.5,0.5,53,1016.8,100
2025-12-20 18:00:00,18.6,96,18.0,0.9,53,1016.8,100
2025-12-20 19:00:00,18.9,91,17.4,0.3,51,1017.1,100
2025-12-20 20:00:00,18.5,95,17.6,0.2,51,1017.4,100
2025-12-20 21:00:00,19.2,92,17.9,0.7,53,1017.4,100
2025-12-20 22:00:00,18.3,98,17.9,1.7,61,1017.3,100
2025-12-20 23:00:00,18.3,97,17.8,1.8,61,1016.7,100
2025-12-21 00:00:00,18.5,97,18.0,0.7,53,1016.2,100
2025-12-21 01:00:00,18.6,97,18.1,0.4,51,1016.0,100
2025-12-21 02:00:00,18.7,96,18.1,0.3,51,1015.5,100
2025-12-21 03:00:00,18.6,93,17.4,0.4,51,1015.5,100
2025-12-21 04:00:00,17.9,97,17.4,0.6,53,1014.6,100
2025-12-21 05:00:00,17.9,98,17.5,0.1,51,1014.3,100
2025-12-21 06:00:00,17.9,97,17.3,0.2,51,1014.9,100
2025-12-21 07:00:00,18.0,97,17.5,0.4,51,1015.3,100
2025-12-21 08:00:00,18.6,95,17.8,0.2,51,1015.5,100
2025-12-21 09:00:00,19.1,90,17.5,0.0,3,1016.2,86
2025-12-21 10:00:00,20.0,92,18.6,0.2,51,1016.4,97
2025-12-21 11:00:00,19.7,84,17.0,0.8,53,1016.6,77
2025-12-21 12:00:00,20.5,91,18.9,0.1,51,1015.4,89
2025-12-21 13:00:00,20.1,84,17.4,0.1,51,1015.1,59
2025-12-21 14:00:00,20.0,79,16.2,0.0,1,1015.2,36
2025-12-21 15:00:00,19.7,75,15.1,0.1,51,1015.7,88
2025-12-21 16:00:00,19.0,75,14.5,0.0,2,1015.9,79
2025-12-21 17:00:00,18.5,72,13.5,0.0,0,1016.4,13
2025-12-21 18:00:00,18.1,69,12.3,0.0,1,1017.2,20
2025-12-21 19:00:00,17.8,67,11.7,0.0,2,1017.9,62
2025-12-21 20:00:00,17.2,68,11.4,0.0,3,1018.4,96
2025-12-21 21:00:00,17.1,70,11.5,0.0,3,1018.6,97
2025-12-21 22:00:00,17.1,69,11.3,0.0,3,1018.7,83
2025-12-21 23:00:00,17.1,70,11.5,0.0,3,1018.6,95
2025-12-22 00:00:00,17.0,69,11.3,0.0,3,1018.4,99
2025-12-22 01:00:00,17.0,68,10.9,0.0,3,1018.7,100
2025-12-22 02:00:00,17.0,66,10.6,0.0,3,1018.5,100
2025-12-22 03:00:00,17.3,63,10.3,0.0,3,1018.4,100
2025-12-22 04:00:00,16.7,64,10.0,0.0,3,1018.2,99
2025-12-22 05:00:00,16.2,64,9.4,0.0,3,1018.1,100
2025-12-22 06:00:00,15.9,64,9.1,0.0,3,1018.3,99
2025-12-22 07:00:00,15.7,67,9.5,0.0,3,1018.9,100
2025-12-22 08:00:00,15.7,70,10.1,0.0,3,1019.4,100
2025-12-22 09:00:00,16.9,66,10.5,0.0,3,1020.4,100
2025-12-22 10:00:00,17.5,60,9.6,0.0,3,1020.5,100
2025-12-22 11:00:00,18.4,58,10.1,0.0,3,1019.9,100
2025-12-22 12:00:00,20.4,50,9.7,0.0,3,1018.5,100
2025-12-22 13:00:00,20.4,55,10.9,0.0,3,1018.0,100
2025-12-22 14:00:00,19.9,63,12.8,0.0,3,1017.4,100
2025-12-22 15:00:00,19.9,70,14.2,0.0,3,1017.3,97
2025-12-22 16:00:00,18.7,80,15.1,0.0,3,1018.0,97
2025-12-22 17:00:00,17.9,82,14.8,0.0,3,1018.4,98
2025-12-22 18:00:00,17.1,84,14.4,0.0,3,1019.1,99
2025-12-22 19:00:00,17.4,83,14.5,0.2,51,1019.5,100
2025-12-22 20:00:00,17.8,78,13.9,0.1,51,1019.7,99
2025-12-22 21:00:00,17.8,76,13.6,0.0,1,1019.5,44
2025-12-22 22:00:00,18.1,71,12.8,0.0,3,1020.1,98
2025-12-22 23:00:00,18.3,68,12.4,0.0,3,1020.0,97
2025-12-23 00:00:00,18.2,68,12.3,0.0,0,1019.4,10
2025-12-23 01:00:00,17.9,70,12.4,0.0,0,1019.3,5
2025-12-23 02:00:00,18.0,68,12.0,0.0,0,1018.8,2
2025-12-23 03:00:00,18.5,69,12.6,0.0,0,1018.6,16
2025-12-23 04:00:00,18.5,69,12.6,0.0,2,1018.0,63
2025-12-23 05:00:00,18.9,66,12.3,0.0,0,1017.8,19
2025-12-23 06:00:00,18.6,72,13.4,0.0,3,1018.1,88
2025-12-23 07:00:00,19.2,65,12.6,0.0,1,1018.3,36
2025-12-23 08:00:00,19.0,70,13.4,0.0,1,1018.6,28
2025-12-23 09:00:00,19.2,73,14.3,0.0,2,1019.4,73
2025-12-23 10:00:00,19.8,69,14.0,0.0,1,1019.3,46
2025-12-23 11:00:00,20.9,62,13.2,0.0,1,1018.4,22
2025-12-23 12:00:00,21.2,58,12.7,0.0,0,1017.2,11
2025-12-23 13:00:00,21.2,59,12.9,0.0,0,1016.2,13
2025-12-23 14:00:00,21.2,60,13.1,0.0,1,1015.6,25
2025-12-23 15:00:00,21.5,62,13.9,0.0,1,1015.0,21
2025-12-23 16:00:00,21.1,65,14.3,0.0,2,1014.8,61
2025-12-23 17:00:00,20.5,68,14.5,0.0,2,1015.0,58
2025-12-23 18:00:00,20.3,68,14.3,0.0,2,1015.2,68
2025-12-23 19:00:00,20.4,67,14.1,0.0,1,1015.1,31
2025-12-23 20:00:00,20.4,68,14.3,0.0,3,1015.5,80
2025-12-23 21:00:00,20.7,73,15.8,0.0,3,1015.0,87
2025-12-23 22:00:00,20.7,74,15.9,0.0,3,1014.6,97
2025-12-23 23:00:00,20.8,74,16.0,0.0,3,1014.5,100
2025-12-24 00:00:00,21.1,73,16.1,0.0,3,1013.9,88
2025-12-24 01:00:00,21.1,74,16.3,0.1,51,1013.7,84
2025-12-24 02:00:00,19.4,86,17.0,0.6,53,1013.7,100
2025-12-24 03:00:00,20.6,74,15.9,4.0,63,1012.8,98
2025-12-24 04:00:00,20.3,78,16.2,0.8,53,1012.6,99
2025-12-24 05:00:00,18.7,92,17.5,5.8,63,1012.5,99
2025-12-24 06:00:00,18.6,98,18.3,1.4,61,1012.6,77
2025-12-24 07:00:00,18.2,97,17.7,1.9,61,1012.8,74
2025-12-24 08:00:00,18.5,93,17.3,1.0,55,1013.3,98
2025-12-24 09:00:00,20.4,93,19.2,2.7,63,1013.0,86
2025-12-24 10:00:00,21.1,89,19.3,0.1,51,1012.9,45
2025-12-24 11:00:00,21.6,87,19.3,0.1,51,1012.4,32
2025-12-24 12:00:00,21.1,87,18.8,0.0,3,1011.6,100
2025-12-24 13:00:00,20.8,83,17.9,0.1,51,1010.9,61
2025-12-24 14:00:00,21.1,79,17.4,0.0,1,1010.5,39
2025-12-24 15:00:00,21.2,75,16.6,0.0,1,1010.2,40
2025-12-24 16:00:00,20.7,76,16.4,0.0,1,1010.4,34
2025-12-24 17:00:00,19.8,81,16.5,0.1,51,1010.5,34
2025-12-24 18:00:00,19.3,81,16.1,0.0,3,1010.9,100
2025-12-24 19:00:00,19.2,82,16.0,0.0,3,1011.2,95
2025-12-24 20:00:00,18.8,85,16.2,0.0,2,1011.4,66
2025-12-24 21:00:00,19.1,81,15.7,0.0,3,1011.4,100
2025-12-24 22:00:00,19.0,81,15.6,0.0,3,1011.1,93
2025-12-24 23:00:00,18.7,78,14.8,0.0,2,1011.0,68
2025-12-25 00:00:00,18.6,77,14.5,0.0,1,1010.6,28
2025-12-25 01:00:00,18.5,77,14.4,0.0,2,1010.4,65
2025-12-25 02:00:00,18.5,78,14.7,0.0,0,1010.2,16
2025-12-25 03:00:00,18.3,80,14.7,0.0,0,1009.7,18
2025-12-25 04:00:00,17.6,82,14.5,0.0,1,1009.4,27
2025-12-25 05:00:00,17.4,81,14.2,0.2,51,1009.3,54
2025-12-25 06:00:00,17.2,85,14.6,0.1,51,1009.8,30
2025-12-25 07:00:00,17.1,81,13.8,0.1,51,1010.0,100
2025-12-25 08:00:00,17.3,76,12.9,0.0,3,1010.6,100
2025-12-25 09:00:00,17.4,71,12.0,0.0,3,1011.0,95
2025-12-25 10:00:00,17.3,71,12.0,0.0,3,1011.8,100
2025-12-25 11:00:00,17.2,71,11.9,0.0,3,1011.6,100
2025-12-25 12:00:00,16.2,77,12.1,0.1,51,1010.8,99
2025-12-25 13:00:00,16.3,75,11.9,0.1,51,1010.3,100
2025-12-25 14:00:00,16.1,75,11.6,0.3,51,1010.4,100
2025-12-25 15:00:00,16.2,69,10.5,0.2,51,1010.5,100
2025-12-25 16:00:00,15.8,67,9.8,0.0,3,1011.3,100
2025-12-25 17:00:00,15.1,70,9.7,0.0,3,1012.0,88
2025-12-25 18:00:00,14.7,70,9.2,0.1,51,1012.4,100
2025-12-25 19:00:00,14.4,69,8.7,0.1,51,1013.4,100
2025-12-25 20:00:00,14.3,69,8.6,0.1,51,1013.4,100
2025-12-25 21:00:00,15.0,52,5.2,0.0,3,1014.2,98
2025-12-25 22:00:00,14.4,56,5.9,0.0,3,1014.4,99
2025-12-25 23:00:00,14.0,60,6.3,0.0,3,1014.5,100
2025-12-26 00:00:00,14.1,60,6.4,0.0,3,1014.6,99
2025-12-26 01:00:00,13.9,59,6.1,0.0,1,1014.8,29
2025-12-26 02:00:00,13.2,57,4.9,0.0,1,1015.5,38
2025-12-26 03:00:00,13.3,55,4.5,0.0,2,1015.7,62
2025-12-26 04:00:00,13.1,59,5.1,0.0,2,1015.9,50
2025-12-26 05:00:00,13.4,56,4.7,0.0,1,1015.7,34
2025-12-26 06:00:00,12.8,58,4.8,0.0,1,1016.2,45
2025-12-26 07:00:00,12.8,59,5.0,0.0,0,1016.5,19
2025-12-26 08:00:00,12.8,58,4.8,0.0,1,1017.2,25
2025-12-26 09:00:00,13.0,62,6.0,0.0,1,1018.0,34
2025-12-26 10:00:00,13.5,59,5.7,0.0,2,1018.5,52
2025-12-26 11:00:00,14.0,58,5.9,0.0,1,1018.1,45
2025-12-26 12:00:00,14.1,56,5.6,0.0,2,1017.7,70
2025-12-26 13:00:00,13.9,60,6.2,0.0,1,1017.3,41
2025-12-26 14:00:00,13.9,59,6.1,0.0,1,1016.9,38
2025-12-26 15:00:00,13.5,63,6.5,0.0,2,1017.0,59
2025-12-26 16:00:00,13.1,63,6.1,0.0,1,1017.4,47
2025-12-26 17:00:00,12.1,66,6.0,0.0,2,1018.0,50
2025-12-26 18:00:00,12.1,68,6.3,0.1,51,1018.5,74
2025-12-26 19:00:00,11.8,70,6.5,0.1,51,1019.0,38
2025-12-26 20:00:00,11.8,69,6.3,0.0,0,1019.3,14
2025-12-26 21:00:00,11.5,73,6.8,0.1,51,1019.4,30
2025-12-26 22:00:00,11.2,74,6.7,0.1,51,1019.5,78
2025-12-26 23:00:00,12.0,70,6.6,0.1,51,1019.4,57
2025-12-27 00:00:00,12.0,67,6.0,0.0,2,1019.2,62
2025-12-27 01:00:00,11.9,65,5.5,0.0,3,1019.2,100
2025-12-27 02:00:00,11.9,66,5.8,0.0,2,1019.2,55
2025-12-27 03:00:00,11.6,70,6.3,0.0,1,1019.5,43
2025-12-27 04:00:00,11.4,71,6.4,0.0,1,1019.2,36
2025-12-27 05:00:00,11.8,68,6.2,0.0,1,1018.9,28
2025-12-27 06:00:00,11.9,66,5.9,0.0,1,1019.2,38
2025-12-27 07:00:00,11.7,68,6.0,0.0,0,1019.5,17
2025-12-27 08:00:00,11.8,72,6.9,0.0,1,1019.5,24
2025-12-27 09:00:00,13.8,66,7.6,0.0,1,1019.9,22
2025-12-27 10:00:00,14.4,63,7.5,0.0,0,1020.4,9
2025-12-27 11:00:00,15.4,57,7.0,0.0,0,1020.0,7
2025-12-27 12:00:00,16.0,53,6.3,0.0,1,1019.0,30
2025-12-27 13:00:00,16.1,51,5.8,0.0,1,1018.1,49
2025-12-27 14:00:00,15.8,51,5.8,0.0,2,1017.3,57
2025-12-27 15:00:00,15.5,53,5.9,0.0,1,1017.0,38
2025-12-27 16:00:00,14.7,58,6.4,0.0,1,1017.8,45
2025-12-27 17:00:00,13.4,68,7.6,0.0,1,1018.7,38
2025-12-27 18:00:00,12.8,68,7.0,0.0,1,1019.2,43
2025-12-27 19:00:00,12.7,70,7.4,0.0,2,1019.7,54
2025-12-27 20:00:00,12.6,71,7.4,0.0,0,1019.7,7
2025-12-27 21:00:00,13.1,71,8.0,0.0,3,1019.5,100
2025-12-27 22:00:00,13.6,67,7.5,0.0,3,1020.1,100
2025-12-27 23:00:00,13.6,65,7.1,0.0,3,1020.2,100
2025-12-28 00:00:00,13.4,65,7.0,0.0,3,1020.2,93
2025-12-28 01:00:00,13.1,67,7.1,0.0,0,1020.0,12
2025-12-28 02:00:00,12.5,70,7.2,0.0,0,1019.9,15
2025-12-28 03:00:00,12.5,71,7.3,0.0,0,1019.8,19
2025-12-28 04:00:00,12.2,73,7.4,0.0,0,1019.2,9
2025-12-28 05:00:00,12.3,72,7.4,0.0,0,1018.7,9
2025-12-28 06:00:00,12.5,72,7.6,0.0,0,1018.8,0
2025-12-28 07:00:00,11.2,78,7.4,0.0,1,1018.9,45
2025-12-28 08:00:00,13.6,70,8.3,0.0,2,1019.4,77
2025-12-28 09:00:00,15.1,69,9.5,0.0,1,1020.6,21
2025-12-28 10:00:00,16.0,56,7.3,0.0,1,1020.8,42
2025-12-28 11:00:00,16.4,54,7.1,0.0,3,1020.5,92
2025-12-28 12:00:00,16.7,53,7.0,0.0,0,1019.4,15
2025-12-28 13:00:00,17.3,49,6.6,0.0,0,1018.4,9
2025-12-28 14:00:00,17.4,47,6.0,0.0,0,1017.7,9
2025-12-28 15:00:00,17.6,46,5.9,0.0,0,1017.2,13
2025-12-28 16:00:00,17.3,51,6.9,0.0,0,1017.3,7
2025-12-28 17:00:00,15.4,68,9.6,0.0,1,1017.9,21
2025-12-28 18:00:00,14.1,70,8.8,0.0,0,1018.6,7
2025-12-28 19:00:00,14.4,69,8.8,0.0,0,1018.8,5
2025-12-28 20:00:00,13.9,73,9.1,0.0,0,1018.9,5
2025-12-28 21:00:00,14.6,75,10.3,0.0,2,1019.3,51
2025-12-28 22:00:00,14.2,77,10.1,0.0,3,1019.6,99
2025-12-28 23:00:00,14.4,74,9.9,0.0,3,1019.7,100
2025-12-29 00:00:00,14.7,72,9.8,0.0,3,1019.0,100
2025-12-29 01:00:00,15.0,73,10.1,0.0,3,1018.7,100
2025-12-29 02:00:00,15.3,73,10.6,0.0,3,1018.5,100
2025-12-29 03:00:00,15.5,78,11.7,0.0,3,1017.9,100
2025-12-29 04:00:00,15.4,80,12.0,0.0,3,1017.7,100
2025-12-29 05:00:00,15.7,77,11.7,0.0,3,1016.8,100
2025-12-29 06:00:00,16.0,77,11.9,0.0,3,1017.4,100
2025-12-29 07:00:00,16.2,76,11.9,0.1,51,1017.4,100
2025-12-29 08:00:00,16.5,75,12.1,0.0,3,1018.1,100
2025-12-29 09:00:00,16.7,80,13.2,0.0,3,1018.5,100
2025-12-29 10:00:00,16.6,82,13.5,0.9,53,1019.4,99
2025-12-29 11:00:00,17.0,86,14.7,1.7,61,1018.7,91
2025-12-29 12:00:00,17.5,81,14.1,0.0,3,1017.7,95
2025-12-29 13:00:00,17.7,76,13.4,0.0,3,1016.5,98
2025-12-29 14:00:00,18.3,69,12.5,0.0,3,1016.3,100
2025-12-29 15:00:00,17.9,78,14.0,1.1,55,1015.9,100
2025-12-29 16:00:00,17.8,79,14.1,0.2,51,1015.8,77
2025-12-29 17:00:00,17.9,77,13.9,0.0,1,1016.0,31
2025-12-29 18:00:00,17.1,81,13.8,0.0,1,1016.3,45
2025-12-29 19:00:00,16.8,84,14.0,0.0,1,1016.9,31
2025-12-29 20:00:00,16.9,82,13.8,0.1,51,1017.3,27
2025-12-29 21:00:00,17.3,84,14.6,0.1,51,1017.2,43
2025-12-29 22:00:00,17.3,84,14.6,0.1,51,1017.2,57
2025-12-29 23:00:00,17.2,83,14.2,0.1,51,1017.1,100
2025-12-30 00:00:00,17.6,80,14.2,0.0,2,1016.4,57
2025-12-30 01:00:00,17.3,80,13.9,0.0,3,1016.3,100
2025-12-30 02:00:00,17.9,75,13.5,0.0,3,1016.1,100
2025-12-30 03:00:00,17.7,75,13.3,0.2,51,1015.2,100
2025-12-30 04:00:00,17.6,76,13.4,0.0,2,1014.8,66
2025-12-30 05:00:00,17.4,80,13.9,0.6,53,1014.4,47
2025-12-30 06:00:00,17.3,80,13.8,0.0,3,1015.1,100
2025-12-30 07:00:00,17.8,75,13.2,0.0,3,1015.4,100
2025-12-30 08:00:00,17.9,73,12.9,0.1,51,1015.7,100
2025-12-30 09:00:00,19.2,66,12.8,0.0,3,1015.8,100
2025-12-30 10:00:00,19.0,69,13.2,0.1,51,1016.0,99
2025-12-30 11:00:00,19.4,70,13.7,0.1,51,1015.6,100
2025-12-30 12:00:00,19.3,70,13.8,0.0,3,1014.3,100
2025-12-30 13:00:00,19.9,66,13.4,0.0,3,1013.2,100
2025-12-30 14:00:00,19.8,68,13.7,0.0,2,1012.3,77
2025-12-30 15:00:00,20.0,66,13.4,0.0,3,1012.4,100
2025-12-30 16:00:00,19.6,69,13.7,0.0,3,1012.6,100
2025-12-30 17:00:00,18.7,75,14.3,0.0,3,1012.5,100
2025-12-30 18:00:00,18.3,75,13.9,0.0,3,1013.1,100
2025-12-30 19:00:00,17.8,77,13.8,0.0,3,1013.7,100
2025-12-30 20:00:00,17.9,76,13.7,0.0,3,1013.9,100
2025-12-30 21:00:00,17.7,80,14.3,0.0,3,1013.6,96
2025-12-30 22:00:00,16.7,86,14.4,0.0,3,1014.0,88
2025-12-30 23:00:00,16.6,85,14.1,0.0,3,1013.8,100
2025-12-31 00:00:00,16.8,84,14.0,0.2,51,1013.3,100
2025-12-31 01:00:00,16.9,84,14.1,0.1,51,1012.8,100
2025-12-31 02:00:00,17.2,81,13.9,0.1,51,1012.9,100
2025-12-31 03:00:00,17.1,77,13.0,1.0,55,1012.8,100
2025-12-31 04:00:00,16.7,79,13.0,0.3,51,1012.4,100
2025-12-31 05:00:00,16.5,81,13.3,0.1,51,1012.3,100
2025-12-31 06:00:00,16.4,82,13.4,0.4,51,1012.9,100
2025-12-31 07:00:00,16.1,87,13.9,1.6,61,1013.3,100
2025-12-31 08:00:00,15.7,89,14.0,0.8,53,1012.8,100
2025-12-31 09:00:00,17.8,75,13.3,0.2,51,1013.5,84
2025-12-31 10:00:00,18.6,68,12.5,0.0,3,1013.8,100
2025-12-31 11:00:00,18.6,66,12.0,0.0,3,1013.3,100
2025-12-31 12:00:00,17.9,64,11.1,0.0,3,1012.7,100
2025-12-31 13:00:00,17.4,71,12.0,0.3,51,1011.9,100
2025-12-31 14:00:00,17.0,76,12.7,0.3,51,1011.8,100
2025-12-31 15:00:00,16.2,86,13.8,0.1,51,1011.5,100
2025-12-31 16:00:00,16.5,82,13.4,0.2,51,1011.7,100
2025-12-31 17:00:00,15.6,88,13.6,0.6,53,1012.3,100
2025-12-31 18:00:00,15.4,89,13.6,0.3,51,1012.6,100
2025-12-31 19:00:00,15.3,87,13.2,0.1,51,1013.0,99
2025-12-31 20:00:00,15.1,86,12.8,0.1,51,1012.7,100
2025-12-31 21:00:00,14.8,86,12.6,0.1,51,1013.8,100
2025-12-31 22:00:00,14.8,84,12.2,0.0,3,1014.0,100
2025-12-31 23:00:00,14.8,82,11.7,0.0,3,1013.3,99
2026-01-01 00:00:00,14.9,79,11.3,0.0,3,1013.0,100
2026-01-01 01:00:00,15.1,76,10.8,0.1,51,1013.1,100
2026-01-01 02:00:00,15.0,74,10.4,0.1,51,1013.1,100
2026-01-01 03:00:00,14.8,75,10.5,0.1,51,1012.6,100
2026-01-01 04:00:00,14.3,79,10.7,0.3,51,1011.9,100
2026-01-01 05:00:00,14.2,80,10.9,0.3,51,1012.5,100
2026-01-01 06:00:00,14.0,82,11.0,0.2,51,1012.3,100
2026-01-01 07:00:00,13.9,85,11.4,0.3,51,1012.9,100
2026-01-01 08:00:00,13.5,88,11.5,0.2,51,1013.1,100
2026-01-01 09:00:00,14.0,90,12.3,0.1,51,1013.9,100
2026-01-01 10:00:00,14.8,90,13.2,0.5,53,1014.1,100
2026-01-01 11:00:00,14.5,89,12.8,0.0,3,1014.0,100
2026-01-01 12:00:00,14.8,86,12.5,0.3,51,1014.0,100
2026-01-01 13:00:00,14.5,85,12.1,0.3,51,1013.1,100
2026-01-01 14:00:00,14.9,81,11.6,0.1,51,1013.5,100
2026-01-01 15:00:00,13.7,89,11.9,0.2,51,1013.0,100
2026-01-01 16:00:00,13.6,86,11.3,0.0,3,1013.6,98
2026-01-01 17:00:00,13.2,84,10.5,0.0,3,1013.8,99
2026-01-01 18:00:00,13.8,74,9.1,0.0,3,1014.5,100
2026-01-01 19:00:00,12.9,78,9.2,0.0,3,1015.5,100
2026-01-01 20:00:00,13.2,72,8.3,0.0,3,1015.8,99
2026-01-01 21:00:00,14.4,58,6.3,0.0,3,1015.6,100
2026-01-01 22:00:00,14.2,59,6.3,0.0,2,1015.9,72
2026-01-01 23:00:00,13.1,66,7.0,0.1,51,1015.9,46
2026-01-02 00:00:00,12.7,69,7.2,0.0,3,1015.8,84
2026-01-02 01:00:00,12.8,67,6.8,0.0,2,1015.8,77
2026-01-02 02:00:00,12.5,69,6.9,0.0,3,1016.0,100
2026-01-02 03:00:00,12.5,69,6.9,0.0,1,1015.2,23
2026-01-02 04:00:00,12.0,74,7.4,0.1,51,1015.5,38
2026-01-02 05:00:00,11.5,72,6.6,0.1,51,1015.3,71
2026-01-02 06:00:00,11.5,69,5.9,0.1,51,1015.7,91
2026-01-02 07:00:00,11.7,74,7.2,0.4,51,1016.3,39
2026-01-02 08:00:00,11.2,74,6.8,0.1,51,1016.7,54
2026-01-02 09:00:00,12.2,71,7.0,0.2,51,1017.2,53
2026-01-02 10:00:00,12.7,71,7.5,0.6,53,1017.8,39
2026-01-02 11:00:00,13.4,60,5.7,0.1,51,1017.6,28
2026-01-02 12:00:00,13.2,53,3.8,0.0,1,1017.1,45
2026-01-02 13:00:00,12.2,73,7.5,0.1,51,1016.8,70
2026-01-02 14:00:00,11.7,70,6.4,0.2,51,1016.5,48
2026-01-02 15:00:00,11.3,69,5.8,0.2,51,1016.5,73
2026-01-02 16:00:00,11.4,67,5.5,0.1,51,1016.6,54
2026-01-02 17:00:00,11.3,62,4.2,0.0,1,1017.2,35
2026-01-02 18:00:00,11.0,64,4.4,0.1,51,1017.8,31
2026-01-02 19:00:00,10.5,65,4.3,0.1,51,1018.6,33
2026-01-02 20:00:00,10.3,66,4.2,0.1,51,1019.3,75
2026-01-02 21:00:00,11.2,49,1.0,0.0,2,1019.7,67
2026-01-02 22:00:00,11.0,49,0.8,0.0,0,1020.2,9
2026-01-02 23:00:00,10.8,50,0.8,0.0,1,1020.6,28
2026-01-03 00:00:00,10.3,58,2.4,0.0,0,1020.6,9
2026-01-03 01:00:00,10.4,59,2.6,0.0,1,1020.5,33
2026-01-03 02:00:00,10.5,56,2.0,0.0,1,1020.6,29
2026-01-03 03:00:00,10.8,67,4.9,0.0,1,1020.5,21
2026-01-03 04:00:00,10.4,69,5.0,0.0,0,1020.3,13
2026-01-03 05:00:00,10.8,60,3.4,0.0,0,1020.2,6
2026-01-03 06:00:00,11.1,55,2.4,0.0,1,1020.8,27
2026-01-03 07:00:00,11.6,52,2.1,0.0,1,1021.2,20
2026-01-03 08:00:00,11.7,54,2.7,0.0,1,1021.4,22
2026-01-03 09:00:00,12.0,67,6.1,0.0,0,1021.9,17
2026-01-03 10:00:00,12.6,58,4.5,0.0,3,1022.8,88
2026-01-03 11:00:00,13.6,54,4.6,0.0,2,1022.4,76
2026-01-03 12:00:00,14.3,50,4.1,0.0,3,1021.9,98
2026-01-03 13:00:00,14.1,53,4.6,0.0,2,1021.4,67
2026-01-03 14:00:00,14.3,51,4.3,0.0,3,1021.0,100
2026-01-03 15:00:00,14.3,54,5.0,0.0,1,1020.8,41
2026-01-03 16:00:00,14.1,52,4.5,0.0,2,1021.0,55
2026-01-03 17:00:00,13.4,57,5.1,0.0,3,1021.7,84
2026-01-03 18:00:00,13.5,54,4.5,0.0,2,1021.9,52
2026-01-03 19:00:00,13.0,57,4.6,0.0,3,1022.6,99
2026-01-03 20:00:00,12.9,59,5.1,0.0,2,1022.8,70
2026-01-03 21:00:00,13.2,61,5.8,0.0,2,1023.0,61
2026-01-03 22:00:00,13.1,62,6.0,0.0,1,1023.2,41
2026-01-03 23:00:00,13.2,62,6.0,0.0,1,1023.1,38
2026-01-04 00:00:00,12.9,63,5.9,0.0,3,1023.0,86
2026-01-04 01:00:00,12.8,64,6.2,0.0,2,1022.7,64
2026-01-04 02:00:00,12.5,66,6.4,0.0,2,1022.4,60
2026-01-04 03:00:00,11.8,69,6.2,0.0,1,1021.9,23
2026-01-04 04:00:00,12.7,65,6.2,0.0,1,1021.7,29
2026-01-04 05:00:00,13.0,64,6.3,0.0,2,1021.8,58
2026-01-04 06:00:00,12.9,64,6.4,0.0,3,1022.1,95
2026-01-04 07:00:00,12.7,66,6.6,0.0,2,1022.6,56
2026-01-04 08:00:00,12.9,70,7.6,0.0,2,1022.9,68
2026-01-04 09:00:00,14.9,65,8.3,0.0,0,1022.9,19
2026-01-04 10:00:00,15.6,55,6.6,0.0,1,1023.6,40
2026-01-04 11:00:00,15.6,58,7.4,0.0,1,1023.3,48
2026-01-04 12:00:00,16.0,57,7.4,0.0,2,1022.6,69
2026-01-04 13:00:00,16.3,55,7.2,0.0,2,1021.7,59
2026-01-04 14:00:00,16.3,55,7.4,0.0,2,1020.6,55
2026-01-04 15:00:00,16.3,53,6.7,0.0,2,1020.0,72
2026-01-04 16:00:00,15.8,58,7.5,0.0,1,1020.0,45
2026-01-04 17:00:00,15.1,63,8.1,0.0,1,1020.0,41
2026-01-04 18:00:00,14.2,64,7.5,0.0,1,1020.2,45
2026-01-04 19:00:00,14.2,63,7.3,0.0,2,1020.6,52
2026-01-04 20:00:00,13.9,64,7.2,0.0,2,1020.9,71
2026-01-04 21:00:00,12.6,77,8.7,0.0,0,1020.7,3
2026-01-04 22:00:00,12.6,74,8.1,0.0,2,1020.6,59
2026-01-04 23:00:00,13.1,74,8.6,0.0,3,1020.4,92
2026-01-05 00:00:00,13.4,72,8.5,0.0,2,1020.2,65
2026-01-05 01:00:00,13.1,75,8.8,0.0,2,1019.9,60
2026-01-05 02:00:00,12.8,77,8.8,0.0,2,1019.1,51
2026-01-05 03:00:00,14.1,72,9.1,0.0,2,1018.7,57
2026-01-05 04:00:00,14.0,73,9.2,0.0,1,1018.2,22
2026-01-05 05:00:00,14.7,70,9.3,0.0,1,1017.6,43
2026-01-05 06:00:00,14.7,70,9.3,0.0,1,1017.3,20
2026-01-05 07:00:00,14.7,68,9.0,0.0,1,1017.7,48
2026-01-05 08:00:00,14.5,74,10.0,0.0,1,1018.1,42
2026-01-05 09:00:00,14.8,82,11.8,0.0,3,1018.9,100
2026-01-05 10:00:00,15.7,78,11.9,0.1,51,1018.9,100
2026-01-05 11:00:00,16.3,73,11.5,0.0,3,1018.3,100
2026-01-05 12:00:00,16.7,71,11.3,0.0,0,1017.2,19
2026-01-05 13:00:00,17.3,66,10.9,0.1,51,1016.0,82
2026-01-05 14:00:00,16.9,67,10.7,0.0,3,1015.2,100
2026-01-05 15:00:00,15.3,82,12.3,0.3,51,1014.9,98
2026-01-05 16:00:00,15.5,86,13.2,0.2,51,1014.5,100
2026-01-05 17:00:00,15.0,87,12.8,0.2,51,1014.9,100
2026-01-05 18:00:00,14.4,91,12.9,1.3,61,1015.2,100
2026-01-05 19:00:00,13.4,97,12.9,2.2,61,1015.7,100
2026-01-05 20:00:00,13.1,97,12.6,1.2,55,1015.9,100
2026-01-05 21:00:00,14.0,91,12.5,2.1,61,1016.8,100
2026-01-05 22:00:00,13.7,90,12.2,0.3,51,1016.5,98
2026-01-05 23:00:00,13.6,91,12.2,0.3,51,1016.8,100
2026-01-06 00:00:00,13.6,90,12.0,0.3,51,1016.2,100
2026-01-06 01:00:00,12.8,96,12.2,1.3,61,1016.0,100
2026-01-06 02:00:00,13.7,90,12.1,0.0,2,1016.1,72
2026-01-06 03:00:00,13.4,90,11.8,0.0,1,1015.9,41
2026-01-06 04:00:00,12.9,92,11.6,0.1,51,1015.8,62
2026-01-06 05:00:00,12.7,92,11.4,0.1,51,1015.6,76
2026-01-06 06:00:00,13.1,88,11.1,0.3,51,1016.0,71
2026-01-06 07:00:00,12.5,89,10.7,0.1,51,1016.6,47
2026-01-06 08:00:00,12.8,86,10.4,0.0,1,1017.2,49
2026-01-06 09:00:00,13.4,90,11.7,0.0,0,1017.6,16
2026-01-06 10:00:00,14.4,79,10.8,0.1,51,1018.2,16
2026-01-06 11:00:00,15.0,70,9.6,0.0,0,1017.8,13
2026-01-06 12:00:00,15.7,65,9.2,0.0,0,1017.0,16
2026-01-06 13:00:00,15.9,62,8.7,0.1,51,1016.3,9
2026-01-06 14:00:00,16.1,59,8.2,0.0,0,1015.6,17
2026-01-06 15:00:00,16.1,58,8.0,0.0,1,1015.4,34
2026-01-06 16:00:00,15.6,58,7.5,0.0,1,1015.6,25
2026-01-06 17:00:00,14.7,64,8.0,0.0,1,1015.8,23
2026-01-06 18:00:00,13.5,68,7.8,0.0,1,1015.9,20
2026-01-06 19:00:00,12.8,71,7.6,0.0,1,1016.5,41
2026-01-06 20:00:00,12.8,69,7.3,0.0,2,1017.0,67
2026-01-06 21:00:00,13.5,76,9.3,0.0,1,1016.6,45
2026-01-06 22:00:00,12.7,78,9.0,0.0,1,1016.5,25
2026-01-06 23:00:00,12.7,77,8.8,0.0,1,1016.1,29
2026-01-07 00:00:00,11.8,80,8.5,0.0,1,1015.7,33
2026-01-07 01:00:00,11.9,77,7.9,0.0,1,1015.1,46
2026-01-07 02:00:00,11.9,76,7.9,0.0,2,1014.5,50
2026-01-07 03:00:00,13.0,72,8.1,0.3,51,1014.1,82
2026-01-07 04:00:00,12.9,79,9.4,0.2,51,1013.9,57
2026-01-07 05:00:00,13.0,84,10.3,0.2,51,1013.9,88
2026-01-07 06:00:00,12.4,81,9.3,0.4,51,1014.4,96
2026-01-07 07:00:00,11.7,78,8.0,0.2,51,1015.3,80
2026-01-07 08:00:00,12.1,73,7.5,0.3,51,1016.0,77
2026-01-07 09:00:00,14.0,64,7.4,0.6,53,1016.5,95
2026-01-07 10:00:00,14.2,71,9.0,0.3,51,1016.8,30
2026-01-07 11:00:00,14.1,59,6.3,0.0,0,1017.1,14
2026-01-07 12:00:00,14.1,58,5.9,0.0,0,1016.6,14
2026-01-07 13:00:00,13.6,63,6.6,0.1,51,1016.5,57
2026-01-07 14:00:00,13.5,69,7.9,0.1,51,1016.4,52
2026-01-07 15:00:00,14.1,62,6.9,0.2,51,1015.9,36
2026-01-07 16:00:00,13.9,65,7.5,0.1,51,1016.4,34
2026-01-07 17:00:00,13.2,66,6.9,0.1,51,1016.9,46
2026-01-07 18:00:00,13.1,64,6.6,0.0,2,1017.8,62
2026-01-07 19:00:00,13.1,67,7.1,0.1,51,1018.6,73
2026-01-07 20:00:00,13.5,68,7.8,0.0,1,1018.8,30
2026-01-07 21:00:00,14.3,61,6.9,0.0,1,1019.0,37
2026-01-07 22:00:00,14.2,61,6.8,0.0,1,1019.1,31
2026-01-07 23:00:00,14.1,61,6.7,0.0,1,1019.0,25
2026-01-08 00:00:00,14.0,62,6.9,0.0,0,1018.6,17
2026-01-08 01:00:00,13.8,64,7.0,0.0,1,1018.8,28
2026-01-08 02:00:00,13.7,66,7.4,0.0,1,1018.7,22
2026-01-08 03:00:00,13.8,62,6.6,0.0,0,1018.3,11
2026-01-08 04:00:00,13.8,59,5.9,0.0,1,1018.2,24
2026-01-08 05:00:00,13.8,56,5.3,0.0,0,1018.2,13
2026-01-08 06:00:00,13.8,54,4.6,0.0,1,1018.6,20
2026-01-08 07:00:00,13.1,60,5.5,0.0,1,1019.2,20
2026-01-08 08:00:00,13.2,61,5.8,0.0,0,1019.6,16
2026-01-08 09:00:00,14.7,59,6.7,0.0,1,1019.6,22
2026-01-08 10:00:00,14.7,58,6.4,0.0,1,1020.1,26
2026-01-08 11:00:00,14.2,58,6.1,0.0,1,1020.1,38
2026-01-08 12:00:00,13.8,66,7.5,0.2,51,1019.2,27
2026-01-08 13:00:00,13.9,65,7.5,0.2,51,1018.6,77
2026-01-08 14:00:00,13.6,66,7.3,0.2,51,1018.1,44
2026-01-08 15:00:00,13.8,64,7.1,0.1,51,1017.8,13
2026-01-08 16:00:00,13.6,58,5.5,0.0,0,1017.9,9
2026-01-08 17:00:00,11.9,71,6.9,0.2,51,1018.6,65
2026-01-08 18:00:00,11.0,73,6.4,0.1,51,1019.4,63
2026-01-08 19:00:00,11.3,70,6.0,0.0,1,1019.7,42
2026-01-08 20:00:00,10.8,71,5.8,0.1,51,1020.1,59
2026-01-08 21:00:00,11.8,71,6.8,0.1,51,1020.1,64
2026-01-08 22:00:00,10.7,74,6.2,0.0,2,1020.3,79
2026-01-08 23:00:00,10.9,74,6.4,0.1,51,1020.0,27
2026-01-09 00:00:00,10.9,76,6.7,0.1,51,1019.8,55
2026-01-09 01:00:00,9.8,80,6.6,0.1,51,1020.2,54
2026-01-09 02:00:00,9.6,79,6.1,0.0,2,1020.2,62
2026-01-09 03:00:00,10.5,78,6.9,0.0,1,1019.1,46
2026-01-09 04:00:00,10.4,79,6.9,0.1,51,1018.8,66
2026-01-09 05:00:00,10.5,77,6.5,0.1,51,1018.7,49
2026-01-09 06:00:00,10.6,75,6.3,0.1,51,1018.9,54
2026-01-09 07:00:00,10.3,73,5.7,0.0,2,1019.5,68
2026-01-09 08:00:00,11.3,71,6.1,0.0,2,1019.8,62
2026-01-09 09:00:00,12.4,72,7.5,0.0,1,1020.7,23
2026-01-09 10:00:00,13.8,61,6.5,0.0,0,1020.8,16
2026-01-09 11:00:00,14.4,61,7.0,0.3,51,1020.3,55
2026-01-09 12:00:00,15.1,57,6.7,0.0,1,1019.6,39
2026-01-09 13:00:00,15.8,52,5.9,0.0,1,1018.5,41
2026-01-09 14:00:00,16.2,49,5.5,0.0,3,1017.5,100
2026-01-09 15:00:00,15.9,51,5.7,0.0,3,1017.3,100
2026-01-09 16:00:00,15.3,58,7.0,0.0,2,1017.4,63
2026-01-09 17:00:00,14.5,63,7.5,0.0,1,1017.5,44
2026-01-09 18:00:00,13.3,69,7.7,0.0,1,1018.1,37
2026-01-09 19:00:00,13.0,72,8.2,0.0,1,1018.4,38
2026-01-09 20:00:00,12.9,75,8.6,0.0,1,1018.4,49
2026-01-09 21:00:00,13.7,76,9.5,0.0,3,1018.3,90
2026-01-09 22:00:00,12.4,83,9.6,0.6,53,1018.7,93
2026-01-09 23:00:00,12.4,75,8.0,0.6,53,1018.7,70
2026-01-10 00:00:00,12.0,84,9.4,0.2,51,1018.7,95
2026-01-10 01:00:00,12.0,89,10.2,0.1,51,1018.3,33
2026-01-10 02:00:00,12.0,88,10.0,0.1,51,1017.6,9
2026-01-10 03:00:00,12.3,91,10.9,0.0,0,1016.8,18
2026-01-10 04:00:00,12.1,90,10.5,0.0,1,1016.9,34
2026-01-10 05:00:00,12.3,84,9.7,0.0,2,1016.8,52
2026-01-10 06:00:00,12.4,82,9.5,0.0,2,1017.2,50
2026-01-10 07:00:00,12.7,79,9.2,0.0,0,1017.5,16
2026-01-10 08:00:00,13.4,79,9.8,0.0,0,1017.5,14
2026-01-10 09:00:00,15.4,87,13.2,0.0,0,1017.6,13
2026-01-10 10:00:00,16.7,78,12.8,0.1,51,1018.0,16
2026-01-10 11:00:00,16.9,74,12.2,0.1,51,1017.6,48
2026-01-10 12:00:00,17.1,73,12.2,0.1,51,1016.1,36
2026-01-10 13:00:00,17.2,70,11.8,0.2,51,1015.4,27
2026-01-10 14:00:00,16.7,73,11.8,0.2,51,1015.4,27
2026-01-10 15:00:00,17.3,66,11.0,0.0,0,1014.5,11
2026-01-10 16:00:00,17.3,65,10.7,0.0,0,1014.6,5
2026-01-10 17:00:00,16.5,69,10.7,0.0,0,1014.7,4
2026-01-10 18:00:00,15.3,72,10.2,0.0,0,1015.5,18
2026-01-10 19:00:00,15.1,71,9.9,0.0,1,1016.2,27
2026-01-10 20:00:00,15.2,67,9.1,0.0,1,1017.0,20
2026-01-10 21:00:00,15.7,59,7.7,0.0,0,1017.4,2
2026-01-10 22:00:00,15.5,59,7.5,0.0,0,1017.6,9
2026-01-10 23:00:00,15.3,60,7.6,0.0,0,1017.8,13
2026-01-11 00:00:00,15.9,51,5.9,0.0,1,1017.4,27
2026-01-11 01:00:00,15.8,52,6.1,0.0,0,1017.5,4
2026-01-11 02:00:00,15.1,59,7.2,0.0,0,1017.6,10
2026-01-11 03:00:00,15.0,56,6.4,0.0,0,1017.6,9
2026-01-11 04:00:00,14.4,61,6.9,0.0,0,1018.0,8
2026-01-11 05:00:00,13.8,64,7.1,0.0,0,1018.2,18
2026-01-11 06:00:00,13.4,67,7.4,0.0,0,1018.5,14
2026-01-11 07:00:00,13.0,62,5.8,0.0,1,1019.3,31
2026-01-11 08:00:00,12.8,61,5.5,0.0,1,1019.7,28
2026-01-11 09:00:00,13.2,59,5.5,0.0,3,1020.2,100
2026-01-11 10:00:00,13.6,57,5.3,0.0,2,1020.7,62
2026-01-11 11:00:00,14.0,57,5.5,0.0,3,1020.6,100
2026-01-11 12:00:00,13.4,58,5.3,0.0,2,1020.0,69
2026-01-11 13:00:00,13.3,56,4.6,0.0,3,1019.3,81
2026-01-11 14:00:00,12.8,55,4.1,0.0,3,1019.2,100
2026-01-11 15:00:00,12.6,58,4.5,0.0,3,1019.4,100
2026-01-11 16:00:00,12.0,58,3.9,0.0,3,1019.9,100
2026-01-11 17:00:00,12.0,58,3.9,0.0,3,1020.3,100
2026-01-11 18:00:00,12.0,56,3.5,0.0,3,1020.9,100
2026-01-11 19:00:00,12.0,56,3.4,0.0,3,1021.3,92
2026-01-11 20:00:00,12.1,55,3.4,0.0,3,1021.7,98
2026-01-11 21:00:00,12.2,58,4.1,0.0,3,1022.0,100
2026-01-11 22:00:00,12.3,57,4.0,0.0,1,1021.9,44
2026-01-11 23:00:00,12.5,57,4.1,0.0,1,1021.8,41
2026-01-12 00:00:00,12.6,54,3.6,0.0,3,1021.7,95
2026-01-12 01:00:00,12.6,56,4.1,0.0,2,1021.7,77
2026-01-12 02:00:00,12.2,58,4.3,0.0,2,1021.5,77
2026-01-12 03:00:00,12.6,56,4.1,0.0,3,1021.4,98
2026-01-12 04:00:00,12.5,57,4.2,0.0,3,1021.0,100
2026-01-12 05:00:00,12.5,59,4.7,0.0,3,1020.6,84
2026-01-12 06:00:00,12.3,60,4.8,0.0,3,1020.7,90
2026-01-12 07:00:00,12.4,61,5.1,0.0,3,1021.0,99
2026-01-12 08:00:00,12.8,65,6.3,0.0,3,1021.1,98
2026-01-12 09:00:00,13.7,62,6.5,0.0,2,1021.7,54
2026-01-12 10:00:00,14.5,56,5.8,0.0,3,1022.1,98
2026-01-12 11:00:00,14.9,54,5.8,0.0,3,1021.8,100
2026-01-12 12:00:00,14.6,59,6.7,0.0,3,1020.8,97
2026-01-12 13:00:00,14.7,60,7.0,0.1,51,1019.8,45
2026-01-12 14:00:00,14.7,61,7.1,0.0,0,1018.9,9
2026-01-12 15:00:00,15.0,57,6.6,0.0,1,1018.4,20
2026-01-12 16:00:00,14.7,55,5.9,0.0,1,1018.1,22
2026-01-12 17:00:00,14.0,64,7.3,0.0,1,1018.0,39
2026-01-12 18:00:00,12.0,71,6.9,0.0,1,1018.0,43
2026-01-12 19:00:00,12.2,66,6.1,0.0,1,1018.6,42
2026-01-12 20:00:00,13.9,59,5.9,0.0,3,1018.7,94
2026-01-12 21:00:00,13.6,63,6.8,0.0,3,1018.8,100
2026-01-12 22:00:00,13.5,64,6.9,0.0,2,1018.9,71
2026-01-12 23:00:00,13.8,62,6.7,0.0,3,1018.7,88
2026-01-13 00:00:00,14.1,60,6.4,0.0,3,1018.1,93
2026-01-13 01:00:00,14.5,59,6.7,0.0,2,1017.3,61
2026-01-13 02:00:00,14.7,60,7.0,0.0,3,1016.9,100
2026-01-13 03:00:00,15.0,61,7.7,0.0,3,1016.4,84
2026-01-13 04:00:00,14.8,63,7.8,0.1,51,1015.7,34
2026-01-13 05:00:00,15.2,60,7.5,0.1,51,1015.3,45
2026-01-13 06:00:00,15.2,63,8.3,0.1,51,1015.9,55
2026-01-13 07:00:00,15.3,67,9.3,0.1,51,1015.7,51
2026-01-13 08:00:00,15.1,70,9.6,0.2,51,1016.0,89
2026-01-13 09:00:00,15.2,82,12.2,0.2,51,1016.4,58
2026-01-13 10:00:00,17.2,77,13.1,0.0,3,1016.3,90
2026-01-13 11:00:00,17.8,70,12.3,0.0,1,1015.8,30
2026-01-13 12:00:00,18.4,55,9.3,0.0,1,1015.0,21
2026-01-13 13:00:00,18.4,56,9.4,0.0,0,1014.5,12
2026-01-13 14:00:00,18.3,56,9.4,0.0,0,1014.1,5
2026-01-13 15:00:00,18.0,53,8.4,0.0,0,1013.8,2
2026-01-13 16:00:00,17.3,57,8.7,0.0,0,1014.0,5
2026-01-13 17:00:00,16.4,60,8.6,0.0,0,1014.9,2
2026-01-13 18:00:00,15.4,57,7.0,0.0,0,1015.7,2
2026-01-13 19:00:00,15.0,59,7.1,0.0,1,1016.6,22
2026-01-13 20:00:00,15.0,59,7.1,0.0,1,1017.2,44
2026-01-13 21:00:00,14.8,60,7.0,0.0,1,1017.7,21
2026-01-13 22:00:00,14.5,60,6.9,0.0,1,1018.1,21
2026-01-13 23:00:00,14.8,57,6.3,0.0,2,1018.3,53
2026-01-14 00:00:00,14.8,54,5.5,0.0,0,1018.5,3
2026-01-14 01:00:00,14.0,54,4.9,0.0,0,1018.5,0
2026-01-14 02:00:00,13.7,56,5.0,0.0,0,1019.0,1
2026-01-14 03:00:00,13.1,59,5.3,0.0,0,1019.0,2
2026-01-14 04:00:00,12.9,60,5.4,0.0,0,1019.0,2
2026-01-14 05:00:00,12.7,61,5.3,0.0,0,1019.2,2
2026-01-14 06:00:00,12.1,64,5.4,0.0,0,1019.8,1
2026-01-14 07:00:00,11.0,70,5.8,0.0,0,1020.6,9
2026-01-14 08:00:00,12.9,64,6.4,0.0,0,1021.0,16
2026-01-14 09:00:00,15.0,65,8.4,0.0,0,1021.3,0
2026-01-14 10:00:00,15.8,54,6.4,0.0,0,1021.5,0
2026-01-14 11:00:00,16.4,49,5.7,0.0,0,1021.4,0
2026-01-14 12:00:00,16.9,46,5.1,0.0,0,1020.6,0
2026-01-14 13:00:00,17.1,46,5.5,0.0,0,1019.8,0
2026-01-14 14:00:00,17.2,48,6.0,0.0,0,1019.4,0
2026-01-14 15:00:00,16.6,52,6.7,0.0,0,1019.2,18
2026-01-14 16:00:00,16.0,55,6.9,0.0,0,1019.2,12
2026-01-14 17:00:00,14.9,63,7.9,0.0,0,1019.4,4
2026-01-14 18:00:00,13.6,68,7.9,0.0,0,1020.1,2
2026-01-14 19:00:00,13.5,71,8.3,0.0,0,1021.0,0
2026-01-14 20:00:00,13.4,72,8.5,0.0,0,1021.3,0
2026-01-14 21:00:00,13.2,71,8.0,0.0,0,1021.4,0
2026-01-14 22:00:00,13.1,73,8.4,0.0,0,1021.4,0
2026-01-14 23:00:00,13.3,76,9.1,0.0,0,1021.0,0
2026-01-15 00:00:00,13.4,79,9.9,0.0,0,1020.5,0
2026-01-15 01:00:00,13.4,80,10.1,0.0,0,1020.2,0
2026-01-15 02:00:00,13.5,78,9.7,0.0,0,1020.0,0
2026-01-15 03:00:00,13.9,71,8.8,0.0,0,1019.2,0
2026-01-15 04:00:00,13.7,72,8.7,0.0,0,1018.2,2
2026-01-15 05:00:00,14.3,70,8.8,0.0,0,1017.9,16
2026-01-15 06:00:00,14.7,65,8.2,0.0,1,1017.8,26
2026-01-15 07:00:00,15.0,62,7.8,0.0,2,1018.2,59
2026-01-15 08:00:00,15.6,64,8.7,0.0,3,1018.6,95
2026-01-15 09:00:00,16.5,68,10.6,0.0,1,1019.2,41
2026-01-15 10:00:00,17.5,54,8.2,0.0,1,1019.4,26
2026-01-15 11:00:00,18.2,50,7.7,0.0,2,1019.0,77
2026-01-15 12:00:00,18.5,51,8.2,0.0,3,1018.0,100
2026-01-15 13:00:00,18.2,54,8.7,0.0,3,1017.0,80
2026-01-15 14:00:00,18.6,54,9.1,0.0,3,1016.1,93
2026-01-15 15:00:00,18.4,55,9.3,0.0,3,1016.0,82
2026-01-15 16:00:00,18.1,62,10.6,0.0,3,1015.9,87
2026-01-15 17:00:00,17.5,68,11.5,0.0,1,1015.9,36
2026-01-15 18:00:00,15.6,73,10.9,0.0,1,1015.9,25
2026-01-15 19:00:00,15.2,73,10.4,0.0,1,1016.4,41
2026-01-15 20:00:00,15.0,72,10.0,0.0,1,1016.4,27
2026-01-15 21:00:00,15.2,75,10.8,0.0,0,1016.2,15
2026-01-15 22:00:00,16.8,68,11.0,0.0,0,1015.8,12
2026-01-15 23:00:00,16.9,65,10.3,0.0,0,1015.8,3
2026-01-16 00:00:00,14.8,72,9.9,0.0,1,1015.7,26
2026-01-16 01:00:00,15.1,75,10.8,0.0,0,1015.4,3
2026-01-16 02:00:00,15.2,75,10.8,0.0,0,1015.3,6
2026-01-16 03:00:00,14.7,78,11.0,0.0,0,1015.0,9
2026-01-16 04:00:00,14.4,80,11.1,0.0,0,1014.6,8
2026-01-16 05:00:00,14.7,80,11.3,0.0,1,1014.6,27
2026-01-16 06:00:00,14.2,82,11.1,0.0,1,1014.8,22
2026-01-16 07:00:00,14.2,81,11.0,0.0,1,1015.3,32
2026-01-16 08:00:00,15.8,77,11.8,0.0,1,1015.5,32
2026-01-16 09:00:00,18.2,77,14.2,0.0,1,1015.6,27
2026-01-16 10:00:00,19.2,64,12.2,0.1,51,1015.9,39
2026-01-16 11:00:00,19.7,61,11.9,0.1,51,1015.6,29
2026-01-16 12:00:00,19.8,61,12.1,0.2,51,1014.8,40
2026-01-16 13:00:00,19.7,62,12.2,0.0,1,1014.0,34
2026-01-16 14:00:00,19.9,60,11.8,0.1,51,1013.5,36
2026-01-16 15:00:00,19.7,61,11.9,0.0,1,1013.4,25
2026-01-16 16:00:00,19.6,61,11.9,0.0,0,1013.5,18
2026-01-16 17:00:00,18.7,72,13.5,0.0,0,1013.6,16
2026-01-16 18:00:00,17.6,74,12.9,0.0,0,1014.0,18
2026-01-16 19:00:00,16.9,76,12.7,0.0,0,1014.5,13
2026-01-16 20:00:00,16.3,77,12.3,0.0,0,1014.9,13
2026-01-16 21:00:00,15.8,82,12.7,0.0,1,1015.3,26
2026-01-16 22:00:00,15.2,86,12.9,0.0,1,1015.3,20
2026-01-16 23:00:00,16.4,85,13.8,0.0,1,1014.9,38
2026-01-17 00:00:00,16.5,81,13.3,0.0,2,1014.6,60
2026-01-17 01:00:00,16.5,80,13.1,0.0,3,1014.6,96
2026-01-17 02:00:00,16.9,79,13.1,0.0,2,1013.9,64
2026-01-17 03:00:00,15.7,85,13.2,0.0,2,1013.7,62
2026-01-17 04:00:00,15.8,85,13.2,0.0,2,1013.3,68
2026-01-17 05:00:00,15.6,83,12.8,0.0,0,1012.9,5
2026-01-17 06:00:00,15.1,84,12.5,0.0,0,1013.5,14
2026-01-17 07:00:00,15.1,84,12.4,0.0,0,1013.7,14
2026-01-17 08:00:00,15.5,84,12.8,0.0,0,1013.9,2
2026-01-17 09:00:00,17.8,80,14.4,0.0,0,1015.0,9
2026-01-17 10:00:00,19.1,71,13.7,0.2,51,1015.2,100
2026-01-17 11:00:00,19.1,69,13.2,0.1,51,1014.9,100
2026-01-17 12:00:00,18.5,71,13.1,0.1,51,1014.2,100
2026-01-17 13:00:00,18.8,70,13.2,0.0,3,1013.3,99
2026-01-17 14:00:00,19.1,68,13.1,0.0,3,1012.8,90
2026-01-17 15:00:00,19.1,65,12.4,0.0,3,1012.9,100
2026-01-17 16:00:00,18.7,69,13.0,0.0,3,1012.6,100
2026-01-17 17:00:00,18.2,73,13.3,0.0,3,1012.8,100
2026-01-17 18:00:00,17.7,71,12.5,0.0,3,1013.2,100
2026-01-17 19:00:00,17.8,70,12.3,0.0,3,1013.7,98
2026-01-17 20:00:00,17.7,71,12.4,0.0,2,1013.6,57
2026-01-17 21:00:00,17.6,74,13.0,0.0,3,1013.9,84
2026-01-17 22:00:00,17.7,73,12.8,0.0,3,1014.2,100
2026-01-17 23:00:00,18.2,70,12.6,0.0,3,1013.9,100
2026-01-18 00:00:00,18.3,70,12.7,0.0,1,1013.4,45
2026-01-18 01:00:00,17.9,72,12.7,0.0,2,1013.2,54
2026-01-18 02:00:00,17.8,72,12.7,0.0,3,1013.1,83
2026-01-18 03:00:00,18.1,71,12.7,0.0,1,1013.0,30
2026-01-18 04:00:00,17.8,72,12.6,0.0,2,1012.8,66
2026-01-18 05:00:00,17.8,72,12.7,0.0,2,1012.7,68
2026-01-18 06:00:00,18.0,70,12.5,0.0,3,1013.0,98
2026-01-18 07:00:00,18.2,68,12.3,0.0,2,1013.3,77
2026-01-18 08:00:00,18.3,71,13.0,0.0,2,1013.8,51
2026-01-18 09:00:00,19.6,72,14.5,0.0,2,1013.9,59
2026-01-18 10:00:00,20.5,65,13.7,0.0,1,1014.0,48
2026-01-18 11:00:00,20.7,64,13.8,0.1,51,1013.8,81
2026-01-18 12:00:00,20.8,64,13.8,0.3,51,1013.0,88
2026-01-18 13:00:00,20.6,64,13.6,0.0,3,1012.2,91
2026-01-18 14:00:00,20.7,64,13.7,0.1,51,1011.4,95
2026-01-18 15:00:00,20.6,64,13.5,0.2,51,1011.4,99
2026-01-18 16:00:00,19.4,73,14.4,0.4,51,1011.6,97
2026-01-18 17:00:00,19.0,78,15.1,0.0,3,1011.6,86
2026-01-18 18:00:00,18.4,79,14.7,0.0,3,1012.1,93
2026-01-18 19:00:00,17.6,86,15.3,0.1,51,1012.6,94
2026-01-18 20:00:00,17.8,86,15.5,0.0,3,1013.0,100
2026-01-18 21:00:00,18.9,79,15.1,0.0,1,1013.1,32
2026-01-18 22:00:00,18.9,76,14.5,0.0,1,1013.1,33
2026-01-18 23:00:00,18.7,76,14.4,0.0,1,1013.1,21
2026-01-19 00:00:00,18.5,77,14.3,0.0,1,1012.8,20
2026-01-19 01:00:00,18.5,77,14.3,0.0,1,1012.3,43
2026-01-19 02:00:00,18.6,76,14.3,0.0,0,1012.6,16
2026-01-19 03:00:00,18.5,78,14.7,0.0,1,1012.7,25
2026-01-19 04:00:00,17.9,82,14.8,0.0,1,1012.3,34
2026-01-19 05:00:00,17.8,83,14.9,0.0,0,1012.0,14
2026-01-19 06:00:00,18.0,81,14.7,0.0,0,1012.4,13
2026-01-19 07:00:00,18.1,81,14.7,0.0,1,1013.1,33
2026-01-19 08:00:00,18.5,81,15.1,0.0,2,1013.7,59
2026-01-19 09:00:00,19.9,74,15.2,0.0,0,1013.2,9
2026-01-19 10:00:00,20.8,67,14.4,0.0,1,1013.8,25
2026-01-19 11:00:00,21.0,65,14.1,0.0,1,1013.3,25
2026-01-19 12:00:00,21.4,63,14.1,0.0,0,1012.4,18
2026-01-19 13:00:00,21.5,63,14.2,0.0,0,1011.4,11
2026-01-19 14:00:00,21.6,62,13.9,0.0,0,1010.7,5
2026-01-19 15:00:00,21.2,64,14.1,0.0,0,1010.5,9
2026-01-19 16:00:00,20.8,65,14.1,0.0,0,1010.4,15
2026-01-19 17:00:00,19.9,75,15.4,0.0,0,1010.6,13
2026-01-19 18:00:00,18.8,79,15.2,0.0,0,1011.1,11
2026-01-19 19:00:00,18.3,82,15.1,0.0,0,1011.9,13
2026-01-19 20:00:00,17.8,82,14.6,0.0,1,1012.3,20
2026-01-19 21:00:00,17.6,80,14.2,0.0,0,1011.8,13
2026-01-19 22:00:00,17.4,79,13.8,0.0,0,1011.8,5
2026-01-19 23:00:00,17.1,80,13.6,0.0,0,1011.6,9
2026-01-20 00:00:00,17.3,81,14.1,0.0,0,1011.7,13
2026-01-20 01:00:00,16.5,87,14.3,0.0,1,1011.7,28
2026-01-20 02:00:00,16.7,85,14.2,0.0,2,1011.7,51
2026-01-20 03:00:00,16.6,83,13.7,0.0,3,1011.8,85
2026-01-20 04:00:00,16.6,84,13.9,0.1,51,1011.2,77
2026-01-20 05:00:00,16.6,83,13.8,0.1,51,1011.0,84
2026-01-20 06:00:00,16.2,83,13.3,0.0,3,1011.4,100
2026-01-20 07:00:00,16.1,81,12.9,0.0,3,1012.2,100
2026-01-20 08:00:00,15.9,79,12.2,0.0,3,1013.1,100
2026-01-20 09:00:00,16.0,78,12.3,0.0,3,1013.6,88
2026-01-20 10:00:00,16.5,74,11.8,0.0,3,1013.7,100
2026-01-20 11:00:00,16.9,69,11.2,0.0,2,1013.5,78
2026-01-20 12:00:00,16.6,71,11.3,0.0,2,1012.7,64
2026-01-20 13:00:00,16.9,68,11.0,0.1,51,1011.9,79
2026-01-20 14:00:00,16.8,65,10.3,0.0,2,1011.1,74
2026-01-20 15:00:00,15.9,72,10.9,0.0,3,1011.3,100
2026-01-20 16:00:00,15.8,72,10.9,0.0,3,1011.6,91
2026-01-20 17:00:00,15.3,74,10.7,0.0,3,1011.9,95
2026-01-20 18:00:00,15.1,72,10.0,0.0,1,1011.9,30
2026-01-20 19:00:00,14.7,70,9.2,0.0,1,1013.2,45
2026-01-20 20:00:00,14.4,69,8.8,0.0,3,1013.9,100
2026-01-20 21:00:00,14.6,66,8.3,0.0,1,1014.2,32
2026-01-20 22:00:00,14.2,68,8.4,0.0,1,1014.0,28
2026-01-20 23:00:00,13.6,73,8.9,0.0,1,1013.9,43
2026-01-21 00:00:00,14.7,65,8.1,0.0,1,1013.7,20
2026-01-21 01:00:00,14.3,65,7.9,0.0,1,1013.5,39
2026-01-21 02:00:00,14.4,66,8.2,0.0,3,1013.8,98
2026-01-21 03:00:00,13.3,77,9.3,0.0,3,1014.1,100
2026-01-21 04:00:00,13.1,78,9.3,0.1,51,1014.3,83
2026-01-21 05:00:00,13.1,76,8.9,0.1,51,1014.4,100
2026-01-21 06:00:00,13.0,74,8.5,0.1,51,1014.9,100
2026-01-21 07:00:00,12.9,72,8.1,0.1,51,1015.5,100
2026-01-21 08:00:00,13.0,67,7.0,0.0,3,1016.0,100
2026-01-21 09:00:00,13.2,66,6.9,0.0,3,1016.2,88
2026-01-21 10:00:00,12.8,69,7.2,0.1,51,1016.7,91
2026-01-21 11:00:00,12.4,71,7.4,0.2,51,1016.9,94
2026-01-21 12:00:00,13.0,69,7.5,0.2,51,1016.0,85
2026-01-21 13:00:00,13.4,65,7.0,0.1,51,1015.4,100
2026-01-21 14:00:00,13.8,58,5.7,0.0,3,1015.0,100
2026-01-21 15:00:00,12.5,66,6.3,0.0,3,1015.2,100
2026-01-21 16:00:00,11.9,73,7.3,0.1,51,1015.6,57
2026-01-21 17:00:00,11.7,73,7.0,0.1,51,1016.1,52
2026-01-21 18:00:00,11.1,74,6.7,0.1,51,1017.1,97
2026-01-21 19:00:00,11.2,75,6.9,0.1,51,1017.7,85
2026-01-21 20:00:00,11.3,76,7.1,0.3,51,1018.3,99
2026-01-21 21:00:00,11.5,66,5.5,0.0,1,1018.6,36
2026-01-21 22:00:00,11.1,64,4.6,0.0,1,1019.1,33
2026-01-21 23:00:00,11.2,61,4.0,0.0,3,1019.2,99
2026-01-22 00:00:00,11.9,55,3.2,0.0,3,1019.0,95
2026-01-22 01:00:00,12.1,52,2.6,0.0,3,1019.0,84
2026-01-22 02:00:00,11.6,56,3.0,0.0,3,1019.2,90
2026-01-22 03:00:00,12.0,52,2.3,0.0,2,1018.9,79
2026-01-22 04:00:00,11.0,58,3.0,0.0,0,1019.3,18
2026-01-22 05:00:00,10.0,67,4.2,0.0,1,1019.6,24
2026-01-22 06:00:00,9.8,64,3.4,0.0,1,1019.8,34
2026-01-22 07:00:00,9.5,67,3.7,0.0,3,1020.4,84
2026-01-22 08:00:00,9.7,71,4.7,0.0,1,1020.2,23
2026-01-22 09:00:00,10.2,69,4.8,0.0,2,1021.1,69
2026-01-22 10:00:00,10.8,68,5.1,0.1,51,1021.7,49
2026-01-22 11:00:00,12.5,59,4.6,0.0,2,1021.1,52
2026-01-22 12:00:00,12.5,59,4.6,0.0,2,1020.7,54
2026-01-22 13:00:00,12.6,58,4.6,0.0,0,1020.3,8
2026-01-22 14:00:00,11.9,62,4.8,0.1,51,1019.9,48
2026-01-22 15:00:00,11.2,69,5.7,0.1,51,1019.6,76
2026-01-22 16:00:00,11.5,69,6.1,0.2,51,1019.5,34
2026-01-22 17:00:00,10.8,70,5.6,0.1,51,1019.9,55
2026-01-22 18:00:00,10.0,70,4.8,0.1,51,1020.7,41
2026-01-22 19:00:00,10.2,72,5.4,0.1,51,1021.2,43
2026-01-22 20:00:00,10.2,74,5.8,0.1,51,1021.5,34
2026-01-22 21:00:00,10.9,70,5.7,0.1,51,1022.1,48
2026-01-22 22:00:00,10.6,70,5.3,0.0,1,1022.4,35
2026-01-22 23:00:00,10.4,73,5.7,0.0,1,1022.6,38
2026-01-23 00:00:00,10.3,72,5.5,0.0,0,1022.3,15
2026-01-23 01:00:00,10.2,72,5.4,0.0,0,1022.2,9
2026-01-23 02:00:00,10.2,73,5.5,0.0,0,1022.0,13
2026-01-23 03:00:00,10.1,71,5.1,0.0,1,1021.7,20
2026-01-23 04:00:00,10.2,70,5.0,0.0,1,1021.5,30
2026-01-23 05:00:00,10.2,70,5.0,0.0,1,1021.6,27
2026-01-23 06:00:00,10.1,72,5.3,0.0,1,1022.1,40
2026-01-23 07:00:00,10.5,69,5.1,0.0,1,1022.6,34
2026-01-23 08:00:00,11.3,65,5.0,0.0,3,1022.9,83
2026-01-23 09:00:00,12.0,67,6.0,0.0,1,1023.7,20
2026-01-23 10:00:00,13.2,58,5.1,0.0,1,1024.1,25
2026-01-23 11:00:00,14.0,54,4.8,0.0,2,1023.8,55
2026-01-23 12:00:00,13.9,56,5.2,0.0,3,1023.2,100
2026-01-23 13:00:00,13.7,57,5.5,0.0,2,1022.6,58
2026-01-23 14:00:00,14.2,54,5.1,0.0,3,1022.2,91
2026-01-23 15:00:00,14.2,55,5.2,0.0,3,1021.5,87
2026-01-23 16:00:00,13.8,56,5.0,0.0,1,1021.6,41
2026-01-23 17:00:00,13.3,58,5.2,0.0,2,1021.8,60
2026-01-23 18:00:00,12.4,61,5.0,0.0,1,1022.2,23
2026-01-23 19:00:00,12.3,58,4.3,0.0,2,1022.5,50
2026-01-23 20:00:00,12.5,57,4.1,0.0,2,1022.8,59
2026-01-23 21:00:00,12.2,63,5.4,0.0,1,1022.9,41
2026-01-23 22:00:00,12.9,58,4.8,0.0,3,1022.9,95
2026-01-23 23:00:00,12.8,57,4.4,0.0,2,1022.9,55
2026-01-24 00:00:00,12.7,58,4.6,0.0,1,1022.7,34
2026-01-24 01:00:00,12.3,61,5.0,0.0,0,1022.4,2
2026-01-24 02:00:00,11.4,63,4.7,0.0,1,1021.9,26
2026-01-24 03:00:00,12.0,59,4.2,0.0,2,1021.4,53
2026-01-24 04:00:00,12.5,58,4.5,0.0,2,1021.5,51
2026-01-24 05:00:00,12.3,58,4.2,0.0,1,1021.1,34
2026-01-24 06:00:00,13.2,53,3.8,0.0,3,1021.4,100
2026-01-24 07:00:00,12.9,56,4.3,0.0,3,1021.6,81
2026-01-24 08:00:00,12.9,57,4.6,0.0,2,1022.3,55
2026-01-24 09:00:00,13.8,58,5.8,0.0,3,1022.7,96
2026-01-24 10:00:00,14.2,55,5.2,0.0,2,1023.1,55
2026-01-24 11:00:00,14.6,53,5.2,0.0,1,1022.9,30
2026-01-24 12:00:00,14.8,52,5.1,0.0,1,1022.4,25
2026-01-24 13:00:00,15.4,47,4.3,0.0,2,1021.7,57
2026-01-24 14:00:00,15.2,49,4.7,0.0,1,1021.4,48
2026-01-24 15:00:00,15.0,50,4.7,0.0,2,1020.8,51
2026-01-24 16:00:00,14.7,50,4.3,0.0,1,1021.2,38
2026-01-24 17:00:00,14.2,55,5.2,0.0,1,1021.8,42
2026-01-24 18:00:00,13.2,57,4.9,0.0,0,1022.0,13
2026-01-24 19:00:00,12.7,58,4.6,0.0,0,1022.6,0
2026-01-24 20:00:00,12.0,62,4.9,0.0,0,1022.7,0
2026-01-24 21:00:00,10.5,70,5.3,0.0,0,1022.5,0
2026-01-24 22:00:00,10.5,71,5.4,0.0,0,1022.8,0
2026-01-24 23:00:00,11.8,63,5.0,0.0,0,1022.7,0
2026-01-25 00:00:00,11.7,63,4.8,0.0,0,1022.7,0
2026-01-25 01:00:00,11.9,63,5.1,0.0,0,1022.6,1
2026-01-25 02:00:00,12.0,65,5.5,0.0,0,1022.8,5
2026-01-25 03:00:00,11.3,67,5.3,0.0,0,1022.0,4
2026-01-25 04:00:00,11.9,64,5.2,0.0,0,1021.9,0
2026-01-25 05:00:00,12.3,63,5.4,0.0,0,1022.1,2
2026-01-25 06:00:00,12.8,60,5.2,0.0,1,1022.4,20
2026-01-25 07:00:00,13.1,57,4.8,0.0,0,1023.2,12
2026-01-25 08:00:00,13.0,61,5.5,0.0,0,1023.5,2
2026-01-25 09:00:00,13.9,66,7.7,0.0,3,1024.5,85
2026-01-25 10:00:00,14.9,50,4.5,0.0,0,1024.5,14
2026-01-25 11:00:00,15.7,54,6.4,0.0,3,1024.1,100
2026-01-25 12:00:00,14.9,57,6.6,0.0,2,1023.5,61
2026-01-25 13:00:00,15.0,57,6.4,0.0,3,1023.3,100
2026-01-25 14:00:00,14.5,56,5.9,0.0,3,1023.1,88
2026-01-25 15:00:00,14.5,55,5.6,0.0,1,1022.6,32
2026-01-25 16:00:00,14.6,51,4.6,0.0,0,1022.0,2
2026-01-25 17:00:00,13.8,58,5.8,0.0,0,1022.1,0
2026-01-25 18:00:00,12.6,62,5.4,0.0,0,1022.6,3
2026-01-25 19:00:00,12.1,65,5.8,0.0,0,1022.7,2
2026-01-25 20:00:00,11.7,67,5.8,0.0,0,1023.3,2
2026-01-25 21:00:00,12.3,65,5.8,0.0,2,1023.9,64
2026-01-25 22:00:00,11.7,71,6.7,0.0,2,1023.5,59
2026-01-25 23:00:00,11.8,71,6.8,0.0,3,1023.6,100
2026-01-26 00:00:00,13.2,65,6.7,0.0,3,1023.5,100
2026-01-26 01:00:00,13.6,63,6.8,0.0,3,1023.5,100
2026-01-26 02:00:00,13.5,66,7.3,0.0,3,1023.4,100
2026-01-26 03:00:00,13.7,69,8.2,0.0,3,1022.9,100
2026-01-26 04:00:00,13.5,71,8.3,0.0,3,1022.4,100
2026-01-26 05:00:00,13.3,72,8.3,0.0,3,1022.4,100
2026-01-26 06:00:00,13.3,71,8.1,0.0,3,1022.4,100
2026-01-26 07:00:00,13.6,68,7.8,0.0,1,1022.1,29
2026-01-26 08:00:00,13.2,72,8.3,0.0,1,1022.2,26
2026-01-26 09:00:00,14.3,67,8.2,0.0,0,1022.7,4
2026-01-26 10:00:00,15.5,60,7.7,0.0,1,1022.8,34
2026-01-26 11:00:00,16.5,57,7.8,0.0,1,1022.2,43
2026-01-26 12:00:00,16.8,56,7.9,0.0,2,1021.2,70
2026-01-26 13:00:00,17.0,54,7.7,0.0,1,1020.0,44
2026-01-26 14:00:00,17.5,52,7.7,0.0,3,1019.1,95
2026-01-26 15:00:00,16.7,56,7.9,0.0,1,1018.8,48
2026-01-26 16:00:00,16.5,58,8.3,0.0,3,1018.7,98
2026-01-26 17:00:00,15.7,65,9.2,0.0,3,1019.0,100
2026-01-26 18:00:00,14.7,72,9.7,0.0,3,1019.5,100
2026-01-26 19:00:00,14.3,72,9.4,0.0,3,1019.6,100
2026-01-26 20:00:00,14.3,71,9.2,0.0,3,1019.5,100
2026-01-26 21:00:00,15.0,71,9.7,0.2,51,1019.2,100
2026-01-26 22:00:00,15.3,72,10.3,0.0,3,1018.5,100
2026-01-26 23:00:00,15.6,72,10.6,0.1,51,1018.2,100
2026-01-27 00:00:00,16.1,71,10.7,0.0,3,1017.7,100
2026-01-27 01:00:00,16.3,71,11.0,0.1,51,1017.1,100
2026-01-27 02:00:00,16.4,73,11.5,0.1,51,1016.6,100
2026-01-27 03:00:00,16.8,78,12.8,0.4,51,1015.6,100
2026-01-27 04:00:00,17.7,75,13.2,0.4,51,1014.6,100
2026-01-27 05:00:00,16.7,87,14.5,2.1,61,1014.6,100
2026-01-27 06:00:00,16.0,96,15.4,2.7,63,1014.2,100
2026-01-27 07:00:00,17.4,93,16.2,1.2,55,1013.9,100
2026-01-27 08:00:00,17.8,91,16.3,0.1,51,1014.0,31
2026-01-27 09:00:00,17.1,91,15.6,0.0,3,1015.9,100
2026-01-27 10:00:00,16.1,93,14.9,0.0,2,1016.2,71
2026-01-27 11:00:00,16.0,85,13.5,0.0,1,1016.3,23
2026-01-27 12:00:00,18.0,70,12.5,0.0,3,1016.1,100
2026-01-27 13:00:00,17.5,71,12.1,0.0,2,1015.4,51
2026-01-27 14:00:00,17.6,67,11.5,0.0,2,1015.0,60
2026-01-27 15:00:00,17.3,68,11.3,0.0,0,1015.1,15
2026-01-27 16:00:00,16.8,70,11.2,0.0,2,1015.2,54
2026-01-27 17:00:00,15.5,76,11.3,0.0,3,1016.0,100
2026-01-27 18:00:00,15.2,76,10.9,0.0,3,1016.7,99
2026-01-27 19:00:00,15.0,76,10.8,0.0,2,1017.5,77
2026-01-27 20:00:00,14.8,75,10.5,0.0,2,1017.6,79
2026-01-27 21:00:00,14.6,80,11.2,0.0,1,1017.7,24
2026-01-27 22:00:00,14.1,82,11.0,0.0,3,1017.8,99
2026-01-27 23:00:00,14.0,82,10.9,0.1,51,1018.1,100
2026-01-28 00:00:00,13.4,84,10.7,0.1,51,1017.8,100
2026-01-28 01:00:00,13.4,81,10.2,0.0,3,1017.6,98
2026-01-28 02:00:00,13.2,79,9.7,0.0,3,1017.8,100
2026-01-28 03:00:00,13.3,81,10.2,0.0,3,1017.4,100
2026-01-28 04:00:00,13.1,81,10.0,0.0,3,1017.2,100
2026-01-28 05:00:00,12.7,81,9.5,0.0,3,1017.2,100
2026-01-28 06:00:00,12.9,76,8.7,0.0,3,1017.8,100
2026-01-28 07:00:00,13.4,69,7.7,0.0,2,1018.2,68
2026-01-28 08:00:00,13.3,70,7.8,0.0,3,1019.1,100
2026-01-28 09:00:00,14.2,68,8.3,0.0,1,1019.6,20
2026-01-28 10:00:00,15.2,60,7.5,0.0,0,1019.4,18
2026-01-28 11:00:00,14.5,65,8.0,0.0,1,1019.5,40
2026-01-28 12:00:00,14.6,65,8.1,0.0,0,1018.7,17
2026-01-28 13:00:00,15.0,63,7.9,0.0,0,1018.1,16
2026-01-28 14:00:00,14.7,62,7.6,0.0,1,1017.8,22
2026-01-28 15:00:00,14.6,61,7.0,0.0,0,1018.0,17
2026-01-28 16:00:00,14.3,59,6.4,0.0,0,1018.3,13
2026-01-28 17:00:00,13.8,61,6.3,0.0,0,1018.8,6
2026-01-28 18:00:00,13.0,61,5.5,0.0,0,1019.6,15
2026-01-28 19:00:00,12.7,62,5.6,0.0,0,1020.4,16
2026-01-28 20:00:00,12.6,62,5.6,0.0,0,1020.8,15
2026-01-28 21:00:00,12.7,69,7.2,0.0,1,1021.6,30
2026-01-28 22:00:00,12.4,68,6.7,0.0,0,1021.6,15
2026-01-28 23:00:00,12.3,67,6.3,0.0,1,1021.6,22
2026-01-29 00:00:00,12.3,66,6.2,0.0,1,1021.5,41
2026-01-29 01:00:00,12.3,66,6.2,0.0,1,1021.4,27
2026-01-29 02:00:00,12.2,66,6.0,0.0,1,1021.6,33
2026-01-29 03:00:00,12.4,64,5.7,0.0,0,1021.5,15
2026-01-29 04:00:00,12.0,65,5.6,0.0,0,1021.5,15
2026-01-29 05:00:00,11.8,65,5.5,0.0,1,1021.5,38
2026-01-29 06:00:00,12.2,63,5.5,0.0,3,1022.1,81
2026-01-29 07:00:00,12.6,61,5.3,0.0,3,1022.6,87
2026-01-29 08:00:00,12.9,62,5.7,0.0,3,1022.9,98
2026-01-29 09:00:00,13.6,60,6.1,0.0,2,1023.4,72
2026-01-29 10:00:00,14.1,55,5.3,0.0,3,1023.6,100
2026-01-29 11:00:00,14.2,55,5.2,0.0,3,1023.9,92
2026-01-29 12:00:00,14.7,53,5.2,0.0,1,1023.5,49
2026-01-29 13:00:00,15.0,51,5.1,0.0,1,1022.7,38
2026-01-29 14:00:00,15.3,48,4.5,0.0,2,1022.5,75
2026-01-29 15:00:00,14.4,51,4.4,0.0,3,1022.6,86
2026-01-29 16:00:00,14.3,49,3.7,0.0,0,1022.7,19
2026-01-29 17:00:00,13.8,53,4.5,0.0,1,1023.0,35
2026-01-29 18:00:00,13.0,55,4.0,0.0,2,1023.3,77
2026-01-29 19:00:00,13.3,52,3.6,0.0,3,1023.8,100
2026-01-29 20:00:00,13.1,53,3.8,0.0,3,1024.1,100
2026-01-29 21:00:00,13.6,59,5.8,0.0,3,1024.4,100
2026-01-29 22:00:00,13.4,61,5.9,0.0,3,1024.2,98
2026-01-29 23:00:00,13.5,57,5.2,0.0,1,1023.7,34
2026-01-30 00:00:00,13.1,57,4.8,0.0,2,1023.8,69
2026-01-30 01:00:00,13.3,56,4.7,0.0,3,1024.0,100
2026-01-30 02:00:00,13.0,57,4.6,0.0,3,1024.1,100
2026-01-30 03:00:00,12.7,58,4.7,0.0,3,1024.0,100
2026-01-30 04:00:00,12.6,59,4.8,0.0,3,1023.6,100
2026-01-30 05:00:00,12.6,59,4.8,0.0,3,1023.1,100
2026-01-30 06:00:00,12.5,60,4.9,0.0,3,1023.3,100
2026-01-30 07:00:00,12.8,58,4.7,0.0,3,1024.0,100
2026-01-30 08:00:00,13.0,57,4.8,0.0,3,1024.3,100
2026-01-30 09:00:00,13.9,62,6.7,0.0,3,1024.2,100
2026-01-30 10:00:00,14.4,61,6.9,0.0,3,1024.5,100
2026-01-30 11:00:00,15.1,59,7.1,0.0,3,1024.4,100
2026-01-30 12:00:00,15.1,58,7.0,0.0,3,1023.4,100
2026-01-30 13:00:00,15.3,59,7.4,0.0,3,1022.2,100
2026-01-30 14:00:00,15.4,62,8.1,0.0,3,1021.4,100
2026-01-30 15:00:00,15.2,64,8.5,0.1,51,1021.0,100
2026-01-30 16:00:00,14.8,70,9.3,0.1,51,1021.0,100
2026-01-30 17:00:00,14.4,73,9.6,0.0,3,1021.3,99
2026-01-30 18:00:00,13.9,78,10.1,0.0,2,1021.4,72
2026-01-30 19:00:00,13.7,76,9.5,0.0,3,1021.5,80
2026-01-30 20:00:00,14.0,73,9.2,0.0,3,1022.0,100
2026-01-30 21:00:00,13.9,75,9.5,0.0,3,1021.8,86
2026-01-30 22:00:00,13.4,77,9.5,0.0,3,1021.8,100
2026-01-30 23:00:00,13.7,75,9.4,0.0,3,1021.3,100
2026-01-31 00:00:00,13.6,77,9.6,0.0,3,1021.1,100
2026-01-31 01:00:00,13.3,81,10.1,0.1,51,1020.6,100
2026-01-31 02:00:00,13.4,82,10.3,0.1,51,1020.1,100
2026-01-31 03:00:00,13.4,82,10.4,0.0,3,1019.6,100
2026-01-31 04:00:00,13.4,81,10.2,0.0,3,1018.9,100
2026-01-31 05:00:00,13.5,81,10.3,0.0,3,1018.4,100
2026-01-31 06:00:00,13.7,82,10.7,0.2,51,1018.4,100
2026-01-31 07:00:00,14.0,84,11.2,0.4,51,1018.5,100
2026-01-31 08:00:00,14.0,86,11.7,0.6,53,1018.7,100
2026-01-31 09:00:00,13.1,92,11.9,0.3,51,1019.3,100
2026-01-31 10:00:00,13.6,92,12.3,0.4,51,1019.5,100
2026-01-31 11:00:00,13.6,92,12.3,0.3,51,1019.3,100
2026-01-31 12:00:00,12.9,93,11.8,0.6,53,1018.6,100
2026-01-31 13:00:00,12.9,94,11.9,3.1,63,1018.0,97
2026-01-31 14:00:00,13.9,87,11.7,0.1,51,1017.3,100
2026-01-31 15:00:00,12.6,89,10.9,0.0,3,1017.2,100
2026-01-31 16:00:00,12.5,85,10.1,0.1,51,1017.7,100
2026-01-31 17:00:00,12.5,82,9.5,0.0,3,1018.3,100
2026-01-31 18:00:00,12.4,81,9.3,0.1,51,1018.6,99
2026-01-31 19:00:00,12.4,81,9.3,0.0,3,1018.9,99
2026-01-31 20:00:00,12.6,77,8.8,0.0,2,1019.4,67
2026-01-31 21:00:00,12.8,72,7.9,0.0,2,1020.5,57
2026-01-31 22:00:00,12.5,74,7.9,0.0,2,1021.2,53
2026-01-31 23:00:00,12.7,70,7.4,0.0,2,1020.9,65
2026-02-01 00:00:00,12.6,70,7.3,0.0,3,1020.4,100
2026-02-01 01:00:00,12.6,73,7.8,0.0,3,1020.5,100
2026-02-01 02:00:00,12.3,76,8.2,0.0,3,1020.2,100
2026-02-01 03:00:00,12.6,75,8.4,0.0,3,1020.2,99
2026-02-01 04:00:00,12.7,75,8.4,0.0,3,1020.4,100
2026-02-01 05:00:00,12.9,73,8.3,0.1,51,1020.6,100
2026-02-01 06:00:00,12.7,75,8.4,0.1,51,1021.1,100
2026-02-01 07:00:00,12.5,75,8.1,0.0,3,1021.6,100
2026-02-01 08:00:00,13.3,70,7.8,0.0,3,1021.6,80
2026-02-01 09:00:00,14.2,70,8.9,0.0,1,1021.7,20
2026-02-01 10:00:00,15.4,63,8.3,0.0,0,1021.8,14
2026-02-01 11:00:00,16.3,57,7.8,0.0,2,1021.7,63
2026-02-01 12:00:00,15.2,65,8.7,0.0,2,1021.4,63
2026-02-01 13:00:00,15.4,66,9.0,0.0,2,1020.6,62
2026-02-01 14:00:00,14.6,69,8.9,0.0,2,1020.2,63
2026-02-01 15:00:00,15.1,67,9.1,0.0,1,1019.5,31
2026-02-01 16:00:00,15.0,66,8.7,0.0,2,1020.0,73
2026-02-01 17:00:00,13.7,74,9.1,0.0,3,1020.7,97
2026-02-01 18:00:00,13.6,72,8.7,0.0,3,1021.3,100
2026-02-01 19:00:00,13.8,68,8.0,0.0,3,1021.5,100
2026-02-01 20:00:00,14.0,66,7.8,0.0,3,1022.0,100
2026-02-01 21:00:00,13.2,76,9.2,0.0,1,1022.4,23
2026-02-01 22:00:00,12.9,78,9.1,0.0,1,1022.1,30
2026-02-01 23:00:00,13.1,76,9.0,0.0,1,1022.3,33
2026-02-02 00:00:00,13.7,69,8.2,0.0,2,1022.2,50
2026-02-02 01:00:00,13.4,71,8.2,0.0,3,1022.1,100
2026-02-02 02:00:00,13.4,70,8.0,0.0,0,1021.6,2
2026-02-02 03:00:00,12.3,77,8.4,0.0,1,1021.1,29
2026-02-02 04:00:00,12.8,77,8.9,0.0,3,1021.1,100
2026-02-02 05:00:00,13.3,77,9.4,0.0,3,1021.3,100
2026-02-02 06:00:00,13.3,78,9.5,0.0,3,1021.8,100
2026-02-02 07:00:00,13.1,78,9.3,0.1,51,1022.0,59
2026-02-02 08:00:00,13.1,79,9.5,0.0,2,1022.1,59
2026-02-02 09:00:00,14.4,78,10.6,0.0,3,1022.6,100
2026-02-02 10:00:00,14.7,78,11.0,0.6,53,1022.6,90
2026-02-02 11:00:00,15.0,73,10.1,0.1,51,1022.5,38
2026-02-02 12:00:00,15.6,69,9.9,0.2,51,1022.0,93
2026-02-02 13:00:00,14.7,71,9.5,0.1,51,1021.4,66
2026-02-02 14:00:00,15.3,68,9.4,0.3,51,1020.7,50
2026-02-02 15:00:00,14.7,71,9.5,0.2,51,1020.9,38
2026-02-02 16:00:00,14.6,70,9.1,0.2,51,1021.0,43
2026-02-02 17:00:00,13.9,71,8.8,0.1,51,1021.6,29
2026-02-02 18:00:00,13.4,69,7.8,0.1,51,1022.2,65
2026-02-02 19:00:00,13.8,61,6.3,0.0,3,1022.7,100
2026-02-02 20:00:00,13.4,58,5.3,0.0,0,1023.3,14
2026-02-02 21:00:00,13.2,57,4.9,0.0,0,1023.5,8
2026-02-02 22:00:00,12.8,56,4.1,0.0,2,1023.9,70
2026-02-02 23:00:00,13.5,50,3.3,0.0,1,1023.9,45
2026-02-03 00:00:00,12.7,61,5.4,0.0,1,1024.0,28
2026-02-03 01:00:00,12.3,64,5.7,0.0,2,1024.1,55
2026-02-03 02:00:00,12.1,67,6.0,0.0,1,1023.8,24
2026-02-03 03:00:00,12.4,64,5.7,0.0,1,1023.9,20
2026-02-03 04:00:00,11.9,65,5.5,0.0,1,1024.1,30
2026-02-03 05:00:00,12.0,57,3.7,0.0,1,1024.0,25
2026-02-03 06:00:00,11.8,55,3.1,0.0,0,1024.6,10
2026-02-03 07:00:00,11.7,55,2.8,0.0,1,1025.3,36
2026-02-03 08:00:00,11.9,57,3.6,0.0,3,1025.8,100
2026-02-03 09:00:00,12.5,61,5.2,0.0,3,1026.0,95
2026-02-03 10:00:00,13.4,55,4.5,0.0,3,1025.9,94
2026-02-03 11:00:00,13.6,55,4.7,0.0,1,1025.2,32
2026-02-03 12:00:00,14.1,53,4.5,0.0,2,1024.7,51
2026-02-03 13:00:00,14.1,52,4.5,0.0,2,1024.5,73
2026-02-03 14:00:00,14.0,52,4.3,0.0,1,1024.2,34
2026-02-03 15:00:00,14.1,50,3.9,0.0,2,1023.7,55
2026-02-03 16:00:00,14.3,49,3.7,0.0,2,1023.2,52
2026-02-03 17:00:00,13.4,55,4.5,0.0,1,1023.3,45
2026-02-03 18:00:00,12.0,61,4.8,0.0,1,1023.4,20
2026-02-03 19:00:00,11.3,64,4.7,0.0,0,1023.6,5
2026-02-03 20:00:00,10.7,66,4.7,0.0,0,1024.0,9
2026-02-03 21:00:00,10.7,67,4.9,0.0,1,1023.8,30
2026-02-03 22:00:00,11.7,67,5.8,0.0,1,1023.7,23
2026-02-03 23:00:00,11.5,71,6.5,0.0,1,1023.9,22
2026-02-04 00:00:00,11.5,72,6.7,0.0,1,1023.5,40
2026-02-04 01:00:00,11.4,75,7.1,0.0,3,1022.9,82
2026-02-04 02:00:00,11.4,77,7.5,0.0,3,1022.7,100
2026-02-04 03:00:00,11.0,78,7.2,0.0,3,1022.7,100
2026-02-04 04:00:00,11.4,74,6.9,0.0,3,1022.3,100
2026-02-04 05:00:00,11.7,69,6.3,0.0,3,1022.2,100
2026-02-04 06:00:00,11.7,66,5.7,0.0,3,1022.2,97
2026-02-04 07:00:00,11.7,64,5.1,0.0,3,1022.4,89
2026-02-04 08:00:00,11.9,68,6.2,0.0,0,1022.4,12
2026-02-04 09:00:00,14.0,63,7.1,0.0,0,1022.4,2
2026-02-04 10:00:00,15.3,57,6.9,0.0,0,1022.3,0
2026-02-04 11:00:00,16.2,54,7.0,0.0,0,1022.1,11
2026-02-04 12:00:00,16.8,52,6.8,0.0,1,1021.3,42
2026-02-04 13:00:00,17.0,49,6.1,0.0,2,1019.9,50
2026-02-04 14:00:00,17.1,47,5.6,0.0,1,1019.2,48
2026-02-04 15:00:00,16.0,58,7.7,0.0,0,1019.1,8
2026-02-04 16:00:00,16.1,59,8.0,0.0,0,1019.1,15
2026-02-04 17:00:00,15.6,64,8.9,0.0,0,1019.3,8
2026-02-04 18:00:00,13.9,75,9.6,0.0,0,1019.7,12
2026-02-04 19:00:00,12.4,82,9.5,0.0,0,1019.9,19
2026-02-04 20:00:00,13.7,79,10.1,0.0,1,1020.4,20
2026-02-04 21:00:00,13.6,75,9.4,0.0,0,1019.8,2
2026-02-04 22:00:00,13.8,73,9.0,0.0,0,1019.6,1
2026-02-04 23:00:00,13.3,76,9.1,0.0,0,1019.4,3
2026-02-05 00:00:00,12.6,78,8.9,0.0,0,1019.0,4
2026-02-05 01:00:00,12.5,77,8.6,0.0,0,1018.7,0
2026-02-05 02:00:00,14.4,68,8.6,0.0,1,1018.6,26
2026-02-05 03:00:00,14.4,70,8.9,0.0,0,1018.2,10
2026-02-05 04:00:00,14.6,70,9.2,0.0,0,1017.8,9
2026-02-05 05:00:00,14.9,71,9.6,0.0,1,1017.7,23
2026-02-05 06:00:00,15.1,70,9.8,0.0,2,1018.0,52
2026-02-05 07:00:00,15.7,70,10.3,0.0,2,1018.1,73
2026-02-05 08:00:00,16.5,69,10.8,0.0,2,1018.3,64
2026-02-05 09:00:00,18.0,68,12.1,0.0,3,1018.1,100
2026-02-05 10:00:00,18.3,67,12.1,0.1,51,1018.5,63
2026-02-05 11:00:00,19.0,65,12.2,0.0,1,1018.0,31
2026-02-05 12:00:00,19.6,63,12.5,0.1,51,1017.3,100
2026-02-05 13:00:00,18.9,68,12.9,0.2,51,1016.2,33
2026-02-05 14:00:00,19.6,67,13.3,0.2,51,1015.7,27
2026-02-05 15:00:00,19.0,72,13.9,0.1,51,1015.2,20
2026-02-05 16:00:00,19.3,70,13.6,0.0,1,1015.4,29
2026-02-05 17:00:00,18.6,75,14.0,0.0,0,1015.5,13
2026-02-05 18:00:00,17.4,81,14.1,0.0,0,1015.7,2
2026-02-05 19:00:00,15.9,83,13.1,0.0,0,1016.1,12
2026-02-05 20:00:00,16.1,81,12.9,0.0,0,1016.5,12
2026-02-05 21:00:00,16.3,80,12.8,0.0,0,1016.1,13
2026-02-05 22:00:00,17.3,75,12.8,0.0,1,1015.9,21
2026-02-05 23:00:00,17.7,73,12.8,0.0,1,1015.8,30
2026-02-06 00:00:00,17.7,75,13.1,0.0,2,1015.3,59
2026-02-06 01:00:00,18.1,74,13.4,0.0,1,1015.0,41
2026-02-06 02:00:00,18.2,74,13.4,0.0,3,1014.6,95
2026-02-06 03:00:00,19.1,70,13.5,0.0,3,1013.9,100
2026-02-06 04:00:00,19.1,73,14.2,0.4,51,1013.8,100
2026-02-06 05:00:00,19.1,73,14.2,0.1,51,1013.7,100
2026-02-06 06:00:00,17.9,85,15.4,1.7,61,1014.2,100
2026-02-06 07:00:00,17.6,92,16.3,0.8,53,1014.3,95
2026-02-06 08:00:00,17.6,94,16.5,0.3,51,1014.5,100
2026-02-06 09:00:00,18.4,85,15.9,0.4,51,1014.8,100
2026-02-06 10:00:00,18.3,90,16.6,0.9,53,1014.8,100
2026-02-06 11:00:00,18.3,91,16.9,1.2,55,1014.7,100
2026-02-06 12:00:00,17.7,97,17.2,1.2,55,1014.0,100
2026-02-06 13:00:00,17.7,98,17.4,3.1,63,1013.0,100
2026-02-06 14:00:00,17.6,98,17.2,3.5,63,1012.3,100
2026-02-06 15:00:00,18.0,93,16.9,1.2,55,1011.4,100
2026-02-06 16:00:00,17.9,99,17.7,1.4,61,1011.2,100
2026-02-06 17:00:00,17.8,95,17.0,0.1,51,1011.3,100
2026-02-06 18:00:00,17.3,95,16.4,0.2,51,1011.4,100
2026-02-06 19:00:00,16.5,97,16.1,0.3,51,1012.0,100
2026-02-06 20:00:00,16.4,94,15.5,0.5,53,1012.0,100
2026-02-06 21:00:00,15.9,92,14.6,0.1,51,1012.6,100
2026-02-06 22:00:00,15.6,93,14.4,0.0,3,1012.1,100
2026-02-06 23:00:00,15.6,92,14.3,0.0,3,1012.2,100
2026-02-07 00:00:00,15.7,91,14.3,0.0,3,1012.1,100
2026-02-07 01:00:00,15.3,94,14.3,1.1,55,1011.9,100
2026-02-07 02:00:00,14.5,97,14.1,3.1,63,1012.0,100
2026-02-07 03:00:00,14.6,93,13.5,1.6,61,1012.2,100
2026-02-07 04:00:00,14.4,92,13.2,0.5,53,1012.2,100
2026-02-07 05:00:00,14.2,92,12.9,0.1,51,1012.7,100
2026-02-07 06:00:00,14.0,90,12.5,0.4,51,1014.0,100
2026-02-07 07:00:00,13.3,92,12.0,0.1,51,1015.4,100
2026-02-07 08:00:00,13.1,87,10.9,0.0,3,1016.0,100
2026-02-07 09:00:00,14.3,79,10.6,0.0,3,1016.4,100
2026-02-07 10:00:00,14.4,77,10.4,0.2,51,1016.9,100
2026-02-07 11:00:00,15.1,67,9.0,0.0,3,1016.5,100
2026-02-07 12:00:00,15.4,64,8.6,0.0,3,1016.1,90
2026-02-07 13:00:00,15.2,64,8.4,0.0,3,1015.5,100
2026-02-07 14:00:00,15.1,62,7.9,0.0,3,1015.4,100
2026-02-07 15:00:00,14.5,64,7.8,0.0,1,1015.1,37
2026-02-07 16:00:00,14.3,60,6.6,0.0,3,1015.6,100
2026-02-07 17:00:00,13.6,60,5.9,0.0,3,1016.2,100
2026-02-07 18:00:00,13.1,60,5.4,0.0,3,1017.0,100
2026-02-07 19:00:00,12.7,61,5.3,0.0,3,1017.8,100
2026-02-07 20:00:00,12.4,62,5.3,0.0,3,1018.6,100
2026-02-07 21:00:00,12.2,71,7.2,0.0,1,1019.2,44
2026-02-07 22:00:00,12.4,67,6.5,0.0,2,1019.2,64
2026-02-07 23:00:00,12.4,61,5.0,0.0,1,1019.4,43
2026-02-08 00:00:00,11.9,61,4.5,0.0,3,1019.8,100
2026-02-08 01:00:00,11.7,62,4.6,0.0,3,1019.6,100
2026-02-08 02:00:00,11.3,62,4.4,0.0,3,1019.7,100
2026-02-08 03:00:00,11.6,62,4.5,0.0,3,1018.6,85
2026-02-08 04:00:00,11.5,62,4.4,0.0,3,1018.5,95
2026-02-08 05:00:00,11.1,62,4.2,0.0,3,1018.5,100
2026-02-08 06:00:00,10.8,62,3.8,0.0,3,1018.7,100
2026-02-08 07:00:00,10.3,63,3.5,0.0,3,1019.4,100
2026-02-08 08:00:00,9.9,65,3.6,0.0,3,1019.8,100
2026-02-08 09:00:00,10.3,66,4.2,0.0,3,1020.9,100
2026-02-08 10:00:00,10.2,64,3.7,0.1,51,1021.0,100
2026-02-08 11:00:00,10.4,61,3.2,0.0,2,1020.7,65
2026-02-08 12:00:00,10.4,57,2.4,0.0,1,1020.4,47
2026-02-08 13:00:00,10.0,61,2.8,0.2,51,1019.7,26
2026-02-08 14:00:00,9.3,62,2.4,0.1,51,1019.3,86
2026-02-08 15:00:00,8.5,62,1.7,0.0,1,1019.4,47
2026-02-08 16:00:00,8.2,63,1.5,0.1,51,1019.8,73
2026-02-08 17:00:00,8.1,59,0.7,0.0,1,1020.3,41
2026-02-08 18:00:00,7.7,61,0.6,0.1,51,1021.2,69
2026-02-08 19:00:00,6.3,62,-0.5,0.0,2,1022.0,74
2026-02-08 20:00:00,7.4,60,0.3,0.0,1,1022.3,37
2026-02-08 21:00:00,7.7,66,1.7,0.0,1,1023.2,27
2026-02-08 22:00:00,7.8,57,-0.2,0.0,1,1023.5,22
2026-02-08 23:00:00,7.6,56,-0.6,0.0,2,1023.9,59
2026-02-09 00:00:00,7.7,57,-0.5,0.0,1,1024.1,34
2026-02-09 01:00:00,7.8,52,-1.4,0.0,2,1024.1,50
2026-02-09 02:00:00,7.8,56,-0.4,0.0,1,1024.1,34
2026-02-09 03:00:00,8.5,59,1.0,0.0,1,1023.6,33
2026-02-09 04:00:00,9.0,53,-0.1,0.0,3,1023.2,100
2026-02-09 05:00:00,9.4,52,-0.1,0.0,3,1023.0,100
2026-02-09 06:00:00,9.4,52,0.1,0.0,3,1023.6,100
2026-02-09 07:00:00,9.6,52,0.2,0.0,3,1024.1,100
2026-02-09 08:00:00,9.6,56,1.2,0.0,3,1024.5,100
2026-02-09 09:00:00,10.0,62,3.0,0.0,3,1025.2,100
2026-02-09 10:00:00,11.1,56,2.7,0.0,3,1025.0,91
2026-02-09 11:00:00,11.5,56,3.1,0.0,3,1025.0,100
2026-02-09 12:00:00,11.7,57,3.4,0.0,3,1024.2,100
2026-02-09 13:00:00,12.3,56,3.6,0.1,51,1023.5,100
2026-02-09 14:00:00,12.0,58,4.0,0.0,3,1022.9,100
2026-02-09 15:00:00,11.6,60,4.1,0.0,3,1022.3,99
2026-02-09 16:00:00,11.5,60,4.1,0.0,3,1022.3,100
2026-02-09 17:00:00,11.4,62,4.4,0.0,3,1022.9,100
2026-02-09 18:00:00,10.9,65,4.6,0.0,3,1023.3,100
2026-02-09 19:00:00,10.7,67,4.9,0.0,3,1023.8,100
2026-02-09 20:00:00,10.6,68,4.9,0.0,3,1024.0,98
2026-02-09 21:00:00,10.7,64,4.1,0.0,3,1024.2,94
2026-02-09 22:00:00,10.8,64,4.3,0.0,3,1024.1,98
2026-02-09 23:00:00,11.0,64,4.5,0.0,3,1023.9,98
2026-02-10 00:00:00,11.3,64,4.8,0.0,3,1023.9,100
2026-02-10 01:00:00,11.3,65,4.9,0.0,3,1024.0,100
2026-02-10 02:00:00,11.5,64,5.0,0.0,3,1023.3,100
2026-02-10 03:00:00,11.8,65,5.4,0.0,3,1023.0,100
2026-02-10 04:00:00,11.7,67,5.8,0.0,3,1022.4,81
2026-02-10 05:00:00,11.7,68,5.9,0.0,3,1022.6,100
2026-02-10 06:00:00,12.4,66,6.3,0.0,3,1022.7,100
2026-02-10 07:00:00,12.6,67,6.6,0.0,3,1023.3,95
2026-02-10 08:00:00,13.3,70,7.9,0.0,3,1023.8,100
2026-02-10 09:00:00,15.1,61,7.7,0.0,2,1023.8,67
2026-02-10 10:00:00,16.1,56,7.4,0.0,3,1023.3,85
2026-02-10 11:00:00,17.1,49,6.3,0.0,2,1022.8,73
2026-02-10 12:00:00,17.6,49,6.8,0.0,1,1021.4,36
2026-02-10 13:00:00,18.1,49,7.1,0.0,3,1020.3,100
2026-02-10 14:00:00,18.2,49,7.3,0.0,0,1019.3,15
2026-02-10 15:00:00,19.0,42,5.7,0.0,0,1018.4,11
2026-02-10 16:00:00,17.9,57,9.2,0.0,0,1018.4,7
2026-02-10 17:00:00,16.9,66,10.5,0.1,51,1018.9,61
2026-02-10 18:00:00,16.8,65,10.1,0.0,0,1018.6,13
2026-02-10 19:00:00,16.6,65,9.9,0.0,3,1019.3,98
2026-02-10 20:00:00,17.2,62,9.9,0.0,2,1019.5,70
2026-02-10 21:00:00,17.3,70,11.9,0.0,1,1019.2,20
2026-02-10 22:00:00,17.4,70,11.8,0.0,0,1018.7,14
2026-02-10 23:00:00,17.2,73,12.3,0.0,2,1018.4,70
2026-02-11 00:00:00,17.9,68,12.0,0.0,3,1017.7,100
2026-02-11 01:00:00,18.5,65,11.9,0.0,3,1017.3,100
2026-02-11 02:00:00,18.2,69,12.3,0.2,51,1016.8,100
2026-02-11 03:00:00,17.5,76,13.3,0.1,51,1015.8,95
2026-02-11 04:00:00,16.7,87,14.4,0.6,53,1015.7,95
2026-02-11 05:00:00,15.5,92,14.2,0.8,53,1015.9,91
2026-02-11 06:00:00,15.4,97,14.9,1.6,61,1016.1,63
2026-02-11 07:00:00,14.7,96,14.1,0.3,51,1017.0,84
2026-02-11 08:00:00,14.6,97,14.2,0.4,51,1017.5,100
2026-02-11 09:00:00,15.3,90,13.6,0.1,51,1018.3,100
2026-02-11 10:00:00,15.4,83,12.5,0.0,3,1019.2,100
2026-02-11 11:00:00,15.1,77,11.2,0.0,3,1019.2,100
2026-02-11 12:00:00,15.3,72,10.3,0.0,1,1018.6,27
2026-02-11 13:00:00,16.0,66,9.7,0.0,3,1018.0,100
2026-02-11 14:00:00,15.1,69,9.4,0.0,2,1017.6,58
2026-02-11 15:00:00,15.0,68,9.2,0.0,0,1017.5,16
2026-02-11 16:00:00,15.3,63,8.4,0.0,0,1017.6,16
2026-02-11 17:00:00,14.9,62,7.7,0.0,1,1017.9,27
2026-02-11 18:00:00,14.4,61,7.0,0.0,0,1018.4,7
2026-02-11 19:00:00,14.2,58,6.2,0.0,1,1018.7,38
2026-02-11 20:00:00,14.4,59,6.6,0.0,2,1019.3,73
2026-02-11 21:00:00,14.7,61,7.1,0.0,1,1019.3,47
2026-02-11 22:00:00,14.1,63,7.1,0.0,1,1019.2,27
2026-02-11 23:00:00,13.9,64,7.1,0.0,2,1019.3,63
2026-02-12 00:00:00,13.8,66,7.6,0.0,2,1019.5,50
2026-02-12 01:00:00,13.6,67,7.5,0.0,1,1019.2,32
2026-02-12 02:00:00,13.1,66,6.9,0.0,0,1019.2,9
2026-02-12 03:00:00,13.3,59,5.4,0.0,0,1018.9,0
2026-02-12 04:00:00,12.9,57,4.7,0.0,2,1018.5,57
2026-02-12 05:00:00,13.4,60,5.9,0.0,1,1018.6,38
2026-02-12 06:00:00,13.0,62,6.0,0.0,1,1019.0,27
2026-02-12 07:00:00,13.2,61,5.9,0.0,1,1019.7,49
2026-02-12 08:00:00,13.7,64,7.0,0.0,3,1020.3,86
2026-02-12 09:00:00,14.4,65,7.8,0.0,3,1021.0,100
2026-02-12 10:00:00,15.2,57,6.8,0.0,0,1021.2,10
2026-02-12 11:00:00,16.0,54,6.7,0.0,1,1021.2,30
2026-02-12 12:00:00,16.2,53,6.5,0.0,1,1020.6,34
2026-02-12 13:00:00,16.7,51,6.4,0.0,3,1019.7,94
2026-02-12 14:00:00,16.5,50,6.0,0.0,2,1019.2,55
2026-02-12 15:00:00,16.6,46,5.0,0.0,2,1018.7,57
2026-02-12 16:00:00,16.2,49,5.5,0.0,2,1018.5,79
2026-02-12 17:00:00,15.5,56,6.7,0.0,0,1018.8,7
2026-02-12 18:00:00,14.1,64,7.4,0.0,0,1019.3,2
2026-02-12 19:00:00,13.5,64,6.9,0.0,0,1019.5,0
2026-02-12 20:00:00,13.1,65,6.7,0.0,0,1019.8,0
2026-02-12 21:00:00,12.1,72,7.3,0.0,1,1019.7,23
2026-02-12 22:00:00,11.8,73,7.1,0.0,2,1019.9,55
2026-02-12 23:00:00,11.7,74,7.2,0.0,0,1019.9,2
2026-02-13 00:00:00,11.8,72,6.9,0.0,0,1019.6,1
2026-02-13 01:00:00,11.6,72,6.7,0.0,0,1019.5,0
2026-02-13 02:00:00,11.3,72,6.5,0.0,0,1019.1,3
2026-02-13 03:00:00,10.6,73,5.9,0.0,0,1018.6,0
2026-02-13 04:00:00,9.9,71,4.9,0.0,0,1018.1,0
2026-02-13 05:00:00,9.9,71,4.9,0.0,0,1018.1,0
2026-02-13 06:00:00,10.0,70,4.9,0.0,0,1018.5,3
2026-02-13 07:00:00,10.2,71,5.1,0.0,0,1019.2,16
2026-02-13 08:00:00,12.5,69,6.9,0.0,0,1019.7,8
2026-02-13 09:00:00,14.7,66,8.5,0.0,1,1020.0,38
2026-02-13 10:00:00,15.9,58,7.6,0.0,1,1019.9,40
2026-02-13 11:00:00,16.8,55,7.6,0.0,2,1019.6,60
2026-02-13 12:00:00,17.5,49,6.8,0.0,3,1018.8,95
2026-02-13 13:00:00,17.7,51,7.4,0.0,1,1018.1,30
2026-02-13 14:00:00,17.7,49,6.8,0.0,2,1017.8,53
2026-02-13 15:00:00,17.2,52,7.4,0.0,2,1017.3,60
2026-02-13 16:00:00,16.9,54,7.7,0.0,1,1017.4,44
2026-02-13 17:00:00,16.2,62,9.0,0.0,0,1017.5,18
2026-02-13 18:00:00,14.1,77,10.2,0.0,0,1018.0,18
2026-02-13 19:00:00,12.9,78,9.2,0.0,0,1018.2,0
2026-02-13 20:00:00,13.5,76,9.4,0.0,0,1018.6,2
2026-02-13 21:00:00,13.1,69,7.5,0.0,0,1018.5,0
2026-02-13 22:00:00,12.8,66,6.7,0.0,0,1018.8,0
2026-02-13 23:00:00,12.9,68,7.2,0.0,0,1018.8,0
2026-02-14 00:00:00,13.1,72,8.2,0.0,0,1018.8,0
2026-02-14 01:00:00,13.5,74,8.9,0.0,0,1018.7,0
2026-02-14 02:00:00,13.4,76,9.3,0.0,0,1018.3,0
2026-02-14 03:00:00,11.7,82,8.7,0.0,0,1017.8,0
2026-02-14 04:00:00,11.9,75,7.7,0.0,0,1017.2,5
2026-02-14 05:00:00,12.8,72,7.9,0.0,0,1017.3,5
2026-02-14 06:00:00,12.8,75,8.5,0.0,0,1017.2,1
2026-02-14 07:00:00,12.6,76,8.6,0.0,0,1017.5,3
2026-02-14 08:00:00,15.6,71,10.4,0.0,0,1017.9,2
2026-02-14 09:00:00,17.6,69,12.0,0.0,1,1018.2,35
2026-02-14 10:00:00,18.4,60,10.4,0.0,0,1018.1,1
2026-02-14 11:00:00,19.0,59,10.9,0.0,0,1017.9,3
2026-02-14 12:00:00,19.4,60,11.4,0.0,0,1017.1,2
2026-02-14 13:00:00,19.5,62,12.0,0.0,0,1016.2,16
2026-02-14 14:00:00,19.7,60,11.8,0.0,3,1015.4,100
2026-02-14 15:00:00,19.6,62,12.0,0.0,2,1014.7,67
2026-02-14 16:00:00,19.8,60,11.9,0.0,3,1014.5,100
2026-02-14 17:00:00,19.0,67,12.8,0.0,1,1014.3,30
2026-02-14 18:00:00,18.5,69,12.6,0.0,1,1014.5,27
2026-02-14 19:00:00,18.6,69,12.8,0.0,2,1015.0,62
2026-02-14 20:00:00,18.9,71,13.5,0.0,3,1015.3,100
2026-02-14 21:00:00,17.7,90,16.1,0.1,51,1015.8,100
2026-02-14 22:00:00,17.5,93,16.4,0.1,51,1016.1,42
2026-02-14 23:00:00,17.6,92,16.3,0.1,51,1016.2,81
2026-02-15 00:00:00,18.0,90,16.4,0.1,51,1015.6,65
2026-02-15 01:00:00,18.2,88,16.2,0.0,3,1015.1,100
2026-02-15 02:00:00,18.5,88,16.4,0.1,51,1015.1,88
2026-02-15 03:00:00,18.6,88,16.5,0.4,51,1014.8,100
2026-02-15 04:00:00,18.3,90,16.5,0.2,51,1014.7,100
2026-02-15 05:00:00,18.1,91,16.6,0.1,51,1014.7,100
2026-02-15 06:00:00,17.6,94,16.7,0.2,51,1015.5,99
2026-02-15 07:00:00,17.8,94,16.8,0.5,53,1016.0,41
2026-02-15 08:00:00,18.4,93,17.2,0.0,1,1016.2,47
2026-02-15 09:00:00,18.9,93,17.8,0.1,51,1016.6,4
2026-02-15 10:00:00,19.9,86,17.5,0.0,1,1016.9,20
2026-02-15 11:00:00,20.8,78,16.9,0.0,1,1016.7,38
2026-02-15 12:00:00,21.4,73,16.4,0.0,1,1016.0,25
2026-02-15 13:00:00,21.4,72,16.1,0.0,0,1015.3,14
2026-02-15 14:00:00,21.4,68,15.4,0.0,0,1014.8,2
2026-02-15 15:00:00,20.7,68,14.6,0.0,0,1014.7,0
2026-02-15 16:00:00,20.2,70,14.7,0.0,0,1014.4,1
2026-02-15 17:00:00,19.1,77,14.9,0.0,0,1014.5,3
2026-02-15 18:00:00,17.6,86,15.2,0.0,0,1015.1,2
2026-02-15 19:00:00,16.5,90,14.9,0.0,0,1015.4,0
2026-02-15 20:00:00,16.2,89,14.4,0.0,0,1015.8,0
2026-02-15 21:00:00,16.5,90,14.8,0.0,0,1015.8,0
2026-02-15 22:00:00,16.1,89,14.4,0.0,0,1016.0,0
2026-02-15 23:00:00,16.0,89,14.2,0.0,0,1015.8,0
2026-02-16 00:00:00,15.9,89,14.1,0.0,0,1015.5,0
2026-02-16 01:00:00,15.7,89,14.0,0.0,0,1015.5,9
2026-02-16 02:00:00,15.7,88,13.7,0.0,0,1015.5,15
2026-02-16 03:00:00,14.7,88,12.7,0.0,0,1015.0,9
2026-02-16 04:00:00,14.9,87,12.7,0.0,0,1014.6,10
2026-02-16 05:00:00,14.3,87,12.2,0.0,0,1014.5,1
2026-02-16 06:00:00,14.4,86,12.1,0.0,0,1014.8,2
2026-02-16 07:00:00,14.6,86,12.3,0.0,0,1015.4,16
2026-02-16 08:00:00,16.3,83,13.4,0.0,2,1016.1,63
2026-02-16 09:00:00,18.2,77,14.2,0.0,0,1016.1,13
2026-02-16 10:00:00,19.4,70,13.9,0.0,1,1016.0,24
2026-02-16 11:00:00,20.3,66,13.7,0.0,0,1015.8,9
2026-02-16 12:00:00,20.9,63,13.5,0.0,1,1014.9,30
2026-02-16 13:00:00,21.1,62,13.5,0.0,2,1013.9,56
2026-02-16 14:00:00,20.6,64,13.5,0.0,3,1013.5,100
2026-02-16 15:00:00,18.9,71,13.5,0.0,1,1013.3,47
2026-02-16 16:00:00,18.7,68,12.7,0.0,3,1013.6,91
2026-02-16 17:00:00,18.0,70,12.4,0.0,3,1013.8,100
2026-02-16 18:00:00,17.4,71,12.1,0.0,3,1014.0,100
2026-02-16 19:00:00,17.4,69,11.6,0.0,3,1014.5,100
2026-02-16 20:00:00,17.1,71,11.7,0.0,3,1015.0,100
2026-02-16 21:00:00,16.6,71,11.4,0.0,3,1015.3,100
2026-02-16 22:00:00,16.8,67,10.6,0.0,3,1015.3,100
2026-02-16 23:00:00,16.2,72,11.1,0.2,51,1015.6,100
2026-02-17 00:00:00,15.3,83,12.4,0.3,51,1015.5,100
2026-02-17 01:00:00,15.0,88,13.0,0.3,51,1015.5,100
2026-02-17 02:00:00,14.8,91,13.3,0.5,53,1015.3,100
2026-02-17 03:00:00,14.3,92,13.1,0.1,51,1015.0,100
2026-02-17 04:00:00,14.3,88,12.4,0.1,51,1014.8,100
2026-02-17 05:00:00,14.2,89,12.4,0.4,51,1015.0,100
2026-02-17 06:00:00,14.2,91,12.7,0.5,53,1015.3,100
2026-02-17 07:00:00,14.0,91,12.6,0.5,53,1015.6,100
2026-02-17 08:00:00,13.6,96,13.0,0.8,53,1016.2,100
2026-02-17 09:00:00,14.6,91,13.1,0.7,53,1016.6,100
2026-02-17 10:00:00,14.8,91,13.4,0.3,51,1016.7,100
2026-02-17 11:00:00,15.1,91,13.7,0.1,51,1016.7,100
2026-02-17 12:00:00,15.4,88,13.4,0.0,3,1016.3,100
2026-02-17 13:00:00,16.2,75,11.8,0.0,2,1015.6,50
2026-02-17 14:00:00,17.2,64,10.3,0.0,3,1015.0,98
2026-02-17 15:00:00,16.8,61,9.3,0.0,3,1014.6,92
2026-02-17 16:00:00,17.1,58,8.9,0.0,1,1014.5,30
2026-02-17 17:00:00,16.7,61,9.2,0.0,1,1015.0,25
2026-02-17 18:00:00,15.6,66,9.2,0.0,1,1015.6,23
2026-02-17 19:00:00,15.0,65,8.6,0.0,3,1015.9,88
2026-02-17 20:00:00,14.8,64,8.0,0.0,0,1016.6,0
2026-02-17 21:00:00,13.2,72,8.3,0.0,0,1016.8,2
2026-02-17 22:00:00,14.1,64,7.4,0.0,1,1016.8,36
2026-02-17 23:00:00,14.8,60,7.1,0.0,0,1016.7,2
2026-02-18 00:00:00,14.2,62,7.1,0.0,0,1016.6,18
2026-02-18 01:00:00,14.8,59,6.8,0.0,1,1016.5,43
2026-02-18 02:00:00,15.1,57,6.7,0.0,0,1016.4,17
2026-02-18 03:00:00,15.1,64,8.4,0.0,0,1016.2,6
2026-02-18 04:00:00,14.8,68,8.9,0.0,0,1016.2,16
2026-02-18 05:00:00,14.6,68,8.7,0.0,2,1016.3,52
2026-02-18 06:00:00,14.3,71,9.2,0.0,1,1016.9,39
2026-02-18 07:00:00,14.4,69,8.8,0.0,1,1017.3,46
2026-02-18 08:00:00,14.6,71,9.4,0.0,1,1018.0,29
2026-02-18 09:00:00,15.5,67,9.3,0.0,1,1018.4,32
2026-02-18 10:00:00,16.2,62,8.8,0.0,1,1018.8,29
2026-02-18 11:00:00,16.5,58,8.1,0.0,0,1019.1,9
2026-02-18 12:00:00,16.6,56,7.9,0.0,0,1018.7,7
2026-02-18 13:00:00,16.6,55,7.5,0.0,1,1018.3,22
2026-02-18 14:00:00,16.4,54,7.2,0.0,1,1017.8,34
2026-02-18 15:00:00,15.5,58,7.3,0.0,1,1018.0,20
2026-02-18 16:00:00,15.3,57,6.8,0.0,0,1018.3,19
2026-02-18 17:00:00,14.8,57,6.3,0.0,0,1018.7,16
2026-02-18 18:00:00,14.1,58,6.0,0.0,0,1019.2,13
2026-02-18 19:00:00,13.7,59,5.8,0.0,1,1019.8,47
2026-02-18 20:00:00,13.8,59,6.0,0.0,1,1020.4,23
2026-02-18 21:00:00,13.6,57,5.4,0.0,0,1020.6,16
2026-02-18 22:00:00,13.2,60,5.5,0.0,1,1021.2,49
2026-02-18 23:00:00,13.1,60,5.5,0.0,0,1021.6,11
2026-02-19 00:00:00,12.8,60,5.2,0.0,1,1021.6,31
2026-02-19 01:00:00,12.8,59,4.9,0.0,0,1021.7,13
2026-02-19 02:00:00,12.4,59,4.7,0.0,2,1021.6,52
2026-02-19 03:00:00,12.4,58,4.4,0.0,1,1021.0,47
2026-02-19 04:00:00,13.2,53,3.8,0.0,1,1020.6,44
2026-02-19 05:00:00,12.9,54,3.9,0.0,1,1020.8,47
2026-02-19 06:00:00,13.0,55,4.1,0.0,2,1021.1,66
2026-02-19 07:00:00,13.8,53,4.3,0.0,3,1021.5,88
2026-02-19 08:00:00,14.0,58,5.9,0.0,2,1022.2,56
2026-02-19 09:00:00,14.8,59,6.8,0.0,1,1023.0,35
2026-02-19 10:00:00,15.7,54,6.5,0.0,1,1023.1,30
2026-02-19 11:00:00,16.3,51,6.1,0.0,2,1022.7,52
2026-02-19 12:00:00,16.8,47,5.6,0.0,1,1021.9,49
2026-02-19 13:00:00,17.1,46,5.5,0.0,1,1021.1,20
2026-02-19 14:00:00,17.0,48,5.8,0.0,2,1020.2,64
2026-02-19 15:00:00,16.4,49,5.7,0.0,1,1019.7,25
2026-02-19 16:00:00,16.0,52,6.2,0.0,0,1019.9,3
2026-02-19 17:00:00,15.5,55,6.6,0.0,1,1020.4,26
2026-02-19 18:00:00,14.1,65,7.7,0.0,1,1020.9,40
2026-02-19 19:00:00,13.1,69,7.5,0.0,1,1021.4,41
2026-02-19 20:00:00,13.0,68,7.1,0.0,2,1021.6,66
2026-02-19 21:00:00,12.3,72,7.3,0.0,1,1021.4,34
2026-02-19 22:00:00,13.8,65,7.3,0.0,2,1021.5,69
2026-02-19 23:00:00,13.1,69,7.6,0.0,2,1021.1,50
2026-02-20 00:00:00,11.9,74,7.4,0.0,1,1020.7,45
2026-02-20 01:00:00,12.1,73,7.3,0.0,2,1020.3,59
2026-02-20 02:00:00,12.3,71,7.3,0.0,1,1020.1,41
2026-02-20 03:00:00,12.7,71,7.5,0.0,2,1019.6,73
2026-02-20 04:00:00,12.9,66,6.6,0.0,3,1019.0,95
2026-02-20 05:00:00,14.5,60,6.9,0.0,3,1019.0,100
2026-02-20 06:00:00,14.6,58,6.5,0.0,3,1019.1,100
2026-02-20 07:00:00,14.4,60,6.8,0.0,3,1019.1,100
2026-02-20 08:00:00,14.3,65,7.9,0.0,3,1019.1,100
2026-02-20 09:00:00,15.4,69,9.7,0.0,3,1019.4,99
2026-02-20 10:00:00,16.3,58,8.0,0.0,3,1019.3,100
2026-02-20 11:00:00,17.0,51,6.9,0.0,3,1019.0,100
2026-02-20 12:00:00,17.7,47,6.2,0.0,3,1018.1,100
2026-02-20 13:00:00,17.3,53,7.7,0.0,3,1017.2,100
2026-02-20 14:00:00,16.3,59,8.4,0.0,3,1016.5,100
2026-02-20 15:00:00,15.6,64,8.9,0.0,3,1016.4,100
2026-02-20 16:00:00,14.9,74,10.4,0.2,51,1016.2,100
2026-02-20 17:00:00,14.4,83,11.6,0.2,51,1016.5,100
2026-02-20 18:00:00,14.0,88,12.0,0.1,51,1016.8,90
2026-02-20 19:00:00,13.9,87,11.7,0.2,51,1016.9,95
2026-02-20 20:00:00,13.3,89,11.5,0.0,3,1017.3,97
2026-02-20 21:00:00,14.0,83,11.2,0.0,2,1017.6,57
2026-02-20 22:00:00,12.8,83,10.0,0.0,0,1017.7,1
2026-02-20 23:00:00,12.5,82,9.6,0.0,0,1017.5,4
2026-02-21 00:00:00,12.1,83,9.3,0.0,0,1017.2,7
2026-02-21 01:00:00,11.8,85,9.3,0.0,1,1016.9,26
2026-02-21 02:00:00,12.0,86,9.7,0.0,2,1016.7,51
2026-02-21 03:00:00,12.8,84,10.2,0.0,1,1016.1,44
2026-02-21 04:00:00,12.5,84,9.9,0.0,2,1015.5,55
2026-02-21 05:00:00,12.8,82,9.7,0.0,2,1015.5,56
2026-02-21 06:00:00,13.6,78,9.9,0.0,1,1015.5,43
2026-02-21 07:00:00,13.4,83,10.6,0.0,1,1015.4,34
2026-02-21 08:00:00,14.8,84,12.2,0.0,1,1015.7,43
2026-02-21 09:00:00,16.7,81,13.5,0.2,51,1015.9,23
2026-02-21 10:00:00,18.3,71,13.1,0.1,51,1016.0,30
2026-02-21 11:00:00,18.7,70,13.2,0.1,51,1016.0,28
2026-02-21 12:00:00,19.0,69,13.1,0.1,51,1015.3,27
2026-02-21 13:00:00,18.8,69,13.1,0.4,51,1014.4,50
2026-02-21 14:00:00,18.7,70,13.1,0.1,51,1013.8,32
2026-02-21 15:00:00,18.9,68,12.9,0.1,51,1012.8,27
2026-02-21 16:00:00,19.0,68,13.0,0.2,51,1012.9,33
2026-02-21 17:00:00,18.6,72,13.5,0.2,51,1012.8,13
2026-02-21 18:00:00,17.6,75,13.2,0.0,0,1013.0,10
2026-02-21 19:00:00,17.3,73,12.4,0.0,0,1013.2,9
2026-02-21 20:00:00,17.4,72,12.3,0.0,0,1013.7,17
2026-02-21 21:00:00,18.3,70,12.8,0.0,1,1013.7,23
2026-02-21 22:00:00,17.7,74,12.9,0.0,0,1014.1,19
2026-02-21 23:00:00,17.6,75,13.0,0.0,0,1014.2,13
2026-02-22 00:00:00,17.7,73,12.9,0.0,1,1013.9,21
2026-02-22 01:00:00,17.9,74,13.2,0.0,0,1013.8,16
2026-02-22 02:00:00,17.9,74,13.1,0.0,0,1013.6,17
2026-02-22 03:00:00,18.3,75,13.7,0.0,0,1012.7,16
2026-02-22 04:00:00,18.2,73,13.4,0.0,0,1012.5,14
2026-02-22 05:00:00,18.3,72,13.2,0.0,3,1012.7,86
2026-02-22 06:00:00,18.3,73,13.3,0.0,3,1013.3,93
2026-02-22 07:00:00,18.2,73,13.3,0.0,3,1013.9,95
2026-02-22 08:00:00,18.9,72,13.8,0.0,3,1014.6,92
2026-02-22 09:00:00,20.1,70,14.5,0.0,3,1014.7,92
2026-02-22 10:00:00,20.7,67,14.3,0.0,3,1015.0,93
2026-02-22 11:00:00,21.2,66,14.5,0.0,3,1014.9,96
2026-02-22 12:00:00,21.3,65,14.4,0.1,51,1014.5,97
2026-02-22 13:00:00,21.2,65,14.5,0.1,51,1014.3,92
2026-02-22 14:00:00,21.2,66,14.5,0.0,3,1013.6,100
2026-02-22 15:00:00,21.0,65,14.1,0.0,3,1013.4,100
2026-02-22 16:00:00,20.8,66,14.2,0.0,3,1013.3,100
2026-02-22 17:00:00,20.4,69,14.4,0.0,3,1013.2,100
2026-02-22 18:00:00,19.8,70,14.2,0.0,3,1013.7,92
2026-02-22 19:00:00,19.2,72,14.1,0.0,3,1014.3,98
2026-02-22 20:00:00,19.2,74,14.5,0.0,1,1014.9,23
2026-02-22 21:00:00,19.2,76,14.8,0.0,1,1015.3,32
2026-02-22 22:00:00,19.1,75,14.6,0.0,1,1015.7,23
2026-02-22 23:00:00,19.0,75,14.4,0.0,1,1015.9,23
2026-02-23 00:00:00,18.9,75,14.3,0.0,1,1016.1,23
2026-02-23 01:00:00,17.7,80,14.1,0.0,0,1016.5,16
2026-02-23 02:00:00,17.5,80,14.1,0.0,1,1016.4,28
2026-02-23 03:00:00,17.3,79,13.5,0.0,2,1016.3,51
2026-02-23 04:00:00,17.0,81,13.7,0.0,0,1016.1,13
2026-02-23 05:00:00,16.5,84,13.7,0.0,0,1016.3,16
2026-02-23 06:00:00,16.4,86,14.0,0.0,0,1016.6,11
2026-02-23 07:00:00,16.3,87,14.1,0.0,0,1017.0,9
2026-02-23 08:00:00,18.6,85,16.0,0.0,0,1017.9,10
2026-02-23 09:00:00,19.9,83,17.0,0.0,1,1018.0,29
2026-02-23 10:00:00,21.3,73,16.3,0.1,51,1018.2,30
2026-02-23 11:00:00,21.8,69,15.8,0.3,51,1018.2,49
2026-02-23 12:00:00,21.5,70,15.9,0.3,51,1017.9,41
2026-02-23 13:00:00,21.5,71,16.1,0.4,51,1017.5,44
2026-02-23 14:00:00,22.0,69,16.1,0.3,51,1017.1,41
2026-02-23 15:00:00,21.6,69,15.8,0.2,51,1016.9,54
2026-02-23 16:00:00,20.2,77,16.1,0.3,51,1017.1,81
2026-02-23 17:00:00,19.7,79,15.9,0.3,51,1017.3,95
2026-02-23 18:00:00,18.5,88,16.5,0.0,3,1017.7,88
2026-02-23 19:00:00,17.7,90,16.1,0.0,0,1017.9,6
2026-02-23 20:00:00,17.2,92,15.8,0.0,0,1018.4,12
2026-02-23 21:00:00,17.6,92,16.3,0.0,0,1018.3,14
2026-02-23 22:00:00,17.8,90,16.1,0.0,0,1018.6,15
2026-02-23 23:00:00,18.4,83,15.4,0.0,0,1018.6,9
2026-02-24 00:00:00,18.5,81,15.1,0.0,0,1018.6,7
2026-02-24 01:00:00,18.2,82,15.0,0.0,0,1018.5,6
2026-02-24 02:00:00,18.0,83,15.0,0.0,0,1018.1,0
2026-02-24 03:00:00,18.0,82,14.8,0.0,0,1017.5,0
2026-02-24 04:00:00,17.7,81,14.4,0.0,0,1016.8,0
2026-02-24 05:00:00,17.7,81,14.4,0.0,0,1016.7,0
2026-02-24 06:00:00,17.8,82,14.6,0.0,0,1016.5,1
2026-02-24 07:00:00,17.9,82,14.7,0.0,0,1016.7,10
2026-02-24 08:00:00,18.7,80,15.2,0.0,0,1017.0,19
2026-02-24 09:00:00,19.8,74,15.0,0.0,1,1017.0,39
2026-02-24 10:00:00,20.2,72,15.1,0.0,1,1017.0,20
2026-02-24 11:00:00,20.5,71,15.1,0.0,1,1016.5,26
2026-02-24 12:00:00,20.8,69,14.9,0.0,0,1016.1,12
2026-02-24 13:00:00,20.8,68,14.6,0.2,51,1015.5,40
2026-02-24 14:00:00,20.8,65,14.1,0.0,3,1015.4,95
2026-02-24 15:00:00,21.0,59,12.7,0.1,51,1014.3,100
2026-02-24 16:00:00,20.2,63,13.0,0.0,3,1013.9,92
2026-02-24 17:00:00,20.4,61,12.7,0.0,3,1013.9,94
2026-02-24 18:00:00,20.0,63,12.8,0.0,3,1013.9,97
2026-02-24 19:00:00,20.5,59,12.3,0.0,3,1013.6,99
2026-02-24 20:00:00,20.2,67,13.8,0.0,3,1014.2,100
2026-02-24 21:00:00,20.0,71,14.5,0.0,3,1014.7,100
2026-02-24 22:00:00,20.0,72,14.7,0.0,3,1014.7,100
2026-02-24 23:00:00,19.3,76,15.0,0.2,51,1014.2,98
2026-02-25 00:00:00,20.0,69,14.2,0.1,51,1014.1,88
2026-02-25 01:00:00,19.9,71,14.5,0.0,3,1013.7,100
2026-02-25 02:00:00,18.5,90,16.8,3.3,63,1014.0,97
2026-02-25 03:00:00,19.7,87,17.5,0.3,51,1012.9,100
2026-02-25 04:00:00,19.8,84,17.1,0.1,51,1012.3,100
2026-02-25 05:00:00,19.5,87,17.3,0.3,51,1012.0,79
2026-02-25 06:00:00,19.1,91,17.6,1.1,55,1012.4,100
2026-02-25 07:00:00,18.4,96,17.8,1.5,61,1012.7,100
2026-02-25 08:00:00,18.3,97,17.8,5.7,63,1013.4,100
2026-02-25 09:00:00,19.7,95,18.9,1.2,55,1012.8,100
2026-02-25 10:00:00,19.8,88,17.7,0.6,53,1013.0,100
2026-02-25 11:00:00,18.8,98,18.5,1.0,55,1013.0,100
2026-02-25 12:00:00,18.7,95,17.9,0.4,51,1012.8,100
2026-02-25 13:00:00,19.1,91,17.7,0.1,51,1011.9,100
2026-02-25 14:00:00,20.0,84,17.2,0.1,51,1011.2,51
2026-02-25 15:00:00,20.1,82,16.9,0.0,2,1010.9,73
2026-02-25 16:00:00,20.3,80,16.6,0.0,1,1011.0,41
2026-02-25 17:00:00,19.6,79,16.0,0.0,0,1011.4,13
2026-02-25 18:00:00,18.6,84,15.8,0.0,1,1012.1,38
2026-02-25 19:00:00,17.7,86,15.4,0.0,0,1012.3,8
2026-02-25 20:00:00,17.3,86,14.9,0.0,1,1012.6,41
2026-02-25 21:00:00,17.5,81,14.2,0.0,1,1012.8,37
2026-02-25 22:00:00,17.0,83,14.1,0.0,2,1012.9,64
2026-02-25 23:00:00,17.0,82,13.9,0.0,2,1012.9,53
2026-02-26 00:00:00,17.4,80,13.9,0.0,3,1012.8,87
2026-02-26 01:00:00,17.4,81,14.0,0.0,3,1012.4,100
2026-02-26 02:00:00,17.0,84,14.2,0.0,3,1012.1,100
2026-02-26 03:00:00,17.4,81,14.1,0.0,3,1011.6,100
2026-02-26 04:00:00,17.3,80,13.8,0.0,3,1011.5,100
2026-02-26 05:00:00,17.0,79,13.4,0.0,3,1011.7,100
2026-02-26 06:00:00,17.3,78,13.5,0.0,3,1012.1,100
2026-02-26 07:00:00,17.3,79,13.7,0.0,3,1012.3,93
2026-02-26 08:00:00,17.9,82,14.7,0.0,3,1012.5,100
2026-02-26 09:00:00,19.0,71,13.6,0.0,2,1012.7,70
2026-02-26 10:00:00,19.9,67,13.6,0.0,3,1012.3,100
2026-02-26 11:00:00,20.2,70,14.5,0.1,51,1011.7,100
2026-02-26 12:00:00,20.8,66,14.3,0.1,51,1010.9,100
2026-02-26 13:00:00,20.2,71,14.7,0.2,51,1010.1,100
2026-02-26 14:00:00,20.1,73,15.1,0.3,51,1009.4,100
2026-02-26 15:00:00,19.5,74,14.8,0.4,51,1008.9,100
2026-02-26 16:00:00,19.4,75,14.9,0.0,3,1008.7,100
2026-02-26 17:00:00,19.1,74,14.5,0.0,3,1008.5,100
2026-02-26 18:00:00,18.3,79,14.6,0.0,3,1008.9,100
2026-02-26 19:00:00,18.0,79,14.4,0.0,3,1009.3,100
2026-02-26 20:00:00,17.8,81,14.4,0.0,3,1009.3,100
2026-02-26 21:00:00,16.8,83,13.8,0.0,1,1009.5,45
2026-02-26 22:00:00,16.2,82,13.2,0.0,3,1009.5,100
2026-02-26 23:00:00,17.1,81,13.9,0.0,3,1009.5,100
2026-02-27 00:00:00,17.2,80,13.7,0.0,3,1009.1,91
2026-02-27 01:00:00,17.0,80,13.5,0.0,3,1008.7,100
2026-02-27 02:00:00,16.8,80,13.4,0.0,3,1008.9,100
2026-02-27 03:00:00,17.5,79,13.8,0.0,3,1008.1,100
2026-02-27 04:00:00,17.6,78,13.7,0.0,3,1007.3,100
2026-02-27 05:00:00,17.8,76,13.6,0.0,3,1007.2,100
2026-02-27 06:00:00,18.1,75,13.7,0.0,3,1008.2,100
2026-02-27 07:00:00,17.7,80,14.3,0.6,53,1008.0,100
2026-02-27 08:00:00,17.4,86,15.0,0.1,51,1007.9,100
2026-02-27 09:00:00,19.1,79,15.4,0.0,3,1007.2,100
2026-02-27 10:00:00,19.6,77,15.5,0.0,3,1008.4,100
2026-02-27 11:00:00,18.7,84,15.8,0.9,53,1008.7,100
2026-02-27 12:00:00,18.3,89,16.5,1.1,55,1007.7,100
2026-02-27 13:00:00,17.8,96,17.1,1.2,55,1006.9,100
2026-02-27 14:00:00,17.8,96,17.2,0.6,53,1005.7,100
2026-02-27 15:00:00,18.4,90,16.6,0.7,53,1005.0,100
2026-02-27 16:00:00,19.0,89,17.1,0.3,51,1004.7,100
2026-02-27 17:00:00,18.7,95,17.8,0.5,53,1005.5,100
2026-02-27 18:00:00,18.1,95,17.3,0.3,51,1005.8,100
2026-02-27 19:00:00,17.5,96,16.8,0.4,51,1005.6,100
2026-02-27 20:00:00,17.3,96,16.6,0.0,3,1006.1,100
2026-02-27 21:00:00,17.6,95,16.7,0.0,1,1007.1,44
2026-02-27 22:00:00,17.0,95,16.3,0.0,0,1006.9,12
2026-02-27 23:00:00,16.8,94,15.9,0.0,0,1007.6,8
2026-02-28 00:00:00,17.1,91,15.5,0.0,1,1007.5,32
2026-02-28 01:00:00,17.4,91,16.0,0.0,1,1007.8,28
2026-02-28 02:00:00,17.1,91,15.5,0.0,1,1007.7,22
2026-02-28 03:00:00,17.3,91,15.8,0.0,1,1008.4,48
2026-02-28 04:00:00,17.1,91,15.6,0.0,2,1008.5,63
2026-02-28 05:00:00,17.1,90,15.5,0.0,1,1008.8,45
2026-02-28 06:00:00,16.9,90,15.3,0.0,1,1009.4,40
2026-02-28 07:00:00,16.8,91,15.3,0.0,1,1010.0,44
2026-02-28 08:00:00,17.5,90,15.9,0.0,1,1011.0,35
2026-02-28 09:00:00,18.4,86,16.0,0.0,2,1012.0,55
2026-02-28 10:00:00,19.0,83,16.1,0.1,51,1012.4,39
2026-02-28 11:00:00,19.7,79,15.9,0.2,51,1012.5,72
2026-02-28 12:00:00,19.6,79,15.9,0.9,53,1011.9,85
2026-02-28 13:00:00,18.8,86,16.4,0.3,51,1011.9,89
2026-02-28 14:00:00,19.1,85,16.5,0.2,51,1011.5,97
2026-02-28 15:00:00,19.1,81,15.8,0.2,51,1011.6,79
2026-02-28 16:00:00,19.0,81,15.6,0.2,51,1011.4,27
2026-02-28 17:00:00,18.5,83,15.6,0.1,51,1011.9,51
2026-02-28 18:00:00,17.5,88,15.6,0.0,1,1012.5,41
2026-02-28 19:00:00,16.9,91,15.4,0.0,1,1013.1,24
2026-02-28 20:00:00,16.8,90,15.2,0.0,2,1014.0,59
2026-02-28 21:00:00,17.2,94,16.1,0.0,3,1014.0,94
2026-02-28 22:00:00,17.1,93,15.9,0.0,2,1014.2,66
2026-02-28 23:00:00,17.1,89,15.4,0.0,3,1014.7,97
2026-03-01 00:00:00,16.9,89,15.1,0.0,3,1014.1,100
2026-03-01 01:00:00,16.7,89,14.9,0.0,3,1014.6,100
2026-03-01 02:00:00,16.7,89,14.9,0.0,3,1014.2,100
2026-03-01 03:00:00,16.8,88,14.8,0.0,3,1014.4,100
2026-03-01 04:00:00,16.3,89,14.5,0.0,3,1014.4,100
2026-03-01 05:00:00,16.1,87,14.0,0.0,3,1014.5,100
2026-03-01 06:00:00,15.9,83,13.0,0.0,3,1014.7,100
2026-03-01 07:00:00,16.4,81,13.1,0.0,3,1015.1,100
2026-03-01 08:00:00,17.4,80,13.9,0.0,1,1015.7,28
2026-03-01 09:00:00,18.4,80,14.8,0.0,3,1015.8,99
2026-03-01 10:00:00,19.7,65,12.9,0.0,1,1015.6,30
2026-03-01 11:00:00,20.6,56,11.4,0.0,0,1014.6,2
2026-03-01 12:00:00,21.1,55,11.7,0.0,1,1014.3,44
2026-03-01 13:00:00,20.5,63,13.2,0.0,3,1014.3,92
2026-03-01 14:00:00,20.1,66,13.6,0.2,51,1013.8,68
2026-03-01 15:00:00,19.8,65,12.9,0.1,51,1013.5,98
2026-03-01 16:00:00,19.4,66,13.0,0.1,51,1013.5,100
2026-03-01 17:00:00,18.6,70,13.1,0.0,3,1013.3,100
2026-03-01 18:00:00,18.3,71,12.9,0.0,2,1013.5,72
2026-03-01 19:00:00,18.2,69,12.4,0.0,3,1013.4,95
2026-03-01 20:00:00,18.4,65,11.7,0.0,3,1013.9,100
2026-03-01 21:00:00,17.9,76,13.5,0.0,3,1013.8,99
2026-03-01 22:00:00,18.0,73,13.0,0.0,3,1013.3,100
2026-03-01 23:00:00,18.7,65,12.1,0.0,3,1013.7,100
2026-03-02 00:00:00,18.5,67,12.2,0.1,51,1014.3,100
2026-03-02 01:00:00,18.1,72,13.0,0.2,51,1013.5,100
2026-03-02 02:00:00,17.9,81,14.5,0.7,53,1011.5,100
2026-03-02 03:00:00,17.8,88,15.8,0.0,3,1011.4,100
2026-03-02 04:00:00,17.5,91,16.0,0.4,51,1010.8,100
2026-03-02 05:00:00,17.7,90,16.1,0.5,53,1010.1,100
2026-03-02 06:00:00,17.2,97,16.8,1.4,61,1010.0,100
2026-03-02 07:00:00,17.7,97,17.1,1.6,61,1010.4,100
2026-03-02 08:00:00,17.9,97,17.4,1.7,61,1010.3,100
2026-03-02 09:00:00,18.8,94,17.8,0.9,53,1010.2,100
2026-03-02 10:00:00,18.7,97,18.2,2.7,63,1010.0,100
2026-03-02 11:00:00,19.0,98,18.7,3.2,63,1009.9,100
2026-03-02 12:00:00,19.3,98,19.0,2.4,61,1008.9,100
2026-03-02 13:00:00,19.8,95,19.0,1.3,61,1007.7,98
2026-03-02 14:00:00,20.6,95,19.8,0.5,53,1006.8,100
2026-03-02 15:00:00,20.6,93,19.4,1.0,55,1006.2,80
2026-03-02 16:00:00,21.2,91,19.7,0.8,53,1005.8,100
2026-03-02 17:00:00,20.5,94,19.5,1.2,55,1005.8,100
2026-03-02 18:00:00,20.1,95,19.3,0.3,51,1006.2,100
2026-03-02 19:00:00,19.5,94,18.5,0.0,2,1006.8,53
2026-03-02 20:00:00,18.6,94,17.6,0.0,1,1007.2,30
2026-03-02 21:00:00,18.6,93,17.5,0.0,1,1007.9,29
2026-03-02 22:00:00,18.1,91,16.7,0.0,3,1008.2,100
2026-03-02 23:00:00,18.0,89,16.1,0.0,3,1008.2,82
2026-03-03 00:00:00,17.8,86,15.5,0.0,3,1008.0,96
2026-03-03 01:00:00,17.6,85,15.0,0.0,3,1007.7,100
2026-03-03 02:00:00,17.2,85,14.7,0.0,3,1007.3,100
2026-03-03 03:00:00,17.8,81,14.4,0.0,3,1007.0,100
2026-03-03 04:00:00,17.6,83,14.6,0.0,3,1006.5,100
2026-03-03 05:00:00,18.0,79,14.3,0.0,3,1006.8,100
2026-03-03 06:00:00,18.1,83,15.1,0.0,3,1007.0,100
2026-03-03 07:00:00,17.9,84,15.2,0.0,3,1007.6,81
2026-03-03 08:00:00,18.0,85,15.4,0.0,3,1007.9,95
2026-03-03 09:00:00,18.4,82,15.3,0.0,3,1008.6,100
2026-03-03 10:00:00,19.8,72,14.6,0.0,3,1008.9,85
2026-03-03 11:00:00,19.8,70,14.3,0.0,3,1009.1,93
2026-03-03 12:00:00,19.6,69,13.9,0.0,2,1009.5,63
2026-03-03 13:00:00,19.4,70,13.9,0.1,51,1009.1,83
2026-03-03 14:00:00,18.8,71,13.4,0.1,51,1008.8,81
2026-03-03 15:00:00,18.4,74,13.7,0.1,51,1009.3,65
2026-03-03 16:00:00,18.5,73,13.5,0.0,2,1009.4,57
2026-03-03 17:00:00,18.0,73,13.0,0.1,51,1010.5,80
2026-03-03 18:00:00,17.2,74,12.6,0.0,3,1010.7,80
2026-03-03 19:00:00,17.0,71,11.6,0.0,3,1011.5,100
2026-03-03 20:00:00,16.8,70,11.4,0.0,3,1012.3,88
2026-03-03 21:00:00,16.8,67,10.7,0.0,1,1012.2,28
2026-03-03 22:00:00,16.6,67,10.4,0.0,1,1013.0,44
2026-03-03 23:00:00,17.0,66,10.5,0.0,2,1013.0,77
2026-03-04 00:00:00,16.8,68,10.8,0.0,3,1013.2,87
2026-03-04 01:00:00,16.6,68,10.8,0.0,3,1013.2,100
2026-03-04 02:00:00,16.5,70,11.1,0.0,1,1013.5,46
2026-03-04 03:00:00,17.0,66,10.5,0.0,3,1013.8,100
2026-03-04 04:00:00,17.0,67,10.9,0.0,3,1013.5,99
2026-03-04 05:00:00,16.9,70,11.3,0.0,3,1014.1,100
2026-03-04 06:00:00,16.4,74,11.7,0.0,1,1014.9,27
2026-03-04 07:00:00,15.9,75,11.6,0.0,3,1015.6,98
2026-03-04 08:00:00,16.6,75,12.2,0.0,3,1015.7,100
2026-03-04 09:00:00,17.9,69,12.2,0.0,1,1015.6,29
2026-03-04 10:00:00,19.2,65,12.4,0.0,3,1016.1,90
2026-03-04 11:00:00,20.0,63,12.7,0.0,3,1015.9,90
2026-03-04 12:00:00,20.5,61,12.8,0.0,3,1016.2,100
2026-03-04 13:00:00,20.5,61,12.8,0.0,3,1015.8,84
2026-03-04 14:00:00,20.6,59,12.3,0.0,3,1015.6,84
2026-03-04 15:00:00,19.8,59,11.6,0.0,2,1015.5,52
2026-03-04 16:00:00,19.6,59,11.4,0.0,3,1015.3,100
2026-03-04 17:00:00,18.4,63,11.3,0.0,3,1015.4,100
2026-03-04 18:00:00,17.1,71,11.8,0.0,2,1015.7,70
2026-03-04 19:00:00,16.1,74,11.6,0.0,3,1016.0,98
2026-03-04 20:00:00,16.2,71,11.0,0.0,3,1016.5,100
2026-03-04 21:00:00,15.1,78,11.3,0.0,3,1016.5,96
2026-03-04 22:00:00,15.3,78,11.4,0.0,2,1017.0,74
2026-03-04 23:00:00,16.1,75,11.6,0.0,3,1017.8,100
2026-03-05 00:00:00,16.5,76,12.3,0.0,3,1017.7,100
2026-03-05 01:00:00,16.3,79,12.7,0.0,3,1017.4,95
2026-03-05 02:00:00,16.0,79,12.4,0.0,3,1017.2,100
2026-03-05 03:00:00,16.3,75,11.8,0.0,3,1017.2,100
2026-03-05 04:00:00,15.9,75,11.5,0.0,3,1017.1,99
2026-03-05 05:00:00,15.9,77,11.8,0.0,3,1017.3,99
2026-03-05 06:00:00,16.3,74,11.8,0.0,3,1018.0,100
2026-03-05 07:00:00,16.4,75,11.9,0.0,3,1018.3,98
2026-03-05 08:00:00,16.9,76,12.6,0.0,3,1018.6,100
2026-03-05 09:00:00,18.3,67,12.2,0.0,3,1019.0,100
2026-03-05 10:00:00,18.3,67,12.2,0.0,3,1019.0,100
2026-03-05 11:00:00,19.0,65,12.2,0.0,3,1018.8,100
2026-03-05 12:00:00,19.3,64,12.4,0.0,2,1018.5,71
2026-03-05 13:00:00,19.5,60,11.6,0.0,3,1018.1,91
2026-03-05 14:00:00,19.3,58,10.8,0.0,3,1017.4,81
2026-03-05 15:00:00,19.4,58,10.8,0.0,2,1017.1,78
2026-03-05 16:00:00,19.2,60,11.1,0.0,3,1017.1,100
2026-03-05 17:00:00,18.3,65,11.5,0.0,3,1017.2,100
2026-03-05 18:00:00,17.7,68,11.7,0.0,3,1017.1,100
2026-03-05 19:00:00,17.4,66,11.1,0.0,3,1017.2,100
2026-03-05 20:00:00,17.3,66,10.9,0.0,3,1017.6,100
2026-03-05 21:00:00,17.6,68,11.7,0.0,3,1017.8,100
2026-03-05 22:00:00,17.6,67,11.4,0.0,3,1018.1,100
2026-03-05 23:00:00,17.5,67,11.4,0.0,3,1018.1,100
2026-03-06 00:00:00,17.6,67,11.3,0.0,3,1017.7,100
2026-03-06 01:00:00,17.4,67,11.3,0.0,3,1017.2,100
2026-03-06 02:00:00,17.4,67,11.2,0.0,3,1016.6,99
2026-03-06 03:00:00,18.3,61,10.6,0.0,3,1016.2,100
2026-03-06 04:00:00,18.4,61,10.6,0.0,3,1015.1,100
2026-03-06 05:00:00,18.1,65,11.4,0.0,3,1015.6,100
2026-03-06 06:00:00,18.1,66,11.6,0.0,3,1016.1,98
2026-03-06 07:00:00,17.8,67,11.7,0.0,2,1016.1,66
2026-03-06 08:00:00,18.1,70,12.5,0.0,3,1016.2,83
2026-03-06 09:00:00,19.0,68,13.1,0.0,1,1015.9,42
2026-03-06 10:00:00,20.0,64,13.0,0.0,1,1016.3,38
2026-03-06 11:00:00,20.6,61,12.8,0.1,51,1016.5,50
2026-03-06 12:00:00,20.9,61,13.0,0.0,1,1015.9,24
2026-03-06 13:00:00,21.1,60,13.1,0.0,1,1015.4,34
2026-03-06 14:00:00,21.1,60,13.1,0.0,2,1014.3,58
2026-03-06 15:00:00,20.9,61,13.2,0.0,0,1014.2,17
2026-03-06 16:00:00,20.7,64,13.6,0.0,1,1014.4,21
2026-03-06 17:00:00,18.7,69,13.0,0.3,51,1015.1,100
2026-03-06 18:00:00,16.3,86,14.0,0.4,51,1015.4,100
2026-03-06 19:00:00,16.4,81,13.1,0.0,3,1015.9,100
2026-03-06 20:00:00,16.5,78,12.7,0.0,3,1016.5,100
2026-03-06 21:00:00,15.9,84,13.2,0.4,51,1017.1,29
2026-03-06 22:00:00,16.0,81,12.8,0.0,1,1017.4,40
2026-03-06 23:00:00,15.9,74,11.3,0.0,1,1017.8,38
2026-03-07 00:00:00,15.8,68,10.0,0.0,0,1017.9,13
2026-03-07 01:00:00,15.3,67,9.3,0.0,0,1017.8,18
2026-03-07 02:00:00,15.1,68,9.1,0.0,1,1018.2,23
2026-03-07 03:00:00,14.9,68,9.0,0.0,0,1018.3,7
2026-03-07 04:00:00,14.4,69,8.7,0.0,0,1018.0,2
2026-03-07 05:00:00,14.1,68,8.2,0.0,0,1018.2,2
2026-03-07 06:00:00,13.9,69,8.3,0.0,0,1018.7,5
2026-03-07 07:00:00,13.7,71,8.6,0.0,0,1018.6,2
2026-03-07 08:00:00,14.6,72,9.6,0.0,0,1019.3,2
2026-03-07 09:00:00,15.9,65,9.3,0.0,0,1020.3,14
2026-03-07 10:00:00,16.5,61,9.0,0.0,2,1020.6,53
2026-03-07 11:00:00,16.5,60,8.6,0.0,1,1020.9,39
2026-03-07 12:00:00,17.0,56,8.2,0.0,1,1020.5,41
2026-03-07 13:00:00,16.8,56,8.0,0.0,3,1019.9,80
2026-03-07 14:00:00,16.2,60,8.5,0.0,3,1019.5,96
2026-03-07 15:00:00,15.7,60,7.8,0.0,0,1019.5,13
2026-03-07 16:00:00,15.8,57,7.4,0.0,0,1019.4,17
2026-03-07 17:00:00,15.2,58,6.9,0.0,0,1019.8,7
2026-03-07 18:00:00,14.1,62,6.9,0.0,0,1019.9,6
2026-03-07 19:00:00,13.6,62,6.4,0.0,1,1020.2,27
2026-03-07 20:00:00,14.0,58,6.0,0.0,3,1020.8,81
2026-03-07 21:00:00,14.5,58,6.2,0.0,1,1021.2,30
2026-03-07 22:00:00,13.8,61,6.5,0.0,2,1021.6,55
2026-03-07 23:00:00,13.9,62,6.6,0.0,3,1021.3,100
2026-03-08 00:00:00,13.9,61,6.4,0.0,1,1021.9,37
2026-03-08 01:00:00,13.2,63,6.4,0.0,0,1021.8,9
2026-03-08 02:00:00,12.7,65,6.2,0.0,0,1021.4,5
2026-03-08 03:00:00,13.2,63,6.4,0.0,1,1020.9,24
2026-03-08 04:00:00,13.3,61,5.9,0.0,1,1020.4,32
2026-03-08 05:00:00,13.2,62,6.1,0.0,0,1020.2,5
2026-03-08 06:00:00,12.5,63,5.8,0.0,0,1020.5,0
2026-03-08 07:00:00,12.5,63,5.7,0.0,0,1020.7,12
2026-03-08 08:00:00,13.8,66,7.5,0.0,0,1021.1,15
2026-03-08 09:00:00,14.7,55,5.8,0.0,1,1021.5,31
2026-03-08 10:00:00,16.1,48,5.2,0.0,2,1022.1,69
2026-03-08 11:00:00,16.8,48,5.6,0.0,3,1022.2,98
2026-03-08 12:00:00,17.2,47,5.8,0.0,3,1021.6,86
2026-03-08 13:00:00,18.1,45,5.9,0.0,2,1020.5,62
2026-03-08 14:00:00,18.2,45,6.1,0.0,3,1020.2,84
2026-03-08 15:00:00,17.6,47,6.0,0.0,3,1019.5,97
2026-03-08 16:00:00,16.7,51,6.5,0.0,3,1019.9,100
2026-03-08 17:00:00,15.6,57,7.2,0.0,3,1020.3,100
2026-03-08 18:00:00,14.5,64,7.8,0.0,0,1020.7,13
2026-03-08 19:00:00,13.4,68,7.6,0.0,0,1020.6,1
2026-03-08 20:00:00,13.2,67,7.3,0.0,0,1021.2,2
2026-03-08 21:00:00,13.4,68,7.7,0.0,0,1021.7,0
2026-03-08 22:00:00,12.8,71,7.7,0.0,0,1021.5,0
2026-03-08 23:00:00,12.9,70,7.7,0.0,0,1021.6,0
2026-03-09 00:00:00,13.1,69,7.4,0.0,0,1021.6,0
2026-03-09 01:00:00,12.9,69,7.2,0.0,1,1021.5,25
2026-03-09 02:00:00,11.8,73,7.1,0.0,0,1021.1,0
2026-03-09 03:00:00,12.0,74,7.5,0.0,0,1020.7,0
2026-03-09 04:00:00,11.7,75,7.4,0.0,0,1020.4,3
2026-03-09 05:00:00,11.8,73,7.0,0.0,0,1020.4,5
2026-03-09 06:00:00,11.6,74,7.2,0.0,0,1020.8,10
2026-03-09 07:00:00,13.1,72,8.3,0.0,3,1020.8,80
2026-03-09 08:00:00,14.4,71,9.2,0.0,2,1021.0,50
2026-03-09 09:00:00,16.3,58,8.1,0.0,0,1021.5,10
2026-03-09 10:00:00,17.4,53,7.7,0.0,2,1021.6,51
2026-03-09 11:00:00,17.6,52,7.8,0.0,3,1021.2,85
2026-03-09 12:00:00,17.9,51,7.5,0.0,3,1021.0,99
2026-03-09 13:00:00,16.9,53,7.3,0.0,3,1020.3,100
2026-03-09 14:00:00,17.6,51,7.3,0.0,3,1019.4,100
2026-03-09 15:00:00,17.2,55,8.1,0.0,3,1019.2,98
2026-03-09 16:00:00,16.6,56,7.8,0.0,3,1019.1,100
2026-03-09 17:00:00,16.3,58,8.1,0.0,2,1019.2,51
2026-03-09 18:00:00,15.5,61,8.0,0.0,1,1019.7,29
2026-03-09 19:00:00,14.7,61,7.3,0.0,2,1020.2,77
2026-03-09 20:00:00,14.5,58,6.4,0.0,3,1020.6,91
2026-03-09 21:00:00,14.3,61,6.9,0.0,3,1020.8,94
2026-03-09 22:00:00,14.2,65,7.7,0.1,51,1021.3,98
2026-03-09 23:00:00,14.0,62,6.9,0.0,3,1021.1,90
2026-03-10 00:00:00,14.0,61,6.6,0.0,3,1021.1,100
2026-03-10 01:00:00,14.2,60,6.5,0.0,3,1020.7,100
2026-03-10 02:00:00,14.0,60,6.4,0.0,2,1020.3,66
2026-03-10 03:00:00,14.3,55,5.3,0.0,3,1019.9,90
2026-03-10 04:00:00,13.9,57,5.6,0.0,1,1019.7,42
2026-03-10 05:00:00,13.6,59,5.7,0.0,1,1019.8,33
2026-03-10 06:00:00,13.2,62,6.0,0.0,1,1020.3,48
2026-03-10 07:00:00,12.9,67,6.9,0.0,1,1020.5,49
2026-03-10 08:00:00,13.5,68,7.7,0.0,3,1020.8,100
2026-03-10 09:00:00,14.3,57,5.8,0.0,3,1021.3,98
2026-03-10 10:00:00,14.8,55,5.8,0.0,3,1021.5,96
2026-03-10 11:00:00,15.5,52,5.6,0.0,3,1021.1,98
2026-03-10 12:00:00,16.3,48,5.3,0.0,1,1020.5,48
2026-03-10 13:00:00,17.2,44,5.0,0.0,3,1019.7,95
2026-03-10 14:00:00,16.0,52,6.2,0.0,3,1019.1,98
2026-03-10 15:00:00,16.0,55,6.8,0.0,3,1019.1,95
2026-03-10 16:00:00,16.1,55,7.0,0.0,2,1019.1,55
2026-03-10 17:00:00,15.0,56,6.4,0.0,2,1019.2,53
2026-03-10 18:00:00,14.1,60,6.4,0.0,1,1019.7,40
2026-03-10 19:00:00,13.2,58,5.2,0.0,1,1019.9,20
2026-03-10 20:00:00,12.8,58,4.8,0.0,0,1020.3,17
2026-03-10 21:00:00,13.2,61,5.9,0.0,1,1020.8,23
2026-03-10 22:00:00,12.8,67,6.9,0.0,0,1021.0,1
2026-03-10 23:00:00,12.7,66,6.5,0.0,0,1020.6,1
2026-03-11 00:00:00,12.4,66,6.2,0.0,0,1020.2,2
2026-03-11 01:00:00,12.4,63,5.6,0.0,0,1019.8,5
2026-03-11 02:00:00,12.3,61,5.0,0.0,0,1019.8,17
2026-03-11 03:00:00,13.0,62,5.9,0.0,1,1019.4,32
2026-03-11 04:00:00,12.8,63,5.9,0.0,0,1018.8,13
2026-03-11 05:00:00,12.9,63,5.9,0.0,1,1018.6,23
2026-03-11 06:00:00,12.9,62,5.8,0.0,3,1019.0,80
2026-03-11 07:00:00,12.9,75,8.6,0.0,1,1019.3,23
2026-03-11 08:00:00,14.5,72,9.4,0.0,1,1019.4,32
2026-03-11 09:00:00,15.4,66,9.1,0.0,1,1019.6,23
2026-03-11 10:00:00,16.4,59,8.5,0.1,51,1019.8,27
2026-03-11 11:00:00,17.2,55,8.0,0.1,51,1019.7,46
2026-03-11 12:00:00,17.6,53,7.8,0.2,51,1019.0,41
2026-03-11 13:00:00,17.9,52,7.8,0.1,51,1018.2,38
2026-03-11 14:00:00,17.4,54,7.9,0.2,51,1017.2,38
2026-03-11 15:00:00,16.5,59,8.4,0.1,51,1017.2,43
2026-03-11 16:00:00,15.6,63,8.6,0.5,53,1017.5,99
2026-03-11 17:00:00,15.0,70,9.5,0.0,3,1017.5,100
2026-03-11 18:00:00,14.9,70,9.4,0.0,1,1017.6,20
2026-03-11 19:00:00,14.3,72,9.3,0.0,2,1017.8,75
2026-03-11 20:00:00,14.5,70,9.2,0.0,2,1018.0,68
2026-03-11 21:00:00,15.4,62,8.1,0.0,2,1018.4,59
2026-03-11 22:00:00,15.0,65,8.6,0.0,1,1018.5,23
2026-03-11 23:00:00,14.5,71,9.4,0.0,1,1018.5,20
2026-03-12 00:00:00,14.2,74,9.5,0.1,51,1018.3,47
2026-03-12 01:00:00,13.8,75,9.4,0.0,1,1018.1,42
2026-03-12 02:00:00,13.8,77,9.9,0.0,1,1017.7,20
2026-03-12 03:00:00,14.2,73,9.5,0.0,1,1016.6,35
2026-03-12 04:00:00,14.0,76,9.9,0.0,2,1016.1,55
2026-03-12 05:00:00,13.7,78,9.9,0.0,2,1015.9,55
2026-03-12 06:00:00,13.0,87,10.8,0.1,51,1016.2,86
2026-03-12 07:00:00,12.5,88,10.6,1.3,61,1016.3,88
2026-03-12 08:00:00,12.8,91,11.3,0.5,53,1016.5,85
2026-03-12 09:00:00,14.9,83,12.0,0.3,51,1016.3,63
2026-03-12 10:00:00,15.5,84,12.8,0.6,53,1016.4,85
2026-03-12 11:00:00,14.4,96,13.8,5.8,63,1016.2,73
2026-03-12 12:00:00,15.1,88,13.2,0.3,51,1015.6,100
2026-03-12 13:00:00,14.9,86,12.5,0.5,53,1014.4,100
2026-03-12 14:00:00,15.2,84,12.5,0.5,53,1013.2,100
2026-03-12 15:00:00,13.5,92,12.3,3.7,63,1013.1,51
2026-03-12 16:00:00,13.2,80,9.7,1.3,61,1012.8,95
2026-03-12 17:00:00,12.7,91,11.3,0.6,53,1013.1,99
2026-03-12 18:00:00,12.2,88,10.3,0.6,53,1012.7,100
2026-03-12 19:00:00,11.3,90,9.7,0.8,53,1013.2,100
2026-03-12 20:00:00,11.4,88,9.4,0.3,51,1013.4,85
2026-03-12 21:00:00,11.8,84,9.2,0.3,51,1014.4,59
2026-03-12 22:00:00,11.5,86,9.3,0.2,51,1014.6,84
2026-03-12 23:00:00,11.4,86,9.1,0.0,2,1014.4,77
2026-03-13 00:00:00,10.9,85,8.5,0.1,51,1014.4,57
2026-03-13 01:00:00,10.7,84,8.1,0.1,51,1014.6,75
2026-03-13 02:00:00,11.1,82,8.2,0.0,2,1013.9,65
2026-03-13 03:00:00,10.4,79,7.0,0.0,2,1014.0,62
2026-03-13 04:00:00,11.1,74,6.6,0.0,1,1013.5,45
2026-03-13 05:00:00,11.7,67,5.8,0.0,2,1013.7,64
2026-03-13 06:00:00,12.2,62,5.1,0.0,1,1014.1,37
2026-03-13 07:00:00,12.6,58,4.5,0.0,1,1014.6,25
2026-03-13 08:00:00,13.5,55,4.7,0.0,1,1015.0,23
2026-03-13 09:00:00,13.5,61,6.2,0.0,1,1016.5,48
2026-03-13 10:00:00,14.1,55,5.3,0.3,51,1016.8,79
2026-03-13 11:00:00,14.9,51,4.9,0.0,0,1016.7,17
2026-03-13 12:00:00,15.9,44,3.6,0.0,2,1016.3,76
2026-03-13 13:00:00,15.5,47,4.3,0.0,2,1016.1,58
2026-03-13 14:00:00,15.2,49,4.5,0.0,2,1015.9,57
2026-03-13 15:00:00,14.6,51,4.6,0.0,1,1015.7,23
2026-03-13 16:00:00,15.1,47,3.8,0.0,3,1015.7,100
2026-03-13 17:00:00,14.0,54,4.9,0.0,3,1016.5,100
2026-03-13 18:00:00,13.9,53,4.5,0.0,3,1016.6,100
2026-03-13 19:00:00,13.9,52,4.2,0.0,3,1017.1,98
2026-03-13 20:00:00,13.7,54,4.5,0.0,2,1017.6,59
2026-03-13 21:00:00,13.4,46,1.9,0.0,0,1017.9,16
2026-03-13 22:00:00,13.6,44,1.6,0.0,3,1018.3,82
2026-03-13 23:00:00,13.7,46,2.2,0.0,1,1018.3,48
2026-03-14 00:00:00,13.6,48,2.8,0.0,3,1018.4,92
2026-03-14 01:00:00,13.5,47,2.3,0.0,3,1018.2,100
2026-03-14 02:00:00,13.4,47,2.4,0.0,1,1018.0,40
2026-03-14 03:00:00,12.9,49,2.4,0.0,2,1017.8,51
2026-03-14 04:00:00,12.8,49,2.3,0.0,2,1017.8,55
2026-03-14 05:00:00,12.4,49,1.9,0.0,1,1018.2,34
2026-03-14 06:00:00,12.2,51,2.3,0.0,1,1019.1,34
2026-03-14 07:00:00,12.0,54,2.8,0.0,0,1019.7,2
2026-03-14 08:00:00,12.5,54,3.4,0.0,0,1020.0,0
2026-03-14 09:00:00,13.7,51,3.8,0.0,2,1020.9,50
2026-03-14 10:00:00,14.3,49,3.8,0.0,1,1021.7,33
2026-03-14 11:00:00,15.4,47,4.0,0.0,2,1021.7,52
2026-03-14 12:00:00,15.9,47,4.6,0.0,0,1021.2,13
2026-03-14 13:00:00,16.3,47,4.9,0.0,0,1020.8,18
2026-03-14 14:00:00,16.1,49,5.5,0.0,0,1020.3,1
2026-03-14 15:00:00,15.7,53,6.2,0.0,0,1019.7,6
2026-03-14 16:00:00,15.3,56,6.7,0.0,0,1019.8,3
2026-03-14 17:00:00,14.5,59,6.6,0.0,0,1020.0,2
2026-03-14 18:00:00,13.9,62,6.8,0.0,0,1020.3,6
2026-03-14 19:00:00,14.1,58,6.0,0.0,0,1020.7,12
2026-03-14 20:00:00,13.9,61,6.4,0.0,0,1021.1,1
2026-03-14 21:00:00,12.6,72,7.7,0.0,0,1021.3,14
2026-03-14 22:00:00,12.6,71,7.4,0.0,0,1021.6,18
2026-03-14 23:00:00,12.6,71,7.4,0.0,0,1021.6,4
2026-03-15 00:00:00,11.8,75,7.5,0.0,0,1021.1,2
2026-03-15 01:00:00,11.8,77,7.9,0.0,0,1021.0,5
2026-03-15 02:00:00,12.2,80,8.8,0.0,0,1020.6,16
2026-03-15 03:00:00,11.5,82,8.5,0.0,0,1020.1,2
2026-03-15 04:00:00,11.6,80,8.2,0.0,0,1019.8,1
2026-03-15 05:00:00,10.8,79,7.3,0.0,0,1019.8,2
2026-03-15 06:00:00,11.1,76,7.1,0.0,0,1020.4,1
2026-03-15 07:00:00,11.6,76,7.6,0.0,0,1020.7,5
2026-03-15 08:00:00,14.4,75,10.1,0.0,0,1021.2,18
2026-03-15 09:00:00,15.9,70,10.4,0.0,2,1021.8,50
2026-03-15 10:00:00,17.6,62,10.4,0.0,1,1021.7,48
2026-03-15 11:00:00,18.6,57,9.9,0.0,3,1021.3,91
2026-03-15 12:00:00,19.3,54,9.8,0.0,2,1020.9,61
2026-03-15 13:00:00,19.7,52,9.5,0.0,2,1020.2,56
2026-03-15 14:00:00,19.6,51,9.1,0.0,2,1019.4,66
2026-03-15 15:00:00,18.5,55,9.2,0.0,0,1018.9,15
2026-03-15 16:00:00,18.0,58,9.5,0.0,0,1018.7,5
2026-03-15 17:00:00,16.9,62,9.6,0.0,0,1018.9,14
2026-03-15 18:00:00,15.7,69,10.0,0.0,0,1019.2,2
2026-03-15 19:00:00,14.8,70,9.4,0.0,0,1019.4,2
2026-03-15 20:00:00,14.5,70,9.1,0.0,0,1019.8,2
2026-03-15 21:00:00,13.6,75,9.2,0.0,0,1019.9,2
2026-03-15 22:00:00,13.2,76,9.1,0.0,0,1020.1,5
2026-03-15 23:00:00,12.8,77,8.9,0.0,0,1020.2,12
2026-03-16 00:00:00,13.0,78,9.3,0.0,0,1020.0,10
2026-03-16 01:00:00,13.3,78,9.6,0.0,1,1019.8,27
2026-03-16 02:00:00,13.3,78,9.5,0.0,1,1019.5,34
2026-03-16 03:00:00,13.1,77,9.3,0.0,1,1019.1,38
2026-03-16 04:00:00,14.5,69,9.0,0.0,1,1018.5,38
2026-03-16 05:00:00,14.5,69,8.8,0.0,1,1018.4,37
2026-03-16 06:00:00,14.1,70,8.8,0.0,0,1018.5,2
2026-03-16 07:00:00,14.0,72,9.1,0.0,0,1018.7,9
2026-03-16 08:00:00,15.7,74,11.0,0.0,0,1018.8,14
2026-03-16 09:00:00,17.4,60,9.6,0.0,1,1019.5,45
2026-03-16 10:00:00,18.4,56,9.4,0.0,2,1019.5,59
2026-03-16 11:00:00,18.7,55,9.6,0.0,2,1019.3,56
2026-03-16 12:00:00,19.0,55,9.8,0.0,3,1018.8,98
2026-03-16 13:00:00,19.1,55,9.8,0.0,3,1018.0,98
2026-03-16 14:00:00,18.7,57,9.9,0.0,1,1017.1,45
2026-03-16 15:00:00,18.7,54,9.3,0.0,1,1016.8,38
2026-03-16 16:00:00,18.5,55,9.3,0.0,2,1016.7,56
2026-03-16 17:00:00,17.7,59,9.7,0.0,2,1016.7,71
2026-03-16 18:00:00,17.0,64,10.2,0.0,2,1016.9,52
2026-03-16 19:00:00,16.7,63,9.7,0.0,3,1017.0,98
2026-03-16 20:00:00,16.1,67,9.9,0.0,2,1017.5,65
2026-03-16 21:00:00,15.1,73,10.2,0.0,1,1018.1,45
2026-03-16 22:00:00,15.8,70,10.3,0.0,0,1018.5,2
2026-03-16 23:00:00,15.0,71,9.8,0.0,1,1018.3,33
2026-03-17 00:00:00,14.9,72,9.9,0.0,3,1018.1,86
2026-03-17 01:00:00,14.5,76,10.3,0.0,2,1018.0,63
2026-03-17 02:00:00,14.0,80,10.6,0.0,1,1017.7,22
2026-03-17 03:00:00,14.3,79,10.7,0.0,1,1017.2,30
2026-03-17 04:00:00,14.3,76,10.1,0.0,1,1017.0,33
2026-03-17 05:00:00,14.1,76,10.0,0.0,0,1017.0,4
2026-03-17 06:00:00,13.3,81,10.1,0.0,0,1017.7,9
2026-03-17 07:00:00,13.9,80,10.4,0.0,3,1018.1,100
2026-03-17 08:00:00,16.8,74,12.2,0.0,3,1018.6,93
2026-03-17 09:00:00,18.2,67,12.0,0.0,0,1018.4,18
2026-03-17 10:00:00,19.5,60,11.5,0.0,3,1018.9,100
2026-03-17 11:00:00,19.5,60,11.5,0.0,2,1018.7,53
2026-03-17 12:00:00,20.1,57,11.3,0.0,3,1018.4,100
2026-03-17 13:00:00,19.9,58,11.5,0.1,51,1017.9,100
2026-03-17 14:00:00,19.7,60,11.7,0.0,2,1017.4,61
2026-03-17 15:00:00,19.5,60,11.7,0.0,0,1017.1,5
2026-03-17 16:00:00,19.8,59,11.7,0.0,0,1016.8,19
2026-03-17 17:00:00,19.3,62,11.8,0.0,1,1016.3,34
2026-03-17 18:00:00,18.1,75,13.6,0.0,1,1016.4,37
2026-03-17 19:00:00,17.1,77,13.1,0.0,1,1017.2,35
2026-03-17 20:00:00,16.1,81,12.8,0.0,1,1017.6,42
2026-03-17 21:00:00,16.5,80,13.1,0.0,1,1017.7,48
2026-03-17 22:00:00,16.3,83,13.5,0.0,2,1017.8,77
2026-03-17 23:00:00,15.5,88,13.5,0.0,0,1017.6,9
2026-03-18 00:00:00,16.5,85,14.1,0.0,0,1017.3,13
2026-03-18 01:00:00,15.3,86,13.0,0.0,0,1017.2,14
2026-03-18 02:00:00,15.5,84,12.8,0.0,1,1017.0,41
2026-03-18 03:00:00,15.3,84,12.6,0.0,0,1016.5,2
2026-03-18 04:00:00,15.1,82,12.0,0.0,0,1016.2,3
2026-03-18 05:00:00,15.2,80,11.7,0.0,0,1016.0,3
2026-03-18 06:00:00,14.9,80,11.5,0.0,0,1016.1,16
2026-03-18 07:00:00,17.2,71,12.0,0.0,1,1016.5,48
2026-03-18 08:00:00,18.4,73,13.5,0.0,0,1017.0,9
2026-03-18 09:00:00,19.4,68,13.5,0.0,0,1017.1,14
2026-03-18 10:00:00,20.3,64,13.3,0.0,1,1017.1,33
2026-03-18 11:00:00,20.6,63,13.2,0.0,0,1017.1,5
2026-03-18 12:00:00,21.3,58,12.6,0.0,1,1016.6,41
2026-03-18 13:00:00,21.4,57,12.6,0.0,2,1015.6,77
2026-03-18 14:00:00,21.1,61,13.3,0.0,0,1014.8,16
2026-03-18 15:00:00,21.1,61,13.2,0.1,51,1013.6,61
2026-03-18 16:00:00,20.3,70,14.6,0.2,51,1013.5,67
2026-03-18 17:00:00,20.0,72,14.9,0.1,51,1013.5,22
2026-03-18 18:00:00,19.5,75,14.9,0.0,0,1013.6,19
2026-03-18 19:00:00,18.9,76,14.5,0.0,0,1013.4,10
2026-03-18 20:00:00,19.0,75,14.5,0.0,1,1013.9,25
2026-03-18 21:00:00,19.1,76,14.8,0.0,0,1014.2,0
2026-03-18 22:00:00,18.9,80,15.3,0.0,0,1014.3,1
2026-03-18 23:00:00,18.8,81,15.4,0.0,0,1014.3,2
2026-03-19 00:00:00,18.8,80,15.2,0.0,0,1014.0,2
2026-03-19 01:00:00,18.8,80,15.2,0.0,0,1013.6,4
2026-03-19 02:00:00,18.7,80,15.2,0.0,0,1013.0,9
2026-03-19 03:00:00,19.0,79,15.4,0.0,1,1012.4,27
2026-03-19 04:00:00,18.9,80,15.3,0.0,3,1012.0,81
2026-03-19 05:00:00,19.0,79,15.4,0.0,3,1011.8,100
2026-03-19 06:00:00,17.6,96,16.9,2.7,63,1012.1,100
2026-03-19 07:00:00,17.6,97,17.1,1.2,55,1012.5,100
2026-03-19 08:00:00,17.7,98,17.4,2.6,63,1013.1,100
2026-03-19 09:00:00,18.1,98,17.8,3.0,63,1013.9,100
2026-03-19 10:00:00,18.9,96,18.3,0.9,53,1014.0,71
2026-03-19 11:00:00,20.2,88,18.1,0.1,51,1013.9,93
2026-03-19 12:00:00,20.2,83,17.2,0.1,51,1013.5,55
2026-03-19 13:00:00,20.8,78,16.9,0.0,3,1012.7,93
2026-03-19 14:00:00,19.5,81,16.2,0.2,51,1012.1,100
2026-03-19 15:00:00,18.0,85,15.3,0.3,51,1012.0,100
2026-03-19 16:00:00,17.8,84,15.1,0.1,51,1012.2,100
2026-03-19 17:00:00,17.8,83,15.0,0.0,3,1012.3,100
2026-03-19 18:00:00,17.5,84,14.9,0.2,51,1012.9,95
2026-03-19 19:00:00,17.0,87,14.8,0.0,3,1013.5,100
2026-03-19 20:00:00,17.2,83,14.3,0.0,3,1013.8,100
2026-03-19 21:00:00,17.6,81,14.3,0.0,2,1014.3,76
2026-03-19 22:00:00,16.9,83,13.9,0.0,1,1014.5,24
2026-03-19 23:00:00,16.6,81,13.4,0.0,3,1014.3,100
2026-03-20 00:00:00,16.9,78,13.1,0.0,2,1014.3,77
2026-03-20 01:00:00,16.2,81,12.9,0.0,1,1014.0,33
2026-03-20 02:00:00,16.9,77,12.9,0.0,3,1013.9,98
2026-03-20 03:00:00,17.0,75,12.6,0.0,3,1013.7,100
2026-03-20 04:00:00,16.7,75,12.3,0.0,3,1013.8,100
2026-03-20 05:00:00,16.4,75,12.0,0.0,0,1013.6,18
2026-03-20 06:00:00,15.7,76,11.6,0.0,0,1014.7,10
2026-03-20 07:00:00,15.4,78,11.6,0.0,0,1015.2,1
2026-03-20 08:00:00,16.8,76,12.5,0.0,0,1015.6,7
2026-03-20 09:00:00,18.2,67,11.9,0.0,1,1015.7,45
2026-03-20 10:00:00,19.2,62,11.7,0.0,1,1016.3,45
2026-03-20 11:00:00,19.4,62,11.8,0.0,1,1016.5,26
2026-03-20 12:00:00,19.7,60,11.6,0.0,0,1016.4,5
2026-03-20 13:00:00,20.0,57,11.1,0.0,0,1016.0,2
2026-03-20 14:00:00,20.0,56,10.9,0.0,0,1015.2,2
2026-03-20 15:00:00,19.2,57,10.6,0.0,0,1014.8,13
2026-03-20 16:00:00,18.8,59,10.7,0.0,0,1014.9,17
2026-03-20 17:00:00,17.7,62,10.3,0.0,0,1015.4,9
2026-03-20 18:00:00,16.5,68,10.6,0.0,1,1016.0,20
2026-03-20 19:00:00,15.8,66,9.5,0.0,1,1016.3,47
2026-03-20 20:00:00,15.7,65,9.2,0.0,2,1016.8,66
2026-03-20 21:00:00,15.5,70,9.9,0.0,1,1017.3,35
2026-03-20 22:00:00,15.0,73,10.2,0.0,1,1018.1,20
2026-03-20 23:00:00,15.1,74,10.4,0.0,1,1017.9,45
2026-03-21 00:00:00,14.8,77,10.8,0.0,3,1017.9,96
2026-03-21 01:00:00,15.7,73,11.0,0.0,2,1017.5,65
2026-03-21 02:00:00,15.2,76,10.9,0.0,3,1017.6,97
2026-03-21 03:00:00,15.7,75,11.3,0.0,2,1017.0,50
2026-03-21 04:00:00,15.2,77,11.2,0.0,0,1016.3,16
2026-03-21 05:00:00,14.8,76,10.6,0.0,2,1016.4,58
2026-03-21 06:00:00,14.8,76,10.6,0.0,3,1017.3,100
2026-03-21 07:00:00,15.4,76,11.2,0.9,53,1017.5,100
2026-03-21 08:00:00,16.6,76,12.3,0.0,3,1018.2,100
2026-03-21 09:00:00,16.3,86,13.9,0.0,3,1019.5,100
2026-03-21 10:00:00,17.3,73,12.5,0.0,3,1019.0,100
2026-03-21 11:00:00,18.2,65,11.6,0.1,51,1019.0,100
2026-03-21 12:00:00,17.0,81,13.7,0.5,53,1019.1,100
2026-03-21 13:00:00,17.1,77,13.0,0.2,51,1018.7,100
2026-03-21 14:00:00,17.6,72,12.5,0.0,3,1018.3,100
2026-03-21 15:00:00,17.2,76,13.0,0.0,3,1017.6,100
2026-03-21 16:00:00,17.3,78,13.3,0.0,3,1017.3,91
2026-03-21 17:00:00,17.4,77,13.4,0.1,51,1017.4,80
2026-03-21 18:00:00,17.0,81,13.7,0.0,3,1017.6,100
2026-03-21 19:00:00,16.7,82,13.7,0.0,3,1018.1,100
2026-03-21 20:00:00,17.0,82,13.9,0.0,3,1018.1,100
2026-03-21 21:00:00,16.7,90,15.1,0.0,2,1018.1,58
2026-03-21 22:00:00,16.4,94,15.5,3.4,63,1018.3,100
2026-03-21 23:00:00,16.8,94,15.8,0.2,51,1017.9,100
2026-03-22 00:00:00,16.8,93,15.6,0.1,51,1017.3,100
2026-03-22 01:00:00,16.8,92,15.5,0.1,51,1017.0,100
2026-03-22 02:00:00,16.9,92,15.5,0.1,51,1016.7,100
2026-03-22 03:00:00,16.9,92,15.6,0.0,3,1016.4,89
2026-03-22 04:00:00,17.0,94,16.0,0.6,53,1016.0,66
2026-03-22 05:00:00,16.9,95,16.2,0.3,51,1015.7,70
2026-03-22 06:00:00,16.8,97,16.4,0.7,53,1015.8,100
2026-03-22 07:00:00,17.1,98,16.8,2.2,61,1015.9,96
2026-03-22 08:00:00,17.9,94,16.9,4.2,63,1015.8,100
2026-03-22 09:00:00,18.9,94,17.9,0.7,53,1016.0,69
2026-03-22 10:00:00,20.2,87,17.9,0.0,3,1016.2,100
2026-03-22 11:00:00,20.5,85,17.9,0.0,3,1015.9,98
2026-03-22 12:00:00,21.1,82,17.8,0.1,51,1015.4,70
2026-03-22 13:00:00,21.8,80,18.2,0.0,2,1014.6,75
2026-03-22 14:00:00,21.6,80,18.0,0.0,2,1013.6,53
2026-03-22 15:00:00,21.2,81,17.9,0.0,1,1013.0,41
2026-03-22 16:00:00,21.5,82,18.2,0.2,51,1012.8,100
2026-03-22 17:00:00,21.0,83,18.1,0.0,3,1013.0,83
2026-03-22 18:00:00,20.7,85,18.1,0.1,51,1013.1,59
2026-03-22 19:00:00,20.1,89,18.2,0.7,53,1013.1,91
2026-03-22 20:00:00,19.7,90,18.0,0.1,51,1013.7,100
2026-03-22 21:00:00,19.9,91,18.4,0.4,51,1013.8,70
2026-03-22 22:00:00,19.1,92,17.8,0.3,51,1013.9,100
2026-03-22 23:00:00,18.9,95,18.0,1.1,55,1014.0,100
2026-03-23 00:00:00,19.2,95,18.3,0.5,53,1013.9,100
2026-03-23 01:00:00,19.4,94,18.4,0.1,51,1013.8,80
2026-03-23 02:00:00,19.2,94,18.2,0.0,2,1013.3,51
2026-03-23 03:00:00,18.9,95,18.0,0.0,0,1012.8,17
2026-03-23 04:00:00,18.8,94,17.8,0.0,1,1012.3,41
2026-03-23 05:00:00,18.6,95,17.8,0.0,3,1012.4,99
2026-03-23 06:00:00,18.7,95,17.8,0.0,2,1012.6,79
2026-03-23 07:00:00,18.6,95,17.8,0.0,3,1012.7,98
2026-03-23 08:00:00,19.5,93,18.4,0.0,2,1013.3,70
2026-03-23 09:00:00,20.8,81,17.4,0.0,3,1013.6,88
2026-03-23 10:00:00,21.1,79,17.4,0.0,3,1013.8,99
2026-03-23 11:00:00,22.0,73,17.0,0.0,2,1013.5,71
2026-03-23 12:00:00,22.0,72,16.7,0.0,2,1013.5,73
2026-03-23 13:00:00,22.0,70,16.3,0.0,3,1013.0,100
2026-03-23 14:00:00,21.6,71,16.2,0.0,2,1012.5,77
2026-03-23 15:00:00,20.0,81,16.6,0.0,3,1012.2,100
2026-03-23 16:00:00,19.5,82,16.4,0.1,51,1012.4,100
2026-03-23 17:00:00,19.1,83,16.2,0.0,3,1012.7,100
2026-03-23 18:00:00,18.6,86,16.2,0.0,3,1012.9,100
2026-03-23 19:00:00,18.3,85,15.7,0.0,3,1013.1,100
2026-03-23 20:00:00,18.2,84,15.4,0.0,3,1013.5,100
2026-03-23 21:00:00,18.5,76,14.2,0.0,3,1013.9,100
2026-03-23 22:00:00,18.3,77,14.1,0.0,0,1013.8,12
2026-03-23 23:00:00,17.1,81,13.8,0.0,3,1013.9,100
2026-03-24 00:00:00,18.1,76,13.9,0.0,2,1013.8,58
2026-03-24 01:00:00,17.4,81,14.0,0.0,3,1013.4,100
2026-03-24 02:00:00,18.3,80,14.7,0.0,3,1013.2,100
2026-03-24 03:00:00,18.8,83,15.8,0.0,3,1012.9,100
2026-03-24 04:00:00,18.6,90,16.8,0.0,3,1012.5,100
2026-03-24 05:00:00,18.5,89,16.6,0.1,51,1012.4,100
2026-03-24 06:00:00,18.5,89,16.6,0.3,51,1012.6,100
2026-03-24 07:00:00,18.5,91,17.0,0.2,51,1012.8,100
2026-03-24 08:00:00,18.7,92,17.4,0.4,51,1013.1,100
2026-03-24 09:00:00,18.9,95,18.2,0.2,51,1013.4,100
2026-03-24 10:00:00,19.2,96,18.5,0.8,53,1013.1,100
2026-03-24 11:00:00,19.8,94,18.8,0.2,51,1012.7,100
2026-03-24 12:00:00,20.5,89,18.6,0.1,51,1012.2,100
2026-03-24 13:00:00,20.5,85,17.9,0.2,51,1011.6,100
2026-03-24 14:00:00,20.5,85,17.9,0.3,51,1010.8,100
2026-03-24 15:00:00,20.0,89,18.1,0.6,53,1010.4,100
2026-03-24 16:00:00,20.4,87,18.1,0.4,51,1009.9,98
2026-03-24 17:00:00,19.8,93,18.5,0.4,51,1009.9,100
2026-03-24 18:00:00,19.1,99,19.0,4.7,63,1009.9,100
2026-03-24 19:00:00,18.6,99,18.5,3.1,63,1009.5,99
2026-03-24 20:00:00,18.5,99,18.4,1.7,61,1010.0,100
2026-03-24 21:00:00,19.4,97,18.9,0.3,51,1009.9,100
2026-03-24 22:00:00,19.7,98,19.4,0.5,53,1010.0,100
2026-03-24 23:00:00,19.6,97,19.2,0.8,53,1009.8,100
2026-03-25 00:00:00,19.6,98,19.4,1.3,61,1009.2,88
2026-03-25 01:00:00,20.0,96,19.3,0.1,51,1009.1,100
2026-03-25 02:00:00,19.9,95,19.1,0.2,51,1008.3,93
2026-03-25 03:00:00,19.8,95,19.0,0.2,51,1007.4,95
2026-03-25 04:00:00,19.6,98,19.2,0.6,53,1006.8,100
2026-03-25 05:00:00,18.9,96,18.3,2.9,63,1006.8,100
2026-03-25 06:00:00,18.7,98,18.3,3.0,63,1006.6,100
2026-03-25 07:00:00,19.2,97,18.7,3.9,63,1006.4,100
2026-03-25 08:00:00,19.9,93,18.8,1.0,55,1006.6,100
2026-03-25 09:00:00,19.7,96,19.0,2.9,63,1007.5,100
2026-03-25 10:00:00,19.8,96,19.1,1.4,61,1007.4,98
2026-03-25 11:00:00,21.2,91,19.7,0.3,51,1007.4,100
2026-03-25 12:00:00,20.8,85,18.3,0.2,51,1007.2,100
2026-03-25 13:00:00,21.2,79,17.5,0.1,51,1006.8,30
2026-03-25 14:00:00,20.9,77,16.7,0.1,51,1006.4,100
2026-03-25 15:00:00,20.1,80,16.5,0.1,51,1006.0,100
2026-03-25 16:00:00,19.8,77,15.7,0.1,51,1006.0,98
2026-03-25 17:00:00,19.8,77,15.6,0.0,3,1006.3,100
2026-03-25 18:00:00,19.5,81,16.1,0.0,2,1006.6,53
2026-03-25 19:00:00,18.8,84,16.1,0.0,1,1006.9,41
2026-03-25 20:00:00,18.5,85,16.0,0.0,1,1007.8,24
2026-03-25 21:00:00,18.4,87,16.1,0.0,1,1008.5,23
2026-03-25 22:00:00,18.4,78,14.5,0.0,1,1009.2,27
2026-03-25 23:00:00,18.0,80,14.5,0.0,2,1009.4,72
2026-03-26 00:00:00,17.7,82,14.5,0.0,1,1009.4,48
2026-03-26 01:00:00,17.6,80,14.1,0.0,1,1009.4,33
2026-03-26 02:00:00,17.2,78,13.3,0.0,1,1009.1,39
2026-03-26 03:00:00,17.4,76,13.2,0.0,2,1008.9,64
2026-03-26 04:00:00,17.4,75,12.9,0.0,2,1008.7,52
2026-03-26 05:00:00,16.8,75,12.3,0.0,1,1009.2,34
2026-03-26 06:00:00,17.0,74,12.3,0.0,1,1009.5,49
2026-03-26 07:00:00,16.9,72,11.9,0.0,0,1010.0,13
2026-03-26 08:00:00,17.6,70,12.2,0.0,3,1010.5,100
2026-03-26 09:00:00,18.3,63,11.3,0.0,1,1011.3,37
2026-03-26 10:00:00,19.1,58,10.7,0.0,3,1011.2,84
2026-03-26 11:00:00,19.0,60,11.1,0.0,1,1010.8,31
2026-03-26 12:00:00,19.9,57,11.1,0.0,0,1010.4,13
2026-03-26 13:00:00,20.3,53,10.3,0.0,3,1009.8,91
2026-03-26 14:00:00,19.8,54,10.3,0.0,2,1009.4,56
2026-03-26 15:00:00,19.3,55,10.0,0.0,3,1009.2,97
2026-03-26 16:00:00,18.9,57,10.3,0.0,1,1009.1,45
2026-03-26 17:00:00,18.4,60,10.4,0.0,1,1009.4,24
2026-03-26 18:00:00,17.6,63,10.5,0.0,0,1009.8,11
2026-03-26 19:00:00,17.0,63,9.9,0.0,1,1009.9,34
2026-03-26 20:00:00,16.6,64,9.9,0.0,0,1010.5,16
2026-03-26 21:00:00,16.6,62,9.4,0.0,2,1010.8,61
2026-03-26 22:00:00,17.0,63,10.0,0.0,3,1011.3,97
2026-03-26 23:00:00,17.2,63,10.1,0.0,3,1011.3,100
2026-03-27 00:00:00,17.3,63,10.1,0.0,3,1011.1,100
2026-03-27 01:00:00,17.4,62,10.1,0.0,3,1010.7,100
2026-03-27 02:00:00,17.5,62,10.3,0.0,3,1010.7,94
2026-03-27 03:00:00,17.8,62,10.5,0.0,3,1010.7,98
2026-03-27 04:00:00,17.6,63,10.4,0.0,3,1010.7,100
2026-03-27 05:00:00,17.7,62,10.3,0.0,3,1010.3,100
2026-03-27 06:00:00,17.7,64,10.7,0.0,3,1010.7,98
2026-03-27 07:00:00,17.4,68,11.5,0.0,3,1010.9,87
2026-03-27 08:00:00,18.1,73,13.3,0.0,1,1011.4,20
2026-03-27 09:00:00,19.7,69,13.9,0.2,51,1011.5,54
2026-03-27 10:00:00,20.8,63,13.5,0.1,51,1011.3,32
2026-03-27 11:00:00,21.3,59,13.0,0.1,51,1011.2,47
2026-03-27 12:00:00,21.7,55,12.4,0.1,51,1010.9,48
2026-03-27 13:00:00,21.4,56,12.3,0.1,51,1010.2,100
2026-03-27 14:00:00,20.4,61,12.6,0.0,3,1009.8,89
2026-03-27 15:00:00,20.4,59,12.2,0.1,51,1009.5,100
2026-03-27 16:00:00,20.0,62,12.5,0.0,3,1009.2,100
2026-03-27 17:00:00,19.2,69,13.4,0.0,3,1009.6,100
2026-03-27 18:00:00,18.9,71,13.6,0.0,0,1009.8,17
2026-03-27 19:00:00,17.0,79,13.2,0.0,3,1010.0,83
2026-03-27 20:00:00,17.3,75,12.9,0.0,3,1010.4,100
2026-03-27 21:00:00,16.9,63,9.9,0.0,1,1011.1,34
2026-03-27 22:00:00,15.9,64,9.1,0.0,1,1011.3,27
2026-03-27 23:00:00,16.8,56,8.0,0.0,0,1011.6,6
2026-03-28 00:00:00,16.0,53,6.4,0.0,0,1011.8,19
2026-03-28 01:00:00,14.9,58,6.8,0.0,1,1011.7,21
2026-03-28 02:00:00,14.8,61,7.4,0.0,0,1011.5,13
2026-03-28 03:00:00,14.7,64,7.9,0.0,0,1011.3,13
2026-03-28 04:00:00,15.4,61,7.9,0.0,1,1011.3,31
2026-03-28 05:00:00,15.5,61,8.0,0.0,3,1011.5,99
2026-03-28 06:00:00,15.6,60,7.8,0.0,3,1012.1,98
2026-03-28 07:00:00,16.1,60,8.5,0.0,3,1012.6,86
2026-03-28 08:00:00,17.9,64,11.1,0.0,3,1012.9,96
2026-03-28 09:00:00,19.9,55,10.6,0.0,2,1013.6,65
2026-03-28 10:00:00,20.8,49,9.6,0.0,0,1013.5,17
2026-03-28 11:00:00,21.5,47,9.8,0.0,3,1013.4,95
2026-03-28 12:00:00,22.0,47,10.0,0.0,1,1013.2,31
2026-03-28 13:00:00,22.4,43,9.2,0.0,1,1012.6,44
2026-03-28 14:00:00,22.3,41,8.4,0.0,3,1012.0,83
2026-03-28 15:00:00,21.2,46,9.1,0.0,3,1011.7,100
2026-03-28 16:00:00,20.6,48,9.3,0.0,2,1011.6,50
2026-03-28 17:00:00,20.1,54,10.5,0.0,1,1011.9,37
2026-03-28 18:00:00,18.9,71,13.4,0.0,1,1012.3,32
2026-03-28 19:00:00,16.2,76,11.9,0.0,0,1012.7,2
2026-03-28 20:00:00,15.7,75,11.2,0.0,0,1013.3,10
2026-03-28 21:00:00,17.2,76,12.9,0.0,0,1013.4,3
2026-03-28 22:00:00,16.7,81,13.5,0.0,0,1013.6,1
2026-03-28 23:00:00,17.0,80,13.5,0.0,0,1013.7,2
2026-03-29 00:00:00,16.9,80,13.4,0.0,0,1013.8,5
2026-03-29 01:00:00,16.8,82,13.8,0.0,0,1013.1,2
2026-03-29 02:00:00,16.8,85,14.3,0.0,0,1012.7,3
2026-03-29 03:00:00,16.9,86,14.5,0.0,0,1012.3,5
2026-03-29 04:00:00,16.9,86,14.6,0.0,0,1012.1,12
2026-03-29 05:00:00,16.9,85,14.5,0.0,0,1012.2,10
2026-03-29 06:00:00,17.1,84,14.3,0.0,0,1012.8,13
2026-03-29 07:00:00,17.5,84,14.7,0.0,1,1013.5,30
2026-03-29 08:00:00,19.0,77,14.9,0.0,1,1013.7,35
2026-03-29 09:00:00,20.0,69,14.3,0.0,1,1014.1,28
2026-03-29 10:00:00,20.4,69,14.5,0.1,51,1014.1,20
2026-03-29 11:00:00,20.9,67,14.7,0.2,51,1014.3,38
2026-03-29 12:00:00,21.2,66,14.6,0.1,51,1013.7,94
2026-03-29 13:00:00,20.6,71,15.0,0.6,53,1013.2,87
2026-03-29 14:00:00,20.2,74,15.5,0.8,53,1013.0,96
2026-03-29 15:00:00,20.1,72,14.9,0.1,51,1012.4,94
2026-03-29 16:00:00,20.1,74,15.3,0.4,51,1012.0,99
2026-03-29 17:00:00,20.0,74,15.2,0.1,51,1012.5,100
2026-03-29 18:00:00,19.6,74,14.7,0.0,3,1012.7,100
2026-03-29 19:00:00,19.6,73,14.6,0.0,3,1013.0,100
2026-03-29 20:00:00,19.5,74,14.8,0.0,3,1013.7,100
2026-03-29 21:00:00,18.5,92,17.2,0.0,3,1014.1,100
2026-03-29 22:00:00,18.3,92,17.1,1.4,61,1014.1,100
2026-03-29 23:00:00,17.8,98,17.4,1.1,55,1013.9,96
2026-03-30 00:00:00,18.4,93,17.3,0.1,51,1013.8,100
2026-03-30 01:00:00,18.6,92,17.3,0.2,51,1013.5,100
2026-03-30 02:00:00,18.9,92,17.6,0.1,51,1013.1,100
2026-03-30 03:00:00,18.8,93,17.7,0.1,51,1012.3,100
2026-03-30 04:00:00,19.1,92,17.7,0.2,51,1012.0,100
2026-03-30 05:00:00,19.3,91,17.8,0.0,3,1011.6,100
2026-03-30 06:00:00,19.4,90,17.8,0.0,3,1012.2,100
2026-03-30 07:00:00,19.4,90,17.7,0.2,51,1012.6,100
2026-03-30 08:00:00,19.9,89,18.0,0.2,51,1012.8,100
2026-03-30 09:00:00,19.9,94,18.9,0.0,2,1013.0,59
2026-03-30 10:00:00,20.7,93,19.5,0.5,53,1012.7,100
2026-03-30 11:00:00,20.9,92,19.5,0.9,53,1012.4,99
2026-03-30 12:00:00,21.6,86,19.2,0.1,51,1011.8,97
2026-03-30 13:00:00,21.3,88,19.2,0.2,51,1011.3,100
2026-03-30 14:00:00,21.2,90,19.6,0.4,51,1010.7,100
2026-03-30 15:00:00,21.1,90,19.4,1.5,61,1010.1,100
2026-03-30 16:00:00,20.8,93,19.6,3.7,63,1009.7,100
2026-03-30 17:00:00,20.5,95,19.8,1.4,61,1009.4,100
2026-03-30 18:00:00,20.1,98,19.8,1.4,61,1009.7,100
2026-03-30 19:00:00,20.4,98,20.0,0.9,53,1010.1,100
2026-03-30 20:00:00,20.7,95,20.0,2.7,63,1010.7,100
2026-03-30 21:00:00,20.4,97,19.9,0.1,51,1011.4,100
2026-03-30 22:00:00,20.4,98,20.0,2.4,61,1012.0,100
2026-03-30 23:00:00,20.8,95,19.9,0.6,53,1011.7,100
2026-03-31 00:00:00,21.2,94,20.3,0.1,51,1011.1,100
2026-03-31 01:00:00,21.2,94,20.2,0.0,3,1010.7,100
2026-03-31 02:00:00,21.3,93,20.1,0.0,3,1009.7,95
2026-03-31 03:00:00,21.3,94,20.4,0.0,3,1008.4,100
2026-03-31 04:00:00,21.3,92,20.0,0.7,53,1008.8,100
2026-03-31 05:00:00,21.4,92,20.1,1.4,61,1008.6,100
2026-03-31 06:00:00,21.3,95,20.5,0.6,53,1008.2,100
2026-03-31 07:00:00,20.9,96,20.3,1.9,61,1009.4,100
2026-03-31 08:00:00,21.1,94,20.1,4.0,63,1009.5,100
2026-03-31 09:00:00,20.8,95,20.0,2.9,63,1010.1,100
2026-03-31 10:00:00,20.4,98,20.1,5.9,63,1010.6,100
2026-03-31 11:00:00,20.8,98,20.5,4.9,63,1010.7,100
2026-03-31 12:00:00,20.8,98,20.5,6.0,63,1010.7,100
2026-03-31 13:00:00,20.7,98,20.3,6.0,63,1010.5,100
2026-03-31 14:00:00,20.5,98,20.2,3.6,63,1009.9,100
2026-03-31 15:00:00,20.3,87,18.1,3.3,63,1009.7,100
2026-03-31 16:00:00,20.3,96,19.7,0.3,51,1008.8,100
2026-03-31 17:00:00,20.3,97,19.8,0.1,51,1009.1,100
2026-03-31 18:00:00,20.0,97,19.5,0.0,3,1009.0,100
2026-03-31 19:00:00,19.2,96,18.6,0.0,1,1009.4,26
2026-03-31 20:00:00,18.5,96,17.8,0.0,0,1009.4,13
2026-03-31 21:00:00,20.0,93,18.9,0.0,3,1009.7,95
2026-03-31 22:00:00,19.2,97,18.7,0.2,51,1010.2,100
2026-03-31 23:00:00,19.5,96,18.8,0.1,51,1009.6,91
2026-04-01 00:00:00,19.0,95,18.2,0.0,3,1009.3,100
2026-04-01 01:00:00,19.6,97,19.1,0.1,51,1009.3,100
2026-04-01 02:00:00,20.3,99,20.1,1.2,55,1008.5,100
2026-04-01 03:00:00,21.2,95,20.4,1.4,61,1008.4,100
2026-04-01 04:00:00,21.4,92,20.0,1.3,61,1007.5,99
2026-04-01 05:00:00,20.6,96,19.9,2.4,61,1007.9,100
2026-04-01 06:00:00,21.3,95,20.5,0.1,51,1007.5,100
2026-04-01 07:00:00,20.6,95,19.7,1.1,55,1008.5,100
2026-04-01 08:00:00,20.0,98,19.8,1.2,55,1008.5,100
2026-04-01 09:00:00,21.0,94,20.0,0.8,53,1008.4,100
2026-04-01 10:00:00,22.0,91,20.5,0.1,51,1007.9,100
2026-04-01 11:00:00,22.2,90,20.4,0.6,53,1008.2,100
2026-04-01 12:00:00,21.5,93,20.3,1.4,61,1007.6,100
2026-04-01 13:00:00,21.9,92,20.5,0.1,51,1006.8,100
2026-04-01 14:00:00,21.0,91,19.5,1.6,61,1006.7,100
2026-04-01 15:00:00,20.7,93,19.5,0.5,53,1006.2,100
2026-04-01 16:00:00,20.5,95,19.7,2.3,61,1006.2,96
2026-04-01 17:00:00,20.1,94,19.1,0.4,51,1006.3,99
2026-04-01 18:00:00,19.4,94,18.3,0.0,1,1007.1,41
2026-04-01 19:00:00,18.6,93,17.4,0.0,2,1007.8,68
2026-04-01 20:00:00,18.6,87,16.4,0.0,2,1008.7,55
2026-04-01 21:00:00,18.8,88,16.9,0.0,2,1009.8,56
2026-04-01 22:00:00,17.8,90,16.2,0.1,51,1010.4,33
2026-04-01 23:00:00,17.6,84,14.9,0.0,3,1010.8,84
2026-04-02 00:00:00,17.4,83,14.4,0.0,1,1011.2,26
2026-04-02 01:00:00,17.0,82,14.0,0.0,0,1011.6,12
2026-04-02 02:00:00,16.8,83,13.8,0.0,0,1011.8,17
2026-04-02 03:00:00,17.0,80,13.5,0.0,1,1011.5,25
2026-04-02 04:00:00,16.6,81,13.3,0.0,0,1011.5,13
2026-04-02 05:00:00,16.1,84,13.4,0.0,0,1012.2,9
2026-04-02 06:00:00,16.0,83,13.2,0.0,1,1013.1,23
2026-04-02 07:00:00,16.3,84,13.6,0.0,1,1013.9,34
2026-04-02 08:00:00,17.4,79,13.8,0.1,51,1014.8,23
2026-04-02 09:00:00,18.6,72,13.6,0.3,51,1015.0,18
2026-04-02 10:00:00,19.8,65,13.1,0.2,51,1015.0,35
2026-04-02 11:00:00,20.7,61,12.9,0.0,3,1015.2,80
2026-04-02 12:00:00,20.9,58,12.4,0.0,3,1015.1,100
2026-04-02 13:00:00,21.1,57,12.2,0.0,3,1014.9,100
2026-04-02 14:00:00,21.0,58,12.3,0.0,3,1014.6,100
2026-04-02 15:00:00,20.5,59,12.3,0.0,3,1014.3,94
2026-04-02 16:00:00,20.1,60,12.0,0.0,0,1014.1,14
2026-04-02 17:00:00,19.4,59,11.1,0.0,0,1014.3,1
2026-04-02 18:00:00,18.2,67,12.1,0.0,0,1014.8,2
2026-04-02 19:00:00,16.8,71,11.6,0.0,0,1015.1,4
2026-04-02 20:00:00,16.2,72,11.2,0.0,3,1015.7,93
2026-04-02 21:00:00,15.5,76,11.3,0.0,3,1016.3,98
2026-04-02 22:00:00,15.6,76,11.3,0.0,3,1016.6,84
2026-04-02 23:00:00,14.8,78,11.0,0.0,2,1016.1,57
2026-04-03 00:00:00,14.5,79,10.9,0.0,3,1016.2,100
2026-04-03 01:00:00,14.6,81,11.5,0.0,3,1015.7,100
2026-04-03 02:00:00,15.5,80,12.1,0.0,3,1015.7,100
2026-04-03 03:00:00,15.1,81,11.9,0.0,3,1015.6,100
2026-04-03 04:00:00,15.7,80,12.2,0.0,3,1014.9,100
2026-04-03 05:00:00,15.3,82,12.2,0.0,3,1015.0,100
2026-04-03 06:00:00,15.4,81,12.2,0.0,3,1015.8,100
2026-04-03 07:00:00,16.3,77,12.4,0.0,3,1016.2,100
2026-04-03 08:00:00,17.3,75,12.8,0.0,3,1016.2,100
2026-04-03 09:00:00,18.5,66,12.0,0.0,3,1016.0,100
2026-04-03 10:00:00,19.1,65,12.4,0.0,3,1015.6,100
2026-04-03 11:00:00,19.9,63,12.8,0.0,3,1015.1,99
2026-04-03 12:00:00,19.6,65,12.9,0.0,3,1014.5,100
2026-04-03 13:00:00,19.4,66,12.9,0.0,3,1013.9,100
2026-04-03 14:00:00,19.5,65,12.8,0.0,3,1013.3,100
2026-04-03 15:00:00,19.5,63,12.3,0.0,3,1013.1,100
2026-04-03 16:00:00,19.5,64,12.5,0.0,3,1012.3,100
2026-04-03 17:00:00,19.6,62,12.2,0.0,3,1012.3,100
2026-04-03 18:00:00,19.7,61,12.0,0.0,3,1012.0,100
2026-04-03 19:00:00,20.1,59,11.9,0.0,3,1011.3,100
2026-04-03 20:00:00,20.2,63,13.0,0.0,3,1011.3,100
2026-04-03 21:00:00,20.2,73,15.1,0.0,3,1010.5,100
2026-04-03 22:00:00,20.6,71,15.0,0.0,3,1010.4,91
2026-04-03 23:00:00,20.7,69,14.8,0.0,2,1010.1,57
2026-04-04 00:00:00,20.9,67,14.7,0.0,3,1009.5,81
2026-04-04 01:00:00,20.9,70,15.2,0.0,3,1008.5,100
2026-04-04 02:00:00,20.8,74,16.1,0.0,3,1007.5,100
2026-04-04 03:00:00,21.4,69,15.5,0.1,51,1006.5,100
2026-04-04 04:00:00,19.6,90,18.0,1.8,61,1006.2,100
2026-04-04 05:00:00,19.1,97,18.6,2.1,61,1006.0,100
2026-04-04 06:00:00,19.7,96,19.1,3.7,63,1005.8,100
2026-04-04 07:00:00,19.8,97,19.3,4.6,63,1005.8,100
2026-04-04 08:00:00,20.2,97,19.7,2.8,63,1005.4,100
2026-04-04 09:00:00,21.0,95,20.3,1.6,61,1005.3,100
2026-04-04 10:00:00,20.9,98,20.5,1.4,61,1005.0,100
2026-04-04 11:00:00,21.8,94,20.8,1.1,55,1004.2,100
2026-04-04 12:00:00,22.3,90,20.6,0.9,53,1003.7,100
2026-04-04 13:00:00,20.6,99,20.4,8.3,65,1004.3,100
2026-04-04 14:00:00,19.4,94,18.3,2.4,61,1004.1,100
2026-04-04 15:00:00,19.4,92,18.1,13.8,65,1004.7,100
2026-04-04 16:00:00,19.7,88,17.6,0.0,3,1004.6,100
2026-04-04 17:00:00,19.4,88,17.4,0.0,3,1005.1,100
2026-04-04 18:00:00,19.0,90,17.4,0.1,51,1005.8,100
2026-04-04 19:00:00,18.8,88,16.7,0.0,3,1006.4,100
2026-04-04 20:00:00,18.7,85,16.1,0.0,3,1006.9,100
2026-04-04 21:00:00,18.0,86,15.6,0.0,3,1007.2,99
2026-04-04 22:00:00,18.1,81,14.7,0.0,3,1007.7,100
2026-04-04 23:00:00,18.5,78,14.6,0.0,3,1008.2,99
2026-04-05 00:00:00,18.4,79,14.7,0.3,51,1007.9,100
2026-04-05 01:00:00,18.3,80,14.7,0.0,3,1007.9,100
2026-04-05 02:00:00,18.0,81,14.7,0.0,3,1007.9,100
2026-04-05 03:00:00,18.1,83,15.1,0.0,3,1008.3,100
2026-04-05 04:00:00,17.9,85,15.3,0.4,51,1008.0,100
2026-04-05 05:00:00,17.6,87,15.5,0.9,53,1008.2,100
2026-04-05 06:00:00,17.3,89,15.6,0.2,51,1008.6,100
2026-04-05 07:00:00,17.7,89,16.0,0.4,51,1008.8,100
2026-04-05 08:00:00,17.6,95,16.8,1.3,61,1009.6,100
2026-04-05 09:00:00,18.6,92,17.3,0.7,53,1010.2,100
2026-04-05 10:00:00,18.9,93,17.8,0.2,51,1009.5,99
2026-04-05 11:00:00,20.6,78,16.6,0.0,3,1010.0,100
2026-04-05 12:00:00,21.1,75,16.6,0.0,3,1009.9,100
2026-04-05 13:00:00,21.6,70,16.0,0.0,3,1009.9,100
2026-04-05 14:00:00,21.7,69,15.7,0.0,3,1009.4,100
2026-04-05 15:00:00,21.8,68,15.6,0.0,0,1009.4,1
2026-04-05 16:00:00,22.5,67,16.1,0.0,0,1009.4,4
2026-04-05 17:00:00,21.7,69,15.8,0.0,1,1010.0,49
2026-04-05 18:00:00,20.0,85,17.4,0.0,2,1010.3,63
2026-04-05 19:00:00,18.4,92,17.1,0.0,1,1010.8,45
2026-04-05 20:00:00,17.6,90,16.0,0.0,1,1011.1,46
2026-04-05 21:00:00,17.6,76,13.4,0.0,3,1011.7,86
2026-04-05 22:00:00,17.8,73,12.8,0.0,3,1012.4,91
2026-04-05 23:00:00,17.7,77,13.6,0.0,3,1012.2,98
2026-04-06 00:00:00,17.8,80,14.4,0.0,3,1012.5,99
2026-04-06 01:00:00,18.0,82,14.9,0.0,3,1012.5,100
2026-04-06 02:00:00,18.1,83,15.1,0.0,2,1011.9,62
2026-04-06 03:00:00,18.2,81,15.0,0.0,1,1010.9,22
2026-04-06 04:00:00,18.1,85,15.5,0.0,2,1011.1,55
2026-04-06 05:00:00,18.1,88,16.0,0.0,2,1011.3,60
2026-04-06 06:00:00,18.1,90,16.4,0.0,0,1011.3,16
2026-04-06 07:00:00,18.9,92,17.5,0.0,2,1011.8,55
2026-04-06 08:00:00,20.5,86,18.0,0.0,1,1012.7,43
2026-04-06 09:00:00,21.2,82,18.0,0.0,3,1012.3,100
2026-04-06 10:00:00,22.1,80,18.5,0.0,3,1012.5,100
2026-04-06 11:00:00,22.4,78,18.4,0.0,3,1011.9,100
2026-04-06 12:00:00,22.4,80,18.8,0.0,3,1011.5,100
2026-04-06 13:00:00,22.4,82,19.3,0.1,51,1010.2,100
2026-04-06 14:00:00,22.4,84,19.6,0.2,51,1009.6,100
2026-04-06 15:00:00,22.2,87,19.9,0.2,51,1009.1,100
2026-04-06 16:00:00,21.9,87,19.6,1.0,55,1008.9,100
2026-04-06 17:00:00,20.7,97,20.2,1.5,61,1009.0,100
2026-04-06 18:00:00,20.5,99,20.3,1.9,61,1008.8,100
2026-04-06 19:00:00,20.4,97,19.9,2.8,63,1008.9,100
2026-04-06 20:00:00,20.7,98,20.4,2.4,61,1008.8,100
2026-04-06 21:00:00,21.1,91,19.7,1.6,61,1008.2,100
2026-04-06 22:00:00,21.0,94,20.0,0.7,53,1007.8,100
2026-04-06 23:00:00,21.0,95,20.1,0.0,3,1007.2,100
2026-04-07 00:00:00,21.2,94,20.2,0.6,53,1006.8,100
2026-04-07 01:00:00,21.2,95,20.3,1.0,55,1006.3,100
2026-04-07 02:00:00,20.2,98,19.8,3.5,63,1005.8,100
2026-04-07 03:00:00,21.2,93,20.0,7.7,65,1004.5,100
2026-04-07 04:00:00,20.2,97,19.7,6.2,63,1003.2,100
2026-04-07 05:00:00,21.0,98,20.6,8.5,65,1003.0,100
2026-04-07 06:00:00,21.2,98,20.9,12.0,65,1003.2,100
2026-04-07 07:00:00,21.3,98,21.0,18.3,65,1003.3,100
2026-04-07 08:00:00,21.4,97,20.9,0.7,53,1004.0,100
2026-04-07 09:00:00,21.3,95,20.5,0.0,3,1006.0,100
2026-04-07 10:00:00,20.7,92,19.4,0.7,53,1007.0,85
2026-04-07 11:00:00,22.0,83,19.0,0.1,51,1007.3,98
2026-04-07 12:00:00,21.8,82,18.6,0.0,3,1008.0,100
2026-04-07 13:00:00,21.6,81,18.2,0.0,3,1008.3,100
2026-04-07 14:00:00,21.7,79,17.9,0.1,51,1008.3,48
2026-04-07 15:00:00,19.5,86,17.1,0.0,3,1008.6,93
2026-04-07 16:00:00,20.9,66,14.2,0.0,3,1008.9,100
2026-04-07 17:00:00,20.0,61,12.2,0.0,3,1009.5,95
2026-04-07 18:00:00,19.5,56,10.5,0.0,3,1010.5,100
2026-04-07 19:00:00,19.2,50,8.7,0.0,3,1011.1,98
2026-04-07 20:00:00,18.7,57,10.1,0.0,2,1011.8,71
2026-04-07 21:00:00,18.4,63,11.3,0.0,2,1012.3,73
2026-04-07 22:00:00,17.9,67,11.7,0.0,3,1013.2,100
2026-04-07 23:00:00,17.8,66,11.4,0.0,2,1013.2,73
2026-04-08 00:00:00,17.0,66,10.6,0.0,2,1013.6,65
2026-04-08 01:00:00,16.5,67,10.3,0.0,2,1013.6,52
2026-04-08 02:00:00,16.4,67,10.3,0.0,1,1014.0,28
2026-04-08 03:00:00,16.2,68,10.3,0.0,1,1013.4,46
2026-04-08 04:00:00,16.0,70,10.5,0.0,1,1013.6,32
2026-04-08 05:00:00,16.0,70,10.4,0.0,1,1013.6,21
2026-04-08 06:00:00,16.0,69,10.4,0.0,1,1014.1,28
2026-04-08 07:00:00,16.2,71,11.0,0.0,0,1015.2,9
2026-04-08 08:00:00,17.9,70,12.4,0.0,0,1015.7,3
2026-04-08 09:00:00,19.5,65,12.8,0.0,0,1016.2,2
2026-04-08 10:00:00,20.7,59,12.3,0.0,0,1016.4,3
2026-04-08 11:00:00,21.4,56,12.4,0.0,0,1016.5,2
2026-04-08 12:00:00,21.6,56,12.4,0.0,1,1016.1,32
2026-04-08 13:00:00,21.4,57,12.7,0.0,2,1015.6,51
2026-04-08 14:00:00,20.7,63,13.3,0.0,1,1015.2,25
2026-04-08 15:00:00,20.9,61,13.0,0.0,1,1015.1,45
2026-04-08 16:00:00,20.6,61,12.7,0.0,3,1014.3,95
2026-04-08 17:00:00,20.0,63,12.9,0.0,3,1014.3,85
2026-04-08 18:00:00,19.5,68,13.4,0.0,2,1014.4,56
2026-04-08 19:00:00,19.1,68,13.0,0.0,1,1015.0,23
2026-04-08 20:00:00,19.0,69,13.2,0.0,1,1015.5,32
2026-04-08 21:00:00,19.2,73,14.1,0.0,1,1015.8,44
2026-04-08 22:00:00,18.9,77,14.8,0.0,2,1016.2,63
2026-04-08 23:00:00,19.0,76,14.7,0.0,2,1015.7,77
2026-04-09 00:00:00,18.9,75,14.3,0.0,3,1015.5,98
2026-04-09 01:00:00,19.1,73,14.0,0.0,3,1015.1,99
2026-04-09 02:00:00,19.3,71,13.9,0.0,3,1014.8,100
2026-04-09 03:00:00,19.7,71,14.4,0.0,2,1013.9,71
2026-04-09 04:00:00,19.7,71,14.4,0.0,3,1013.3,98
2026-04-09 05:00:00,20.0,70,14.3,0.0,3,1013.3,81
2026-04-09 06:00:00,19.8,74,14.9,0.0,2,1013.6,79
2026-04-09 07:00:00,20.2,72,15.0,0.0,2,1013.7,52
2026-04-09 08:00:00,21.0,69,15.2,0.0,1,1014.3,41
2026-04-09 09:00:00,21.3,74,16.4,0.0,2,1013.8,61
2026-04-09 10:00:00,22.0,70,16.3,0.1,51,1014.1,36
2026-04-09 11:00:00,22.6,67,16.2,0.0,1,1013.5,20
2026-04-09 12:00:00,22.7,68,16.6,0.0,2,1012.8,51
2026-04-09 13:00:00,22.6,73,17.6,0.2,51,1012.3,68
2026-04-09 14:00:00,22.5,77,18.3,0.4,51,1011.5,97
2026-04-09 15:00:00,21.7,83,18.7,0.2,51,1010.2,100
2026-04-09 16:00:00,21.4,88,19.2,0.4,51,1009.9,100
2026-04-09 17:00:00,21.4,91,19.9,0.2,51,1009.6,100
2026-04-09 18:00:00,21.5,91,19.9,0.0,3,1009.7,100
2026-04-09 19:00:00,21.2,93,20.1,0.0,3,1009.6,100
2026-04-09 20:00:00,21.4,93,20.3,0.0,3,1009.9,100
2026-04-09 21:00:00,21.7,94,20.7,0.1,51,1010.6,100
2026-04-09 22:00:00,21.7,95,20.8,0.0,3,1010.5,100
2026-04-09 23:00:00,21.7,96,20.9,0.1,51,1010.1,100
2026-04-10 00:00:00,21.6,96,21.0,0.2,51,1009.5,100
2026-04-10 01:00:00,21.6,97,21.1,0.3,51,1009.1,61
2026-04-10 02:00:00,21.6,97,21.1,0.3,51,1008.6,95
2026-04-10 03:00:00,21.9,97,21.4,0.2,51,1008.3,100
2026-04-10 04:00:00,21.9,98,21.5,0.3,51,1008.0,84
2026-04-10 05:00:00,21.8,98,21.5,0.1,51,1007.8,100
2026-04-10 06:00:00,21.9,98,21.5,0.1,51,1007.8,98
2026-04-10 07:00:00,22.1,97,21.6,0.0,2,1008.3,52
2026-04-10 08:00:00,22.5,96,21.8,0.1,51,1008.8,27
2026-04-10 09:00:00,22.5,98,22.2,0.3,51,1009.5,100
2026-04-10 10:00:00,23.2,96,22.4,0.1,51,1009.7,91
2026-04-10 11:00:00,23.8,90,22.1,0.0,2,1009.3,50
2026-04-10 12:00:00,24.3,86,21.9,0.2,51,1008.8,38
2026-04-10 13:00:00,24.2,87,21.9,0.6,53,1008.3,23
2026-04-10 14:00:00,24.4,86,21.8,0.2,51,1007.2,9
2026-04-10 15:00:00,24.8,83,21.7,0.2,51,1007.2,13
2026-04-10 16:00:00,24.7,83,21.6,0.0,1,1006.7,21
2026-04-10 17:00:00,24.3,84,21.4,0.0,3,1006.6,92
2026-04-10 18:00:00,23.5,88,21.4,0.0,3,1006.8,91
2026-04-10 19:00:00,23.0,92,21.6,0.0,1,1006.8,42
2026-04-10 20:00:00,22.8,94,21.7,0.0,3,1007.2,100
2026-04-10 21:00:00,22.8,94,21.8,0.2,51,1007.8,100
2026-04-10 22:00:00,22.5,98,22.2,0.7,53,1008.2,100
2026-04-10 23:00:00,22.4,98,22.1,0.3,51,1008.1,100
2026-04-11 00:00:00,22.3,97,21.9,0.1,51,1008.3,100
2026-04-11 01:00:00,21.8,96,21.1,0.1,51,1008.5,100
2026-04-11 02:00:00,21.5,95,20.7,0.0,1,1008.2,20
2026-04-11 03:00:00,21.5,96,20.8,0.0,3,1008.0,100
2026-04-11 04:00:00,21.0,95,20.3,0.0,3,1008.5,100
2026-04-11 05:00:00,20.6,93,19.4,0.0,3,1008.5,88
2026-04-11 06:00:00,20.2,94,19.1,0.0,1,1008.9,28
2026-04-11 07:00:00,20.3,93,19.2,0.0,3,1009.4,98
2026-04-11 08:00:00,21.2,88,19.1,0.0,3,1009.9,95
2026-04-11 09:00:00,21.9,83,18.9,0.0,1,1010.5,30
2026-04-11 10:00:00,23.0,77,18.7,0.0,1,1010.8,26
2026-04-11 11:00:00,23.9,72,18.7,0.0,0,1010.5,13
2026-04-11 12:00:00,24.8,70,18.9,0.0,0,1010.1,13
2026-04-11 13:00:00,25.2,67,18.5,0.0,2,1009.8,51
2026-04-11 14:00:00,24.7,68,18.4,0.0,1,1009.4,43
2026-04-11 15:00:00,23.7,73,18.6,0.0,1,1009.5,32
2026-04-11 16:00:00,23.4,75,18.7,0.0,2,1009.2,73
2026-04-11 17:00:00,22.4,79,18.5,0.0,3,1009.4,99
2026-04-11 18:00:00,21.5,81,18.2,0.0,3,1009.9,99
2026-04-11 19:00:00,20.4,86,18.0,0.0,2,1010.1,52
2026-04-11 20:00:00,19.3,86,16.9,0.0,3,1010.8,100
2026-04-11 21:00:00,19.5,85,16.9,0.0,3,1011.8,100
2026-04-11 22:00:00,19.3,87,17.2,0.0,1,1011.3,45
2026-04-11 23:00:00,18.7,91,17.3,0.4,51,1011.3,99
2026-04-12 00:00:00,19.0,92,17.6,0.0,1,1010.9,47
2026-04-12 01:00:00,18.9,92,17.5,0.0,1,1011.2,38
2026-04-12 02:00:00,18.8,92,17.4,0.0,3,1011.3,99
2026-04-12 03:00:00,19.2,89,17.4,0.0,3,1011.4,100
2026-04-12 04:00:00,19.3,87,17.1,0.0,3,1011.4,100
2026-04-12 05:00:00,19.4,86,17.0,0.0,3,1011.0,100
2026-04-12 06:00:00,19.2,83,16.2,0.0,3,1011.4,88
2026-04-12 07:00:00,19.3,80,15.8,0.0,3,1011.9,83
2026-04-12 08:00:00,19.8,81,16.4,0.0,3,1011.9,85
2026-04-12 09:00:00,21.7,83,18.7,0.2,51,1011.8,51
2026-04-12 10:00:00,22.9,80,19.3,0.0,1,1012.1,47
2026-04-12 11:00:00,23.2,79,19.3,0.0,1,1011.8,20
2026-04-12 12:00:00,23.8,77,19.5,0.0,0,1011.4,14
2026-04-12 13:00:00,23.8,77,19.6,0.0,0,1010.6,9
2026-04-12 14:00:00,23.7,78,19.5,0.0,3,1010.1,100
2026-04-12 15:00:00,22.2,83,19.2,0.0,2,1009.5,76
2026-04-12 16:00:00,22.5,84,19.7,0.0,3,1009.5,96
2026-04-12 17:00:00,21.9,87,19.7,0.0,3,1009.2,100
2026-04-12 18:00:00,21.8,89,19.9,0.0,3,1009.4,100
2026-04-12 19:00:00,21.6,92,20.2,0.0,3,1009.7,100
2026-04-12 20:00:00,21.7,94,20.7,0.4,51,1010.3,100
2026-04-12 21:00:00,21.9,98,21.5,0.4,51,1010.5,96
2026-04-12 22:00:00,22.0,97,21.6,0.0,3,1010.3,80
2026-04-12 23:00:00,22.0,98,21.7,0.1,51,1010.4,75
2026-04-13 00:00:00,22.1,98,21.8,0.1,51,1010.2,100
2026-04-13 01:00:00,22.1,99,22.0,0.1,51,1009.9,100
2026-04-13 02:00:00,22.2,99,22.0,0.0,3,1009.3,100
2026-04-13 03:00:00,22.4,98,22.1,0.0,3,1008.9,80
2026-04-13 04:00:00,22.3,98,22.1,0.1,51,1009.1,73
2026-04-13 05:00:00,22.3,99,22.1,0.0,2,1009.4,77
2026-04-13 06:00:00,22.3,99,22.2,0.0,2,1009.6,76
2026-04-13 07:00:00,22.5,98,22.1,0.1,51,1010.3,64
2026-04-13 08:00:00,22.8,97,22.3,0.1,51,1010.5,37
2026-04-13 09:00:00,23.1,96,22.5,0.4,51,1010.7,63
2026-04-13 10:00:00,23.7,98,23.4,0.3,51,1010.9,52
2026-04-13 11:00:00,24.3,91,22.7,0.3,51,1010.8,98
2026-04-13 12:00:00,23.8,93,22.6,0.1,51,1010.4,100
2026-04-13 13:00:00,23.6,91,22.1,0.1,51,1010.1,100
2026-04-13 14:00:00,23.8,90,22.0,0.1,51,1009.4,100
2026-04-13 15:00:00,23.5,92,22.1,0.0,3,1009.1,100
2026-04-13 16:00:00,23.2,92,21.7,0.1,51,1008.9,100
2026-04-13 17:00:00,22.9,93,21.7,0.1,51,1009.3,100
2026-04-13 18:00:00,22.7,91,21.2,0.1,51,1009.4,57
2026-04-13 19:00:00,22.0,93,20.8,0.0,1,1009.7,27
2026-04-13 20:00:00,21.5,94,20.5,0.0,0,1010.3,10
2026-04-13 21:00:00,21.5,94,20.4,0.0,0,1010.6,16
2026-04-13 22:00:00,21.1,94,20.1,0.0,1,1011.0,23
2026-04-13 23:00:00,20.8,94,19.8,0.0,1,1011.2,33
2026-04-14 00:00:00,20.6,93,19.5,0.0,1,1010.9,33
2026-04-14 01:00:00,20.4,93,19.3,0.0,1,1010.4,23
2026-04-14 02:00:00,20.3,92,19.0,0.0,1,1010.0,23
2026-04-14 03:00:00,20.5,93,19.4,0.0,1,1009.5,26
2026-04-14 04:00:00,20.1,92,18.8,0.0,1,1009.7,32
2026-04-14 05:00:00,20.0,92,18.7,0.0,2,1009.7,50
2026-04-14 06:00:00,20.3,93,19.2,0.1,51,1010.0,85
2026-04-14 07:00:00,21.3,97,20.7,0.1,51,1010.4,75
2026-04-14 08:00:00,22.1,93,21.0,0.0,1,1010.6,41
2026-04-14 09:00:00,21.9,94,20.9,0.1,51,1010.8,99
2026-04-14 10:00:00,22.1,92,20.7,2.8,63,1011.0,66
2026-04-14 11:00:00,23.9,89,21.9,0.0,3,1010.6,89
2026-04-14 12:00:00,23.3,89,21.4,0.5,53,1010.2,56
2026-04-14 13:00:00,24.5,82,21.3,0.0,1,1009.5,48
2026-04-14 14:00:00,24.7,82,21.4,0.0,2,1008.7,59
2026-04-14 15:00:00,24.7,84,21.9,0.2,51,1008.1,46
2026-04-14 16:00:00,23.9,87,21.6,0.0,2,1007.8,64
2026-04-14 17:00:00,23.4,89,21.4,0.0,2,1007.6,60
2026-04-14 18:00:00,23.0,90,21.3,0.0,1,1007.9,24
2026-04-14 19:00:00,22.2,95,21.3,0.1,51,1008.2,72
2026-04-14 20:00:00,22.1,94,21.1,0.4,51,1008.8,77
2026-04-14 21:00:00,21.6,97,21.0,0.1,51,1008.6,61
2026-04-14 22:00:00,21.7,97,21.3,0.1,51,1009.0,50
2026-04-14 23:00:00,21.8,97,21.4,0.0,1,1009.0,38
2026-04-15 00:00:00,21.8,97,21.3,0.0,2,1008.6,51
2026-04-15 01:00:00,21.5,99,21.3,0.2,51,1008.4,30
2026-04-15 02:00:00,21.3,98,21.0,0.1,51,1008.1,93
2026-04-15 03:00:00,21.4,97,20.9,0.0,2,1007.2,59
2026-04-15 04:00:00,21.2,97,20.7,0.1,51,1007.0,24
2026-04-15 05:00:00,21.1,96,20.5,0.0,1,1007.3,23
2026-04-15 06:00:00,21.1,97,20.6,0.0,1,1007.5,35
2026-04-15 07:00:00,21.7,98,21.4,0.0,2,1007.7,50
2026-04-15 08:00:00,22.3,92,21.0,0.9,53,1008.0,80
2026-04-15 09:00:00,22.1,100,22.1,0.5,53,1008.5,99
2026-04-15 10:00:00,23.2,98,22.8,0.6,53,1008.7,88
2026-04-15 11:00:00,23.7,90,22.0,0.1,51,1008.6,90
2026-04-15 12:00:00,24.1,86,21.7,0.0,3,1008.0,100
2026-04-15 13:00:00,23.8,85,21.1,0.0,3,1008.0,100
2026-04-15 14:00:00,23.6,83,20.6,0.0,2,1007.3,75
2026-04-15 15:00:00,23.5,81,20.1,0.0,2,1006.6,73
2026-04-15 16:00:00,23.1,82,19.9,0.0,2,1006.3,55
2026-04-15 17:00:00,22.7,81,19.3,0.0,3,1006.6,100
2026-04-15 18:00:00,22.2,82,19.0,0.0,0,1006.9,3
2026-04-15 19:00:00,21.1,86,18.7,0.0,0,1007.5,7
2026-04-15 20:00:00,20.8,86,18.3,0.0,0,1008.0,11
2026-04-15 21:00:00,21.2,85,18.6,0.0,0,1008.4,14
2026-04-15 22:00:00,20.5,89,18.7,0.0,1,1009.0,32
2026-04-15 23:00:00,20.3,91,18.8,0.0,0,1009.1,16
2026-04-16 00:00:00,20.0,89,18.2,0.0,0,1009.0,4
2026-04-16 01:00:00,19.8,86,17.4,0.0,1,1008.8,20
2026-04-16 02:00:00,19.9,82,16.7,0.0,1,1008.9,22
2026-04-16 03:00:00,19.8,81,16.5,0.0,1,1008.6,41
2026-04-16 04:00:00,19.5,83,16.5,0.0,0,1008.8,15
2026-04-16 05:00:00,19.4,82,16.2,0.0,1,1008.7,29
2026-04-16 06:00:00,19.4,82,16.2,0.0,0,1009.3,10
2026-04-16 07:00:00,19.8,83,16.7,0.0,0,1009.6,9
2026-04-16 08:00:00,21.0,76,16.5,0.0,1,1010.2,38
2026-04-16 09:00:00,22.1,66,15.5,0.0,3,1010.3,92
2026-04-16 10:00:00,23.1,62,15.4,0.0,3,1010.6,94
2026-04-16 11:00:00,24.0,59,15.4,0.0,3,1010.4,100
2026-04-16 12:00:00,24.4,59,15.8,0.0,3,1010.3,100
2026-04-16 13:00:00,24.2,64,16.9,0.0,3,1009.8,94
2026-04-16 14:00:00,23.6,73,18.4,0.0,3,1009.3,100
2026-04-16 15:00:00,23.1,76,18.5,0.0,2,1009.3,55
2026-04-16 16:00:00,22.9,75,18.3,0.0,1,1009.3,31
2026-04-16 17:00:00,22.7,71,17.3,0.0,1,1009.4,20
2026-04-16 18:00:00,22.0,75,17.3,0.0,0,1009.8,2
2026-04-16 19:00:00,21.2,77,17.0,0.0,1,1010.3,33
2026-04-16 20:00:00,20.6,87,18.5,0.0,1,1010.5,33
2026-04-16 21:00:00,21.1,84,18.3,0.0,1,1011.5,27
2026-04-16 22:00:00,21.0,84,18.1,0.0,1,1011.9,23
2026-04-16 23:00:00,21.0,83,18.0,0.0,0,1011.7,14
2026-04-17 00:00:00,20.7,85,18.0,0.0,1,1011.5,30
2026-04-17 01:00:00,20.5,85,18.0,0.0,1,1011.2,32
2026-04-17 02:00:00,20.2,86,17.9,0.0,1,1010.7,40
2026-04-17 03:00:00,20.1,87,18.0,0.0,1,1011.2,38
2026-04-17 04:00:00,20.0,86,17.6,0.0,1,1010.8,32
2026-04-17 05:00:00,20.1,83,17.1,0.0,1,1010.4,45
2026-04-17 06:00:00,20.0,82,16.8,0.0,3,1010.7,98
2026-04-17 07:00:00,20.2,84,17.4,0.0,2,1011.4,79
2026-04-17 08:00:00,20.5,81,17.1,0.0,3,1011.9,100
2026-04-17 09:00:00,22.1,73,17.0,0.1,51,1010.8,46
2026-04-17 10:00:00,22.6,70,16.7,0.0,1,1011.9,49
2026-04-17 11:00:00,22.8,69,16.9,0.2,51,1011.7,46
2026-04-17 12:00:00,23.4,67,16.9,0.1,51,1011.0,100
2026-04-17 13:00:00,22.8,70,17.0,0.1,51,1010.8,95
2026-04-17 14:00:00,22.7,71,17.2,0.2,51,1010.1,100
2026-04-17 15:00:00,22.3,72,16.9,0.1,51,1010.0,100
2026-04-17 16:00:00,22.0,75,17.4,0.1,51,1009.7,51
2026-04-17 17:00:00,21.5,77,17.4,0.1,51,1009.5,100
2026-04-17 18:00:00,21.2,80,17.6,0.0,3,1009.8,100
2026-04-17 19:00:00,21.1,80,17.5,0.0,3,1010.3,100
2026-04-17 20:00:00,21.5,76,17.0,0.0,3,1010.2,100
2026-04-17 21:00:00,21.8,76,17.4,0.0,3,1010.6,98
2026-04-17 22:00:00,21.8,75,17.2,0.0,3,1010.9,100
2026-04-17 23:00:00,21.8,75,17.1,0.0,3,1010.8,100
2026-04-18 00:00:00,21.8,74,16.9,0.0,3,1010.6,99
2026-04-18 01:00:00,21.7,75,17.1,0.0,2,1010.0,62
2026-04-18 02:00:00,21.3,78,17.3,0.0,1,1009.7,24
2026-04-18 03:00:00,21.4,77,17.1,0.0,3,1009.3,100
2026-04-18 04:00:00,21.2,78,17.3,0.0,3,1009.1,100
2026-04-18 05:00:00,21.2,79,17.5,0.0,3,1008.7,100
2026-04-18 06:00:00,21.0,81,17.7,0.1,51,1009.0,100
2026-04-18 07:00:00,20.7,85,18.1,0.5,53,1009.4,100
2026-04-18 08:00:00,20.8,85,18.2,0.5,53,1009.8,100
2026-04-18 09:00:00,21.6,82,18.4,0.2,51,1009.9,83
2026-04-18 10:00:00,22.3,78,18.3,0.1,51,1010.1,100
2026-04-18 11:00:00,21.9,80,18.2,0.2,51,1010.1,100
2026-04-18 12:00:00,22.0,80,18.3,0.2,51,1009.8,100
2026-04-18 13:00:00,22.0,80,18.5,0.0,3,1009.4,100
2026-04-18 14:00:00,21.3,84,18.5,0.0,3,1008.9,100
2026-04-18 15:00:00,20.9,86,18.4,0.1,51,1008.6,95
2026-04-18 16:00:00,20.9,85,18.3,0.1,51,1008.3,100
2026-04-18 17:00:00,20.7,86,18.4,0.2,51,1008.3,100
2026-04-18 18:00:00,20.2,92,18.9,0.4,51,1008.4,90
2026-04-18 19:00:00,20.0,92,18.7,0.1,51,1008.8,100
2026-04-18 20:00:00,20.0,91,18.4,0.0,3,1009.3,100
2026-04-18 21:00:00,19.7,96,19.0,0.1,51,1009.6,99
2026-04-18 22:00:00,20.1,93,18.9,0.1,51,1010.0,81
2026-04-18 23:00:00,20.2,92,18.8,0.0,3,1010.0,100
2026-04-19 00:00:00,20.4,91,18.8,0.2,51,1009.6,100
2026-04-19 01:00:00,20.5,93,19.3,0.8,53,1009.1,100
2026-04-19 02:00:00,20.5,93,19.4,0.2,51,1008.5,88
2026-04-19 03:00:00,20.8,93,19.6,0.1,51,1007.9,99
2026-04-19 04:00:00,20.3,98,19.9,1.2,55,1007.6,89
2026-04-19 05:00:00,20.5,93,19.2,0.4,51,1007.5,88
2026-04-19 06:00:00,20.3,96,19.6,0.1,51,1007.5,16
2026-04-19 07:00:00,20.5,95,19.7,0.0,0,1007.9,13
2026-04-19 08:00:00,21.4,92,20.0,0.0,0,1008.4,15
2026-04-19 09:00:00,22.1,81,18.6,0.0,1,1008.6,38
2026-04-19 10:00:00,23.2,75,18.6,0.1,51,1008.7,95
2026-04-19 11:00:00,23.1,75,18.5,0.2,51,1009.1,98
2026-04-19 12:00:00,23.0,77,18.8,0.4,51,1008.9,75
2026-04-19 13:00:00,23.1,76,18.6,0.2,51,1008.5,100
2026-04-19 14:00:00,22.3,78,18.2,0.0,1,1008.0,38
2026-04-19 15:00:00,22.5,75,17.8,0.0,1,1007.4,26
2026-04-19 16:00:00,22.6,74,17.8,0.0,0,1007.3,7
2026-04-19 17:00:00,21.9,76,17.6,0.0,0,1007.5,4
2026-04-19 18:00:00,20.9,80,17.3,0.0,0,1008.3,11
2026-04-19 19:00:00,19.7,85,17.1,0.0,0,1008.4,2
2026-04-19 20:00:00,19.0,88,17.0,0.0,0,1008.6,2
2026-04-19 21:00:00,19.1,88,17.0,0.0,1,1009.1,23
2026-04-19 22:00:00,18.9,88,16.9,0.0,1,1009.5,23
2026-04-19 23:00:00,18.6,89,16.8,0.0,1,1009.7,24
2026-04-20 00:00:00,18.5,90,16.8,0.0,1,1009.6,24
2026-04-20 01:00:00,18.1,89,16.2,0.0,0,1009.3,12
2026-04-20 02:00:00,17.8,88,15.8,0.0,0,1008.9,17
2026-04-20 03:00:00,18.0,85,15.4,0.0,0,1009.0,15
2026-04-20 04:00:00,18.1,83,15.1,0.0,1,1008.7,21
2026-04-20 05:00:00,18.2,80,14.6,0.0,3,1008.6,99
2026-04-20 06:00:00,18.3,81,14.9,0.0,1,1008.8,41
2026-04-20 07:00:00,19.0,80,15.5,0.0,1,1009.3,45
2026-04-20 08:00:00,20.4,72,15.2,0.0,1,1009.6,45
2026-04-20 09:00:00,21.7,65,14.8,0.0,3,1010.3,81
2026-04-20 10:00:00,21.7,70,16.0,0.2,51,1010.8,61
2026-04-20 11:00:00,22.2,68,16.0,0.2,51,1011.0,55
2026-04-20 12:00:00,22.9,65,16.0,0.1,51,1010.6,23
2026-04-20 13:00:00,23.4,61,15.5,0.0,1,1010.2,29
2026-04-20 14:00:00,23.3,59,15.0,0.0,2,1009.7,65
2026-04-20 15:00:00,22.9,61,14.9,0.0,3,1009.6,82
2026-04-20 16:00:00,22.2,67,15.8,0.0,1,1009.6,38
2026-04-20 17:00:00,21.8,68,15.6,0.0,1,1009.9,25
2026-04-20 18:00:00,20.9,73,15.9,0.0,0,1010.1,11
2026-04-20 19:00:00,19.9,76,15.4,0.0,0,1010.4,10
2026-04-20 20:00:00,19.4,77,15.2,0.0,0,1010.6,1
2026-04-20 21:00:00,19.2,77,15.2,0.0,1,1011.5,22
2026-04-20 22:00:00,19.7,73,14.8,0.0,2,1012.2,59
2026-04-20 23:00:00,20.4,72,15.1,0.0,3,1012.5,91
2026-04-21 00:00:00,20.6,72,15.4,0.0,3,1012.7,95
2026-04-21 01:00:00,20.6,73,15.6,0.0,2,1012.5,77
2026-04-21 02:00:00,20.2,76,15.9,0.0,1,1012.2,49
2026-04-21 03:00:00,18.9,81,15.5,0.0,1,1011.8,36
2026-04-21 04:00:00,19.8,75,15.3,0.0,2,1011.7,56
2026-04-21 05:00:00,19.1,80,15.5,0.0,2,1011.6,55
2026-04-21 06:00:00,18.9,80,15.4,0.0,2,1011.9,77
2026-04-21 07:00:00,20.8,78,16.8,0.0,2,1012.5,68
2026-04-21 08:00:00,21.4,80,17.9,0.0,3,1013.2,93
2026-04-21 09:00:00,21.2,84,18.3,0.0,3,1013.5,84
2026-04-21 10:00:00,22.4,81,19.0,0.4,51,1013.7,76
2026-04-21 11:00:00,23.2,76,18.8,0.7,53,1013.7,100
2026-04-21 12:00:00,23.2,77,18.9,0.7,53,1013.4,100
2026-04-21 13:00:00,22.6,81,19.2,1.0,55,1013.3,100
2026-04-21 14:00:00,22.9,79,19.0,0.2,51,1012.9,100
2026-04-21 15:00:00,22.5,80,18.9,1.1,55,1012.5,100
2026-04-21 16:00:00,21.2,95,20.5,2.2,61,1012.2,100
2026-04-21 17:00:00,21.3,92,19.9,0.3,51,1012.2,100
2026-04-21 18:00:00,21.2,89,19.4,0.1,51,1012.2,100
2026-04-21 19:00:00,20.6,90,18.9,0.2,51,1012.4,100
2026-04-21 20:00:00,20.3,87,18.1,0.1,51,1013.1,100
2026-04-21 21:00:00,20.3,84,17.6,0.0,3,1013.3,100
2026-04-21 22:00:00,20.2,84,17.5,0.0,3,1013.7,100
2026-04-21 23:00:00,20.0,85,17.4,0.0,3,1013.7,80
2026-04-22 00:00:00,20.0,85,17.4,0.0,1,1013.3,25
2026-04-22 01:00:00,19.9,86,17.5,0.0,1,1012.8,34
2026-04-22 02:00:00,19.9,86,17.6,0.0,1,1012.4,29
2026-04-22 03:00:00,20.3,83,17.4,0.0,2,1012.1,68
2026-04-22 04:00:00,20.0,85,17.4,0.0,3,1011.4,95
2026-04-22 05:00:00,19.9,86,17.4,0.0,3,1011.0,80
2026-04-22 06:00:00,19.5,88,17.5,0.0,3,1011.1,95
2026-04-22 07:00:00,20.3,87,18.1,0.0,3,1011.2,99
2026-04-22 08:00:00,21.4,81,18.1,0.0,2,1011.4,78
2026-04-22 09:00:00,21.8,82,18.6,0.1,51,1011.2,39
2026-04-22 10:00:00,22.7,76,18.3,0.1,51,1011.1,49
2026-04-22 11:00:00,23.5,71,17.9,0.2,51,1010.9,40
2026-04-22 12:00:00,23.8,68,17.6,0.0,1,1010.2,48
2026-04-22 13:00:00,24.0,67,17.5,0.0,0,1010.0,13
2026-04-22 14:00:00,23.9,66,17.1,0.0,3,1009.2,100
2026-04-22 15:00:00,23.5,64,16.3,0.0,3,1008.4,100
2026-04-22 16:00:00,23.3,63,15.9,0.0,3,1007.8,100
2026-04-22 17:00:00,22.8,67,16.3,0.0,2,1007.4,79
2026-04-22 18:00:00,22.3,70,16.5,0.0,3,1007.4,96
2026-04-22 19:00:00,21.9,70,16.3,0.0,3,1007.6,98
2026-04-22 20:00:00,21.8,71,16.4,0.0,3,1008.0,87
2026-04-22 21:00:00,22.1,77,17.9,0.0,3,1008.2,100
2026-04-22 22:00:00,21.4,85,18.9,1.5,61,1008.1,99
2026-04-22 23:00:00,21.4,85,18.9,0.0,3,1007.7,100
2026-04-23 00:00:00,21.8,84,18.9,0.0,3,1007.1,100
2026-04-23 01:00:00,21.9,85,19.2,0.0,3,1006.6,100
2026-04-23 02:00:00,21.9,84,19.1,0.0,3,1006.2,95
2026-04-23 03:00:00,22.1,84,19.2,0.0,3,1005.1,100
2026-04-23 04:00:00,22.1,85,19.6,0.1,51,1004.7,100
2026-04-23 05:00:00,21.7,92,20.3,1.8,61,1004.3,100
2026-04-23 06:00:00,21.2,97,20.8,4.5,63,1004.3,100
2026-04-23 07:00:00,21.8,94,20.9,0.7,53,1003.6,98
2026-04-23 08:00:00,22.3,90,20.6,0.6,53,1003.9,100
2026-04-23 09:00:00,22.0,95,21.1,3.0,63,1004.8,100
2026-04-23 10:00:00,21.6,98,21.2,4.4,63,1005.0,100
2026-04-23 11:00:00,21.8,98,21.5,2.3,61,1004.6,100
2026-04-23 12:00:00,21.9,99,21.7,5.9,63,1004.3,100
2026-04-23 13:00:00,22.1,98,21.7,8.2,65,1004.0,100
2026-04-23 14:00:00,22.5,95,21.6,0.8,53,1003.7,88
2026-04-23 15:00:00,22.4,94,21.4,0.3,51,1002.8,97
2026-04-23 16:00:00,23.5,90,21.8,0.0,3,1003.0,97
2026-04-23 17:00:00,23.2,90,21.5,0.1,51,1003.2,100
2026-04-23 18:00:00,22.4,93,21.2,0.1,51,1003.8,100
2026-04-23 19:00:00,21.6,97,21.1,4.9,63,1004.4,100
2026-04-23 20:00:00,20.9,99,20.7,1.5,61,1005.1,100
2026-04-23 21:00:00,21.2,94,20.2,0.3,51,1005.7,100
2026-04-23 22:00:00,20.9,94,20.0,0.1,51,1006.1,100
2026-04-23 23:00:00,20.7,94,19.6,0.3,51,1006.2,100
2026-04-24 00:00:00,20.4,94,19.3,0.1,51,1006.5,100
2026-04-24 01:00:00,20.4,92,19.1,0.1,51,1006.2,97
2026-04-24 02:00:00,20.1,92,18.7,0.0,3,1006.1,100
2026-04-24 03:00:00,20.3,92,18.9,0.0,3,1005.7,100
2026-04-24 04:00:00,20.0,95,19.1,0.4,51,1006.1,100
2026-04-24 05:00:00,19.9,96,19.2,1.0,55,1006.3,100
2026-04-24 06:00:00,19.6,98,19.3,0.4,51,1006.3,100
2026-04-24 07:00:00,20.0,95,19.3,0.2,51,1007.0,100
2026-04-24 08:00:00,20.5,95,19.6,0.1,51,1007.3,100
2026-04-24 09:00:00,20.3,95,19.5,0.2,51,1008.1,100
2026-04-24 10:00:00,21.4,90,19.7,0.1,51,1008.4,100
2026-04-24 11:00:00,21.3,88,19.2,0.0,3,1008.6,100
2026-04-24 12:00:00,21.6,83,18.6,0.0,3,1008.6,100
2026-04-24 13:00:00,22.4,76,18.0,0.1,51,1008.8,100
2026-04-24 14:00:00,21.5,79,17.8,0.2,51,1008.5,100
2026-04-24 15:00:00,21.3,80,17.8,0.1,51,1008.5,100
2026-04-24 16:00:00,22.0,75,17.5,0.1,51,1008.5,97
2026-04-24 17:00:00,21.4,78,17.4,0.0,3,1008.4,98
2026-04-24 18:00:00,20.8,82,17.6,0.0,3,1009.0,98
2026-04-24 19:00:00,19.9,86,17.5,0.0,3,1009.6,100
2026-04-24 20:00:00,19.8,84,16.9,0.0,3,1010.4,100
2026-04-24 21:00:00,20.1,85,17.5,0.0,3,1010.8,100
2026-04-24 22:00:00,19.5,87,17.2,0.0,3,1011.5,100
2026-04-24 23:00:00,19.4,86,17.0,0.0,3,1011.6,100
2026-04-25 00:00:00,19.5,85,17.0,0.0,3,1011.3,91
2026-04-25 01:00:00,18.6,87,16.5,0.0,3,1011.3,100
2026-04-25 02:00:00,19.1,83,16.2,0.0,2,1010.8,73
2026-04-25 03:00:00,19.3,84,16.5,0.0,3,1011.2,100
2026-04-25 04:00:00,19.2,84,16.5,0.0,3,1011.2,100
2026-04-25 05:00:00,19.0,85,16.5,0.0,3,1011.6,100
2026-04-25 06:00:00,18.7,87,16.6,0.0,3,1011.7,100
2026-04-25 07:00:00,19.8,86,17.3,0.0,3,1012.2,100
2026-04-25 08:00:00,20.8,80,17.3,0.0,3,1012.7,100
2026-04-25 09:00:00,21.5,68,15.2,0.0,3,1013.2,100
2026-04-25 10:00:00,22.7,62,14.9,0.0,3,1013.3,100
2026-04-25 11:00:00,22.0,65,15.1,0.0,3,1013.7,100
2026-04-25 12:00:00,23.2,61,15.3,0.0,3,1013.6,100
2026-04-25 13:00:00,23.2,60,15.1,0.0,3,1012.8,100
2026-04-25 14:00:00,23.0,62,15.2,0.0,3,1011.9,100
2026-04-25 15:00:00,22.4,61,14.6,0.0,3,1011.8,100
2026-04-25 16:00:00,21.5,68,15.4,0.0,3,1011.8,100
2026-04-25 17:00:00,21.4,67,15.1,0.0,3,1011.9,100
2026-04-25 18:00:00,20.8,72,15.5,0.0,3,1012.2,100
2026-04-25 19:00:00,20.4,70,14.8,0.0,3,1012.0,100
2026-04-25 20:00:00,20.4,70,14.7,0.0,3,1011.8,100
2026-04-25 21:00:00,19.5,71,14.0,0.0,3,1012.3,95
2026-04-25 22:00:00,19.6,72,14.4,0.0,3,1012.6,100
2026-04-25 23:00:00,19.7,73,14.7,0.0,3,1012.5,99
2026-04-26 00:00:00,18.6,77,14.6,0.0,3,1012.0,99
2026-04-26 01:00:00,18.7,76,14.4,0.0,3,1011.3,100
2026-04-26 02:00:00,19.6,71,14.3,0.0,3,1010.9,100
2026-04-26 03:00:00,19.5,75,15.1,0.0,3,1010.5,100
2026-04-26 04:00:00,19.6,75,15.1,0.0,3,1010.3,100
2026-04-26 05:00:00,19.0,79,15.2,0.0,3,1009.9,100
2026-04-26 06:00:00,19.6,79,15.8,0.0,3,1010.0,100
2026-04-26 07:00:00,20.1,83,17.2,0.0,3,1010.4,100
2026-04-26 08:00:00,20.1,85,17.5,0.3,51,1010.9,100
2026-04-26 09:00:00,18.5,94,17.5,0.2,51,1011.8,100
2026-04-26 10:00:00,18.3,98,17.9,4.4,63,1011.0,100
2026-04-26 11:00:00,18.9,98,18.6,2.1,61,1011.2,100
2026-04-26 12:00:00,19.2,97,18.6,1.1,55,1010.3,100
2026-04-26 13:00:00,19.5,92,18.1,0.2,51,1010.0,100
2026-04-26 14:00:00,20.0,84,17.3,0.0,3,1009.6,100
2026-04-26 15:00:00,20.3,74,15.6,0.0,3,1008.7,100
2026-04-26 16:00:00,20.8,70,15.1,0.0,0,1008.4,7
2026-04-26 17:00:00,20.5,69,14.6,0.0,0,1008.1,4
2026-04-26 18:00:00,19.5,72,14.4,0.0,0,1008.6,0
2026-04-26 19:00:00,18.5,75,14.0,0.0,0,1009.2,0
2026-04-26 20:00:00,18.2,80,14.6,0.0,0,1009.8,3
2026-04-26 21:00:00,18.5,76,14.3,0.0,1,1010.7,30
2026-04-26 22:00:00,18.6,76,14.3,0.0,1,1010.8,44
2026-04-26 23:00:00,19.1,73,14.0,0.0,2,1010.5,79
2026-04-27 00:00:00,19.2,71,13.7,0.0,2,1010.5,70
2026-04-27 01:00:00,19.0,72,13.9,0.0,2,1010.6,52
2026-04-27 02:00:00,18.5,76,14.1,0.0,0,1009.7,7
2026-04-27 03:00:00,17.5,81,14.2,0.0,1,1009.5,20
2026-04-27 04:00:00,17.5,80,14.1,0.0,1,1009.5,30
2026-04-27 05:00:00,17.7,80,14.3,0.0,2,1010.2,67
2026-04-27 06:00:00,18.0,79,14.3,0.0,1,1010.8,20
2026-04-27 07:00:00,18.9,78,15.0,0.0,1,1011.5,20
2026-04-27 08:00:00,20.3,69,14.4,0.0,1,1011.9,23
2026-04-27 09:00:00,21.4,65,14.6,0.0,1,1011.9,34
2026-04-27 10:00:00,22.2,64,15.0,0.0,3,1012.4,94
2026-04-27 11:00:00,22.7,63,15.3,0.0,3,1012.6,92
2026-04-27 12:00:00,23.0,62,15.4,0.0,3,1012.4,100
2026-04-27 13:00:00,22.9,62,15.4,0.0,3,1012.2,100
2026-04-27 14:00:00,22.8,61,15.0,0.0,3,1011.7,95
2026-04-27 15:00:00,22.6,62,15.1,0.0,3,1011.3,92
2026-04-27 16:00:00,22.4,63,15.1,0.0,0,1011.0,0
2026-04-27 17:00:00,21.8,66,15.3,0.0,0,1011.0,2
2026-04-27 18:00:00,20.7,75,16.1,0.0,2,1011.5,73
2026-04-27 19:00:00,19.3,80,15.7,0.0,0,1011.8,3
2026-04-27 20:00:00,19.0,79,15.2,0.0,1,1012.4,48
2026-04-27 21:00:00,17.9,81,14.5,0.0,3,1013.2,97
2026-04-27 22:00:00,18.0,78,14.1,0.0,3,1013.0,100
2026-04-27 23:00:00,17.7,78,13.9,0.0,3,1012.8,100
2026-04-28 00:00:00,17.4,80,13.8,0.0,3,1013.0,99
2026-04-28 01:00:00,17.1,81,13.8,0.0,3,1013.0,100
2026-04-28 02:00:00,16.8,82,13.8,0.0,3,1012.7,100
2026-04-28 03:00:00,17.5,80,14.0,0.0,3,1012.5,100
2026-04-28 04:00:00,17.4,80,14.0,0.0,3,1012.1,100
2026-04-28 05:00:00,17.0,80,13.5,0.0,3,1012.2,100
2026-04-28 06:00:00,17.4,80,13.9,0.0,3,1012.5,85
2026-04-28 07:00:00,19.4,78,15.5,0.0,3,1013.1,97
2026-04-28 08:00:00,20.4,76,16.0,0.0,0,1013.3,13
2026-04-28 09:00:00,21.4,70,15.8,0.0,0,1013.3,0
2026-04-28 10:00:00,22.4,67,16.0,0.0,0,1013.8,0
2026-04-28 11:00:00,23.0,65,16.1,0.0,0,1013.8,2
2026-04-28 12:00:00,23.2,65,16.2,0.0,1,1013.5,28
2026-04-28 13:00:00,23.0,63,15.6,0.0,1,1013.1,48
2026-04-28 14:00:00,22.8,60,14.7,0.0,1,1012.9,30
2026-04-28 15:00:00,22.4,55,12.9,0.0,1,1012.6,22
2026-04-28 16:00:00,22.2,54,12.6,0.0,2,1012.2,52
2026-04-28 17:00:00,21.5,57,12.7,0.0,1,1012.5,22
2026-04-28 18:00:00,20.5,72,15.2,0.0,0,1012.7,0
2026-04-28 19:00:00,18.9,75,14.4,0.0,0,1013.2,0
2026-04-28 20:00:00,18.5,75,13.9,0.0,0,1013.5,0
2026-04-28 21:00:00,18.0,82,14.8,0.0,0,1014.1,17
2026-04-28 22:00:00,17.7,80,14.2,0.0,0,1014.7,4
2026-04-28 23:00:00,17.4,78,13.5,0.0,2,1014.8,73
2026-04-29 00:00:00,17.4,76,13.1,0.0,1,1014.5,20
2026-04-29 01:00:00,17.3,76,13.0,0.0,0,1014.1,15
2026-04-29 02:00:00,17.1,79,13.4,0.0,0,1013.5,2
2026-04-29 03:00:00,17.2,82,14.1,0.0,1,1013.1,25
2026-04-29 04:00:00,17.1,83,14.3,0.0,3,1012.7,100
2026-04-29 05:00:00,17.3,84,14.6,0.0,0,1013.0,3
2026-04-29 06:00:00,17.3,84,14.6,0.0,1,1013.6,20
2026-04-29 07:00:00,19.8,81,16.4,0.0,3,1014.0,99
2026-04-29 08:00:00,21.0,74,16.1,0.0,3,1014.0,94
2026-04-29 09:00:00,22.2,67,15.9,0.0,2,1014.4,74
2026-04-29 10:00:00,23.2,66,16.5,0.0,3,1014.6,99
2026-04-29 11:00:00,23.7,62,16.1,0.0,3,1014.7,99
2026-04-29 12:00:00,23.7,66,17.0,0.0,3,1014.1,95
2026-04-29 13:00:00,23.2,71,17.6,0.0,3,1013.5,94
2026-04-29 14:00:00,22.9,71,17.3,0.0,2,1012.9,78
2026-04-29 15:00:00,23.0,71,17.6,0.0,3,1012.4,92
2026-04-29 16:00:00,22.5,72,17.3,0.0,3,1011.9,100
2026-04-29 17:00:00,21.8,73,16.8,0.0,3,1012.0,96
2026-04-29 18:00:00,21.1,76,16.8,0.0,1,1012.0,38
2026-04-29 19:00:00,20.3,79,16.5,0.0,3,1012.6,98
2026-04-29 20:00:00,20.5,79,16.7,0.0,3,1012.5,100
2026-04-29 21:00:00,21.2,78,17.1,0.0,3,1012.3,100
2026-04-29 22:00:00,21.3,78,17.4,0.0,3,1012.6,100
2026-04-29 23:00:00,21.6,78,17.6,0.0,3,1012.6,100
2026-04-30 00:00:00,21.1,85,18.5,0.6,53,1011.6,100
2026-04-30 01:00:00,21.0,91,19.5,0.1,51,1010.8,100
2026-04-30 02:00:00,21.3,93,20.2,0.1,51,1010.2,100
2026-04-30 03:00:00,21.5,95,20.7,1.4,61,1010.0,100
2026-04-30 04:00:00,21.8,97,21.3,2.9,63,1009.2,100
2026-04-30 05:00:00,22.1,97,21.6,1.1,55,1009.0,100
2026-04-30 06:00:00,22.5,98,22.1,1.0,55,1009.1,100
2026-04-30 07:00:00,23.1,94,22.1,1.4,61,1008.9,100
2026-04-30 08:00:00,22.1,96,21.5,4.8,63,1009.5,100
2026-04-30 09:00:00,22.8,93,21.5,1.8,61,1009.8,100
2026-04-30 10:00:00,22.3,98,21.9,2.0,61,1009.8,100
2026-04-30 11:00:00,23.1,93,21.9,0.5,53,1009.8,77
2026-04-30 12:00:00,24.1,89,22.1,0.1,51,1009.6,66
2026-04-30 13:00:00,24.2,87,21.9,0.1,51,1009.2,100
2026-04-30 14:00:00,23.9,88,21.8,0.1,51,1008.6,100
2026-04-30 15:00:00,23.5,90,21.7,0.3,51,1008.3,100
2026-04-30 16:00:00,23.3,85,20.7,0.0,3,1008.0,100
2026-04-30 17:00:00,22.2,85,19.6,0.0,3,1008.2,100
2026-04-30 18:00:00,21.9,85,19.2,0.0,3,1008.5,100
2026-04-30 19:00:00,21.2,89,19.3,0.1,51,1008.8,100
2026-04-30 20:00:00,20.9,91,19.3,0.2,51,1009.3,100
2026-04-30 21:00:00,20.3,95,19.6,0.0,3,1010.2,100
2026-04-30 22:00:00,20.2,96,19.5,0.5,53,1010.0,100
2026-04-30 23:00:00,19.8,95,18.9,0.0,3,1010.3,99
2026-05-01 00:00:00,19.4,93,18.2,0.0,3,1010.4,100
2026-05-01 01:00:00,19.0,92,17.7,0.1,51,1009.7,95
2026-05-01 02:00:00,18.9,90,17.3,0.0,3,1009.6,100
2026-05-01 03:00:00,18.9,88,16.8,0.0,3,1009.8,95
2026-05-01 04:00:00,18.8,85,16.1,0.0,2,1010.2,70
2026-05-01 05:00:00,18.3,86,15.9,0.0,2,1010.5,66
2026-05-01 06:00:00,18.1,84,15.3,0.0,1,1011.1,37
2026-05-01 07:00:00,18.5,81,15.2,0.0,1,1011.4,29
2026-05-01 08:00:00,18.9,72,13.8,0.0,2,1012.1,52
2026-05-01 09:00:00,19.8,65,13.0,0.0,3,1012.2,100
2026-05-01 10:00:00,20.2,64,13.3,0.0,2,1012.7,67
2026-05-01 11:00:00,20.5,61,12.7,0.0,0,1012.9,16
2026-05-01 12:00:00,21.0,59,12.6,0.0,2,1012.9,77
2026-05-01 13:00:00,21.0,56,12.0,0.0,3,1012.9,88
2026-05-01 14:00:00,21.0,52,10.8,0.0,2,1012.7,56
2026-05-01 15:00:00,20.6,49,9.6,0.0,0,1012.3,12
2026-05-01 16:00:00,20.3,52,10.0,0.0,0,1012.1,16
2026-05-01 17:00:00,19.7,53,9.9,0.0,1,1012.3,23
2026-05-01 18:00:00,18.9,59,10.6,0.0,2,1012.6,54
2026-05-01 19:00:00,18.2,58,9.8,0.0,3,1012.9,100
2026-05-01 20:00:00,18.0,59,9.9,0.0,3,1013.7,88
2026-05-01 21:00:00,18.0,62,10.7,0.0,0,1013.9,6
2026-05-01 22:00:00,17.6,65,10.9,0.0,0,1014.6,3
2026-05-01 23:00:00,17.5,66,11.1,0.0,0,1014.7,6
2026-05-02 00:00:00,16.7,71,11.4,0.0,0,1014.6,16
2026-05-02 01:00:00,16.1,75,11.6,0.0,1,1014.2,20
2026-05-02 02:00:00,16.1,76,11.8,0.0,1,1013.9,30
2026-05-02 03:00:00,16.2,75,11.7,0.0,1,1013.3,30
2026-05-02 04:00:00,15.8,76,11.6,0.0,0,1013.1,3
2026-05-02 05:00:00,15.6,76,11.3,0.0,0,1012.9,10
2026-05-02 06:00:00,15.7,75,11.3,0.0,2,1013.2,52
2026-05-02 07:00:00,18.4,72,13.2,0.0,0,1013.9,11
2026-05-02 08:00:00,19.6,64,12.5,0.0,1,1014.4,20
2026-05-02 09:00:00,20.4,64,13.3,0.0,2,1014.4,66
2026-05-02 10:00:00,21.7,58,13.0,0.0,3,1014.4,95
2026-05-02 11:00:00,22.3,58,13.6,0.0,3,1014.0,99
2026-05-02 12:00:00,22.6,58,13.9,0.0,3,1013.2,99
2026-05-02 13:00:00,22.0,59,13.7,0.0,3,1013.2,100
2026-05-02 14:00:00,21.8,60,13.6,0.0,3,1012.9,100
2026-05-02 15:00:00,21.6,60,13.6,0.0,3,1012.1,100
2026-05-02 16:00:00,21.5,60,13.3,0.0,3,1011.6,100
2026-05-02 17:00:00,20.9,60,12.8,0.0,3,1011.4,100
2026-05-02 18:00:00,20.0,67,13.8,0.0,1,1011.4,32
2026-05-02 19:00:00,19.2,68,13.3,0.0,0,1011.6,9
2026-05-02 20:00:00,19.2,67,13.0,0.0,0,1012.2,18
2026-05-02 21:00:00,19.4,70,13.8,0.0,0,1012.4,8
2026-05-02 22:00:00,19.3,71,14.0,0.0,1,1012.7,29
2026-05-02 23:00:00,19.6,72,14.3,0.0,3,1012.5,100
2026-05-03 00:00:00,19.8,72,14.6,0.0,1,1012.2,39
2026-05-03 01:00:00,20.0,71,14.6,0.0,1,1011.6,24
2026-05-03 02:00:00,20.3,73,15.2,0.0,2,1010.9,59
2026-05-03 03:00:00,20.4,76,16.0,0.0,0,1010.0,4
2026-05-03 04:00:00,20.5,79,16.8,0.0,0,1009.4,7
2026-05-03 05:00:00,20.7,81,17.3,0.0,0,1009.3,2
2026-05-03 06:00:00,20.9,84,18.1,0.0,0,1009.4,5
2026-05-03 07:00:00,21.6,85,19.0,0.0,1,1009.4,24
2026-05-03 08:00:00,22.7,80,19.0,0.0,2,1009.5,56
2026-05-03 09:00:00,23.1,79,19.3,0.0,3,1009.3,93
2026-05-03 10:00:00,23.7,80,20.1,0.1,51,1009.6,99
2026-05-03 11:00:00,24.0,80,20.4,0.1,51,1009.6,68
2026-05-03 12:00:00,24.5,81,21.0,0.1,51,1009.3,98
2026-05-03 13:00:00,24.3,85,21.6,0.5,53,1008.7,100
2026-05-03 14:00:00,24.2,86,21.8,0.5,53,1008.2,80
2026-05-03 15:00:00,24.6,86,22.1,0.5,53,1007.5,100
2026-05-03 16:00:00,24.2,89,22.3,0.4,51,1007.5,97
2026-05-03 17:00:00,24.3,89,22.3,0.1,51,1007.3,99
2026-05-03 18:00:00,24.1,87,21.9,0.1,51,1007.3,100
2026-05-03 19:00:00,23.7,89,21.7,0.2,51,1007.5,100
2026-05-03 20:00:00,23.5,92,22.1,0.9,53,1008.0,100
2026-05-03 21:00:00,22.4,97,22.0,1.2,55,1009.0,100
2026-05-03 22:00:00,21.8,98,21.5,5.3,63,1009.2,100
2026-05-03 23:00:00,21.0,98,20.7,2.3,61,1009.4,100
2026-05-04 00:00:00,20.5,98,20.2,2.5,63,1009.4,100
2026-05-04 01:00:00,19.3,94,18.3,7.1,63,1010.1,100
2026-05-04 02:00:00,19.4,93,18.2,0.0,3,1009.9,100
2026-05-04 03:00:00,18.7,95,17.8,7.1,63,1010.1,100
2026-05-04 04:00:00,18.3,97,17.8,2.1,61,1010.0,100
2026-05-04 05:00:00,18.5,93,17.3,0.4,51,1010.8,100
2026-05-04 06:00:00,18.6,91,17.0,0.1,51,1011.5,100
2026-05-04 07:00:00,18.8,89,16.9,1.6,61,1012.3,100
2026-05-04 08:00:00,19.0,90,17.3,6.5,63,1013.1,99
2026-05-04 09:00:00,19.1,80,15.6,0.8,53,1013.5,100
2026-05-04 10:00:00,20.4,73,15.3,0.2,51,1014.5,100
2026-05-04 11:00:00,20.0,82,16.8,1.4,61,1015.1,100
2026-05-04 12:00:00,20.0,77,15.8,0.0,3,1014.8,100
2026-05-04 13:00:00,20.5,68,14.5,0.0,3,1014.9,100
2026-05-04 14:00:00,21.3,58,12.7,0.0,3,1014.6,99
2026-05-04 15:00:00,20.2,60,12.3,0.0,3,1014.1,99
2026-05-04 16:00:00,19.7,62,12.2,0.1,51,1013.7,100
2026-05-04 17:00:00,18.5,68,12.4,0.0,3,1014.4,100
2026-05-04 18:00:00,17.4,89,15.6,3.9,63,1014.9,100
2026-05-04 19:00:00,16.8,96,16.2,1.7,61,1016.1,100
2026-05-04 20:00:00,16.3,97,15.8,1.5,61,1016.0,100
2026-05-04 21:00:00,16.9,83,14.0,0.5,53,1016.7,100
2026-05-04 22:00:00,16.7,83,13.8,0.0,3,1016.9,100
2026-05-04 23:00:00,16.6,91,15.1,0.0,3,1017.0,100
2026-05-05 00:00:00,16.6,91,15.2,0.0,3,1016.4,100
2026-05-05 01:00:00,16.6,89,14.8,0.2,51,1016.1,100
2026-05-05 02:00:00,16.7,86,14.3,0.0,3,1016.0,100
2026-05-05 03:00:00,16.7,89,14.9,0.0,3,1016.0,100
2026-05-05 04:00:00,16.4,86,14.0,0.0,3,1016.0,100
2026-05-05 05:00:00,16.0,85,13.5,0.0,3,1015.7,100
2026-05-05 06:00:00,16.3,83,13.5,0.1,51,1016.2,100
2026-05-05 07:00:00,17.2,85,14.7,0.2,51,1016.4,100
2026-05-05 08:00:00,18.2,90,16.6,0.0,3,1016.3,100
2026-05-05 09:00:00,19.2,77,15.2,0.0,3,1016.6,100
2026-05-05 10:00:00,20.0,67,13.8,0.0,3,1016.7,100
2026-05-05 11:00:00,20.2,66,13.7,0.1,51,1016.8,100
2026-05-05 12:00:00,19.8,69,14.0,0.0,3,1016.5,100
2026-05-05 13:00:00,20.3,65,13.6,0.0,3,1015.8,100
2026-05-05 14:00:00,20.7,62,13.2,0.0,3,1015.1,100
2026-05-05 15:00:00,20.5,62,13.1,0.0,3,1015.2,100
2026-05-05 16:00:00,19.7,70,14.1,0.0,3,1015.0,100
2026-05-05 17:00:00,18.8,79,15.0,0.6,53,1015.1,100
2026-05-05 18:00:00,18.2,85,15.5,1.1,55,1015.2,100
2026-05-05 19:00:00,17.8,90,16.1,0.8,53,1015.0,100
2026-05-05 20:00:00,16.9,96,16.3,0.5,53,1015.0,100
2026-05-05 21:00:00,18.0,96,17.4,0.3,51,1015.5,100
2026-05-05 22:00:00,17.8,98,17.6,0.8,53,1015.4,100
2026-05-05 23:00:00,17.7,98,17.3,0.7,53,1015.0,100
2026-05-06 00:00:00,17.8,97,17.3,0.8,53,1014.9,100
2026-05-06 01:00:00,18.2,98,17.8,0.8,53,1014.1,100
2026-05-06 02:00:00,18.4,97,17.9,0.3,51,1013.9,100
2026-05-06 03:00:00,19.4,91,17.9,0.5,53,1013.0,100
2026-05-06 04:00:00,18.9,96,18.2,1.0,55,1013.2,100
2026-05-06 05:00:00,18.8,97,18.3,1.8,61,1013.3,100
2026-05-06 06:00:00,18.9,97,18.3,2.5,63,1013.4,100
2026-05-06 07:00:00,19.0,98,18.8,1.4,61,1013.2,100
2026-05-06 08:00:00,19.0,98,18.8,2.1,61,1013.3,100
2026-05-06 09:00:00,20.0,97,19.5,1.4,61,1014.1,100
2026-05-06 10:00:00,20.8,97,20.3,0.2,51,1012.8,100
2026-05-06 11:00:00,21.9,93,20.7,0.3,51,1013.7,100
2026-05-06 12:00:00,21.6,93,20.4,0.4,51,1013.2,100
2026-05-06 13:00:00,21.3,98,20.9,1.3,61,1012.6,100
2026-05-06 14:00:00,21.2,99,21.0,2.2,61,1013.1,100
2026-05-06 15:00:00,20.6,95,19.8,1.5,61,1011.5,100
2026-05-06 16:00:00,21.1,94,20.1,0.1,51,1011.1,100
2026-05-06 17:00:00,21.1,95,20.3,0.2,51,1010.9,100
2026-05-06 18:00:00,21.0,96,20.3,0.0,3,1011.3,100
2026-05-06 19:00:00,20.6,96,19.9,0.0,3,1011.7,100
2026-05-06 20:00:00,20.6,95,19.7,0.0,3,1012.3,100
2026-05-06 21:00:00,20.1,92,18.8,0.0,3,1013.1,100
2026-05-06 22:00:00,20.5,91,19.0,0.2,51,1013.1,100
2026-05-06 23:00:00,20.4,94,19.4,0.1,51,1013.0,100
2026-05-07 00:00:00,20.6,93,19.4,0.0,0,1012.4,12
2026-05-07 01:00:00,20.6,93,19.3,0.0,1,1011.9,44
2026-05-07 02:00:00,20.5,93,19.2,0.0,0,1011.4,17
2026-05-07 03:00:00,20.0,92,18.6,0.0,1,1010.7,33
2026-05-07 04:00:00,19.5,92,18.2,0.0,0,1010.4,18
2026-05-07 05:00:00,19.4,91,17.9,0.0,0,1010.6,5
2026-05-07 06:00:00,19.1,91,17.6,0.0,0,1010.8,2
2026-05-07 07:00:00,21.1,93,19.9,0.0,0,1011.3,10
2026-05-07 08:00:00,22.2,90,20.4,0.0,1,1011.6,38
2026-05-07 09:00:00,22.9,89,21.0,0.0,0,1012.3,14
2026-05-07 10:00:00,24.1,83,20.9,0.0,1,1012.4,30
2026-05-07 11:00:00,25.1,76,20.6,0.0,3,1012.4,100
2026-05-07 12:00:00,25.8,71,20.0,0.1,51,1011.5,98
2026-05-07 13:00:00,26.0,67,19.5,0.0,1,1011.0,30
2026-05-07 14:00:00,25.6,71,19.8,0.0,2,1010.5,69
2026-05-07 15:00:00,24.7,76,20.2,0.0,3,1009.9,95
2026-05-07 16:00:00,24.7,77,20.4,0.0,3,1009.7,95
2026-05-07 17:00:00,24.0,79,20.0,0.0,3,1010.0,100
2026-05-07 18:00:00,22.8,84,20.0,0.0,3,1010.4,98
2026-05-07 19:00:00,21.6,91,20.0,0.0,3,1011.0,93
2026-05-07 20:00:00,20.7,92,19.3,0.0,1,1011.2,25
2026-05-07 21:00:00,20.7,91,19.2,0.0,3,1011.4,100
2026-05-07 22:00:00,20.9,91,19.5,0.0,3,1011.9,99
2026-05-07 23:00:00,20.6,93,19.4,0.0,3,1012.1,100
2026-05-08 00:00:00,21.4,92,20.1,0.0,3,1011.9,100
2026-05-08 01:00:00,20.7,94,19.6,0.0,3,1011.7,100
2026-05-08 02:00:00,21.1,93,19.9,0.0,3,1011.0,100
2026-05-08 03:00:00,21.4,92,20.1,0.0,3,1010.8,100
2026-05-08 04:00:00,21.4,93,20.2,0.0,2,1010.7,75
2026-05-08 05:00:00,20.3,94,19.3,0.0,3,1010.6,100
2026-05-08 06:00:00,21.6,92,20.2,0.0,3,1011.2,100
2026-05-08 07:00:00,22.2,93,21.1,0.0,0,1011.3,4
2026-05-08 08:00:00,23.6,85,21.0,0.0,3,1011.7,88
2026-05-08 09:00:00,23.6,82,20.3,0.1,51,1012.1,98
2026-05-08 10:00:00,24.2,78,20.2,0.0,3,1012.4,99
2026-05-08 11:00:00,23.7,76,19.3,0.2,51,1012.7,100
2026-05-08 12:00:00,23.5,84,20.6,0.2,51,1012.4,98
2026-05-08 13:00:00,24.7,78,20.5,0.0,3,1012.1,100
2026-05-08 14:00:00,24.0,70,18.2,0.1,51,1012.1,100
2026-05-08 15:00:00,22.4,80,18.8,0.4,51,1011.9,100
2026-05-08 16:00:00,21.5,86,19.0,0.5,53,1012.1,100
2026-05-08 17:00:00,20.2,93,19.0,1.6,61,1012.1,100
2026-05-08 18:00:00,19.2,97,18.7,1.8,61,1012.3,100
2026-05-08 19:00:00,18.7,96,18.1,1.7,61,1012.7,100
2026-05-08 20:00:00,18.5,96,17.9,1.6,61,1013.6,100
2026-05-08 21:00:00,19.1,94,18.1,2.0,61,1014.0,100
2026-05-08 22:00:00,18.4,92,17.1,0.4,51,1014.7,100
2026-05-08 23:00:00,18.4,88,16.4,0.1,51,1015.0,100
2026-05-09 00:00:00,18.1,87,15.9,0.1,51,1014.3,100
2026-05-09 01:00:00,17.9,84,15.2,0.0,3,1013.8,100
2026-05-09 02:00:00,17.8,81,14.4,0.0,3,1013.2,100
2026-05-09 03:00:00,18.0,80,14.5,0.0,3,1013.8,100
2026-05-09 04:00:00,18.3,80,14.8,0.1,51,1013.8,100
2026-05-09 05:00:00,18.4,77,14.3,0.1,51,1014.1,100
2026-05-09 06:00:00,18.6,74,13.9,0.3,51,1014.5,100
2026-05-09 07:00:00,18.7,75,14.1,0.2,51,1014.8,100
2026-05-09 08:00:00,19.1,75,14.5,0.1,51,1015.3,100
2026-05-09 09:00:00,19.2,79,15.4,0.0,3,1015.5,98
2026-05-09 10:00:00,20.8,71,15.4,0.0,3,1015.9,100
2026-05-09 11:00:00,20.3,74,15.6,0.0,3,1015.6,100
2026-05-09 12:00:00,20.9,69,15.1,0.0,3,1016.0,100
2026-05-09 13:00:00,21.0,66,14.5,0.0,3,1015.8,100
2026-05-09 14:00:00,20.5,72,15.3,1.6,61,1015.9,100
2026-05-09 15:00:00,17.8,90,16.1,3.5,63,1014.4,100
2026-05-09 16:00:00,17.8,82,14.6,0.0,3,1014.9,100
2026-05-09 17:00:00,16.9,86,14.6,3.2,63,1014.9,99
2026-05-09 18:00:00,17.0,91,15.6,1.1,55,1015.2,100
2026-05-09 19:00:00,17.5,93,16.4,0.1,51,1015.3,98
2026-05-09 20:00:00,17.6,90,16.0,0.0,2,1016.0,52
2026-05-09 21:00:00,17.7,84,14.9,0.0,0,1016.1,2
2026-05-09 22:00:00,17.7,88,15.7,0.0,1,1016.4,28
2026-05-09 23:00:00,17.9,89,16.1,0.0,1,1016.0,41
2026-05-10 00:00:00,18.1,87,15.9,0.0,3,1015.9,84
2026-05-10 01:00:00,17.9,87,15.7,0.0,2,1015.4,59
2026-05-10 02:00:00,17.6,85,15.0,0.0,3,1014.8,100
2026-05-10 03:00:00,17.9,82,14.8,0.0,3,1014.7,100
2026-05-10 04:00:00,18.0,80,14.5,0.0,3,1014.9,100
2026-05-10 05:00:00,18.1,78,14.3,0.0,3,1014.9,100
2026-05-10 06:00:00,18.0,78,14.1,0.0,3,1015.3,100
2026-05-10 07:00:00,18.9,75,14.3,0.0,3,1016.0,89
2026-05-10 08:00:00,19.9,67,13.6,0.0,3,1015.8,100
2026-05-10 09:00:00,21.0,66,14.4,0.0,3,1015.9,94
2026-05-10 10:00:00,21.5,65,14.6,0.0,3,1016.2,91
2026-05-10 11:00:00,21.8,64,14.8,0.0,3,1016.2,97
2026-05-10 12:00:00,21.9,64,14.8,0.0,3,1015.6,98
2026-05-10 13:00:00,22.0,63,14.7,0.0,2,1015.1,70
2026-05-10 14:00:00,22.1,61,14.4,0.0,3,1014.6,100
2026-05-10 15:00:00,22.0,62,14.5,0.0,3,1014.5,86
2026-05-10 16:00:00,21.9,63,14.6,0.0,3,1013.8,99
2026-05-10 17:00:00,21.6,65,14.7,0.0,3,1013.9,100
2026-05-10 18:00:00,21.1,70,15.4,0.0,3,1013.7,100
2026-05-10 19:00:00,20.9,70,15.3,0.0,3,1014.1,80
2026-05-10 20:00:00,20.8,69,14.9,0.0,3,1014.6,100
2026-05-10 21:00:00,20.3,80,16.8,0.0,3,1015.1,100
2026-05-10 22:00:00,20.1,82,17.0,0.1,51,1015.2,100
2026-05-10 23:00:00,20.2,82,16.9,0.0,3,1014.9,100
2026-05-11 00:00:00,20.2,80,16.6,0.0,3,1014.5,100
2026-05-11 01:00:00,20.8,74,16.1,0.0,3,1013.6,100
2026-05-11 02:00:00,21.1,74,16.2,0.0,3,1012.9,100
2026-05-11 03:00:00,20.9,75,16.4,0.0,3,1012.6,100
2026-05-11 04:00:00,20.3,83,17.3,0.3,51,1012.1,100
2026-05-11 05:00:00,20.1,88,18.1,0.8,53,1011.9,100
2026-05-11 06:00:00,20.0,91,18.5,1.2,55,1011.8,100
2026-05-11 07:00:00,19.6,97,19.1,2.2,61,1011.8,100
2026-05-11 08:00:00,19.7,97,19.2,2.5,63,1012.0,100
2026-05-11 09:00:00,20.4,95,19.6,3.2,63,1012.6,100
2026-05-11 10:00:00,20.2,98,19.8,2.3,61,1012.6,100
2026-05-11 11:00:00,20.6,97,20.1,1.0,55,1012.7,100
2026-05-11 12:00:00,21.1,91,19.6,0.6,53,1012.1,100
2026-05-11 13:00:00,21.3,91,19.8,0.3,51,1011.7,100
2026-05-11 14:00:00,21.0,90,19.2,0.1,51,1010.9,100
2026-05-11 15:00:00,20.8,89,18.9,0.4,51,1009.8,100
2026-05-11 16:00:00,20.7,88,18.7,0.2,51,1009.7,100
2026-05-11 17:00:00,20.6,87,18.3,0.2,51,1009.7,100
2026-05-11 18:00:00,20.5,86,18.1,0.0,3,1009.5,100
2026-05-11 19:00:00,20.3,86,17.8,0.0,3,1009.9,100
2026-05-11 20:00:00,20.6,83,17.7,0.0,3,1010.2,100
2026-05-11 21:00:00,20.2,90,18.4,0.0,3,1010.0,100
2026-05-11 22:00:00,20.2,88,18.2,0.0,3,1010.5,100
2026-05-11 23:00:00,20.6,86,18.2,0.0,3,1010.4,100
2026-05-12 00:00:00,20.6,86,18.2,0.0,3,1009.9,100
2026-05-12 01:00:00,20.7,86,18.2,0.0,3,1009.5,100
2026-05-12 02:00:00,20.6,86,18.2,0.0,3,1008.5,100
2026-05-12 03:00:00,20.3,88,18.3,0.0,2,1008.2,68
2026-05-12 04:00:00,20.2,88,18.2,0.0,3,1007.8,100
2026-05-12 05:00:00,20.3,88,18.3,0.0,3,1008.0,99
2026-05-12 06:00:00,20.6,87,18.4,0.0,3,1008.1,97
2026-05-12 07:00:00,21.5,85,18.9,0.0,3,1008.1,99
2026-05-12 08:00:00,22.2,80,18.5,0.0,3,1008.0,98
2026-05-12 09:00:00,23.0,80,19.3,0.0,3,1008.4,100
2026-05-12 10:00:00,23.3,79,19.5,0.0,3,1008.3,100
2026-05-12 11:00:00,22.6,81,19.3,0.7,53,1008.4,100
2026-05-12 12:00:00,22.8,81,19.4,0.1,51,1007.8,100
2026-05-12 13:00:00,23.1,79,19.3,0.1,51,1007.2,100
2026-05-12 14:00:00,23.3,80,19.6,0.1,51,1006.8,100
2026-05-12 15:00:00,23.3,77,19.0,0.1,51,1005.9,74
2026-05-12 16:00:00,23.4,75,18.7,0.0,1,1005.5,26
2026-05-12 17:00:00,23.0,77,18.8,0.0,0,1005.4,17
2026-05-12 18:00:00,22.3,81,18.8,0.0,1,1005.8,41
2026-05-12 19:00:00,21.0,87,18.8,0.0,2,1006.3,73
2026-05-12 20:00:00,20.6,90,18.9,0.0,3,1006.8,96
2026-05-12 21:00:00,20.5,93,19.3,0.0,3,1007.0,95
2026-05-12 22:00:00,19.5,95,18.7,0.1,51,1007.2,95
2026-05-12 23:00:00,19.5,95,18.6,0.0,3,1007.0,99
2026-05-13 00:00:00,19.1,95,18.4,0.1,51,1006.6,100
2026-05-13 01:00:00,19.1,95,18.2,0.0,3,1006.4,98
2026-05-13 02:00:00,19.2,94,18.2,0.0,3,1006.0,91
2026-05-13 03:00:00,18.8,94,17.8,0.1,51,1006.0,99
2026-05-13 04:00:00,18.6,95,17.7,0.0,3,1005.8,83
2026-05-13 05:00:00,18.4,93,17.3,0.0,2,1005.7,79
2026-05-13 06:00:00,18.5,94,17.4,0.0,2,1006.0,72
2026-05-13 07:00:00,20.6,93,19.5,0.0,2,1006.7,70
2026-05-13 08:00:00,22.0,87,19.7,0.0,2,1007.3,56
2026-05-13 09:00:00,23.2,82,20.0,0.0,1,1007.4,31
2026-05-13 10:00:00,24.0,77,19.7,0.6,53,1007.7,95
2026-05-13 11:00:00,24.4,72,19.1,0.6,53,1007.7,51
2026-05-13 12:00:00,25.2,65,18.0,0.4,51,1007.2,33
2026-05-13 13:00:00,26.4,58,17.5,0.1,51,1006.8,98
2026-05-13 14:00:00,26.0,59,17.4,0.0,3,1006.6,89
2026-05-13 15:00:00,26.4,53,16.1,0.0,3,1005.9,95
2026-05-13 16:00:00,25.6,56,16.3,0.0,3,1005.9,100
2026-05-13 17:00:00,24.3,67,17.7,0.0,3,1005.7,99
2026-05-13 18:00:00,23.1,82,19.9,0.0,3,1006.1,95
2026-05-13 19:00:00,21.4,88,19.4,0.0,3,1006.5,96
2026-05-13 20:00:00,20.1,91,18.5,0.0,0,1007.3,3
2026-05-13 21:00:00,20.2,91,18.6,0.0,3,1007.4,98
2026-05-13 22:00:00,19.8,92,18.5,0.0,3,1007.5,98
2026-05-13 23:00:00,19.8,91,18.3,0.0,3,1007.9,100
2026-05-14 00:00:00,19.5,90,17.9,0.0,3,1007.8,100
2026-05-14 01:00:00,19.4,91,17.9,0.0,3,1007.6,98
2026-05-14 02:00:00,19.2,91,17.7,0.0,3,1007.5,100
2026-05-14 03:00:00,19.3,92,18.0,0.0,3,1007.1,98
2026-05-14 04:00:00,18.8,92,17.4,0.0,3,1006.9,99
2026-05-14 05:00:00,18.7,92,17.3,0.0,3,1006.9,98
2026-05-14 06:00:00,19.0,91,17.5,0.0,3,1007.8,99
2026-05-14 07:00:00,21.1,86,18.7,0.0,3,1008.6,99
2026-05-14 08:00:00,21.8,80,18.2,0.0,3,1009.4,98
2026-05-14 09:00:00,23.4,71,17.9,0.2,51,1009.7,100
2026-05-14 10:00:00,24.3,66,17.5,0.1,51,1009.9,100
2026-05-14 11:00:00,24.8,62,17.1,0.0,3,1009.9,100
2026-05-14 12:00:00,24.3,66,17.6,0.0,3,1009.8,99
2026-05-14 13:00:00,24.1,67,17.5,0.1,51,1009.7,100
2026-05-14 14:00:00,23.6,69,17.5,0.3,51,1009.9,100
2026-05-14 15:00:00,23.9,67,17.4,0.1,51,1009.7,100
2026-05-14 16:00:00,23.3,65,16.5,0.0,3,1009.3,100
2026-05-14 17:00:00,23.1,67,16.6,0.0,3,1009.9,100
2026-05-14 18:00:00,22.2,75,17.5,0.0,3,1010.3,100
2026-05-14 19:00:00,21.7,72,16.4,0.0,3,1010.4,100
2026-05-14 20:00:00,21.6,70,15.8,0.0,3,1010.9,100
2026-05-14 21:00:00,21.3,78,17.4,0.0,3,1011.1,100
2026-05-14 22:00:00,20.7,82,17.6,0.1,51,1012.1,100
2026-05-14 23:00:00,20.8,80,17.3,0.1,51,1012.2,100
2026-05-15 00:00:00,20.8,78,16.8,0.0,3,1012.3,98
2026-05-15 01:00:00,20.8,76,16.4,0.0,3,1011.7,90
2026-05-15 02:00:00,20.7,76,16.3,0.0,3,1011.6,95
2026-05-15 03:00:00,20.4,73,15.3,0.0,3,1012.0,93
2026-05-15 04:00:00,20.3,75,15.7,0.0,3,1011.8,92
2026-05-15 05:00:00,20.3,74,15.5,0.0,3,1012.4,100
2026-05-15 06:00:00,20.6,73,15.6,0.0,3,1013.0,100
2026-05-15 07:00:00,20.9,75,16.2,0.1,51,1013.8,96
2026-05-15 08:00:00,22.0,68,15.9,0.0,2,1014.1,71
2026-05-15 09:00:00,21.9,77,17.6,0.0,2,1014.8,66
2026-05-15 10:00:00,22.9,75,18.2,0.3,51,1014.9,37
2026-05-15 11:00:00,24.1,65,17.1,0.0,1,1014.5,23
2026-05-15 12:00:00,24.5,61,16.4,0.0,1,1014.5,21
2026-05-15 13:00:00,24.6,59,16.0,0.0,0,1014.2,8
2026-05-15 14:00:00,24.4,60,16.1,0.0,0,1013.7,6
2026-05-15 15:00:00,24.3,60,16.1,0.0,0,1013.6,12
2026-05-15 16:00:00,23.6,63,16.2,0.0,0,1013.1,7
2026-05-15 17:00:00,23.0,66,16.2,0.0,0,1013.3,15
2026-05-15 18:00:00,22.3,70,16.5,0.0,0,1013.9,10
2026-05-15 19:00:00,21.5,71,16.0,0.0,0,1014.1,8
2026-05-15 20:00:00,21.4,70,15.8,0.0,0,1014.6,15
2026-05-15 21:00:00,21.3,76,16.8,0.0,0,1015.1,12
2026-05-15 22:00:00,21.1,75,16.6,0.0,0,1015.4,18
2026-05-15 23:00:00,21.1,75,16.4,0.0,0,1015.4,14
2026-05-16 00:00:00,21.0,74,16.3,0.0,0,1015.1,8
2026-05-16 01:00:00,20.9,75,16.2,0.0,0,1014.8,16
2026-05-16 02:00:00,20.8,76,16.3,0.0,1,1014.8,33
2026-05-16 03:00:00,20.8,74,16.0,0.1,51,1014.8,9
2026-05-16 04:00:00,20.8,74,15.9,0.0,0,1014.6,8
2026-05-16 05:00:00,20.7,74,15.9,0.0,0,1014.9,13
2026-05-16 06:00:00,20.8,73,15.8,0.0,0,1015.5,16
2026-05-16 07:00:00,21.4,72,16.3,0.1,51,1015.8,22
2026-05-16 08:00:00,22.1,69,16.2,0.1,51,1016.3,20
2026-05-16 09:00:00,21.3,80,17.7,0.1,51,1016.7,49
2026-05-16 10:00:00,22.6,72,17.3,0.4,51,1016.7,50
2026-05-16 11:00:00,23.1,69,17.0,0.2,51,1016.9,26
2026-05-16 12:00:00,23.9,64,16.6,0.1,51,1016.6,13
2026-05-16 13:00:00,24.1,62,16.3,0.0,0,1016.1,7
2026-05-16 14:00:00,24.1,62,16.4,0.0,0,1015.7,2
2026-05-16 15:00:00,24.3,61,16.2,0.0,0,1015.1,1
2026-05-16 16:00:00,23.7,63,16.2,0.0,0,1015.0,1
2026-05-16 17:00:00,23.1,65,16.2,0.0,0,1015.2,2
2026-05-16 18:00:00,22.2,71,16.6,0.0,0,1015.5,16
2026-05-16 19:00:00,21.4,71,15.9,0.0,0,1015.7,7
2026-05-16 20:00:00,21.3,67,14.9,0.0,0,1016.2,10
2026-05-16 21:00:00,21.5,70,15.7,0.0,1,1016.4,41
2026-05-16 22:00:00,21.1,74,16.4,0.1,51,1016.8,33
2026-05-16 23:00:00,20.8,77,16.6,0.1,51,1016.8,34
2026-05-17 00:00:00,20.7,75,16.2,0.0,1,1016.4,22
2026-05-17 01:00:00,20.4,76,16.0,0.0,0,1015.9,15
2026-05-17 02:00:00,20.2,70,14.7,0.0,0,1015.8,3
2026-05-17 03:00:00,19.5,74,14.7,0.0,0,1015.7,10
2026-05-17 04:00:00,19.7,74,14.9,0.0,1,1015.4,22
2026-05-17 05:00:00,20.0,71,14.6,0.0,1,1015.7,30
2026-05-17 06:00:00,20.3,68,14.3,0.0,1,1015.7,41
2026-05-17 07:00:00,21.0,69,15.1,0.0,1,1015.9,33
2026-05-17 08:00:00,22.0,64,14.9,0.0,1,1016.1,23
2026-05-17 09:00:00,23.1,62,15.5,0.0,2,1016.3,60
2026-05-17 10:00:00,23.1,67,16.6,0.1,51,1016.2,57
2026-05-17 11:00:00,23.7,65,16.7,0.1,51,1016.1,27
2026-05-17 12:00:00,23.9,63,16.5,0.0,0,1015.8,18
2026-05-17 13:00:00,24.0,62,16.3,0.0,0,1015.1,4
2026-05-17 14:00:00,24.0,62,16.3,0.0,0,1014.7,1
2026-05-17 15:00:00,23.9,63,16.3,0.0,0,1014.2,2
2026-05-17 16:00:00,23.3,65,16.3,0.0,0,1013.6,0
2026-05-17 17:00:00,22.6,68,16.5,0.0,0,1014.1,2
2026-05-17 18:00:00,21.9,73,16.9,0.0,1,1014.3,37
2026-05-17 19:00:00,21.1,76,16.7,0.0,0,1014.3,8
2026-05-17 20:00:00,20.7,77,16.6,0.0,1,1014.6,21
2026-05-17 21:00:00,20.8,77,16.6,0.0,0,1014.6,15
2026-05-17 22:00:00,20.8,77,16.6,0.0,0,1015.1,18
2026-05-17 23:00:00,20.7,77,16.6,0.0,2,1015.3,55
2026-05-18 00:00:00,20.6,77,16.5,0.0,1,1014.8,38
2026-05-18 01:00:00,20.4,78,16.4,0.0,3,1014.3,83
2026-05-18 02:00:00,20.4,79,16.7,0.0,3,1013.9,95
2026-05-18 03:00:00,20.2,80,16.7,0.0,3,1013.9,81
2026-05-18 04:00:00,19.9,81,16.5,0.0,2,1013.6,66
2026-05-18 05:00:00,19.9,81,16.5,0.0,3,1013.1,84
2026-05-18 06:00:00,20.3,80,16.7,0.0,1,1013.2,34
2026-05-18 07:00:00,21.0,78,17.0,0.0,2,1013.5,52
2026-05-18 08:00:00,21.9,70,16.2,0.0,1,1013.8,47
2026-05-18 09:00:00,23.0,70,17.3,0.0,0,1013.9,6
2026-05-18 10:00:00,23.4,69,17.4,0.0,2,1013.9,64
2026-05-18 11:00:00,23.7,67,17.1,0.0,1,1014.2,26
2026-05-18 12:00:00,24.0,65,17.1,0.0,0,1013.7,5
2026-05-18 13:00:00,24.1,65,17.1,0.0,0,1013.1,11
2026-05-18 14:00:00,23.9,66,17.1,0.0,0,1012.8,16
2026-05-18 15:00:00,23.6,67,17.0,0.0,0,1012.7,7
2026-05-18 16:00:00,23.2,67,16.8,0.0,1,1012.2,25
2026-05-18 17:00:00,22.7,69,16.7,0.0,1,1011.6,23
2026-05-18 18:00:00,22.3,71,16.8,0.0,2,1011.6,58
2026-05-18 19:00:00,22.0,74,17.2,0.0,1,1011.3,29
2026-05-18 20:00:00,21.8,77,17.5,0.0,3,1011.8,94
2026-05-18 21:00:00,22.7,79,18.9,0.0,3,1012.4,100
2026-05-18 22:00:00,22.7,80,19.1,0.0,3,1012.5,100
2026-05-18 23:00:00,22.5,81,19.2,0.0,3,1012.4,100
2026-05-19 00:00:00,22.4,83,19.3,0.0,3,1011.9,100
2026-05-19 01:00:00,22.2,85,19.6,0.1,51,1011.3,100
2026-05-19 02:00:00,21.9,88,19.8,0.0,3,1010.4,100
2026-05-19 03:00:00,22.0,92,20.6,0.1,51,1010.3,100
2026-05-19 04:00:00,22.0,92,20.7,0.1,51,1009.7,100
2026-05-19 05:00:00,22.1,93,20.9,0.1,51,1009.5,45
2026-05-19 06:00:00,22.0,93,20.9,0.2,51,1009.2,94
2026-05-19 07:00:00,22.7,91,21.2,0.0,3,1008.6,95
2026-05-19 08:00:00,23.3,88,21.2,0.1,51,1009.3,100
2026-05-19 09:00:00,23.7,92,22.3,0.3,51,1009.3,100
2026-05-19 10:00:00,23.2,93,22.0,0.3,51,1009.4,100
2026-05-19 11:00:00,24.5,85,21.9,0.1,51,1008.9,73
2026-05-19 12:00:00,24.6,86,22.1,0.2,51,1008.7,63
2026-05-19 13:00:00,24.6,86,22.1,0.6,53,1008.5,96
2026-05-19 14:00:00,24.0,89,22.0,0.3,51,1008.1,41
2026-05-19 15:00:00,22.8,96,22.1,0.6,53,1007.8,100
2026-05-19 16:00:00,22.3,97,21.8,1.2,55,1006.9,100
2026-05-19 17:00:00,22.6,97,22.1,0.1,51,1007.0,100
2026-05-19 18:00:00,22.3,97,21.9,0.1,51,1007.0,91
2026-05-19 19:00:00,22.2,97,21.6,0.1,51,1007.2,100
2026-05-19 20:00:00,22.2,97,21.6,0.0,3,1007.5,100
2026-05-19 21:00:00,22.2,97,21.7,0.0,3,1007.7,100
2026-05-19 22:00:00,21.9,97,21.4,1.3,61,1008.1,96
2026-05-19 23:00:00,22.3,98,22.1,0.3,51,1008.0,100
2026-05-20 00:00:00,22.6,99,22.4,0.1,51,1007.8,88
2026-05-20 01:00:00,22.7,99,22.5,0.1,51,1007.2,36
2026-05-20 02:00:00,22.7,99,22.6,0.0,3,1006.6,85
2026-05-20 03:00:00,22.7,99,22.6,0.1,51,1006.5,78
2026-05-20 04:00:00,22.5,98,22.2,0.1,51,1006.1,100
2026-05-20 05:00:00,22.4,98,22.1,0.1,51,1005.9,68
2026-05-20 06:00:00,22.5,99,22.3,0.0,1,1006.1,42
2026-05-20 07:00:00,22.8,99,22.7,0.1,51,1006.5,94
2026-05-20 08:00:00,23.1,98,22.7,0.0,3,1006.9,100
2026-05-20 09:00:00,23.6,93,22.4,0.3,51,1007.0,87
2026-05-20 10:00:00,23.8,89,21.9,0.4,51,1007.0,94
2026-05-20 11:00:00,24.0,88,21.9,0.3,51,1007.2,100
2026-05-20 12:00:00,23.9,91,22.3,1.0,55,1007.3,98
2026-05-20 13:00:00,24.2,89,22.2,0.5,53,1007.4,58
2026-05-20 14:00:00,25.2,82,22.0,0.3,51,1007.2,56
2026-05-20 15:00:00,25.3,85,22.6,0.3,51,1007.1,30
2026-05-20 16:00:00,24.9,85,22.2,0.0,0,1006.9,19
2026-05-20 17:00:00,24.8,84,21.9,0.0,1,1007.3,35
2026-05-20 18:00:00,24.1,90,22.3,0.1,51,1008.0,31
2026-05-20 19:00:00,23.5,94,22.5,0.1,51,1008.4,32
2026-05-20 20:00:00,23.2,95,22.4,0.0,1,1009.3,24
2026-05-20 21:00:00,23.3,96,22.6,0.0,1,1009.8,20
2026-05-20 22:00:00,23.0,98,22.6,0.0,1,1010.3,34
2026-05-20 23:00:00,22.8,98,22.5,0.0,1,1010.3,48
2026-05-21 00:00:00,22.7,98,22.3,0.0,2,1010.0,72
2026-05-21 01:00:00,22.5,98,22.2,0.0,2,1009.5,64
2026-05-21 02:00:00,22.5,98,22.3,0.0,2,1009.1,76
2026-05-21 03:00:00,22.5,99,22.3,0.0,2,1008.9,66
2026-05-21 04:00:00,22.6,99,22.4,0.0,2,1008.7,61
2026-05-21 05:00:00,22.6,99,22.5,0.0,2,1009.0,73
2026-05-21 06:00:00,22.8,98,22.5,0.0,2,1009.3,74
2026-05-21 07:00:00,23.5,93,22.2,0.0,2,1009.8,52
2026-05-21 08:00:00,24.2,83,21.2,0.1,51,1010.6,38
2026-05-21 09:00:00,25.4,83,22.4,0.0,2,1010.8,53
2026-05-21 10:00:00,25.9,80,22.2,0.0,3,1010.9,80
2026-05-21 11:00:00,26.3,77,22.0,0.0,1,1010.9,42
2026-05-21 12:00:00,26.6,75,21.8,0.0,1,1010.7,47
2026-05-21 13:00:00,26.9,73,21.6,0.0,2,1010.1,52
2026-05-21 14:00:00,26.9,73,21.7,0.0,1,1009.7,46
2026-05-21 15:00:00,26.8,75,22.0,0.0,3,1009.0,95
2026-05-21 16:00:00,26.1,79,22.1,0.0,2,1008.8,56
2026-05-21 17:00:00,25.7,81,22.2,0.0,1,1008.6,48
2026-05-21 18:00:00,24.9,85,22.3,0.0,3,1008.7,86
2026-05-21 19:00:00,24.3,89,22.3,0.0,3,1008.8,97
2026-05-21 20:00:00,24.1,90,22.4,0.0,3,1009.5,99
2026-05-21 21:00:00,24.2,91,22.7,0.6,53,1009.1,100
2026-05-21 22:00:00,24.0,93,22.9,0.3,51,1009.6,99
2026-05-21 23:00:00,23.6,98,23.2,1.5,61,1009.4,100
2026-05-22 00:00:00,23.5,99,23.3,1.5,61,1009.0,100
2026-05-22 01:00:00,23.4,99,23.2,1.6,61,1008.4,100
2026-05-22 02:00:00,23.4,98,23.1,1.6,61,1008.1,100
2026-05-22 03:00:00,23.4,99,23.1,1.7,61,1008.0,100
2026-05-22 04:00:00,23.1,99,23.0,1.8,61,1008.0,97
2026-05-22 05:00:00,22.9,98,22.6,2.3,61,1008.1,98
2026-05-22 06:00:00,23.0,98,22.6,1.1,55,1008.2,100
2026-05-22 07:00:00,23.2,98,22.8,1.0,55,1008.4,100
2026-05-22 08:00:00,23.3,98,23.0,0.8,53,1008.8,100
2026-05-22 09:00:00,23.8,98,23.4,0.9,53,1009.2,100
2026-05-22 10:00:00,23.7,99,23.5,1.8,61,1008.9,100
2026-05-22 11:00:00,23.8,99,23.5,0.3,51,1008.9,100
2026-05-22 12:00:00,24.2,95,23.4,0.1,51,1008.8,99
2026-05-22 13:00:00,25.9,86,23.5,0.0,3,1008.3,99
2026-05-22 14:00:00,26.3,80,22.7,0.0,3,1008.1,99
2026-05-22 15:00:00,26.0,79,22.2,0.1,51,1008.0,100
2026-05-22 16:00:00,24.2,94,23.1,3.1,63,1007.9,100
2026-05-22 17:00:00,23.5,99,23.3,3.5,63,1007.6,100
2026-05-22 18:00:00,23.3,98,23.0,1.1,55,1007.7,100
2026-05-22 19:00:00,23.2,96,22.5,1.1,55,1007.4,100
2026-05-22 20:00:00,22.8,97,22.4,0.5,53,1007.6,100
2026-05-22 21:00:00,22.9,97,22.5,0.8,53,1008.0,99
2026-05-22 22:00:00,22.8,98,22.5,0.5,53,1008.1,100
2026-05-22 23:00:00,23.1,98,22.8,0.7,53,1008.0,100
2026-05-23 00:00:00,23.1,99,22.9,1.4,61,1007.5,100
2026-05-23 01:00:00,23.5,98,23.2,1.0,55,1006.7,100
2026-05-23 02:00:00,23.4,98,23.1,0.9,53,1006.3,100
2026-05-23 03:00:00,23.5,99,23.2,0.8,53,1006.0,100
2026-05-23 04:00:00,23.3,99,23.2,0.1,51,1005.5,98
2026-05-23 05:00:00,23.4,99,23.2,0.2,51,1005.8,95
2026-05-23 06:00:00,23.5,99,23.4,0.1,51,1006.0,99
2026-05-23 07:00:00,23.8,99,23.6,0.1,51,1006.0,45
2026-05-23 08:00:00,24.1,98,23.7,0.1,51,1006.7,100
2026-05-23 09:00:00,24.9,95,24.0,0.2,51,1007.0,76
2026-05-23 10:00:00,25.8,92,24.3,0.3,51,1007.0,38
2026-05-23 11:00:00,27.0,81,23.5,0.0,1,1007.0,38
2026-05-23 12:00:00,27.7,74,22.7,0.0,3,1007.1,92
2026-05-23 13:00:00,27.5,74,22.4,0.0,3,1006.8,100
2026-05-23 14:00:00,25.5,85,22.8,1.1,55,1006.8,100
2026-05-23 15:00:00,26.2,80,22.5,4.6,63,1006.6,100
2026-05-23 16:00:00,25.0,86,22.5,0.2,51,1006.9,100
2026-05-23 17:00:00,24.7,88,22.5,0.1,51,1007.1,100
2026-05-23 18:00:00,24.1,93,22.9,0.7,53,1007.3,100
2026-05-23 19:00:00,23.4,99,23.2,2.0,61,1007.5,100
2026-05-23 20:00:00,23.4,99,23.2,0.3,51,1008.0,100
2026-05-23 21:00:00,24.0,94,23.0,0.0,2,1008.1,76
2026-05-23 22:00:00,23.5,95,22.7,0.0,2,1008.5,71
2026-05-23 23:00:00,23.3,96,22.6,0.0,3,1008.8,100
2026-05-24 00:00:00,23.3,97,22.8,0.0,3,1008.5,100
2026-05-24 01:00:00,23.3,97,22.8,0.0,3,1008.2,100
2026-05-24 02:00:00,23.0,98,22.6,0.0,1,1007.7,27
2026-05-24 03:00:00,23.0,97,22.5,0.0,3,1007.8,100
2026-05-24 04:00:00,23.1,96,22.4,0.1,51,1007.9,100
2026-05-24 05:00:00,23.1,97,22.6,0.0,3,1007.9,100
2026-05-24 06:00:00,23.2,97,22.7,0.0,3,1008.5,95
2026-05-24 07:00:00,24.0,97,23.5,0.0,3,1009.1,100
2026-05-24 08:00:00,24.5,95,23.7,0.1,51,1009.0,82
2026-05-24 09:00:00,25.4,91,23.8,0.1,51,1010.0,92
2026-05-24 10:00:00,25.6,88,23.5,0.0,3,1010.3,100
2026-05-24 11:00:00,25.9,85,23.2,0.1,51,1010.1,100
2026-05-24 12:00:00,25.8,83,22.8,0.3,51,1009.6,83
2026-05-24 13:00:00,26.2,82,22.9,0.2,51,1009.7,98
2026-05-24 14:00:00,25.8,83,22.8,0.1,51,1009.3,95
2026-05-24 15:00:00,26.1,86,23.6,0.1,51,1008.6,94
2026-05-24 16:00:00,25.7,86,23.1,0.2,51,1008.7,70
2026-05-24 17:00:00,25.2,89,23.2,0.1,51,1008.9,98
2026-05-24 18:00:00,24.3,92,22.8,0.4,51,1009.0,86
2026-05-24 19:00:00,23.7,96,23.0,0.1,51,1009.4,45
2026-05-24 20:00:00,23.1,98,22.7,0.0,1,1009.7,41
2026-05-24 21:00:00,23.8,97,23.4,0.0,3,1009.6,85
2026-05-24 22:00:00,23.7,97,23.2,0.0,3,1009.9,82
2026-05-24 23:00:00,23.7,96,23.1,0.0,2,1009.8,77
2026-05-25 00:00:00,23.9,95,23.1,0.0,2,1009.2,77
2026-05-25 01:00:00,23.7,96,23.1,0.0,3,1008.7,96
2026-05-25 02:00:00,23.6,98,23.2,0.0,3,1008.2,98
2026-05-25 03:00:00,23.7,98,23.3,0.0,3,1008.1,97
2026-05-25 04:00:00,23.7,97,23.3,0.0,3,1007.9,99
2026-05-25 05:00:00,23.7,98,23.4,0.0,3,1007.9,100
2026-05-25 06:00:00,23.9,97,23.5,0.0,3,1008.0,100
2026-05-25 07:00:00,24.3,95,23.4,0.0,3,1008.3,99
2026-05-25 08:00:00,25.0,89,23.0,0.0,3,1008.7,100
2026-05-25 09:00:00,24.0,98,23.6,1.8,61,1009.4,100
2026-05-25 10:00:00,23.9,98,23.5,2.0,61,1009.2,100
2026-05-25 11:00:00,23.7,95,22.9,0.6,53,1009.0,100
2026-05-25 12:00:00,24.2,94,23.2,0.9,53,1009.0,100
2026-05-25 13:00:00,23.9,98,23.5,2.5,63,1008.7,100
2026-05-25 14:00:00,23.7,95,22.9,5.2,63,1008.1,100
2026-05-25 15:00:00,23.7,96,23.1,9.9,65,1007.3,100
2026-05-25 16:00:00,23.4,97,22.9,4.6,63,1007.1,100
2026-05-25 17:00:00,23.4,99,23.2,3.1,63,1006.5,100
2026-05-25 18:00:00,23.4,98,23.1,2.8,63,1006.5,100
2026-05-25 19:00:00,23.4,98,23.1,0.7,53,1006.4,100
2026-05-25 20:00:00,23.5,98,23.1,1.1,55,1006.4,100
2026-05-25 21:00:00,23.3,98,23.0,0.9,53,1006.8,100
2026-05-25 22:00:00,23.6,99,23.3,0.1,51,1007.0,100
2026-05-25 23:00:00,23.5,99,23.3,0.2,51,1006.8,91
2026-05-26 00:00:00,23.3,99,23.1,0.0,3,1006.8,100
2026-05-26 01:00:00,23.5,98,23.2,0.0,3,1006.3,98
2026-05-26 02:00:00,23.5,98,23.2,0.1,51,1005.7,100
2026-05-26 03:00:00,23.5,98,23.1,0.0,3,1005.0,100
2026-05-26 04:00:00,23.4,98,23.0,1.1,55,1005.2,100
2026-05-26 05:00:00,23.3,99,23.1,3.5,63,1004.9,100
2026-05-26 06:00:00,23.6,99,23.3,0.5,53,1005.3,100
2026-05-26 07:00:00,23.3,99,23.2,2.7,63,1005.9,100
2026-05-26 08:00:00,23.1,99,22.9,12.7,65,1006.7,100
2026-05-26 09:00:00,23.8,99,23.7,1.3,61,1006.5,100
2026-05-26 10:00:00,24.5,99,24.3,3.6,63,1005.6,100
2026-05-26 11:00:00,25.7,99,25.6,1.0,55,1006.4,100
2026-05-26 12:00:00,25.9,99,25.7,0.3,51,1005.8,100
2026-05-26 13:00:00,26.7,95,25.8,0.2,51,1005.2,100
2026-05-26 14:00:00,26.4,94,25.4,0.4,51,1005.1,100
2026-05-26 15:00:00,27.2,90,25.4,1.1,55,1004.3,94
2026-05-26 16:00:00,27.3,85,24.6,0.1,51,1004.1,74
2026-05-26 17:00:00,26.8,89,24.8,0.1,51,1004.1,56
2026-05-26 18:00:00,26.4,89,24.4,0.0,2,1004.1,66
2026-05-26 19:00:00,25.5,92,24.1,0.0,2,1004.5,76
2026-05-26 20:00:00,25.0,93,23.8,0.0,3,1005.1,82
2026-05-26 21:00:00,24.6,98,24.3,0.0,3,1005.1,95
2026-05-26 22:00:00,24.6,99,24.4,0.0,3,1005.2,90
2026-05-26 23:00:00,24.5,99,24.4,0.0,3,1005.3,98
2026-05-27 00:00:00,24.6,99,24.4,0.0,3,1005.2,100
2026-05-27 01:00:00,24.9,96,24.3,0.0,3,1004.7,100
2026-05-27 02:00:00,24.8,97,24.3,0.0,3,1004.4,99
2026-05-27 03:00:00,24.7,94,23.6,0.0,3,1004.5,100
2026-05-27 04:00:00,24.7,96,24.0,0.3,51,1004.4,100
2026-05-27 05:00:00,24.8,97,24.3,0.1,51,1004.4,98
2026-05-27 06:00:00,24.8,97,24.3,0.0,3,1004.7,98
2026-05-27 07:00:00,25.1,96,24.4,0.0,3,1004.9,100
2026-05-27 08:00:00,25.5,94,24.5,0.0,3,1005.2,93
2026-05-27 09:00:00,25.9,98,25.5,0.0,3,1004.4,100
2026-05-27 10:00:00,26.1,96,25.5,0.1,51,1004.6,100
2026-05-27 11:00:00,26.9,91,25.4,0.1,51,1004.9,95
2026-05-27 12:00:00,27.7,86,25.1,0.0,2,1004.8,71
2026-05-27 13:00:00,28.0,87,25.6,0.3,51,1004.3,84
2026-05-27 14:00:00,27.5,85,24.8,0.2,51,1004.0,88
2026-05-27 15:00:00,27.1,90,25.3,0.2,51,1003.5,94
2026-05-27 16:00:00,27.0,90,25.1,0.0,3,1003.4,93
2026-05-27 17:00:00,26.3,92,24.9,0.1,51,1003.1,100
2026-05-27 18:00:00,25.8,94,24.8,0.5,53,1003.4,100
2026-05-27 19:00:00,24.9,99,24.7,2.2,61,1003.5,100
2026-05-27 20:00:00,24.8,99,24.7,1.2,55,1004.1,100
2026-05-27 21:00:00,24.7,100,24.7,0.8,53,1005.0,100
2026-05-27 22:00:00,24.3,100,24.3,4.9,63,1005.6,100
2026-05-27 23:00:00,24.1,99,23.9,2.2,61,1004.8,100
2026-05-28 00:00:00,24.1,99,24.0,0.2,51,1004.6,100
2026-05-28 01:00:00,24.3,100,24.2,0.0,3,1004.3,100
2026-05-28 02:00:00,24.3,100,24.3,0.0,3,1004.1,99
2026-05-28 03:00:00,24.4,100,24.4,0.0,3,1003.9,87
2026-05-28 04:00:00,24.1,99,23.9,0.0,1,1003.5,30
2026-05-28 05:00:00,23.9,99,23.8,0.0,1,1003.8,42
2026-05-28 06:00:00,24.1,99,23.9,0.0,3,1004.2,83
2026-05-28 07:00:00,24.4,98,24.1,0.1,51,1004.3,41
2026-05-28 08:00:00,24.7,96,24.0,0.1,51,1005.2,15
2026-05-28 09:00:00,25.8,86,23.4,0.0,1,1005.2,23
2026-05-28 10:00:00,26.5,79,22.6,0.0,1,1005.7,46
2026-05-28 11:00:00,26.8,78,22.5,0.2,51,1005.8,56
2026-05-28 12:00:00,26.7,79,22.7,0.1,51,1005.8,51
2026-05-28 13:00:00,26.9,76,22.4,0.0,1,1005.4,32
2026-05-28 14:00:00,26.9,75,22.1,0.0,2,1005.1,53
2026-05-28 15:00:00,26.8,75,21.9,0.0,1,1004.5,32
2026-05-28 16:00:00,26.2,76,21.6,0.0,1,1004.3,32
2026-05-28 17:00:00,25.6,78,21.5,0.0,2,1004.0,63
2026-05-28 18:00:00,24.7,82,21.4,0.0,3,1004.6,100
2026-05-28 19:00:00,24.3,84,21.4,0.0,3,1004.7,92
2026-05-28 20:00:00,24.1,85,21.4,0.0,1,1005.2,46
2026-05-28 21:00:00,24.2,85,21.6,0.0,1,1005.8,26
2026-05-28 22:00:00,24.0,87,21.7,0.0,0,1006.4,18
2026-05-28 23:00:00,23.9,88,21.8,0.0,0,1006.9,18
2026-05-29 00:00:00,23.8,89,21.8,0.0,0,1006.7,11
2026-05-29 01:00:00,23.6,89,21.7,0.0,0,1006.4,17
2026-05-29 02:00:00,23.7,88,21.6,0.0,0,1006.0,13
2026-05-29 03:00:00,23.8,86,21.4,0.0,2,1006.0,51
2026-05-29 04:00:00,23.4,89,21.5,0.0,1,1005.5,35
2026-05-29 05:00:00,23.1,90,21.4,0.0,1,1005.7,25
2026-05-29 06:00:00,23.0,91,21.4,0.0,1,1006.1,20
2026-05-29 07:00:00,23.8,86,21.3,0.0,0,1006.4,11
2026-05-29 08:00:00,24.7,80,21.0,0.0,0,1006.3,11
2026-05-29 09:00:00,25.7,72,20.3,0.0,2,1006.2,61
2026-05-29 10:00:00,26.0,72,20.5,0.0,3,1006.4,98
2026-05-29 11:00:00,26.2,72,20.6,0.1,51,1006.5,86
2026-05-29 12:00:00,26.3,73,21.0,0.1,51,1006.5,75
2026-05-29 13:00:00,26.3,73,21.1,0.0,0,1006.3,12
2026-05-29 14:00:00,26.2,71,20.6,0.0,0,1006.1,16
2026-05-29 15:00:00,26.2,68,19.9,0.0,0,1005.8,16
2026-05-29 16:00:00,25.5,71,20.0,0.0,0,1005.8,18
2026-05-29 17:00:00,24.8,73,19.7,0.0,1,1005.6,23
2026-05-29 18:00:00,24.0,77,19.6,0.0,0,1005.8,2
2026-05-29 19:00:00,22.9,82,19.7,0.0,0,1006.2,3
2026-05-29 20:00:00,22.1,87,19.8,0.0,0,1006.8,1
2026-05-29 21:00:00,22.3,85,19.6,0.0,0,1007.5,1
2026-05-29 22:00:00,21.8,86,19.4,0.0,0,1007.7,0
2026-05-29 23:00:00,21.0,89,19.1,0.0,0,1007.9,0
2026-05-30 00:00:00,20.6,89,18.7,0.0,0,1007.7,0
2026-05-30 01:00:00,20.5,89,18.6,0.0,0,1007.4,0
2026-05-30 02:00:00,20.4,90,18.7,0.0,0,1007.2,1
2026-05-30 03:00:00,20.3,88,18.2,0.0,0,1007.1,0
2026-05-30 04:00:00,19.8,89,17.9,0.0,0,1006.9,0
2026-05-30 05:00:00,19.7,88,17.7,0.0,0,1007.0,0
2026-05-30 06:00:00,20.2,88,18.2,0.0,0,1007.8,0
2026-05-30 07:00:00,22.2,81,18.8,0.0,0,1008.1,0
2026-05-30 08:00:00,23.3,74,18.4,0.0,0,1008.2,0
2026-05-30 09:00:00,25.2,67,18.7,0.0,2,1008.5,53
2026-05-30 10:00:00,25.7,66,18.8,0.0,1,1008.3,35
2026-05-30 11:00:00,26.3,64,18.9,0.0,1,1008.3,43
2026-05-30 12:00:00,26.5,65,19.5,0.0,2,1008.3,59
2026-05-30 13:00:00,26.7,66,19.7,0.0,3,1008.0,83
2026-05-30 14:00:00,26.1,70,20.3,0.0,2,1008.0,71
2026-05-30 15:00:00,25.9,70,20.0,0.0,1,1007.6,27
2026-05-30 16:00:00,25.3,75,20.5,0.0,1,1007.3,28
2026-05-30 17:00:00,24.6,77,20.2,0.0,1,1007.4,48
2026-05-30 18:00:00,24.1,74,19.3,0.0,0,1007.9,9
2026-05-30 19:00:00,23.1,78,19.0,0.0,0,1008.0,5
2026-05-30 20:00:00,22.0,82,18.8,0.0,0,1008.9,1
2026-05-30 21:00:00,21.9,87,19.5,0.0,0,1009.3,0
2026-05-30 22:00:00,21.3,89,19.4,0.0,0,1009.6,0
2026-05-30 23:00:00,21.0,90,19.3,0.0,0,1009.8,0
2026-05-31 00:00:00,20.7,91,19.1,0.0,0,1009.2,1
2026-05-31 01:00:00,20.4,91,18.9,0.0,0,1008.7,0
2026-05-31 02:00:00,20.1,91,18.6,0.0,0,1008.4,0
2026-05-31 03:00:00,20.4,87,18.1,0.0,1,1008.3,37
2026-05-31 04:00:00,20.6,84,17.8,0.0,3,1008.1,91
2026-05-31 05:00:00,21.3,82,18.2,0.0,3,1008.0,97
2026-05-31 06:00:00,21.8,82,18.6,0.0,3,1008.3,100
2026-05-31 07:00:00,22.7,80,19.1,0.0,3,1008.6,97
2026-05-31 08:00:00,23.8,76,19.4,0.0,3,1008.9,100
2026-05-31 09:00:00,24.8,76,20.4,1.3,61,1009.4,100
2026-05-31 10:00:00,24.6,81,21.2,0.7,53,1009.5,98
2026-05-31 11:00:00,26.6,75,21.7,0.0,3,1009.3,86
2026-05-31 12:00:00,27.4,70,21.4,0.0,2,1009.3,56
2026-05-31 13:00:00,26.7,71,21.0,0.0,3,1008.9,93
2026-05-31 14:00:00,26.6,75,21.8,0.0,3,1008.4,100
2026-05-31 15:00:00,25.6,79,21.7,0.0,3,1008.7,100
2026-05-31 16:00:00,24.7,84,21.8,0.0,3,1008.7,100
2026-05-31 17:00:00,24.4,83,21.2,0.0,3,1008.7,100
2026-05-31 18:00:00,24.1,85,21.3,0.0,3,1008.8,100
2026-05-31 19:00:00,24.1,86,21.6,0.0,3,1008.8,100
2026-05-31 20:00:00,24.2,88,22.2,0.0,3,1009.2,100
2026-05-31 21:00:00,23.3,96,22.6,0.0,3,1010.2,100
2026-05-31 22:00:00,22.9,97,22.3,0.4,51,1010.1,100
2026-05-31 23:00:00,22.8,95,22.0,0.0,3,1009.8,99
2026-06-01 00:00:00,22.9,94,21.9,0.0,3,1009.3,100
2026-06-01 01:00:00,23.2,93,21.9,0.0,3,1008.7,99
2026-06-01 02:00:00,23.3,92,22.0,0.2,51,1008.1,100
2026-06-01 03:00:00,22.8,98,22.5,0.0,3,1008.2,100
2026-06-01 04:00:00,23.2,97,22.7,0.0,3,1007.8,100
2026-06-01 05:00:00,23.4,97,23.0,0.1,51,1007.4,100
2026-06-01 06:00:00,23.6,97,23.2,0.3,51,1007.6,100
2026-06-01 07:00:00,24.0,98,23.6,0.7,53,1007.8,100
2026-06-01 08:00:00,24.3,98,24.0,1.0,55,1007.5,100
2026-06-01 09:00:00,23.8,98,23.5,1.3,61,1008.2,100
2026-06-01 10:00:00,23.5,98,23.2,4.2,63,1008.2,100
2026-06-01 11:00:00,24.9,97,24.4,2.1,61,1007.3,100
2026-06-01 12:00:00,25.1,97,24.6,2.5,63,1006.7,100
2026-06-01 13:00:00,24.6,97,24.1,2.3,61,1005.7,100
2026-06-01 14:00:00,24.1,97,23.6,0.3,51,1004.8,100
2026-06-01 15:00:00,23.2,97,22.7,0.1,51,1005.0,100
2026-06-01 16:00:00,23.9,97,23.4,1.1,55,1002.6,100
2026-06-01 17:00:00,22.9,98,22.6,2.8,63,1002.2,100
2026-06-01 18:00:00,24.0,97,23.5,6.0,63,1001.8,100
2026-06-01 19:00:00,23.8,97,23.3,4.9,63,1000.8,100
2026-06-01 20:00:00,23.8,97,23.3,3.3,63,1000.4,100
2026-06-01 21:00:00,23.9,98,23.6,5.7,63,999.0,100
2026-06-01 22:00:00,23.6,97,23.1,9.9,65,997.5,100
2026-06-01 23:00:00,23.7,98,23.4,10.1,65,994.7,100
2026-06-02 00:00:00,23.8,98,23.4,9.5,65,992.4,100
2026-06-02 01:00:00,23.9,98,23.5,27.1,65,988.3,100
2026-06-02 02:00:00,24.0,97,23.5,34.9,65,985.4,100
2026-06-02 03:00:00,22.8,98,22.4,23.9,65,985.8,100
2026-06-02 04:00:00,23.8,98,23.5,14.5,65,981.9,100
2026-06-02 05:00:00,24.2,98,23.9,8.5,65,981.5,100
2026-06-02 06:00:00,24.1,98,23.7,1.5,61,982.5,100
2026-06-02 07:00:00,23.9,98,23.6,2.7,63,982.5,100
2026-06-02 08:00:00,23.8,98,23.5,7.1,63,984.1,100
2026-06-02 09:00:00,24.4,97,24.0,1.2,55,986.9,100
2026-06-02 10:00:00,24.4,98,24.1,2.5,63,988.5,100
2026-06-02 11:00:00,24.3,95,23.5,0.4,51,990.7,100
2026-06-02 12:00:00,24.4,94,23.4,0.7,53,993.1,100
2026-06-02 13:00:00,24.5,92,23.2,0.4,51,995.3,61
2026-06-02 14:00:00,25.4,88,23.3,0.3,51,996.9,95
2026-06-02 15:00:00,26.3,83,23.1,0.3,51,998.7,66
2026-06-02 16:00:00,25.3,89,23.3,0.3,51,999.5,100
2026-06-02 17:00:00,24.8,91,23.3,0.4,51,1000.3,91
2026-06-02 18:00:00,24.3,94,23.3,0.8,53,1001.4,60
2026-06-02 19:00:00,24.0,94,23.0,0.0,0,1001.8,17
2026-06-02 20:00:00,23.7,95,22.8,0.0,0,1002.5,6
2026-06-02 21:00:00,24.0,94,22.9,0.0,1,1002.8,24
2026-06-02 22:00:00,23.9,95,23.0,0.0,1,1003.4,21
2026-06-02 23:00:00,23.8,96,23.1,0.0,1,1003.6,42
2026-06-03 00:00:00,23.8,97,23.2,0.0,1,1003.8,28
2026-06-03 01:00:00,23.8,96,23.2,0.0,1,1004.1,41
2026-06-03 02:00:00,23.8,97,23.3,0.0,2,1003.9,65
2026-06-03 03:00:00,23.9,95,23.1,0.2,51,1004.1,20
2026-06-03 04:00:00,23.6,96,22.9,0.0,1,1004.1,23
2026-06-03 05:00:00,23.5,97,23.1,0.0,3,1004.4,88
2026-06-03 06:00:00,23.8,97,23.3,0.0,1,1005.0,41
2026-06-03 07:00:00,24.5,94,23.6,0.1,51,1005.3,44
2026-06-03 08:00:00,25.2,92,23.8,0.2,51,1005.4,75
2026-06-03 09:00:00,26.6,83,23.5,0.1,51,1005.1,31
2026-06-03 10:00:00,26.9,78,22.7,0.1,51,1005.3,27
2026-06-03 11:00:00,27.1,78,23.0,0.3,51,1005.0,17
2026-06-03 12:00:00,27.4,81,23.9,0.0,0,1004.9,5
2026-06-03 13:00:00,27.7,78,23.6,0.0,0,1005.0,6
2026-06-03 14:00:00,27.7,77,23.3,0.0,0,1004.8,11
2026-06-03 15:00:00,27.8,79,23.7,0.0,0,1004.4,5
2026-06-03 16:00:00,27.2,82,23.8,0.0,0,1004.2,7
2026-06-03 17:00:00,26.8,83,23.7,0.0,1,1003.9,23
2026-06-03 18:00:00,26.2,88,24.1,0.0,0,1004.1,11
2026-06-03 19:00:00,25.2,93,23.9,0.0,0,1004.2,13
2026-06-03 20:00:00,24.1,98,23.8,0.1,51,1005.1,33
2026-06-03 21:00:00,23.7,97,23.2,0.2,51,1005.5,99
2026-06-03 22:00:00,24.1,96,23.5,0.0,1,1005.5,21
2026-06-03 23:00:00,23.4,99,23.2,0.0,1,1005.6,34
2026-06-04 00:00:00,23.3,99,23.1,0.0,2,1005.4,71
2026-06-04 01:00:00,23.9,99,23.7,0.0,3,1004.7,83
2026-06-04 02:00:00,24.5,99,24.4,0.0,3,1004.5,100
2026-06-04 03:00:00,24.5,100,24.5,0.0,3,1004.1,100
2026-06-04 04:00:00,24.5,100,24.5,0.0,3,1003.5,100
2026-06-04 05:00:00,24.6,100,24.5,0.0,3,1003.4,100
2026-06-04 06:00:00,24.8,99,24.7,0.1,51,1003.6,100
2026-06-04 07:00:00,25.0,99,24.9,0.1,51,1003.9,72
2026-06-04 08:00:00,25.5,98,25.2,0.2,51,1004.1,92
2026-06-04 09:00:00,26.1,95,25.2,0.3,51,1003.6,74
2026-06-04 10:00:00,27.1,88,25.0,0.2,51,1003.7,88
2026-06-04 11:00:00,27.1,88,24.9,0.6,53,1003.8,96
2026-06-04 12:00:00,27.1,87,24.8,1.3,61,1003.8,89
2026-06-04 13:00:00,27.6,88,25.3,0.2,51,1003.8,90
2026-06-04 14:00:00,28.2,81,24.7,0.0,2,1003.9,77
2026-06-04 15:00:00,28.5,79,24.6,0.0,3,1003.3,83
2026-06-04 16:00:00,28.0,83,24.8,0.0,3,1002.9,99
2026-06-04 17:00:00,27.6,84,24.7,0.0,2,1002.7,73
2026-06-04 18:00:00,26.9,88,24.8,0.0,3,1003.3,88
2026-06-04 19:00:00,26.1,91,24.6,0.0,2,1003.6,73
2026-06-04 20:00:00,25.8,90,24.0,0.0,3,1004.5,97
2026-06-04 21:00:00,24.5,96,23.9,0.2,51,1004.7,98
2026-06-04 22:00:00,24.3,99,24.1,1.8,61,1005.0,100
2026-06-04 23:00:00,24.7,99,24.4,0.5,53,1004.8,97
2026-06-05 00:00:00,24.7,99,24.4,0.0,3,1004.4,98
2026-06-05 01:00:00,24.9,99,24.7,0.0,3,1004.1,97
2026-06-05 02:00:00,24.8,98,24.5,0.2,51,1004.3,97
2026-06-05 03:00:00,24.6,99,24.4,0.1,51,1003.8,96
2026-06-05 04:00:00,23.6,99,23.4,1.8,61,1004.0,99
2026-06-05 05:00:00,23.8,99,23.7,1.7,61,1004.4,100
2026-06-05 06:00:00,23.5,98,23.2,1.4,61,1004.8,99
2026-06-05 07:00:00,23.6,98,23.3,0.8,53,1005.5,100
2026-06-05 08:00:00,23.8,99,23.6,0.9,53,1006.0,63
2026-06-05 09:00:00,24.1,99,24.0,0.3,51,1006.1,100
2026-06-05 10:00:00,24.7,99,24.6,3.6,63,1006.2,100
2026-06-05 11:00:00,24.6,97,24.2,0.5,53,1006.3,49
2026-06-05 12:00:00,26.8,84,23.9,0.0,3,1006.2,84
2026-06-05 13:00:00,26.9,81,23.4,0.0,3,1006.6,100
2026-06-05 14:00:00,24.7,94,23.7,2.4,61,1006.5,100
2026-06-05 15:00:00,25.9,87,23.6,0.1,51,1006.2,100
2026-06-05 16:00:00,25.1,93,23.9,0.9,53,1006.4,100
2026-06-05 17:00:00,24.5,96,23.9,0.5,53,1006.2,100
2026-06-05 18:00:00,23.7,96,23.1,0.6,53,1006.8,100
2026-06-05 19:00:00,22.8,98,22.5,1.5,61,1007.0,100
2026-06-05 20:00:00,22.2,98,21.9,1.7,61,1007.5,100
2026-06-05 21:00:00,22.3,97,21.8,1.3,61,1008.1,100
2026-06-05 22:00:00,21.7,98,21.3,2.4,61,1008.0,100
2026-06-05 23:00:00,21.8,98,21.5,1.8,61,1008.0,100
2026-06-06 00:00:00,21.9,98,21.6,1.9,61,1007.7,100
2026-06-06 01:00:00,22.0,98,21.7,1.1,55,1007.4,100
2026-06-06 02:00:00,22.1,98,21.8,2.4,61,1007.7,100
2026-06-06 03:00:00,22.4,98,22.1,1.7,61,1007.2,100
2026-06-06 04:00:00,22.6,98,22.3,0.6,53,1007.0,100
2026-06-06 05:00:00,22.8,99,22.6,1.7,61,1007.1,100
2026-06-06 06:00:00,22.9,99,22.8,3.5,63,1007.1,100
2026-06-06 07:00:00,23.1,99,23.0,3.7,63,1007.5,100
2026-06-06 08:00:00,23.4,100,23.4,4.0,63,1007.4,100
2026-06-06 09:00:00,23.8,99,23.7,2.9,63,1008.4,100
2026-06-06 10:00:00,23.9,99,23.7,4.1,63,1008.5,100
2026-06-06 11:00:00,23.7,99,23.5,2.3,61,1008.2,100
2026-06-06 12:00:00,24.2,98,23.9,0.4,51,1008.0,100
2026-06-06 13:00:00,23.6,99,23.4,0.3,51,1007.7,100
2026-06-06 14:00:00,24.0,99,23.8,8.2,65,1007.8,100
2026-06-06 15:00:00,24.6,99,24.5,1.8,61,1007.1,100
2026-06-06 16:00:00,24.7,99,24.5,2.9,63,1006.5,100
2026-06-06 17:00:00,24.1,99,23.8,3.2,63,1006.6,100
2026-06-06 18:00:00,24.1,99,23.9,1.1,55,1006.6,100
2026-06-06 19:00:00,24.6,97,24.1,0.2,51,1006.1,100
2026-06-06 20:00:00,24.7,98,24.3,0.2,51,1006.1,100
2026-06-06 21:00:00,24.3,98,23.9,0.4,51,1006.6,100
2026-06-06 22:00:00,24.1,97,23.7,2.5,63,1005.9,100
2026-06-06 23:00:00,23.7,98,23.3,0.9,53,1005.4,100
2026-06-07 00:00:00,24.2,98,23.8,3.7,63,1004.2,100
2026-06-07 01:00:00,24.5,98,24.1,4.7,63,1003.1,100
2026-06-07 02:00:00,24.2,99,24.0,5.5,63,1001.9,100
2026-06-07 03:00:00,24.2,98,23.9,3.7,63,1002.7,100
2026-06-07 04:00:00,24.3,98,24.0,3.3,63,1002.4,100
2026-06-07 05:00:00,24.2,99,23.9,1.2,55,1002.7,100
2026-06-07 06:00:00,24.3,97,23.8,1.2,55,1003.5,100
2026-06-07 07:00:00,24.5,97,24.0,0.6,53,1004.2,98
2026-06-07 08:00:00,24.7,95,23.9,0.1,51,1004.7,95
2026-06-07 09:00:00,26.2,91,24.7,0.1,51,1005.1,98
2026-06-07 10:00:00,27.0,85,24.2,0.0,2,1005.3,64
2026-06-07 11:00:00,27.5,80,23.8,0.1,51,1005.5,96
2026-06-07 12:00:00,27.3,82,23.9,0.2,51,1005.6,99
2026-06-07 13:00:00,27.3,82,23.9,0.1,51,1005.6,96
2026-06-07 14:00:00,27.3,81,23.8,0.1,51,1005.4,100
2026-06-07 15:00:00,27.1,85,24.3,0.1,51,1005.2,99
2026-06-07 16:00:00,25.6,92,24.2,1.1,55,1005.7,98
2026-06-07 17:00:00,25.7,92,24.3,0.2,51,1005.6,98
2026-06-07 18:00:00,25.4,94,24.4,0.0,3,1005.9,94
2026-06-07 19:00:00,24.9,97,24.3,0.0,3,1006.4,98
2026-06-07 20:00:00,24.3,98,23.9,0.9,53,1007.2,97
2026-06-07 21:00:00,25.2,94,24.2,0.5,53,1007.2,73
2026-06-07 22:00:00,24.6,97,24.1,0.0,3,1007.3,85
2026-06-07 23:00:00,24.5,97,24.0,0.0,3,1007.2,95
2026-06-08 00:00:00,24.3,94,23.4,0.0,2,1006.9,66
2026-06-08 01:00:00,24.0,95,23.1,0.0,3,1006.6,92
2026-06-08 02:00:00,24.0,97,23.4,0.1,51,1006.3,98
2026-06-08 03:00:00,24.3,97,23.8,0.0,3,1006.1,100
2026-06-08 04:00:00,24.4,98,24.0,0.0,3,1005.9,99
2026-06-08 05:00:00,24.3,97,23.7,0.7,53,1005.8,98
2026-06-08 06:00:00,23.9,98,23.5,1.4,61,1006.0,98
2026-06-08 07:00:00,24.1,99,23.9,0.7,53,1006.0,88
2026-06-08 08:00:00,24.4,99,24.3,0.9,53,1006.5,100
2026-06-08 09:00:00,24.4,99,24.2,0.9,53,1006.5,100
2026-06-08 10:00:00,25.5,99,25.4,0.8,53,1006.2,100
2026-06-08 11:00:00,25.8,97,25.3,0.2,51,1005.8,63
2026-06-08 12:00:00,26.3,91,24.8,0.5,53,1005.7,94
2026-06-08 13:00:00,25.6,91,24.0,1.0,55,1005.5,100
2026-06-08 14:00:00,25.2,96,24.5,1.5,61,1004.9,98
2026-06-08 15:00:00,26.6,87,24.3,0.5,53,1004.5,100
2026-06-08 16:00:00,26.2,91,24.6,0.5,53,1004.4,100
2026-06-08 17:00:00,24.6,97,24.2,1.5,61,1004.2,100
2026-06-08 18:00:00,23.7,99,23.6,3.7,63,1004.6,100
2026-06-08 19:00:00,23.7,98,23.4,2.6,63,1004.4,98
2026-06-08 20:00:00,23.3,100,23.3,1.5,61,1005.3,100
2026-06-08 21:00:00,23.6,98,23.2,1.7,61,1005.7,100
2026-06-08 22:00:00,23.6,98,23.3,1.3,61,1005.4,100
2026-06-08 23:00:00,23.6,98,23.3,1.1,55,1005.0,99
2026-06-09 00:00:00,23.8,98,23.4,0.7,53,1004.1,75
2026-06-09 01:00:00,23.8,98,23.5,0.5,53,1003.6,98
2026-06-09 02:00:00,24.1,98,23.8,1.0,55,1003.3,100
2026-06-09 03:00:00,24.2,99,23.9,1.7,61,1003.1,100
2026-06-09 04:00:00,24.0,98,23.7,2.8,63,1002.7,100
2026-06-09 05:00:00,23.9,98,23.6,2.8,63,1002.8,100
2026-06-09 06:00:00,23.9,99,23.7,6.4,63,1003.0,100
2026-06-09 07:00:00,24.1,98,23.8,3.6,63,1003.3,100
2026-06-09 08:00:00,24.2,97,23.8,1.8,61,1003.5,100
2026-06-09 09:00:00,24.6,98,24.2,1.7,61,1004.0,100
2026-06-09 10:00:00,24.6,99,24.3,2.4,61,1003.3,100
2026-06-09 11:00:00,24.7,97,24.3,2.5,63,1003.3,100
2026-06-09 12:00:00,24.6,99,24.5,3.4,63,1002.7,100
2026-06-09 13:00:00,24.6,98,24.2,4.8,63,1001.7,100
2026-06-09 14:00:00,24.6,99,24.4,9.3,65,1000.8,100
2026-06-09 15:00:00,24.3,98,24.0,13.7,65,1000.5,100
2026-06-09 16:00:00,24.0,99,23.9,6.5,63,1000.5,100
2026-06-09 17:00:00,23.1,99,22.9,26.3,65,1000.0,100
2026-06-09 18:00:00,22.3,99,22.1,18.7,65,1000.1,100
2026-06-09 19:00:00,22.6,99,22.5,11.5,65,999.1,100
2026-06-09 20:00:00,23.0,99,22.8,2.5,63,999.8,100
2026-06-09 21:00:00,23.3,99,23.1,1.3,61,1001.0,100
2026-06-09 22:00:00,22.7,98,22.4,4.5,63,1000.8,100
2026-06-09 23:00:00,22.7,98,22.4,3.4,63,1000.5,100
2026-06-10 00:00:00,21.6,98,21.4,1.5,61,1000.2,100
2026-06-10 01:00:00,21.1,98,20.8,0.8,53,1000.5,100
2026-06-10 02:00:00,20.7,97,20.2,0.0,3,1001.3,93
2026-06-10 03:00:00,21.4,98,21.1,0.0,3,1002.0,100
2026-06-10 04:00:00,21.5,97,21.0,0.2,51,1002.6,100
2026-06-10 05:00:00,21.2,98,20.9,0.4,51,1003.2,100
2026-06-10 06:00:00,21.2,98,20.9,0.6,53,1003.9,100
2026-06-10 07:00:00,21.5,98,21.1,0.2,51,1004.6,100
2026-06-10 08:00:00,21.7,98,21.4,0.9,53,1004.8,100
2026-06-10 09:00:00,22.5,98,22.1,1.2,55,1005.8,100
2026-06-10 10:00:00,22.6,98,22.3,1.1,55,1006.1,100
2026-06-10 11:00:00,22.1,98,21.8,1.8,61,1006.5,100
2026-06-10 12:00:00,22.1,98,21.7,0.8,53,1007.0,100
2026-06-10 13:00:00,22.0,97,21.6,0.6,53,1006.7,100
2026-06-10 14:00:00,22.2,95,21.4,0.3,51,1006.7,99
2026-06-10 15:00:00,22.5,96,21.9,0.1,51,1006.2,100
2026-06-10 16:00:00,22.1,98,21.8,0.9,53,1006.0,100
2026-06-10 17:00:00,21.9,98,21.6,1.2,55,1006.3,100
2026-06-10 18:00:00,21.8,98,21.5,0.6,53,1007.1,100
2026-06-10 19:00:00,21.5,98,21.2,0.5,53,1007.8,100
2026-06-10 20:00:00,21.3,98,20.9,0.5,53,1008.3,100
2026-06-10 21:00:00,21.5,98,21.1,1.1,55,1008.4,100
2026-06-10 22:00:00,21.3,97,20.8,1.8,61,1008.6,100
2026-06-10 23:00:00,21.2,97,20.7,0.9,53,1008.6,100
2026-06-11 00:00:00,21.0,97,20.5,0.5,53,1008.0,100
2026-06-11 01:00:00,21.0,97,20.6,0.3,51,1007.6,100
2026-06-11 02:00:00,21.1,97,20.6,0.5,53,1007.7,100
2026-06-11 03:00:00,21.1,97,20.7,0.1,51,1007.8,100
2026-06-11 04:00:00,21.0,98,20.6,0.0,3,1007.5,100
2026-06-11 05:00:00,20.2,96,19.5,0.0,3,1007.5,100
2026-06-11 06:00:00,19.9,95,19.0,0.0,3,1007.5,100
2026-06-11 07:00:00,20.8,94,19.9,0.0,3,1008.1,100
2026-06-11 08:00:00,22.0,91,20.6,0.0,3,1008.6,100
2026-06-11 09:00:00,23.1,92,21.7,0.0,3,1009.8,100
2026-06-11 10:00:00,24.1,82,20.8,0.1,51,1010.0,65
2026-06-11 11:00:00,26.4,66,19.6,0.0,2,1010.2,70
2026-06-11 12:00:00,27.2,58,18.1,0.0,3,1010.3,100
2026-06-11 13:00:00,26.8,56,17.2,0.0,3,1010.5,100
2026-06-11 14:00:00,25.1,65,18.1,0.0,3,1010.9,100
2026-06-11 15:00:00,25.2,62,17.4,0.0,3,1011.0,100
2026-06-11 16:00:00,24.8,67,18.2,0.0,3,1011.0,97
2026-06-11 17:00:00,24.3,71,18.7,0.0,3,1011.0,100
2026-06-11 18:00:00,23.6,84,20.7,0.0,3,1011.7,100
2026-06-11 19:00:00,22.8,87,20.6,0.0,3,1011.7,100
2026-06-11 20:00:00,22.4,85,19.8,0.0,3,1012.2,100
2026-06-11 21:00:00,22.7,89,20.8,0.0,3,1012.4,100
2026-06-11 22:00:00,22.4,87,20.2,0.0,3,1013.1,100
2026-06-11 23:00:00,22.5,82,19.3,0.0,3,1013.2,100
2026-06-12 00:00:00,21.9,83,18.9,0.0,2,1013.0,79
2026-06-12 01:00:00,21.6,87,19.3,0.0,3,1012.6,99
2026-06-12 02:00:00,21.6,89,19.6,0.0,3,1012.5,93
2026-06-12 03:00:00,22.0,88,19.9,0.0,3,1012.8,99
2026-06-12 04:00:00,21.7,88,19.6,0.0,3,1012.7,100
2026-06-12 05:00:00,21.8,87,19.5,0.0,3,1012.8,100
2026-06-12 06:00:00,21.8,88,19.7,0.0,3,1013.0,100
2026-06-12 07:00:00,22.9,85,20.3,0.0,3,1013.5,87
2026-06-12 08:00:00,23.5,82,20.2,0.0,3,1013.6,100
2026-06-12 09:00:00,26.0,64,18.7,0.0,3,1013.9,91
2026-06-12 10:00:00,26.0,63,18.4,0.0,3,1014.0,99
2026-06-12 11:00:00,26.4,60,18.1,0.0,3,1013.6,100
2026-06-12 12:00:00,25.5,71,19.8,0.0,3,1013.7,100
2026-06-12 13:00:00,25.3,72,19.9,0.0,3,1013.3,100
2026-06-12 14:00:00,25.0,75,20.2,0.1,51,1012.9,100
2026-06-12 15:00:00,25.5,69,19.3,0.0,3,1012.2,80
2026-06-12 16:00:00,26.1,63,18.5,0.0,3,1011.5,100
2026-06-12 17:00:00,25.3,67,18.7,0.1,51,1012.1,100
2026-06-12 18:00:00,24.5,76,20.0,0.1,51,1012.6,99
2026-06-12 19:00:00,23.5,83,20.4,0.0,3,1012.8,100
2026-06-12 20:00:00,22.9,85,20.2,0.0,3,1013.1,100
2026-06-12 21:00:00,22.0,93,20.8,0.0,3,1013.2,100
2026-06-12 22:00:00,21.6,93,20.5,0.4,51,1013.4,100
2026-06-12 23:00:00,21.5,92,20.2,0.0,3,1013.3,99
2026-06-13 00:00:00,20.8,88,18.7,0.0,3,1012.6,100
2026-06-13 01:00:00,20.7,84,17.9,0.0,3,1012.2,100
2026-06-13 02:00:00,21.0,81,17.7,0.0,3,1011.9,100
2026-06-13 03:00:00,21.2,80,17.6,0.0,3,1011.8,100
2026-06-13 04:00:00,21.4,76,17.0,0.0,3,1011.4,98
2026-06-13 05:00:00,20.7,85,18.1,0.0,3,1011.4,100
2026-06-13 06:00:00,20.9,88,18.9,0.0,3,1011.7,100
2026-06-13 07:00:00,21.8,88,19.8,0.0,3,1012.2,100
2026-06-13 08:00:00,22.9,87,20.7,0.0,3,1012.2,100
2026-06-13 09:00:00,24.0,77,19.8,0.0,3,1011.9,83
2026-06-13 10:00:00,25.7,59,17.2,0.0,3,1011.7,100
2026-06-13 11:00:00,25.0,61,17.1,0.0,3,1011.9,99
2026-06-13 12:00:00,25.8,59,17.3,0.0,3,1011.6,83
2026-06-13 13:00:00,26.1,62,18.2,0.0,3,1010.9,96
2026-06-13 14:00:00,25.3,64,18.1,0.0,2,1010.3,70
2026-06-13 15:00:00,24.6,65,17.6,0.0,3,1010.0,100
2026-06-13 16:00:00,24.1,69,18.2,0.1,51,1009.1,100
2026-06-13 17:00:00,23.5,72,18.2,0.0,3,1008.9,100
2026-06-13 18:00:00,23.0,73,17.8,0.0,3,1009.8,100
2026-06-13 19:00:00,22.7,69,16.8,0.0,3,1009.8,82
2026-06-13 20:00:00,22.3,73,17.2,0.0,3,1009.9,82
2026-06-13 21:00:00,21.5,93,20.4,0.0,3,1010.2,83
2026-06-13 22:00:00,21.2,91,19.7,0.0,3,1009.8,98
2026-06-13 23:00:00,21.3,86,18.8,0.0,3,1009.3,98
2026-06-14 00:00:00,21.4,83,18.3,0.0,2,1008.7,60
2026-06-14 01:00:00,21.4,82,18.1,0.0,3,1008.1,82
2026-06-14 02:00:00,21.7,82,18.4,0.0,3,1007.4,94
2026-06-14 03:00:00,22.0,81,18.6,0.0,3,1007.3,100
2026-06-14 04:00:00,21.6,86,19.1,0.2,51,1006.7,100
2026-06-14 05:00:00,21.4,89,19.6,0.2,51,1006.4,100
2026-06-14 06:00:00,21.5,90,19.8,0.4,51,1006.0,100
2026-06-14 07:00:00,21.8,90,20.2,0.3,51,1005.8,100
2026-06-14 08:00:00,22.2,90,20.5,0.4,51,1005.9,100
2026-06-14 09:00:00,22.2,98,21.9,0.1,51,1005.8,100
2026-06-14 10:00:00,22.7,95,21.8,0.5,53,1005.5,100
2026-06-14 11:00:00,23.1,92,21.6,0.6,53,1005.1,100
2026-06-14 12:00:00,22.9,94,22.0,0.6,53,1004.6,100
2026-06-14 13:00:00,23.1,97,22.5,0.9,53,1004.1,100
2026-06-14 14:00:00,24.2,93,23.0,0.2,51,1003.9,100
2026-06-14 15:00:00,23.3,98,23.0,1.6,61,1004.2,100
2026-06-14 16:00:00,23.0,99,22.8,2.2,61,1004.1,100
2026-06-14 17:00:00,22.7,98,22.4,3.5,63,1004.2,100
2026-06-14 18:00:00,22.6,98,22.3,5.2,63,1004.0,100
2026-06-14 19:00:00,22.5,98,22.2,1.1,55,1004.3,100
2026-06-14 20:00:00,22.4,98,22.1,0.2,51,1005.1,100
2026-06-14 21:00:00,23.1,98,22.7,0.0,3,1005.3,100
2026-06-14 22:00:00,22.8,96,22.1,0.0,3,1006.5,100
2026-06-14 23:00:00,22.8,95,22.0,0.0,3,1006.8,100
2026-06-15 00:00:00,22.3,98,21.9,0.1,51,1006.6,98
2026-06-15 01:00:00,22.3,98,21.9,0.0,3,1006.1,100
2026-06-15 02:00:00,22.2,98,21.9,0.0,3,1006.2,98
2026-06-15 03:00:00,22.4,98,22.0,0.0,3,1006.1,99
2026-06-15 04:00:00,22.2,98,21.8,0.0,3,1006.3,100
2026-06-15 05:00:00,22.3,97,21.9,0.0,3,1006.5,100
2026-06-15 06:00:00,22.6,96,22.0,0.2,51,1007.3,100
2026-06-15 07:00:00,22.8,98,22.5,0.9,53,1007.4,100
2026-06-15 08:00:00,23.5,98,23.1,0.5,53,1008.4,100
2026-06-15 09:00:00,23.3,97,22.8,2.1,61,1008.8,100
2026-06-15 10:00:00,24.0,97,23.5,3.3,63,1008.9,100
2026-06-15 11:00:00,24.0,98,23.6,2.1,61,1008.5,99
2026-06-15 12:00:00,24.7,94,23.8,0.5,53,1008.3,97
2026-06-15 13:00:00,24.9,88,22.7,0.4,51,1008.6,100
2026-06-15 14:00:00,24.2,91,22.6,0.7,53,1008.2,100
2026-06-15 15:00:00,24.2,96,23.5,5.5,63,1007.9,100
2026-06-15 16:00:00,23.5,98,23.2,2.1,61,1007.4,100
2026-06-15 17:00:00,23.5,98,23.1,1.3,61,1007.5,100
2026-06-15 18:00:00,23.7,96,23.1,1.4,61,1008.1,100
2026-06-15 19:00:00,23.7,96,23.1,1.0,55,1008.3,100
2026-06-15 20:00:00,23.7,98,23.3,1.0,55,1008.8,100
2026-06-15 21:00:00,24.3,96,23.7,1.2,55,1008.9,100
2026-06-15 22:00:00,24.0,96,23.4,1.9,61,1009.2,100
2026-06-15 23:00:00,23.6,98,23.2,4.3,63,1008.7,100
2026-06-16 00:00:00,23.6,98,23.2,5.5,63,1008.1,100
2026-06-16 01:00:00,23.9,97,23.5,1.6,61,1007.4,98
2026-06-16 02:00:00,24.1,97,23.7,0.0,3,1008.1,100
2026-06-16 03:00:00,23.5,97,23.0,0.7,53,1008.2,100
2026-06-16 04:00:00,23.3,97,22.7,1.9,61,1008.2,100
2026-06-16 05:00:00,23.1,97,22.6,0.9,53,1008.7,100
2026-06-16 06:00:00,23.0,98,22.6,4.4,63,1008.8,100
2026-06-16 07:00:00,22.9,98,22.6,4.2,63,1008.9,100
2026-06-16 08:00:00,23.5,97,23.0,5.1,63,1009.0,100
2026-06-16 09:00:00,23.0,98,22.7,13.2,65,1010.6,100
2026-06-16 10:00:00,23.5,99,23.3,2.6,63,1010.7,100
2026-06-16 11:00:00,23.4,98,23.0,0.5,53,1010.8,100
2026-06-16 12:00:00,24.9,92,23.6,0.0,3,1010.3,100
2026-06-16 13:00:00,25.2,91,23.5,0.0,3,1009.9,100
2026-06-16 14:00:00,25.0,91,23.3,0.0,3,1010.1,100
2026-06-16 15:00:00,25.1,94,24.2,0.0,3,1010.3,100
2026-06-16 16:00:00,23.9,97,23.4,2.0,61,1010.4,100
2026-06-16 17:00:00,23.4,98,23.1,14.6,65,1010.3,100
2026-06-16 18:00:00,23.1,99,23.0,9.6,65,1010.5,100
2026-06-16 19:00:00,23.0,99,22.8,2.7,63,1010.5,100
2026-06-16 20:00:00,22.8,98,22.6,6.2,63,1011.2,100
2026-06-16 21:00:00,23.5,99,23.3,2.2,61,1011.4,100
2026-06-16 22:00:00,23.5,98,23.2,0.8,53,1011.9,100
2026-06-16 23:00:00,23.6,98,23.2,4.7,63,1011.8,100
2026-06-17 00:00:00,23.6,99,23.4,4.9,63,1011.4,100
2026-06-17 01:00:00,23.9,96,23.3,3.5,63,1011.2,100
2026-06-17 02:00:00,23.8,97,23.3,2.4,61,1011.1,100
2026-06-17 03:00:00,23.6,97,23.1,3.0,63,1010.8,100
2026-06-17 04:00:00,23.6,97,23.1,4.0,63,1010.4,100
2026-06-17 05:00:00,23.4,96,22.8,2.1,61,1010.8,100
2026-06-17 06:00:00,23.4,98,23.0,2.4,61,1010.9,100
2026-06-17 07:00:00,23.8,96,23.2,1.7,61,1011.1,100
2026-06-17 08:00:00,23.6,96,23.0,3.2,63,1011.6,100
2026-06-17 09:00:00,23.9,98,23.5,1.6,61,1011.8,100
2026-06-17 10:00:00,24.2,97,23.7,3.1,63,1011.5,100
2026-06-17 11:00:00,24.7,99,24.5,1.5,61,1011.6,100
2026-06-17 12:00:00,25.0,99,24.7,2.9,63,1011.7,100
2026-06-17 13:00:00,24.7,99,24.5,5.3,63,1011.4,100
2026-06-17 14:00:00,25.0,99,24.8,1.0,55,1011.3,100
2026-06-17 15:00:00,25.7,95,24.8,0.3,51,1010.7,98
2026-06-17 16:00:00,25.9,93,24.6,0.0,3,1010.3,99
2026-06-17 17:00:00,25.8,92,24.4,0.0,3,1010.4,98
2026-06-17 18:00:00,25.6,93,24.3,0.0,3,1011.1,100
2026-06-17 19:00:00,24.1,97,23.6,1.3,61,1011.7,100
2026-06-17 20:00:00,23.9,99,23.7,2.6,63,1011.7,100
2026-06-17 21:00:00,23.6,98,23.3,1.3,61,1012.0,100
2026-06-17 22:00:00,23.0,98,22.7,7.2,63,1012.9,100
2026-06-17 23:00:00,22.9,98,22.6,1.8,61,1011.6,100
2026-06-18 00:00:00,23.2,97,22.7,0.5,53,1011.6,100
2026-06-18 01:00:00,23.6,98,23.2,0.1,51,1011.5,98
2026-06-18 02:00:00,23.9,99,23.7,0.0,3,1011.2,100
2026-06-18 03:00:00,23.0,100,23.0,0.1,51,1012.2,100
2026-06-18 04:00:00,23.0,99,22.9,2.6,63,1011.9,100
2026-06-18 05:00:00,23.0,99,22.8,1.3,61,1011.9,100
2026-06-18 06:00:00,22.9,98,22.6,2.0,61,1011.9,100
2026-06-18 07:00:00,23.7,99,23.5,0.4,51,1011.8,100
2026-06-18 08:00:00,24.8,99,24.6,0.3,51,1012.3,100
2026-06-18 09:00:00,23.8,99,23.7,0.2,51,1012.0,100
2026-06-18 10:00:00,24.1,100,24.1,0.7,53,1012.0,100
2026-06-18 11:00:00,25.1,98,24.8,0.1,51,1011.3,100
2026-06-18 12:00:00,26.8,92,25.4,0.0,3,1011.9,100
2026-06-18 13:00:00,27.8,87,25.4,0.0,3,1011.5,100
2026-06-18 14:00:00,27.8,87,25.4,0.0,3,1010.7,100
2026-06-18 15:00:00,28.6,85,25.8,0.0,3,1010.0,99
2026-06-18 16:00:00,27.9,86,25.4,0.0,3,1010.0,98
2026-06-18 17:00:00,27.8,85,24.9,0.0,3,1010.1,98
2026-06-18 18:00:00,27.0,86,24.5,0.0,3,1010.2,94
2026-06-18 19:00:00,26.0,89,24.1,0.0,3,1010.1,86
2026-06-18 20:00:00,25.0,93,23.7,0.0,3,1010.7,88
2026-06-18 21:00:00,25.3,98,24.9,0.0,3,1011.0,100
2026-06-18 22:00:00,25.2,98,24.8,0.0,3,1011.4,100
2026-06-18 23:00:00,25.0,98,24.7,0.0,3,1011.7,100
2026-06-19 00:00:00,24.9,97,24.5,0.0,3,1011.7,100
2026-06-19 01:00:00,24.9,97,24.4,0.0,3,1011.3,98
2026-06-19 02:00:00,24.8,98,24.4,0.0,3,1010.9,99
2026-06-19 03:00:00,24.6,99,24.4,0.0,3,1011.0,100
2026-06-19 04:00:00,24.5,99,24.4,0.0,3,1010.9,100
2026-06-19 05:00:00,24.5,99,24.4,0.0,3,1011.1,99
2026-06-19 06:00:00,24.6,99,24.4,0.0,3,1011.0,89
2026-06-19 07:00:00,25.4,94,24.3,0.0,3,1011.1,97
2026-06-19 08:00:00,26.3,86,23.8,0.0,3,1011.3,100
2026-06-19 09:00:00,27.1,83,24.0,0.0,3,1011.2,89
2026-06-19 10:00:00,27.4,81,23.8,0.0,3,1011.0,97
2026-06-19 11:00:00,27.6,81,24.0,0.0,3,1011.0,99
2026-06-19 12:00:00,27.7,83,24.5,0.0,3,1011.0,95
2026-06-19 13:00:00,27.8,82,24.5,0.0,2,1010.7,63
2026-06-19 14:00:00,27.8,83,24.7,0.0,2,1010.4,77
2026-06-19 15:00:00,28.2,81,24.7,0.0,3,1009.9,89
2026-06-19 16:00:00,27.6,84,24.8,0.0,3,1010.0,95
2026-06-19 17:00:00,27.1,86,24.7,0.0,3,1009.9,98
2026-06-19 18:00:00,26.5,89,24.5,0.0,3,1010.2,94
2026-06-19 19:00:00,25.6,92,24.3,0.0,3,1010.2,91
2026-06-19 20:00:00,25.0,97,24.4,0.0,3,1010.7,88
2026-06-19 21:00:00,25.1,96,24.4,0.0,3,1010.8,83
2026-06-19 22:00:00,25.0,96,24.3,0.0,2,1011.0,55
2026-06-19 23:00:00,24.9,96,24.2,0.0,2,1010.8,52
2026-06-20 00:00:00,24.6,96,24.0,0.0,2,1010.8,73
2026-06-20 01:00:00,24.4,97,23.9,0.0,3,1010.6,81
2026-06-20 02:00:00,24.3,98,24.0,0.0,3,1010.2,99
2026-06-20 03:00:00,24.0,99,23.8,0.0,3,1010.2,98
2026-06-20 04:00:00,24.0,99,23.7,0.0,3,1010.0,100
2026-06-20 05:00:00,24.0,98,23.7,0.0,3,1009.9,99
2026-06-20 06:00:00,24.5,94,23.4,0.0,3,1009.9,98
2026-06-20 07:00:00,25.3,88,23.1,0.0,3,1009.9,98
2026-06-20 08:00:00,25.9,83,22.8,0.0,3,1010.2,96
2026-06-20 09:00:00,27.0,83,23.9,0.0,2,1010.2,70
2026-06-20 10:00:00,27.5,80,23.7,0.0,2,1010.6,77
2026-06-20 11:00:00,27.9,76,23.3,0.0,3,1010.6,86
2026-06-20 12:00:00,28.0,80,24.3,0.0,3,1010.4,98
2026-06-20 13:00:00,28.1,80,24.4,0.0,3,1010.4,80
2026-06-20 14:00:00,28.2,80,24.5,0.0,2,1010.2,70
2026-06-20 15:00:00,28.5,82,25.1,0.0,1,1009.8,39
2026-06-20 16:00:00,28.0,85,25.2,0.0,0,1009.6,6
2026-06-20 17:00:00,27.5,87,25.2,0.0,0,1009.3,3
2026-06-20 18:00:00,26.9,90,25.0,0.0,0,1009.5,8
2026-06-20 19:00:00,26.0,92,24.7,0.0,2,1009.4,71
2026-06-20 20:00:00,25.3,96,24.7,0.0,2,1009.6,72
2026-06-20 21:00:00,25.4,96,24.6,0.0,2,1010.0,52
2026-06-20 22:00:00,25.1,98,24.7,0.3,51,1010.5,75
2026-06-20 23:00:00,25.4,96,24.8,0.0,1,1010.2,20
2026-06-21 00:00:00,25.1,99,24.8,0.0,3,1010.1,80
2026-06-21 01:00:00,25.0,99,24.8,0.0,1,1009.9,48
2026-06-21 02:00:00,25.0,99,24.8,0.0,2,1009.7,70
2026-06-21 03:00:00,25.1,99,24.9,0.0,1,1009.4,20
2026-06-21 04:00:00,24.8,99,24.6,0.0,1,1008.7,20
2026-06-21 05:00:00,24.7,99,24.5,0.0,1,1009.1,20
2026-06-21 06:00:00,24.8,98,24.4,0.0,0,1009.5,18
2026-06-21 07:00:00,25.5,93,24.3,0.0,0,1009.7,14
2026-06-21 08:00:00,26.3,87,24.0,0.0,2,1010.0,66
2026-06-21 09:00:00,27.4,82,24.1,0.0,2,1010.1,78
2026-06-21 10:00:00,27.7,80,23.9,0.0,3,1010.0,95
2026-06-21 11:00:00,28.0,78,23.9,0.0,2,1009.6,70
2026-06-21 12:00:00,28.5,76,23.9,0.0,1,1009.4,36
2026-06-21 13:00:00,28.6,77,24.2,0.0,2,1009.3,65
2026-06-21 14:00:00,28.5,78,24.2,0.0,2,1009.0,63
2026-06-21 15:00:00,28.9,75,24.0,0.0,0,1008.2,19
2026-06-21 16:00:00,28.4,78,24.1,0.0,0,1007.7,12
2026-06-21 17:00:00,27.7,81,24.1,0.0,0,1007.6,3
2026-06-21 18:00:00,26.9,85,24.2,0.0,0,1008.0,16
2026-06-21 19:00:00,26.0,90,24.2,0.0,1,1008.2,24
2026-06-21 20:00:00,25.5,92,24.1,0.0,2,1008.3,78
2026-06-21 21:00:00,25.7,90,24.0,0.0,0,1008.7,8
2026-06-21 22:00:00,25.4,93,24.2,0.0,1,1008.6,39
2026-06-21 23:00:00,25.1,96,24.5,0.0,2,1008.7,76
2026-06-22 00:00:00,25.0,98,24.7,0.0,3,1008.2,93
2026-06-22 01:00:00,25.0,99,24.7,0.0,3,1007.8,98
2026-06-22 02:00:00,25.1,98,24.7,0.0,3,1007.3,97
2026-06-22 03:00:00,25.1,98,24.8,0.0,3,1006.9,98
2026-06-22 04:00:00,25.1,98,24.8,0.1,51,1006.6,100
2026-06-22 05:00:00,25.1,99,24.8,0.0,3,1006.5,100
2026-06-22 06:00:00,25.2,98,24.9,0.0,3,1006.7,100
2026-06-22 07:00:00,25.7,95,24.8,0.1,51,1006.8,100
2026-06-22 08:00:00,26.3,90,24.5,0.2,51,1006.9,72
2026-06-22 09:00:00,27.8,84,24.9,0.2,51,1007.1,59
2026-06-22 10:00:00,28.4,81,24.8,0.1,51,1006.8,44
2026-06-22 11:00:00,28.8,78,24.7,0.1,51,1006.7,39
2026-06-22 12:00:00,28.7,80,24.9,0.2,51,1006.7,29
2026-06-22 13:00:00,28.3,82,25.0,0.3,51,1006.2,24
2026-06-22 14:00:00,28.4,82,25.0,0.1,51,1006.2,39
2026-06-22 15:00:00,28.6,79,24.7,0.1,51,1005.7,60
2026-06-22 16:00:00,28.1,80,24.3,0.1,51,1005.6,45
2026-06-22 17:00:00,27.7,82,24.3,0.0,0,1005.4,18
2026-06-22 18:00:00,27.0,86,24.5,0.0,1,1005.8,34
2026-06-22 19:00:00,26.0,90,24.2,0.0,0,1005.8,9
2026-06-22 20:00:00,25.1,89,23.1,0.0,1,1006.1,37
2026-06-22 21:00:00,24.9,88,22.9,0.0,1,1006.3,31
2026-06-22 22:00:00,24.4,89,22.6,0.0,1,1006.6,38
2026-06-22 23:00:00,24.1,92,22.7,0.0,2,1006.4,65
2026-06-23 00:00:00,24.1,93,22.9,0.0,3,1005.8,98
2026-06-23 01:00:00,24.3,96,23.6,0.0,3,1005.1,85
2026-06-23 02:00:00,24.6,98,24.2,0.0,2,1004.8,74
2026-06-23 03:00:00,24.9,98,24.5,0.0,3,1005.1,98
2026-06-23 04:00:00,25.0,98,24.6,0.0,3,1004.9,84
2026-06-23 05:00:00,25.1,98,24.8,0.0,2,1005.0,77
2026-06-23 06:00:00,25.5,97,25.0,0.0,3,1004.9,97
2026-06-23 07:00:00,26.4,92,25.0,0.0,2,1005.0,77
2026-06-23 08:00:00,27.3,89,25.3,0.0,3,1004.8,91
2026-06-23 09:00:00,24.6,100,24.6,0.2,51,1005.7,99
2026-06-23 10:00:00,25.6,95,24.8,0.7,53,1005.7,99
2026-06-23 11:00:00,27.1,90,25.4,0.0,3,1005.4,88
2026-06-23 12:00:00,28.8,83,25.5,0.0,1,1005.1,33
2026-06-23 13:00:00,29.4,78,25.1,0.1,51,1004.8,28
2026-06-23 14:00:00,29.5,82,26.2,0.2,51,1004.9,91
2026-06-23 15:00:00,29.4,81,25.9,0.0,3,1005.2,88
2026-06-23 16:00:00,28.9,88,26.8,0.6,53,1005.2,97
2026-06-23 17:00:00,28.5,88,26.4,0.0,3,1004.7,98
2026-06-23 18:00:00,27.9,91,26.3,0.1,51,1004.9,100
2026-06-23 19:00:00,27.3,93,26.1,0.0,3,1005.6,98
2026-06-23 20:00:00,26.7,96,26.1,0.0,3,1006.2,99
2026-06-23 21:00:00,26.8,94,25.7,0.0,2,1006.5,70
2026-06-23 22:00:00,26.5,93,25.3,0.1,51,1006.6,73
2026-06-23 23:00:00,26.7,93,25.4,0.2,51,1006.7,88
2026-06-24 00:00:00,26.5,96,25.7,0.2,51,1006.1,91
2026-06-24 01:00:00,26.5,94,25.5,0.2,51,1005.9,45
2026-06-24 02:00:00,26.1,96,25.4,0.2,51,1005.5,100
2026-06-24 03:00:00,26.0,97,25.4,0.2,51,1005.5,97
2026-06-24 04:00:00,25.8,97,25.3,0.2,51,1005.1,87
2026-06-24 05:00:00,25.9,97,25.3,0.2,51,1004.7,92
2026-06-24 06:00:00,26.1,95,25.3,0.0,3,1004.4,88
2026-06-24 07:00:00,26.3,95,25.4,0.1,51,1004.6,98
2026-06-24 08:00:00,27.0,93,25.8,0.2,51,1004.7,99
2026-06-24 09:00:00,27.8,92,26.3,0.4,51,1004.8,95
2026-06-24 10:00:00,28.6,88,26.5,0.3,51,1005.0,65
2026-06-24 11:00:00,29.0,84,26.1,0.2,51,1005.2,88
2026-06-24 12:00:00,28.8,85,25.9,0.6,53,1005.1,84
2026-06-24 13:00:00,29.5,81,25.9,0.0,2,1004.9,71
2026-06-24 14:00:00,29.4,81,25.7,0.1,51,1004.8,98
2026-06-24 15:00:00,29.6,81,25.9,0.3,51,1004.4,100
2026-06-24 16:00:00,28.8,85,26.0,0.0,3,1004.4,100
2026-06-24 17:00:00,28.5,87,26.1,0.0,3,1004.3,100
2026-06-24 18:00:00,28.0,89,26.0,0.0,3,1004.6,99
2026-06-24 19:00:00,27.5,91,25.9,0.0,3,1004.9,97
2026-06-24 20:00:00,27.1,92,25.7,0.0,3,1005.3,90
2026-06-24 21:00:00,26.7,94,25.7,0.0,3,1005.7,91
2026-06-24 22:00:00,26.9,95,26.0,0.4,51,1005.9,65
2026-06-24 23:00:00,26.8,94,25.8,0.0,2,1005.9,71
2026-06-25 00:00:00,26.7,93,25.5,0.0,3,1005.4,87
2026-06-25 01:00:00,26.7,93,25.4,0.0,2,1005.2,59
2026-06-25 02:00:00,26.6,93,25.3,0.0,3,1004.6,91
2026-06-25 03:00:00,26.9,89,24.8,0.0,2,1003.9,54
2026-06-25 04:00:00,27.0,86,24.5,0.0,0,1003.8,16
2026-06-25 05:00:00,27.0,85,24.3,0.0,0,1004.0,9
2026-06-25 06:00:00,27.0,85,24.3,0.0,0,1004.1,16
2026-06-25 07:00:00,27.4,83,24.2,0.0,0,1004.4,13
2026-06-25 08:00:00,28.0,81,24.5,0.0,0,1004.8,4
2026-06-25 09:00:00,29.1,80,25.4,0.0,0,1004.7,5
2026-06-25 10:00:00,29.4,78,25.3,0.0,0,1004.6,4
2026-06-25 11:00:00,29.7,77,25.2,0.1,51,1004.7,1
2026-06-25 12:00:00,29.7,77,25.3,0.3,51,1004.6,1
2026-06-25 13:00:00,29.3,80,25.6,0.5,53,1004.2,6
2026-06-25 14:00:00,29.0,82,25.6,0.2,51,1004.3,75
2026-06-25 15:00:00,29.4,78,25.3,0.0,0,1004.0,7
2026-06-25 16:00:00,29.2,77,24.8,0.2,51,1003.4,2
2026-06-25 17:00:00,28.5,79,24.4,0.6,53,1003.2,7
2026-06-25 18:00:00,27.7,88,25.6,0.3,51,1003.6,18
2026-06-25 19:00:00,27.2,92,25.7,0.3,51,1003.6,20
2026-06-25 20:00:00,27.0,92,25.6,0.0,0,1003.9,1
2026-06-25 21:00:00,26.8,93,25.5,0.0,0,1003.9,3
2026-06-25 22:00:00,26.8,90,25.1,0.0,1,1003.8,35
2026-06-25 23:00:00,26.3,93,25.0,0.6,53,1003.6,4
2026-06-26 00:00:00,26.5,91,25.0,0.0,2,1002.6,59
2026-06-26 01:00:00,26.8,88,24.6,0.0,2,1001.8,57
2026-06-26 02:00:00,26.5,88,24.3,0.1,51,1001.4,86
2026-06-26 03:00:00,26.8,86,24.3,0.0,1,1000.9,27
2026-06-26 04:00:00,26.8,84,23.9,0.0,1,1000.2,20
2026-06-26 05:00:00,26.7,84,23.9,0.0,2,1000.1,73
2026-06-26 06:00:00,25.8,86,23.3,0.4,51,1000.2,41
2026-06-26 07:00:00,26.2,87,23.8,0.5,53,1000.3,61
2026-06-26 08:00:00,26.7,86,24.1,0.1,51,1000.0,79
2026-06-26 09:00:00,26.2,91,24.5,1.7,61,998.9,78
2026-06-26 10:00:00,25.9,93,24.7,1.9,61,998.5,99
2026-06-26 11:00:00,25.5,95,24.7,3.9,63,998.4,100
2026-06-26 12:00:00,25.4,97,24.9,4.8,63,997.6,100
2026-06-26 13:00:00,25.7,95,24.8,1.0,55,996.5,100
2026-06-26 14:00:00,25.7,95,24.7,0.5,53,995.6,98
2026-06-26 15:00:00,25.8,97,25.3,0.5,53,994.3,99
2026-06-26 16:00:00,26.0,96,25.4,1.1,55,993.6,100
2026-06-26 17:00:00,25.7,97,25.2,1.4,61,992.9,100
2026-06-26 18:00:00,25.7,98,25.3,1.6,61,992.6,100
2026-06-26 19:00:00,25.6,98,25.2,2.2,61,992.5,100
2026-06-26 20:00:00,25.6,98,25.2,1.8,61,992.8,100
2026-06-26 21:00:00,26.1,99,25.9,0.9,53,993.2,95
2026-06-26 22:00:00,26.2,99,26.0,0.0,3,994.0,84
2026-06-26 23:00:00,25.9,98,25.6,0.2,51,995.3,93
2026-06-27 00:00:00,25.8,98,25.5,0.0,3,996.4,85
2026-06-27 01:00:00,25.6,98,25.2,0.1,51,997.0,100
2026-06-27 02:00:00,25.3,97,24.9,0.2,51,997.9,59
2026-06-27 03:00:00,25.3,96,24.5,0.1,51,998.9,100
2026-06-27 04:00:00,24.8,98,24.4,1.3,61,999.8,100
2026-06-27 05:00:00,24.6,97,24.1,0.2,51,1000.6,100
2026-06-27 06:00:00,24.5,97,23.9,0.0,1,1001.4,28
2026-06-27 07:00:00,24.7,95,23.9,0.0,1,1002.1,21
2026-06-27 08:00:00,25.2,91,23.5,0.0,0,1002.9,9
2026-06-27 09:00:00,25.8,86,23.3,0.0,0,1003.3,15
2026-06-27 10:00:00,26.6,79,22.7,0.0,1,1003.8,30
2026-06-27 11:00:00,27.1,75,22.2,0.0,1,1004.3,37
2026-06-27 12:00:00,27.3,71,21.5,0.0,1,1004.4,27
2026-06-27 13:00:00,27.1,71,21.4,0.0,1,1004.7,23
2026-06-27 14:00:00,27.1,68,20.7,0.0,0,1004.5,6
2026-06-27 15:00:00,27.4,66,20.6,0.0,0,1004.7,12
2026-06-27 16:00:00,26.9,68,20.6,0.0,0,1004.4,11
2026-06-27 17:00:00,26.3,70,20.4,0.0,1,1004.6,27
2026-06-27 18:00:00,25.5,75,20.6,0.0,0,1004.8,18
2026-06-27 19:00:00,24.5,83,21.5,0.0,2,1005.2,77
2026-06-27 20:00:00,23.7,86,21.2,0.0,3,1005.7,85
2026-06-27 21:00:00,22.9,100,22.9,0.0,3,1005.8,81
2026-06-27 22:00:00,23.2,98,22.9,0.2,51,1006.4,91
2026-06-27 23:00:00,23.3,99,23.1,0.8,53,1006.4,77
2026-06-28 00:00:00,23.4,97,22.9,0.0,2,1005.8,64
2026-06-28 01:00:00,23.4,94,22.5,0.0,2,1005.7,78
2026-06-28 02:00:00,23.5,93,22.2,0.0,3,1005.5,86
2026-06-28 03:00:00,23.2,95,22.4,0.0,1,1005.9,26
2026-06-28 04:00:00,22.7,97,22.1,0.2,51,1006.1,88
2026-06-28 05:00:00,22.7,97,22.2,2.0,61,1006.2,95
2026-06-28 06:00:00,22.7,97,22.3,1.0,55,1007.2,94
2026-06-28 07:00:00,23.3,98,22.9,0.0,3,1008.0,99
2026-06-28 08:00:00,23.6,95,22.8,0.2,51,1008.2,97
2026-06-28 09:00:00,24.6,95,23.7,0.0,3,1008.6,100
2026-06-28 10:00:00,24.8,94,23.7,0.3,51,1008.5,100
2026-06-28 11:00:00,25.6,87,23.4,0.2,51,1008.7,100
2026-06-28 12:00:00,26.0,84,23.1,0.4,51,1008.9,100
2026-06-28 13:00:00,26.0,83,22.9,0.3,51,1008.4,100
2026-06-28 14:00:00,25.6,85,23.0,0.3,51,1008.6,100
2026-06-28 15:00:00,25.5,87,23.2,0.4,51,1008.9,100
2026-06-28 16:00:00,24.9,93,23.8,0.5,53,1008.7,100
2026-06-28 17:00:00,24.4,97,23.9,1.2,55,1008.6,100
2026-06-28 18:00:00,24.7,98,24.3,0.7,53,1008.5,100
2026-06-28 19:00:00,24.8,97,24.4,0.1,51,1008.7,100
2026-06-28 20:00:00,24.8,97,24.3,0.1,51,1009.1,100
2026-06-28 21:00:00,24.9,97,24.5,0.1,51,1009.4,98
2026-06-28 22:00:00,25.0,97,24.6,0.0,3,1010.0,100
2026-06-28 23:00:00,24.8,98,24.4,0.1,51,1010.3,100
2026-06-29 00:00:00,24.9,98,24.5,0.4,51,1010.0,100
2026-06-29 01:00:00,25.2,98,24.9,0.3,51,1009.6,100
2026-06-29 02:00:00,25.2,98,24.8,0.2,51,1009.5,100
2026-06-29 03:00:00,25.3,97,24.8,0.4,51,1009.3,100
2026-06-29 04:00:00,24.5,96,23.9,0.4,51,1008.7,99
2026-06-29 05:00:00,24.3,96,23.6,0.1,51,1008.9,100
2026-06-29 06:00:00,24.4,96,23.8,1.0,55,1009.5,100
2026-06-29 07:00:00,24.7,98,24.3,2.7,63,1009.8,100
2026-06-29 08:00:00,25.2,98,24.9,2.9,63,1010.2,100
2026-06-29 09:00:00,25.5,97,25.1,2.3,61,1010.7,100
2026-06-29 10:00:00,25.7,98,25.3,1.6,61,1010.7,100
2026-06-29 11:00:00,26.2,98,25.8,1.9,61,1011.2,100
2026-06-29 12:00:00,26.1,97,25.5,1.6,61,1011.3,100
2026-06-29 13:00:00,26.6,95,25.8,0.1,51,1011.1,100
2026-06-29 14:00:00,26.9,92,25.4,0.0,3,1010.7,100
2026-06-29 15:00:00,27.6,86,25.1,0.0,3,1010.8,99
2026-06-29 16:00:00,27.3,87,24.9,0.0,3,1010.7,100
2026-06-29 17:00:00,26.9,90,25.1,0.0,3,1010.5,100
2026-06-29 18:00:00,26.6,92,25.3,0.0,3,1010.8,100
2026-06-29 19:00:00,26.0,96,25.3,0.0,3,1010.8,100
2026-06-29 20:00:00,25.6,98,25.3,0.0,3,1011.5,99
2026-06-29 21:00:00,25.7,96,25.0,0.0,3,1011.4,100
2026-06-29 22:00:00,25.7,98,25.3,0.0,3,1011.8,100
2026-06-29 23:00:00,25.6,98,25.3,0.0,3,1011.4,98
2026-06-30 00:00:00,25.6,99,25.4,0.0,3,1011.5,98
2026-06-30 01:00:00,25.6,99,25.4,0.0,3,1011.4,100
2026-06-30 02:00:00,25.5,99,25.4,0.0,3,1011.1,100
2026-06-30 03:00:00,25.7,99,25.5,0.0,3,1010.8,98
2026-06-30 04:00:00,25.7,98,25.3,0.0,3,1010.9,98
2026-06-30 05:00:00,25.6,98,25.3,0.1,51,1011.1,95
2026-06-30 06:00:00,25.6,97,25.1,0.1,51,1011.7,100
2026-06-30 07:00:00,26.4,95,25.4,0.1,51,1012.1,94
2026-06-30 08:00:00,27.3,91,25.6,0.0,3,1012.3,96
2026-06-30 09:00:00,28.4,85,25.7,0.1,51,1012.1,72
2026-06-30 10:00:00,28.9,82,25.5,0.0,3,1012.1,96
2026-06-30 11:00:00,29.0,82,25.7,0.0,2,1012.2,79
2026-06-30 12:00:00,29.3,80,25.5,0.1,51,1011.9,78
2026-06-30 13:00:00,29.3,80,25.5,0.0,2,1011.4,57
2026-06-30 14:00:00,29.4,80,25.6,0.0,3,1011.1,97
2026-06-30 15:00:00,29.4,79,25.3,0.0,3,1011.2,98
2026-06-30 16:00:00,28.7,82,25.4,0.0,3,1010.8,87
2026-06-30 17:00:00,28.2,84,25.2,0.0,3,1010.6,96
2026-06-30 18:00:00,27.5,87,25.0,0.0,3,1010.9,94
2026-06-30 19:00:00,26.6,91,25.1,0.0,3,1010.9,99
2026-06-30 20:00:00,25.9,95,25.0,0.0,3,1011.5,100
2026-06-30 21:00:00,25.8,93,24.7,0.0,3,1011.8,99
2026-06-30 22:00:00,25.5,94,24.5,0.0,3,1011.8,98
2026-06-30 23:00:00,25.5,94,24.6,0.0,3,1011.8,99
2026-07-01 00:00:00,25.6,94,24.7,0.0,3,1011.7,95
2026-07-01 01:00:00,25.7,95,24.8,0.0,3,1011.3,98
2026-07-01 02:00:00,25.7,95,24.8,0.0,2,1010.9,74
2026-07-01 03:00:00,25.7,93,24.4,0.0,0,1010.9,9
2026-07-01 04:00:00,25.5,94,24.5,0.0,0,1010.3,13
2026-07-01 05:00:00,25.6,93,24.4,0.0,2,1010.5,60
2026-07-01 06:00:00,25.8,92,24.5,0.0,3,1010.7,85
2026-07-01 07:00:00,26.7,88,24.5,0.0,3,1010.8,86
2026-07-01 08:00:00,27.3,83,24.3,0.0,3,1011.1,98
2026-07-01 09:00:00,28.1,80,24.2,0.0,3,1010.9,97
2026-07-01 10:00:00,28.4,80,24.6,0.0,3,1010.9,89
2026-07-01 11:00:00,28.6,80,24.8,0.0,3,1010.8,90
2026-07-01 12:00:00,28.8,79,24.9,0.0,1,1010.4,36
2026-07-01 13:00:00,28.9,80,25.0,0.0,2,1010.0,72
2026-07-01 14:00:00,28.8,80,24.9,0.0,2,1009.9,53
2026-07-01 15:00:00,29.2,78,25.0,0.0,3,1009.9,80
2026-07-01 16:00:00,28.8,79,24.8,0.0,0,1009.9,18
2026-07-01 17:00:00,28.3,82,25.0,0.0,0,1009.5,13
2026-07-01 18:00:00,27.7,85,24.9,0.0,1,1009.7,37
2026-07-01 19:00:00,26.9,89,24.9,0.0,3,1010.0,97
2026-07-01 20:00:00,26.5,90,24.8,0.0,3,1010.4,91
2026-07-01 21:00:00,26.7,89,24.7,0.0,3,1010.6,91
2026-07-01 22:00:00,26.4,91,24.9,0.0,3,1010.9,96
2026-07-01 23:00:00,26.3,92,24.9,0.0,2,1011.1,77
2026-07-02 00:00:00,26.2,93,25.0,0.0,3,1010.9,91
2026-07-02 01:00:00,26.2,94,25.2,0.0,3,1010.8,97
2026-07-02 02:00:00,26.2,94,25.2,0.0,3,1010.6,100
2026-07-02 03:00:00,26.2,95,25.3,0.0,3,1010.4,100
2026-07-02 04:00:00,25.9,96,25.2,0.0,3,1010.1,99
2026-07-02 05:00:00,25.8,95,24.9,0.0,3,1010.5,98
2026-07-02 06:00:00,25.8,95,25.0,0.0,3,1010.8,98
2026-07-02 07:00:00,26.6,91,25.0,0.0,3,1010.9,94
2026-07-02 08:00:00,27.4,85,24.7,0.0,3,1011.6,95
2026-07-02 09:00:00,28.4,80,24.6,0.0,1,1012.1,47
2026-07-02 10:00:00,28.4,81,24.8,0.2,51,1012.1,59
2026-07-02 11:00:00,28.9,79,24.9,0.0,1,1011.7,45
2026-07-02 12:00:00,29.4,75,24.6,0.0,3,1011.7,82
2026-07-02 13:00:00,29.6,75,24.7,0.0,3,1011.6,94
2026-07-02 14:00:00,29.5,74,24.4,0.0,2,1011.4,73
2026-07-02 15:00:00,29.5,72,23.9,0.0,1,1011.3,45
2026-07-02 16:00:00,28.9,75,23.9,0.0,1,1011.1,29
2026-07-02 17:00:00,28.2,80,24.5,0.0,0,1011.0,18
2026-07-02 18:00:00,27.4,85,24.6,0.0,0,1011.1,5
2026-07-02 19:00:00,26.7,89,24.8,0.0,0,1011.6,19
2026-07-02 20:00:00,26.2,92,24.8,0.0,1,1012.1,20
2026-07-02 21:00:00,26.3,92,24.9,0.0,1,1012.3,40
2026-07-02 22:00:00,26.1,93,24.9,0.0,2,1012.8,52
2026-07-02 23:00:00,25.9,95,25.0,0.0,2,1012.8,73
2026-07-03 00:00:00,25.8,95,25.0,0.0,3,1012.6,96
2026-07-03 01:00:00,25.9,94,24.8,0.0,3,1012.3,99
2026-07-03 02:00:00,26.0,93,24.8,0.0,3,1012.3,98
2026-07-03 03:00:00,25.8,95,24.9,0.0,3,1012.5,99
2026-07-03 04:00:00,25.8,95,24.9,0.0,3,1012.2,98
2026-07-03 05:00:00,25.5,96,24.7,0.0,3,1012.2,84
2026-07-03 06:00:00,25.7,93,24.5,0.0,2,1012.4,58
2026-07-03 07:00:00,26.8,88,24.6,0.0,2,1012.5,53
2026-07-03 08:00:00,27.6,83,24.4,0.0,2,1012.9,52
2026-07-03 09:00:00,28.5,81,24.9,0.0,3,1012.6,94
2026-07-03 10:00:00,28.7,81,25.0,0.0,2,1012.5,74
2026-07-03 11:00:00,29.1,79,25.1,0.0,1,1012.5,45
2026-07-03 12:00:00,29.5,78,25.2,0.0,1,1012.5,49
2026-07-03 13:00:00,29.7,74,24.7,0.0,3,1012.2,91
2026-07-03 14:00:00,29.7,74,24.6,0.0,3,1012.1,98
2026-07-03 15:00:00,29.6,71,23.9,0.0,3,1011.9,100
2026-07-03 16:00:00,29.0,73,23.7,0.0,3,1011.6,97
2026-07-03 17:00:00,28.4,76,23.8,0.0,3,1011.3,99
2026-07-03 18:00:00,27.8,79,23.7,0.0,3,1011.6,84
2026-07-03 19:00:00,26.7,86,24.3,0.0,3,1011.7,91
2026-07-03 20:00:00,25.8,91,24.2,0.0,1,1012.2,41
2026-07-03 21:00:00,25.7,92,24.3,0.0,1,1012.3,21
2026-07-03 22:00:00,25.3,93,24.1,0.0,0,1012.6,13
2026-07-03 23:00:00,25.3,92,24.0,0.0,1,1012.7,20
2026-07-04 00:00:00,25.2,93,23.9,0.0,1,1012.4,26
2026-07-04 01:00:00,25.0,94,23.9,0.0,0,1012.0,9
2026-07-04 02:00:00,25.2,93,24.0,0.0,1,1011.5,29
2026-07-04 03:00:00,25.2,92,23.9,0.0,1,1011.5,31
2026-07-04 04:00:00,25.1,94,24.0,0.0,1,1011.4,41
2026-07-04 05:00:00,25.2,93,24.0,0.0,1,1011.4,47
2026-07-04 06:00:00,25.8,90,24.0,0.0,0,1011.8,17
2026-07-04 07:00:00,26.8,86,24.3,0.0,0,1012.2,17
2026-07-04 08:00:00,27.5,82,24.1,0.0,1,1012.4,23
2026-07-04 09:00:00,28.3,78,24.1,0.0,0,1012.0,0
2026-07-04 10:00:00,28.7,76,24.0,0.0,0,1011.9,0
2026-07-04 11:00:00,29.1,75,24.2,0.0,0,1011.9,0
2026-07-04 12:00:00,29.5,73,24.0,0.0,1,1011.7,20
2026-07-04 13:00:00,29.6,73,24.2,0.0,0,1011.8,6
2026-07-04 14:00:00,29.5,74,24.3,0.0,0,1011.7,1
2026-07-04 15:00:00,29.7,71,23.9,0.0,0,1011.0,0
2026-07-04 16:00:00,29.0,74,23.9,0.0,0,1011.0,0
2026-07-04 17:00:00,28.3,78,24.1,0.0,0,1010.6,9
2026-07-04 18:00:00,27.6,83,24.5,0.0,0,1010.3,4
2026-07-04 19:00:00,26.7,89,24.8,0.0,0,1010.3,0
2026-07-04 20:00:00,25.8,93,24.6,0.0,0,1010.7,4
2026-07-04 21:00:00,26.0,92,24.6,0.0,0,1011.0,2
2026-07-04 22:00:00,25.8,93,24.6,0.0,1,1011.6,20
2026-07-04 23:00:00,25.7,93,24.6,0.0,1,1011.4,22
2026-07-05 00:00:00,25.7,93,24.5,0.0,1,1011.0,31
2026-07-05 01:00:00,25.6,93,24.4,0.0,1,1010.8,34
2026-07-05 02:00:00,25.6,93,24.3,0.0,1,1010.5,27
2026-07-05 03:00:00,25.4,94,24.3,0.0,0,1010.1,7
2026-07-05 04:00:00,25.4,92,24.0,0.0,0,1010.3,2
2026-07-05 05:00:00,25.4,91,23.8,0.0,0,1010.6,7
2026-07-05 06:00:00,25.6,90,23.8,0.0,1,1011.0,27
2026-07-05 07:00:00,26.6,85,23.8,0.0,3,1011.7,82
2026-07-05 08:00:00,27.2,81,23.7,0.0,2,1011.8,79
2026-07-05 09:00:00,28.1,76,23.6,0.0,3,1011.3,86
2026-07-05 10:00:00,28.5,75,23.6,0.0,3,1011.1,98
2026-07-05 11:00:00,29.1,72,23.4,0.0,3,1010.9,99
2026-07-05 12:00:00,29.3,72,23.8,0.0,3,1010.9,99
2026-07-05 13:00:00,29.7,70,23.7,0.0,3,1010.6,87
2026-07-05 14:00:00,29.6,71,23.8,0.0,2,1010.3,62
2026-07-05 15:00:00,29.6,69,23.4,0.0,0,1010.0,6
2026-07-05 16:00:00,29.1,71,23.3,0.0,0,1009.6,1
2026-07-05 17:00:00,28.5,73,23.2,0.0,0,1009.3,0
2026-07-05 18:00:00,27.8,76,23.2,0.0,0,1009.5,0
2026-07-05 19:00:00,26.7,84,23.8,0.0,0,1009.9,0
2026-07-05 20:00:00,25.9,88,23.8,0.0,0,1010.3,1
2026-07-05 21:00:00,26.2,85,23.5,0.0,0,1010.6,0
2026-07-05 22:00:00,25.9,86,23.4,0.0,0,1010.8,0
2026-07-05 23:00:00,25.6,88,23.5,0.0,0,1010.6,0
2026-07-06 00:00:00,25.7,88,23.7,0.0,0,1010.1,2
2026-07-06 01:00:00,26.1,88,23.9,0.0,0,1009.7,2
2026-07-06 02:00:00,26.1,89,24.1,0.0,0,1009.4,2
2026-07-06 03:00:00,26.2,87,23.9,0.0,0,1009.6,5
2026-07-06 04:00:00,26.0,88,24.0,0.0,0,1009.8,3
2026-07-06 05:00:00,26.0,88,23.9,0.0,0,1009.6,0
2026-07-06 06:00:00,26.2,87,23.8,0.0,0,1009.7,0
2026-07-06 07:00:00,27.1,84,24.1,0.0,0,1009.8,0
2026-07-06 08:00:00,27.8,81,24.1,0.0,0,1010.2,0
2026-07-06 09:00:00,28.8,76,24.2,0.0,0,1010.2,0
2026-07-06 10:00:00,29.2,73,23.8,0.0,0,1010.2,0
2026-07-06 11:00:00,29.6,72,24.0,0.0,0,1010.0,0
2026-07-06 12:00:00,29.8,71,24.0,0.0,0,1009.8,0
2026-07-06 13:00:00,29.9,72,24.3,0.0,0,1009.7,0
2026-07-06 14:00:00,29.8,72,24.2,0.0,0,1009.6,0
2026-07-06 15:00:00,29.8,72,24.1,0.0,0,1009.4,5
2026-07-06 16:00:00,29.2,75,24.3,0.0,0,1009.1,4
2026-07-06 17:00:00,28.7,78,24.5,0.0,0,1009.0,13
2026-07-06 18:00:00,28.1,81,24.5,0.0,1,1009.2,24
2026-07-06 19:00:00,27.3,87,24.8,0.0,0,1009.4,13
2026-07-06 20:00:00,26.4,90,24.7,0.0,0,1009.8,8
2026-07-06 21:00:00,26.3,91,24.7,0.0,0,1010.0,5
2026-07-06 22:00:00,25.8,93,24.5,0.0,0,1010.0,0
2026-07-06 23:00:00,25.6,93,24.3,0.0,0,1009.8,2
2026-07-07 00:00:00,25.4,92,24.0,0.0,0,1009.2,5
2026-07-07 01:00:00,25.2,92,23.9,0.0,0,1008.9,6
2026-07-07 02:00:00,25.0,93,23.9,0.0,0,1009.0,9
2026-07-07 03:00:00,25.2,93,24.0,0.0,0,1009.3,18
2026-07-07 04:00:00,25.1,93,23.9,0.0,1,1009.2,20
2026-07-07 05:00:00,25.0,93,23.9,0.0,1,1009.2,30
2026-07-07 06:00:00,25.3,94,24.2,0.0,1,1009.3,26
2026-07-07 07:00:00,26.9,89,24.9,0.0,1,1009.6,23
2026-07-07 08:00:00,27.7,84,24.7,0.1,51,1009.8,42
2026-07-07 09:00:00,28.9,76,24.2,0.1,51,1009.6,57
2026-07-07 10:00:00,29.3,72,23.8,0.1,51,1009.5,59
2026-07-07 11:00:00,29.7,73,24.2,0.1,51,1009.5,33
2026-07-07 12:00:00,30.0,72,24.4,0.0,0,1009.0,7
2026-07-07 13:00:00,30.3,69,24.0,0.0,0,1008.7,5
2026-07-07 14:00:00,30.4,67,23.7,0.0,0,1008.4,5
2026-07-07 15:00:00,30.6,66,23.5,0.0,0,1007.9,2
2026-07-07 16:00:00,30.2,69,23.9,0.0,0,1007.5,2
2026-07-07 17:00:00,29.8,69,23.5,0.0,0,1007.4,2
2026-07-07 18:00:00,28.8,72,23.4,0.0,2,1007.3,54
2026-07-07 19:00:00,27.3,87,24.9,0.0,0,1007.8,17
2026-07-07 20:00:00,25.7,94,24.6,0.0,0,1008.3,9
2026-07-07 21:00:00,26.2,90,24.4,0.0,0,1008.9,3
2026-07-07 22:00:00,25.8,91,24.1,0.0,0,1009.1,13
2026-07-07 23:00:00,25.6,91,24.1,0.0,0,1008.8,7
2026-07-08 00:00:00,25.3,93,24.0,0.0,0,1008.3,4
2026-07-08 01:00:00,24.8,94,23.8,0.0,0,1007.9,12
2026-07-08 02:00:00,24.3,95,23.5,0.0,0,1007.7,15
2026-07-08 03:00:00,24.5,96,23.9,0.0,0,1007.8,2
2026-07-08 04:00:00,24.3,96,23.7,0.0,0,1007.9,9
2026-07-08 05:00:00,24.3,96,23.5,0.0,0,1008.3,16
2026-07-08 06:00:00,24.5,96,23.8,0.0,0,1008.5,4
2026-07-08 07:00:00,26.6,87,24.2,0.0,0,1008.7,7
2026-07-08 08:00:00,28.0,79,24.0,0.0,0,1008.9,18
2026-07-08 09:00:00,29.7,71,23.8,0.0,2,1008.6,56
2026-07-08 10:00:00,29.9,72,24.3,0.0,2,1008.3,61
2026-07-08 11:00:00,30.2,73,24.8,0.0,1,1008.2,32
2026-07-08 12:00:00,30.7,71,24.8,0.0,1,1008.0,33
2026-07-08 13:00:00,30.2,73,24.8,0.0,1,1007.6,28
2026-07-08 14:00:00,29.9,72,24.3,0.0,0,1007.3,18
2026-07-08 15:00:00,30.0,70,23.9,0.0,0,1007.0,10
2026-07-08 16:00:00,29.4,72,23.8,0.0,0,1006.9,7
2026-07-08 17:00:00,28.6,74,23.5,0.0,0,1006.9,6
2026-07-08 18:00:00,27.8,77,23.3,0.0,1,1006.8,24
2026-07-08 19:00:00,27.2,79,23.3,0.0,1,1006.9,48
2026-07-08 20:00:00,26.8,83,23.7,0.0,1,1007.1,27
2026-07-08 21:00:00,26.8,83,23.7,0.0,1,1007.0,32
2026-07-08 22:00:00,26.6,84,23.8,0.0,1,1007.5,32
2026-07-08 23:00:00,26.6,85,23.8,0.0,1,1007.3,28
2026-07-09 00:00:00,26.5,86,24.0,0.0,1,1007.0,31
2026-07-09 01:00:00,26.4,86,23.9,0.0,1,1006.7,34
2026-07-09 02:00:00,26.4,87,24.2,0.0,1,1006.7,41
2026-07-09 03:00:00,26.7,85,24.0,0.0,1,1006.3,34
2026-07-09 04:00:00,26.7,85,24.1,0.0,1,1006.2,28
2026-07-09 05:00:00,26.6,88,24.4,0.0,1,1006.3,32
2026-07-09 06:00:00,26.6,90,24.9,0.1,51,1006.5,26
2026-07-09 07:00:00,27.4,85,24.8,0.0,1,1006.4,38
2026-07-09 08:00:00,28.3,80,24.6,0.0,2,1006.6,60
2026-07-09 09:00:00,29.1,80,25.2,0.0,1,1006.1,29
2026-07-09 10:00:00,29.4,78,25.2,0.1,51,1006.5,20
2026-07-09 11:00:00,30.0,76,25.2,0.1,51,1006.7,21
2026-07-09 12:00:00,30.4,73,24.9,0.1,51,1006.5,20
2026-07-09 13:00:00,30.3,75,25.3,0.1,51,1006.3,33
2026-07-09 14:00:00,30.1,75,25.2,0.3,51,1005.9,22
2026-07-09 15:00:00,30.3,76,25.5,0.1,51,1005.7,15
2026-07-09 16:00:00,29.4,80,25.6,0.0,0,1005.5,8
2026-07-09 17:00:00,28.3,83,25.2,0.2,51,1005.6,27
2026-07-09 18:00:00,28.0,87,25.5,0.0,1,1005.6,37
2026-07-09 19:00:00,27.2,92,25.7,0.1,51,1005.7,24
2026-07-09 20:00:00,27.5,89,25.5,0.0,1,1006.2,34
2026-07-09 21:00:00,27.8,89,25.9,0.0,1,1006.3,27
2026-07-09 22:00:00,27.9,89,25.9,0.0,3,1006.8,100
2026-07-09 23:00:00,27.7,91,26.0,0.0,3,1006.8,100
2026-07-10 00:00:00,27.6,90,25.9,0.0,3,1006.5,100
2026-07-10 01:00:00,27.6,90,25.7,0.0,3,1005.8,98
2026-07-10 02:00:00,27.4,91,25.7,0.0,3,1005.3,99
2026-07-10 03:00:00,27.5,87,25.0,0.0,2,1004.8,67
2026-07-10 04:00:00,27.3,90,25.5,0.0,3,1004.4,99
2026-07-10 05:00:00,27.4,88,25.3,0.0,3,1004.5,100
2026-07-10 06:00:00,27.5,89,25.5,0.0,3,1004.5,98
2026-07-10 07:00:00,27.5,88,25.3,0.3,51,1004.9,100
2026-07-10 08:00:00,27.7,85,24.9,0.3,51,1005.2,100
2026-07-10 09:00:00,28.1,83,24.9,0.2,51,1005.6,99
2026-07-10 10:00:00,28.3,84,25.3,0.5,53,1005.9,99
2026-07-10 11:00:00,28.9,80,25.2,0.5,53,1005.9,89
2026-07-10 12:00:00,28.1,80,24.3,1.2,55,1005.5,98
2026-07-10 13:00:00,27.8,86,25.2,0.8,53,1005.1,100
2026-07-10 14:00:00,27.9,84,25.0,0.5,53,1004.5,100
2026-07-10 15:00:00,28.7,81,25.0,0.2,51,1004.2,100
2026-07-10 16:00:00,28.5,78,24.2,0.2,51,1003.8,100
2026-07-10 17:00:00,28.3,82,25.0,0.1,51,1003.8,100
2026-07-10 18:00:00,28.1,86,25.5,0.0,3,1003.6,100
2026-07-10 19:00:00,28.0,86,25.5,0.0,3,1003.7,100
2026-07-10 20:00:00,28.0,86,25.4,0.0,3,1004.1,100
2026-07-10 21:00:00,27.8,86,25.2,0.0,3,1004.2,100
2026-07-10 22:00:00,27.7,85,25.0,0.2,51,1004.6,84
2026-07-10 23:00:00,27.7,86,25.1,0.1,51,1004.4,93
2026-07-11 00:00:00,27.6,88,25.3,0.1,51,1003.8,99
2026-07-11 01:00:00,27.1,84,24.2,0.2,51,1002.8,100
2026-07-11 02:00:00,27.4,86,24.8,0.2,51,1002.3,100
2026-07-11 03:00:00,27.1,82,23.7,0.3,51,1002.0,100
2026-07-11 04:00:00,27.4,82,24.0,0.1,51,1001.7,100
2026-07-11 05:00:00,26.7,88,24.5,0.5,53,1002.1,100
2026-07-11 06:00:00,27.7,82,24.3,0.1,51,1002.2,100
2026-07-11 07:00:00,26.5,86,24.0,0.6,53,1003.3,100
2026-07-11 08:00:00,27.2,87,24.9,0.6,53,1003.6,100
2026-07-11 09:00:00,25.3,96,24.6,0.3,51,1004.5,100
2026-07-11 10:00:00,27.6,85,24.9,0.3,51,1004.0,100
2026-07-11 11:00:00,27.2,89,25.3,0.8,53,1004.4,100
2026-07-11 12:00:00,27.8,87,25.5,0.8,53,1004.2,100
2026-07-11 13:00:00,28.5,85,25.7,0.2,51,1004.3,100
2026-07-11 14:00:00,28.4,84,25.4,0.2,51,1004.1,100
2026-07-11 15:00:00,27.1,88,25.0,0.5,53,1004.1,74
2026-07-11 16:00:00,28.3,81,24.8,0.0,2,1003.8,78
2026-07-11 17:00:00,28.8,81,25.2,0.0,3,1003.7,99
2026-07-11 18:00:00,28.5,85,25.6,0.0,3,1004.3,100
2026-07-11 19:00:00,28.2,86,25.7,0.0,3,1004.9,100
2026-07-11 20:00:00,28.0,87,25.7,0.0,3,1005.5,100
2026-07-11 21:00:00,28.0,87,25.6,0.1,51,1006.1,100
2026-07-11 22:00:00,27.8,88,25.6,0.1,51,1007.0,100
2026-07-11 23:00:00,27.0,89,25.0,0.3,51,1007.5,100
2026-07-12 00:00:00,26.4,93,25.2,1.1,55,1007.7,100
2026-07-12 01:00:00,26.3,94,25.3,0.5,53,1007.7,99
2026-07-12 02:00:00,26.0,93,24.8,0.4,51,1007.8,99
2026-07-12 03:00:00,26.4,95,25.4,0.6,53,1007.7,95
2026-07-12 04:00:00,26.2,94,25.2,0.1,51,1007.6,81
2026-07-12 05:00:00,25.8,93,24.6,0.5,53,1007.8,87
2026-07-12 06:00:00,26.1,95,25.2,0.2,51,1008.2,98
2026-07-12 07:00:00,26.6,93,25.3,0.1,51,1008.8,99
2026-07-12 08:00:00,27.2,90,25.4,0.2,51,1009.4,100
2026-07-12 09:00:00,28.2,88,26.1,0.2,51,1009.6,100
2026-07-12 10:00:00,28.4,86,25.8,0.2,51,1009.8,100
2026-07-12 11:00:00,28.7,85,25.9,0.4,51,1010.1,100
2026-07-12 12:00:00,29.3,81,25.7,0.2,51,1010.0,89
2026-07-12 13:00:00,29.7,76,25.1,0.1,51,1010.0,5
2026-07-12 14:00:00,29.7,76,24.9,0.1,51,1009.6,5
2026-07-12 15:00:00,29.7,78,25.5,0.1,51,1009.2,4
2026-07-12 16:00:00,29.3,79,25.2,0.0,0,1009.2,6
2026-07-12 17:00:00,28.4,81,24.9,0.4,51,1009.5,7
2026-07-12 18:00:00,27.6,86,25.1,0.7,53,1009.8,16
2026-07-12 19:00:00,27.2,89,25.2,0.1,51,1010.3,9
2026-07-12 20:00:00,27.0,90,25.3,0.0,0,1010.8,11
2026-07-12 21:00:00,27.3,89,25.3,0.1,51,1010.9,15
2026-07-12 22:00:00,27.0,91,25.3,0.1,51,1010.9,19
2026-07-12 23:00:00,26.8,93,25.5,0.1,51,1011.1,27
2026-07-13 00:00:00,26.7,92,25.2,0.1,51,1011.1,29
2026-07-13 01:00:00,26.7,92,25.3,0.1,51,1010.8,13
2026-07-13 02:00:00,26.8,91,25.2,0.0,0,1010.2,5
2026-07-13 03:00:00,26.9,90,25.1,0.0,0,1010.0,2
2026-07-13 04:00:00,26.8,91,25.1,0.0,0,1009.8,7
2026-07-13 05:00:00,26.7,89,24.8,0.0,0,1009.9,5
2026-07-13 06:00:00,26.8,89,24.9,0.0,0,1010.2,11
2026-07-13 07:00:00,27.5,86,25.0,0.0,0,1010.3,15
2026-07-13 08:00:00,28.2,81,24.6,0.0,1,1010.7,27
2026-07-13 09:00:00,28.7,85,25.9,0.0,2,1010.9,66
2026-07-13 10:00:00,29.0,81,25.4,0.3,51,1011.2,100
2026-07-13 11:00:00,29.5,80,25.6,0.0,2,1011.2,70
2026-07-13 12:00:00,29.8,78,25.5,0.0,0,1010.9,12
2026-07-13 13:00:00,30.0,75,25.0,0.0,1,1010.5,27
2026-07-13 14:00:00,29.8,74,24.8,0.0,1,1010.3,28
2026-07-13 15:00:00,30.0,73,24.6,0.0,1,1010.4,23
2026-07-13 16:00:00,29.4,75,24.5,0.0,1,1010.0,23
2026-07-13 17:00:00,28.8,78,24.6,0.0,2,1009.9,74
2026-07-13 18:00:00,28.2,80,24.5,0.0,3,1010.2,95
2026-07-13 19:00:00,27.6,85,24.8,0.0,3,1010.2,98
2026-07-13 20:00:00,27.2,87,24.8,0.0,2,1010.6,64
2026-07-13 21:00:00,27.0,89,25.1,0.0,3,1010.7,98
2026-07-13 22:00:00,26.8,90,25.1,0.0,3,1011.1,99
2026-07-13 23:00:00,26.7,91,25.1,0.0,3,1011.1,95
2026-07-14 00:00:00,26.4,92,25.0,0.0,3,1010.9,97
2026-07-14 01:00:00,26.2,92,24.9,0.0,3,1010.5,100
2026-07-14 02:00:00,26.1,93,24.9,0.0,3,1010.2,100
2026-07-14 03:00:00,26.0,90,24.2,0.0,3,1010.4,100
2026-07-14 04:00:00,25.9,91,24.3,0.0,3,1010.2,82
2026-07-14 05:00:00,25.4,94,24.4,0.0,2,1010.3,77
2026-07-14 06:00:00,25.5,94,24.4,0.0,3,1010.5,90
2026-07-14 07:00:00,27.0,86,24.5,0.0,3,1010.7,94
2026-07-14 08:00:00,27.7,82,24.4,0.0,3,1011.1,100
2026-07-14 09:00:00,28.8,76,24.0,0.0,2,1010.9,56
2026-07-14 10:00:00,29.2,74,24.1,0.0,0,1011.0,4
2026-07-14 11:00:00,29.5,74,24.4,0.0,1,1010.9,38
2026-07-14 12:00:00,29.7,73,24.5,0.0,1,1011.0,38
2026-07-14 13:00:00,29.7,74,24.5,0.0,3,1010.6,87
2026-07-14 14:00:00,29.6,74,24.6,0.0,3,1010.2,98
2026-07-14 15:00:00,29.9,70,23.8,0.0,3,1009.8,98
2026-07-14 16:00:00,29.4,72,23.8,0.0,3,1009.8,97
2026-07-14 17:00:00,29.0,73,23.7,0.0,1,1009.4,20
2026-07-14 18:00:00,28.4,76,23.7,0.0,0,1009.5,16
2026-07-14 19:00:00,27.4,81,24.0,0.0,0,1009.4,2
2026-07-14 20:00:00,26.9,83,23.7,0.0,0,1009.5,6
2026-07-14 21:00:00,26.8,80,23.1,0.0,2,1009.5,59
2026-07-14 22:00:00,26.2,84,23.3,0.0,3,1010.0,83
2026-07-14 23:00:00,26.3,85,23.6,0.0,1,1010.0,46
2026-07-15 00:00:00,26.3,85,23.6,0.0,2,1009.8,66
2026-07-15 01:00:00,26.4,84,23.4,0.0,2,1009.4,50
2026-07-15 02:00:00,26.3,84,23.3,0.0,2,1008.9,63
2026-07-15 03:00:00,26.2,83,23.1,0.0,3,1008.7,80
2026-07-15 04:00:00,26.1,85,23.3,0.0,3,1008.3,89
2026-07-15 05:00:00,26.1,84,23.3,0.0,1,1008.2,28
2026-07-15 06:00:00,26.1,85,23.4,0.0,0,1008.4,0
2026-07-15 07:00:00,26.9,83,23.8,0.0,0,1008.6,0
2026-07-15 08:00:00,27.6,82,24.2,0.0,0,1008.9,0
2026-07-15 09:00:00,28.8,78,24.5,0.0,0,1008.9,2
2026-07-15 10:00:00,29.1,77,24.8,0.0,2,1008.6,52
2026-07-15 11:00:00,29.5,75,24.5,0.0,3,1008.7,80
2026-07-15 12:00:00,29.7,73,24.5,0.0,2,1008.5,57
2026-07-15 13:00:00,29.9,73,24.5,0.0,3,1008.0,95
2026-07-15 14:00:00,29.6,75,24.6,0.0,2,1007.5,76
2026-07-15 15:00:00,30.2,75,25.2,0.1,51,1007.2,60
2026-07-15 16:00:00,29.8,74,24.7,0.1,51,1006.8,95
2026-07-15 17:00:00,28.9,79,24.9,0.1,51,1006.7,98
2026-07-15 18:00:00,28.3,83,25.1,0.0,3,1006.8,84
2026-07-15 19:00:00,27.5,88,25.4,0.0,1,1006.9,26
2026-07-15 20:00:00,27.2,90,25.5,0.0,1,1007.2,27
2026-07-15 21:00:00,27.4,89,25.5,0.0,2,1007.4,52
2026-07-15 22:00:00,27.4,88,25.3,0.0,2,1007.6,70
2026-07-15 23:00:00,27.5,87,25.2,0.0,3,1007.4,93
2026-07-16 00:00:00,27.3,90,25.5,0.0,3,1007.3,86
2026-07-16 01:00:00,27.1,92,25.6,0.0,2,1007.0,67
2026-07-16 02:00:00,27.0,92,25.6,0.0,2,1006.8,72
2026-07-16 03:00:00,27.1,91,25.6,0.0,2,1006.5,57
2026-07-16 04:00:00,26.8,92,25.3,0.2,51,1006.1,52
2026-07-16 05:00:00,26.7,94,25.7,0.2,51,1005.9,57
2026-07-16 06:00:00,27.0,92,25.5,0.0,3,1006.1,89
2026-07-16 07:00:00,27.7,87,25.4,0.0,3,1006.4,100
2026-07-16 08:00:00,28.4,82,25.1,0.0,3,1006.8,91
2026-07-16 09:00:00,29.0,85,26.1,0.0,3,1006.7,83
2026-07-16 10:00:00,29.1,80,25.4,0.3,51,1006.6,44
2026-07-16 11:00:00,29.8,78,25.4,0.1,51,1006.4,35
2026-07-16 12:00:00,30.2,76,25.4,0.0,1,1006.1,25
2026-07-16 13:00:00,30.5,74,25.3,0.0,2,1005.7,73
2026-07-16 14:00:00,30.4,73,24.9,0.0,3,1005.5,85
2026-07-16 15:00:00,30.5,74,25.5,0.0,3,1005.2,86
2026-07-16 16:00:00,30.0,74,24.9,0.0,3,1005.1,95
2026-07-16 17:00:00,29.4,77,25.0,0.0,3,1004.6,99
2026-07-16 18:00:00,28.8,79,24.8,0.1,51,1004.8,99
2026-07-16 19:00:00,27.9,90,26.1,0.0,3,1004.7,98
2026-07-16 20:00:00,27.6,91,26.0,0.0,3,1005.1,98
2026-07-16 21:00:00,27.8,91,26.2,0.0,3,1005.1,98
2026-07-16 22:00:00,27.6,91,26.0,0.0,3,1005.5,100
2026-07-16 23:00:00,27.6,90,25.8,0.0,3,1005.4,100
2026-07-17 00:00:00,27.4,92,26.0,0.0,3,1005.1,98
2026-07-17 01:00:00,27.3,91,25.8,0.0,3,1004.6,99
2026-07-17 02:00:00,27.2,92,25.8,0.0,3,1004.1,99
2026-07-17 03:00:00,27.1,93,25.9,0.0,3,1004.0,99
2026-07-17 04:00:00,27.1,93,25.8,0.0,3,1004.1,95
2026-07-17 05:00:00,27.0,93,25.8,0.0,2,1003.9,55
2026-07-17 06:00:00,27.2,91,25.6,0.0,2,1004.3,59
2026-07-17 07:00:00,28.0,88,25.7,0.0,2,1004.5,59
2026-07-17 08:00:00,28.7,84,25.6,0.0,1,1005.0,45
2026-07-17 09:00:00,29.6,81,25.9,0.0,3,1004.6,92
2026-07-17 10:00:00,30.1,76,25.5,0.0,2,1004.8,52
2026-07-17 11:00:00,30.3,73,25.0,0.1,51,1004.7,33
2026-07-17 12:00:00,30.3,76,25.6,0.0,1,1004.6,25
2026-07-17 13:00:00,30.5,76,25.7,0.0,1,1004.5,20
2026-07-17 14:00:00,30.4,76,25.8,0.0,1,1004.2,20
2026-07-17 15:00:00,30.8,74,25.7,0.0,0,1003.7,4
2026-07-17 16:00:00,30.2,78,26.0,0.0,3,1003.3,85
2026-07-17 17:00:00,29.5,81,26.0,0.0,2,1003.1,79
2026-07-17 18:00:00,28.7,86,26.1,0.0,3,1003.1,99
2026-07-17 19:00:00,27.9,91,26.3,0.0,3,1003.2,100
2026-07-17 20:00:00,27.5,94,26.4,0.0,3,1003.4,100
2026-07-17 21:00:00,27.8,89,25.8,0.0,3,1003.3,97
2026-07-17 22:00:00,27.6,89,25.7,0.0,2,1003.9,51
2026-07-17 23:00:00,27.3,93,26.0,0.0,2,1004.2,56
2026-07-18 00:00:00,27.0,96,26.3,0.0,2,1004.1,54
2026-07-18 01:00:00,26.8,97,26.3,0.0,2,1003.7,69
2026-07-18 02:00:00,26.7,98,26.3,0.0,1,1003.2,24
2026-07-18 03:00:00,26.7,95,25.9,0.0,1,1003.0,27
2026-07-18 04:00:00,26.7,95,25.8,0.0,1,1003.1,35
2026-07-18 05:00:00,26.5,96,25.8,0.0,0,1003.3,18
2026-07-18 06:00:00,26.6,94,25.6,0.2,51,1003.5,13
2026-07-18 07:00:00,27.6,89,25.6,0.0,0,1003.6,19
2026-07-18 08:00:00,28.5,81,25.0,0.0,1,1003.7,35
2026-07-18 09:00:00,29.5,78,25.3,0.3,51,1003.8,64
2026-07-18 10:00:00,29.7,78,25.4,0.2,51,1003.7,52
2026-07-18 11:00:00,30.2,76,25.6,0.0,1,1003.9,23
2026-07-18 12:00:00,30.8,70,24.7,0.0,1,1004.1,28
2026-07-18 13:00:00,31.2,67,24.2,0.0,1,1003.9,24
2026-07-18 14:00:00,31.4,65,24.1,0.0,0,1003.6,1
2026-07-18 15:00:00,31.6,63,23.8,0.0,0,1003.6,0
2026-07-18 16:00:00,30.9,68,24.2,0.0,0,1003.2,2
2026-07-18 17:00:00,30.1,75,25.2,0.0,0,1003.0,2
2026-07-18 18:00:00,29.4,79,25.3,0.0,0,1003.1,2
2026-07-18 19:00:00,28.4,84,25.5,0.0,0,1003.4,9
2026-07-18 20:00:00,28.0,87,25.5,0.0,1,1003.7,23
2026-07-18 21:00:00,27.8,87,25.5,0.0,0,1003.9,16
2026-07-18 22:00:00,27.4,90,25.6,0.0,0,1004.6,14
2026-07-18 23:00:00,27.2,91,25.7,0.0,0,1004.6,16
2026-07-19 00:00:00,27.0,92,25.7,0.0,0,1004.7,14
2026-07-19 01:00:00,26.8,95,25.8,0.0,0,1004.6,2
2026-07-19 02:00:00,26.5,97,25.9,0.0,0,1004.6,1
2026-07-19 03:00:00,26.7,95,25.9,0.0,0,1004.7,3
2026-07-19 04:00:00,26.6,95,25.8,0.0,0,1004.8,3
2026-07-19 05:00:00,26.7,93,25.5,0.0,0,1004.9,1
2026-07-19 06:00:00,26.6,93,25.4,0.0,0,1005.1,1
2026-07-19 07:00:00,27.9,86,25.3,0.0,0,1005.3,8
2026-07-19 08:00:00,28.6,81,25.0,0.0,1,1005.6,27
2026-07-19 09:00:00,29.8,76,25.2,0.0,0,1005.5,2
2026-07-19 10:00:00,30.4,74,25.2,0.0,0,1005.5,13
2026-07-19 11:00:00,31.0,70,24.9,0.0,1,1005.5,27
2026-07-19 12:00:00,31.6,66,24.4,0.0,1,1005.4,34
2026-07-19 13:00:00,32.1,63,24.0,0.0,1,1005.1,45
2026-07-19 14:00:00,31.9,64,24.3,0.0,0,1005.0,9
2026-07-19 15:00:00,31.9,63,23.9,0.0,0,1004.9,10
2026-07-19 16:00:00,31.8,63,23.8,0.0,1,1004.8,21
2026-07-19 17:00:00,31.4,63,23.6,0.0,1,1004.4,47
2026-07-19 18:00:00,30.4,67,23.7,0.0,1,1004.7,35
2026-07-19 19:00:00,29.0,79,25.0,0.0,0,1005.1,16
2026-07-19 20:00:00,27.9,86,25.4,0.0,0,1005.6,18
2026-07-19 21:00:00,28.0,81,24.5,0.0,0,1006.1,6
2026-07-19 22:00:00,27.5,84,24.6,0.0,0,1006.6,5
2026-07-19 23:00:00,27.2,87,24.8,0.0,0,1006.9,5
2026-07-20 00:00:00,26.9,89,24.8,0.0,0,1006.7,4
2026-07-20 01:00:00,26.6,89,24.7,0.0,0,1006.6,4
2026-07-20 02:00:00,26.5,89,24.4,0.0,0,1006.2,2
2026-07-20 03:00:00,26.9,85,24.2,0.0,0,1006.2,1
2026-07-20 04:00:00,26.6,86,24.1,0.0,0,1006.3,1
2026-07-20 05:00:00,26.6,87,24.3,0.0,0,1006.4,5
2026-07-20 06:00:00,26.8,87,24.5,0.0,0,1006.9,17
2026-07-20 07:00:00,28.2,81,24.6,0.0,1,1007.2,27
2026-07-20 08:00:00,28.8,78,24.5,0.0,1,1007.3,44
2026-07-20 09:00:00,30.2,75,25.2,0.2,51,1007.1,20
2026-07-20 10:00:00,29.9,77,25.4,0.4,51,1006.9,36
2026-07-20 11:00:00,30.3,75,25.4,0.2,51,1007.0,18
2026-07-20 12:00:00,30.8,73,25.5,0.1,51,1007.0,14
2026-07-20 13:00:00,30.9,72,25.4,0.2,51,1007.0,13
2026-07-20 14:00:00,30.8,73,25.5,0.0,0,1006.7,5
2026-07-20 15:00:00,31.3,69,25.1,0.0,0,1006.5,0
2026-07-20 16:00:00,30.7,72,25.1,0.0,0,1006.1,2
2026-07-20 17:00:00,30.1,74,25.0,0.0,0,1006.0,2
2026-07-20 18:00:00,29.4,78,25.1,0.0,0,1006.5,3
2026-07-20 19:00:00,28.4,83,25.2,0.0,0,1006.9,8
2026-07-20 20:00:00,27.7,87,25.2,0.0,0,1007.3,9
2026-07-20 21:00:00,27.8,87,25.5,0.0,0,1007.5,11
2026-07-20 22:00:00,27.4,89,25.4,0.0,0,1007.7,16
2026-07-20 23:00:00,27.5,87,25.0,0.0,1,1007.8,24
2026-07-21 00:00:00,27.5,85,24.7,0.0,1,1007.7,21
2026-07-21 01:00:00,27.2,85,24.5,0.0,1,1007.5,20
2026-07-21 02:00:00,26.8,87,24.4,0.0,0,1007.2,19
2026-07-21 03:00:00,27.0,86,24.4,0.0,0,1007.2,12
2026-07-21 04:00:00,26.5,87,24.3,0.0,0,1007.2,8
2026-07-21 05:00:00,26.4,88,24.3,0.0,0,1007.5,10
2026-07-21 06:00:00,26.6,89,24.5,0.0,0,1007.8,2
2026-07-21 07:00:00,28.2,82,24.8,0.0,0,1008.1,1
2026-07-21 08:00:00,29.1,77,24.6,0.0,0,1008.4,2
2026-07-21 09:00:00,30.9,66,23.9,0.0,0,1008.6,1
2026-07-21 10:00:00,31.3,65,23.9,0.0,0,1008.6,0
2026-07-21 11:00:00,31.6,65,24.1,0.0,0,1008.5,7
2026-07-21 12:00:00,31.7,64,24.1,0.0,0,1008.1,6
2026-07-21 13:00:00,31.8,62,23.7,0.0,0,1007.9,13
2026-07-21 14:00:00,31.5,64,23.8,0.0,1,1008.0,29
2026-07-21 15:00:00,30.8,66,23.6,0.0,2,1007.9,59
2026-07-21 16:00:00,30.2,68,23.6,0.0,1,1007.8,38
2026-07-21 17:00:00,30.2,68,23.6,0.0,1,1007.5,30
2026-07-21 18:00:00,29.5,73,24.1,0.0,1,1007.9,22
2026-07-21 19:00:00,28.5,80,24.6,0.0,1,1008.1,34
2026-07-21 20:00:00,27.8,84,24.8,0.0,0,1008.3,5
2026-07-21 21:00:00,27.8,83,24.6,0.0,0,1008.6,10
2026-07-21 22:00:00,27.5,83,24.4,0.0,0,1008.9,4
2026-07-21 23:00:00,27.3,85,24.5,0.0,0,1008.9,2
2026-07-22 00:00:00,27.1,87,24.8,0.0,0,1008.8,5
2026-07-22 01:00:00,26.9,89,25.0,0.0,0,1008.4,11
2026-07-22 02:00:00,26.8,90,25.0,0.0,0,1008.2,7
2026-07-22 03:00:00,27.0,88,24.8,0.0,0,1008.2,9
2026-07-22 04:00:00,26.5,90,24.7,0.1,51,1008.2,14
2026-07-22 05:00:00,26.4,90,24.7,0.0,0,1008.2,8
2026-07-22 06:00:00,26.2,92,24.8,0.0,1,1008.7,29
2026-07-22 07:00:00,27.5,86,25.0,0.0,1,1009.1,24
2026-07-22 08:00:00,28.4,83,25.2,0.0,0,1009.2,13
2026-07-22 09:00:00,29.5,77,25.1,0.0,1,1009.1,44
2026-07-22 10:00:00,29.2,81,25.6,0.6,53,1009.2,47
2026-07-22 11:00:00,30.3,75,25.4,0.1,51,1008.7,96
2026-07-22 12:00:00,31.5,69,25.2,0.0,0,1008.1,13
2026-07-22 13:00:00,30.5,74,25.4,0.1,51,1008.1,72
2026-07-22 14:00:00,29.8,77,25.4,0.1,51,1008.2,100
2026-07-22 15:00:00,28.7,81,25.1,0.3,51,1007.8,100
2026-07-22 16:00:00,29.4,80,25.5,0.7,53,1007.8,30
2026-07-22 17:00:00,29.1,80,25.3,0.2,51,1007.7,26
2026-07-22 18:00:00,28.7,80,24.9,0.1,51,1008.1,27
2026-07-22 19:00:00,27.9,84,25.0,0.0,0,1008.4,16
2026-07-22 20:00:00,27.3,88,25.1,0.0,0,1008.6,11
2026-07-22 21:00:00,27.3,91,25.7,0.0,0,1008.7,4
2026-07-22 22:00:00,27.0,92,25.5,0.0,0,1008.9,2
2026-07-22 23:00:00,26.9,92,25.4,0.0,0,1008.7,2
2026-07-23 00:00:00,26.7,92,25.4,0.0,0,1008.7,3
2026-07-23 01:00:00,26.7,92,25.2,0.0,0,1008.6,6
2026-07-23 02:00:00,26.7,90,24.9,0.0,0,1008.3,11
2026-07-23 03:00:00,27.1,86,24.5,0.0,0,1008.1,8
2026-07-23 04:00:00,26.9,85,24.2,0.0,0,1007.7,9
2026-07-23 05:00:00,26.7,86,24.2,0.0,0,1007.8,7
2026-07-23 06:00:00,26.2,90,24.3,0.1,51,1008.1,22
2026-07-23 07:00:00,27.7,85,25.0,0.1,51,1008.5,14
2026-07-23 08:00:00,28.4,80,24.7,0.1,51,1008.4,18
2026-07-23 09:00:00,29.9,75,25.0,0.0,0,1008.4,13
2026-07-23 10:00:00,30.5,71,24.7,0.1,51,1008.4,12
2026-07-23 11:00:00,31.1,68,24.5,0.0,0,1008.4,9
2026-07-23 12:00:00,31.4,66,24.4,0.0,0,1008.1,15
2026-07-23 13:00:00,31.2,68,24.6,0.1,51,1008.1,13
2026-07-23 14:00:00,31.3,67,24.4,0.0,0,1008.0,13
2026-07-23 15:00:00,31.4,64,23.9,0.0,1,1008.0,42
2026-07-23 16:00:00,30.5,68,23.9,0.2,51,1007.9,53
2026-07-23 17:00:00,29.8,72,24.1,0.1,51,1008.0,28
2026-07-23 18:00:00,29.2,76,24.5,0.1,51,1008.2,21
2026-07-23 19:00:00,28.3,83,25.1,0.0,0,1008.4,7
2026-07-23 20:00:00,27.7,84,24.7,0.0,0,1008.9,2
2026-07-23 21:00:00,27.8,83,24.6,0.0,0,1009.4,1
2026-07-23 22:00:00,27.5,82,24.1,0.0,0,1009.7,1
2026-07-23 23:00:00,27.3,82,24.1,0.0,0,1009.8,1
2026-07-24 00:00:00,27.2,84,24.2,0.0,0,1009.7,1
2026-07-24 01:00:00,27.2,85,24.4,0.0,0,1009.6,5
2026-07-24 02:00:00,27.3,84,24.5,0.0,0,1009.2,5
2026-07-24 03:00:00,27.2,85,24.5,0.0,0,1009.0,11
2026-07-24 04:00:00,26.9,86,24.4,0.0,0,1008.4,12
2026-07-24 05:00:00,26.8,86,24.3,0.0,0,1008.6,15
2026-07-24 06:00:00,26.9,86,24.4,0.0,1,1008.8,20
2026-07-24 07:00:00,28.7,79,24.8,0.0,0,1009.2,12
2026-07-24 08:00:00,29.6,74,24.4,0.0,1,1009.4,41
2026-07-24 09:00:00,30.4,73,25.0,0.0,1,1009.7,41
2026-07-24 10:00:00,30.9,71,25.1,0.0,2,1009.7,64
2026-07-24 11:00:00,31.2,70,25.1,0.0,1,1009.9,20
2026-07-24 12:00:00,31.8,67,24.9,0.0,0,1009.9,11
2026-07-24 13:00:00,31.6,69,25.1,0.0,0,1009.9,6
2026-07-24 14:00:00,31.5,69,25.1,0.0,3,1009.8,88
2026-07-24 15:00:00,31.3,69,25.0,0.1,51,1009.8,94
2026-07-24 16:00:00,30.7,70,24.7,0.1,51,1009.7,100
2026-07-24 17:00:00,29.8,76,25.1,0.1,51,1009.7,100
2026-07-24 18:00:00,29.5,77,25.1,0.0,3,1009.6,100
2026-07-24 19:00:00,28.8,82,25.4,0.0,3,1009.8,100
2026-07-24 20:00:00,28.4,83,25.2,0.0,3,1010.3,100
2026-07-24 21:00:00,28.3,86,25.7,0.0,3,1010.5,100
2026-07-24 22:00:00,28.3,85,25.6,0.0,3,1010.8,99
2026-07-24 23:00:00,27.8,89,25.8,0.0,3,1010.8,90
2026-07-25 00:00:00,27.7,90,25.9,0.0,3,1010.7,93
2026-07-25 01:00:00,27.5,91,25.9,0.0,3,1010.3,95
2026-07-25 02:00:00,27.4,91,25.8,0.0,3,1009.7,93
2026-07-25 03:00:00,27.6,90,25.7,0.0,3,1009.9,98
2026-07-25 04:00:00,27.2,90,25.5,0.0,3,1009.7,99
2026-07-25 05:00:00,27.1,91,25.5,0.0,3,1009.7,98
2026-07-25 06:00:00,27.1,91,25.5,0.0,3,1010.0,98
2026-07-25 07:00:00,28.4,88,26.3,0.0,3,1010.4,92
2026-07-25 08:00:00,29.1,83,25.9,0.0,3,1011.0,90
2026-07-25 09:00:00,30.6,75,25.7,0.2,51,1011.0,85
2026-07-25 10:00:00,31.1,72,25.4,0.3,51,1011.1,66
2026-07-25 11:00:00,32.1,63,24.1,0.3,51,1010.9,50
2026-07-25 12:00:00,32.2,63,24.2,0.2,51,1010.6,91
2026-07-25 13:00:00,31.5,70,25.3,0.8,53,1010.3,45
2026-07-25 14:00:00,30.7,74,25.4,0.7,53,1010.2,48
2026-07-25 15:00:00,30.5,78,26.2,1.0,55,1009.9,45
2026-07-25 16:00:00,29.8,81,26.2,0.9,53,1009.5,56
2026-07-25 17:00:00,29.4,84,26.3,0.8,53,1009.1,77
2026-07-25 18:00:00,28.8,87,26.3,0.3,51,1009.2,77
2026-07-25 19:00:00,28.2,90,26.4,0.0,2,1009.4,70
2026-07-25 20:00:00,27.7,90,26.0,0.0,2,1009.7,63
2026-07-25 21:00:00,28.1,90,26.3,0.0,2,1010.3,50
2026-07-25 22:00:00,27.7,91,26.1,0.0,0,1010.3,16
2026-07-25 23:00:00,27.3,92,25.8,0.0,0,1010.0,3
2026-07-26 00:00:00,26.9,92,25.4,0.0,0,1009.8,2
2026-07-26 01:00:00,26.6,91,25.0,0.0,0,1009.3,0
2026-07-26 02:00:00,26.4,91,24.9,0.0,0,1009.1,0
2026-07-26 03:00:00,26.4,92,24.9,0.0,0,1009.0,0
2026-07-26 04:00:00,26.0,92,24.6,0.0,0,1008.9,2
2026-07-26 05:00:00,25.9,91,24.4,0.0,0,1009.0,4
2026-07-26 06:00:00,26.1,91,24.4,0.0,0,1009.4,5
2026-07-26 07:00:00,28.1,85,25.3,0.0,0,1009.4,10
2026-07-26 08:00:00,28.9,80,25.0,0.0,0,1009.3,13
2026-07-26 09:00:00,30.9,71,25.0,0.0,0,1009.3,18
2026-07-26 10:00:00,31.6,65,24.3,0.3,51,1009.3,40
2026-07-26 11:00:00,32.5,58,23.2,0.3,51,1009.3,53
2026-07-26 12:00:00,32.8,56,23.0,0.2,51,1009.0,41
2026-07-26 13:00:00,32.4,59,23.5,0.3,51,1008.7,48
2026-07-26 14:00:00,30.3,75,25.4,1.4,61,1008.5,41
2026-07-26 15:00:00,30.2,77,25.8,1.2,55,1008.7,48
2026-07-26 16:00:00,29.1,81,25.6,1.0,55,1008.2,40
2026-07-26 17:00:00,28.7,85,25.9,0.6,53,1008.1,43
2026-07-26 18:00:00,28.3,87,26.0,0.3,51,1008.2,23
2026-07-26 19:00:00,27.5,93,26.2,0.2,51,1008.3,30
2026-07-26 20:00:00,27.1,93,25.9,0.1,51,1008.7,28
2026-07-26 21:00:00,27.1,94,26.0,0.0,0,1008.7,12
2026-07-26 22:00:00,27.0,93,25.8,0.0,0,1009.4,10
2026-07-26 23:00:00,26.8,94,25.7,0.0,0,1009.6,3
2026-07-27 00:00:00,26.8,92,25.4,0.0,1,1009.5,20
2026-07-27 01:00:00,26.6,91,24.9,0.0,0,1009.4,14
2026-07-27 02:00:00,26.6,89,24.7,0.0,0,1009.0,3
2026-07-27 03:00:00,26.3,92,24.9,0.0,0,1009.1,0
2026-07-27 04:00:00,25.8,94,24.7,0.0,0,1009.1,2
2026-07-27 05:00:00,25.6,95,24.8,0.0,0,1009.1,2
2026-07-27 06:00:00,25.6,96,24.9,0.0,0,1009.6,6
2026-07-27 07:00:00,27.2,94,26.2,0.0,0,1010.3,8
2026-07-27 08:00:00,28.4,85,25.6,0.1,51,1010.7,34
2026-07-27 09:00:00,29.9,71,24.1,0.0,0,1010.8,1
2026-07-27 10:00:00,30.8,66,23.6,0.0,0,1010.8,2
2026-07-27 11:00:00,31.4,64,23.8,0.0,0,1010.9,4
2026-07-27 12:00:00,31.8,63,23.8,0.0,0,1010.9,0
2026-07-27 13:00:00,32.0,61,23.5,0.0,0,1010.7,0
2026-07-27 14:00:00,32.0,61,23.5,0.0,0,1010.6,0
2026-07-27 15:00:00,31.8,62,23.6,0.0,0,1010.5,16
2026-07-27 16:00:00,31.2,65,23.9,0.0,1,1010.1,29
2026-07-27 17:00:00,30.4,68,23.8,0.1,51,1009.9,66
2026-07-27 18:00:00,29.7,72,24.2,0.0,2,1010.1,53
2026-07-27 19:00:00,28.9,76,24.3,0.0,0,1010.3,13
2026-07-27 20:00:00,28.5,77,24.0,0.0,0,1011.1,13
2026-07-27 21:00:00,28.3,78,24.0,0.0,0,1011.4,4
2026-07-27 22:00:00,28.1,78,24.0,0.0,0,1011.8,4
2026-07-27 23:00:00,28.1,79,24.0,0.0,0,1012.1,4
2026-07-28 00:00:00,28.0,79,24.1,0.0,0,1012.1,7
2026-07-28 01:00:00,27.8,81,24.2,0.0,0,1012.0,9
2026-07-28 02:00:00,27.4,82,24.1,0.0,0,1011.8,3
2026-07-28 03:00:00,27.2,82,23.9,0.0,0,1012.1,9
2026-07-28 04:00:00,26.9,84,23.9,0.0,0,1012.1,3
2026-07-28 05:00:00,26.8,84,23.9,0.0,0,1012.2,5
2026-07-28 06:00:00,26.5,87,24.2,0.0,0,1012.4,12
2026-07-28 07:00:00,28.1,80,24.4,0.0,0,1012.9,12
2026-07-28 08:00:00,29.0,77,24.5,0.2,51,1013.2,25
2026-07-28 09:00:00,30.7,69,24.4,0.2,51,1013.5,22
2026-07-28 10:00:00,29.4,77,24.9,0.9,53,1013.9,54
2026-07-28 11:00:00,28.6,85,25.8,1.3,61,1013.9,22
2026-07-28 12:00:00,30.8,72,25.1,0.1,51,1013.2,16
2026-07-28 13:00:00,31.2,67,24.4,0.0,0,1013.1,13
2026-07-28 14:00:00,31.0,68,24.5,0.1,51,1012.8,15
2026-07-28 15:00:00,31.1,68,24.6,0.3,51,1012.6,18
2026-07-28 16:00:00,30.9,67,24.1,0.2,51,1011.9,17
2026-07-28 17:00:00,30.3,70,24.2,0.2,51,1011.6,20
2026-07-28 18:00:00,29.7,77,25.3,0.2,51,1011.6,21
2026-07-28 19:00:00,28.4,86,25.8,0.0,0,1011.7,9
2026-07-28 20:00:00,27.8,86,25.2,0.0,0,1012.2,14
2026-07-28 21:00:00,27.8,86,25.3,0.0,0,1012.5,13
2026-07-28 22:00:00,27.5,87,25.1,0.0,0,1012.7,2
2026-07-28 23:00:00,27.5,86,25.0,0.0,1,1012.9,34
2026-07-29 00:00:00,27.5,86,24.9,0.0,1,1012.6,27
2026-07-29 01:00:00,27.3,86,24.7,0.0,0,1012.1,11
2026-07-29 02:00:00,27.1,87,24.7,0.0,0,1011.5,7
2026-07-29 03:00:00,27.5,81,24.0,0.0,0,1011.8,5
2026-07-29 04:00:00,26.9,86,24.3,0.0,0,1011.3,3
2026-07-29 05:00:00,26.4,90,24.6,0.0,0,1011.4,3
2026-07-29 06:00:00,26.2,92,24.9,0.0,0,1011.7,4
2026-07-29 07:00:00,27.7,86,25.2,0.0,0,1012.1,11
2026-07-29 08:00:00,28.3,77,23.9,0.2,51,1012.4,45
2026-07-29 09:00:00,30.2,71,24.3,0.1,51,1011.8,48
2026-07-29 10:00:00,31.0,65,23.7,0.2,51,1011.9,48
2026-07-29 11:00:00,31.4,65,24.1,0.4,51,1011.8,27
2026-07-29 12:00:00,32.2,60,23.5,0.2,51,1011.3,21
2026-07-29 13:00:00,32.2,59,23.2,0.2,51,1010.9,22
2026-07-29 14:00:00,32.2,59,23.1,0.2,51,1010.5,22
2026-07-29 15:00:00,32.6,56,22.6,0.1,51,1009.9,32
2026-07-29 16:00:00,32.0,58,22.7,0.1,51,1009.5,22
2026-07-29 17:00:00,31.2,63,23.2,0.0,0,1009.3,11
2026-07-29 18:00:00,30.3,66,23.3,0.0,0,1009.3,3
2026-07-29 19:00:00,28.6,76,24.0,0.0,0,1009.3,2
2026-07-29 20:00:00,27.5,81,24.0,0.0,0,1009.9,1
2026-07-29 21:00:00,27.8,82,24.4,0.0,0,1010.3,4
2026-07-29 22:00:00,27.1,83,24.0,0.0,0,1010.5,0
2026-07-29 23:00:00,26.9,82,23.6,0.0,0,1010.6,0
2026-07-30 00:00:00,26.7,83,23.5,0.0,0,1010.2,0
2026-07-30 01:00:00,26.6,82,23.3,0.0,0,1009.8,0
2026-07-30 02:00:00,26.4,84,23.4,0.0,0,1009.7,0
2026-07-30 03:00:00,26.4,84,23.5,0.0,0,1009.9,7
2026-07-30 04:00:00,26.0,84,23.1,0.0,0,1009.4,0
2026-07-30 05:00:00,26.0,83,22.9,0.0,0,1009.5,0
2026-07-30 06:00:00,25.9,83,22.8,0.0,0,1009.7,1
2026-07-30 07:00:00,27.9,78,23.7,0.0,0,1009.9,0
2026-07-30 08:00:00,29.4,69,23.0,0.0,0,1010.0,0
2026-07-30 09:00:00,31.0,63,23.1,0.0,0,1010.0,0
2026-07-30 10:00:00,31.9,57,22.4,0.0,0,1010.0,9
2026-07-30 11:00:00,32.4,54,22.0,0.0,1,1010.0,23
2026-07-30 12:00:00,32.4,55,22.1,0.1,51,1009.9,28
2026-07-30 13:00:00,32.1,57,22.6,0.2,51,1009.6,23
2026-07-30 14:00:00,31.6,60,22.9,0.4,51,1009.2,30
2026-07-30 15:00:00,32.4,57,22.8,0.3,51,1008.7,9
2026-07-30 16:00:00,31.7,60,23.0,0.0,0,1008.6,2
2026-07-30 17:00:00,30.9,63,23.1,0.0,0,1008.4,1
2026-07-30 18:00:00,29.9,68,23.3,0.0,0,1008.5,2
2026-07-30 19:00:00,28.6,74,23.6,0.0,0,1008.4,1
2026-07-30 20:00:00,27.4,80,23.7,0.0,0,1008.6,0
2026-07-30 21:00:00,27.6,83,24.5,0.0,0,1008.9,0
2026-07-30 22:00:00,26.9,86,24.3,0.0,0,1009.0,2
2026-07-30 23:00:00,26.7,87,24.3,0.0,0,1009.0,1
2026-07-31 00:00:00,26.4,88,24.2,0.0,0,1008.8,2
2026-07-31 01:00:00,26.3,88,24.1,0.0,0,1008.7,2
2026-07-31 02:00:00,26.1,88,24.0,0.0,0,1008.8,5
2026-07-31 03:00:00,26.1,89,24.2,0.0,0,1008.7,12
2026-07-31 04:00:00,25.7,91,24.0,0.0,1,1008.5,23
2026-07-31 05:00:00,25.8,90,24.1,0.0,0,1008.7,13
2026-07-31 06:00:00,25.7,90,24.0,0.0,0,1008.7,5
2026-07-31 07:00:00,27.8,80,24.0,0.0,0,1009.0,2
2026-07-31 08:00:00,29.1,69,22.9,0.0,0,1009.2,2
2026-07-31 09:00:00,30.5,69,24.1,0.0,0,1009.1,13
2026-07-31 10:00:00,31.1,65,23.8,0.0,0,1009.2,18
2026-07-31 11:00:00,31.6,63,23.6,0.0,0,1009.1,12
2026-07-31 12:00:00,32.0,59,23.1,0.0,0,1008.6,13
2026-07-31 13:00:00,32.1,58,22.8,0.0,0,1008.1,1
2026-07-31 14:00:00,32.0,58,22.8,0.0,0,1007.7,0
2026-07-31 15:00:00,32.2,59,23.1,0.0,0,1007.5,1
2026-07-31 16:00:00,31.4,63,23.5,0.0,0,1007.2,2
2026-07-31 17:00:00,30.7,66,23.7,0.0,0,1006.9,12
2026-07-31 18:00:00,29.8,70,23.7,0.0,0,1007.0,15
2026-07-31 19:00:00,28.7,76,24.1,0.0,0,1007.1,3
2026-07-31 20:00:00,27.5,82,24.2,0.0,0,1007.5,1
2026-07-31 21:00:00,27.4,84,24.4,0.0,0,1007.6,0
2026-07-31 22:00:00,26.8,87,24.4,0.0,0,1007.9,5
2026-07-31 23:00:00,26.6,87,24.2,0.0,0,1008.2,18
2026-08-01 00:00:00,26.5,86,24.1,0.0,1,1007.8,37
2026-08-01 01:00:00,26.5,87,24.1,0.0,1,1007.8,27
2026-08-01 02:00:00,26.6,86,24.1,0.0,0,1007.7,5
2026-08-01 03:00:00,26.7,83,23.5,0.0,0,1007.6,16
2026-08-01 04:00:00,26.1,85,23.4,0.0,0,1007.2,10
2026-08-01 05:00:00,25.9,86,23.4,0.0,0,1007.3,18
2026-08-01 06:00:00,26.1,84,23.3,0.0,1,1007.6,31
2026-08-01 07:00:00,28.0,78,23.8,0.0,1,1008.1,35
2026-08-01 08:00:00,29.3,71,23.4,0.0,1,1008.2,45
2026-08-01 09:00:00,31.0,65,23.5,0.0,0,1007.9,6
2026-08-01 10:00:00,31.7,61,23.4,0.0,0,1007.9,17
2026-08-01 11:00:00,31.8,60,23.0,0.1,51,1007.8,48
2026-08-01 12:00:00,31.7,60,23.0,0.3,51,1007.6,41
2026-08-01 13:00:00,31.7,60,23.1,0.4,51,1007.0,35
2026-08-01 14:00:00,31.4,63,23.4,0.6,53,1006.9,42
2026-08-01 15:00:00,31.4,65,23.9,0.6,53,1006.5,59
2026-08-01 16:00:00,30.3,69,24.0,0.8,53,1006.3,46
2026-08-01 17:00:00,29.9,72,24.2,0.3,51,1006.1,33
2026-08-01 18:00:00,29.8,72,24.3,0.1,51,1006.1,13
2026-08-01 19:00:00,28.9,76,24.4,0.0,0,1006.2,10
2026-08-01 20:00:00,28.3,79,24.3,0.0,0,1006.5,9
2026-08-01 21:00:00,28.4,78,24.3,0.0,0,1006.8,2
2026-08-01 22:00:00,28.0,81,24.3,0.0,0,1006.8,2
2026-08-01 23:00:00,27.9,82,24.5,0.0,0,1007.0,5
2026-08-02 00:00:00,27.9,82,24.5,0.0,0,1006.9,10
2026-08-02 01:00:00,27.9,82,24.5,0.0,0,1006.8,14
2026-08-02 02:00:00,27.9,82,24.5,0.0,0,1006.9,15
2026-08-02 03:00:00,27.8,82,24.3,0.0,1,1007.1,22
2026-08-02 04:00:00,27.4,84,24.4,0.0,1,1006.8,20
2026-08-02 05:00:00,27.3,84,24.3,0.0,1,1006.9,27
2026-08-02 06:00:00,27.1,85,24.4,0.0,2,1007.2,69
2026-08-02 07:00:00,28.2,81,24.6,0.0,3,1007.6,98
2026-08-02 08:00:00,29.3,75,24.4,0.0,3,1007.5,98
2026-08-02 09:00:00,31.2,67,24.4,0.0,3,1007.5,85
2026-08-02 10:00:00,32.2,61,23.7,0.0,1,1007.3,37
2026-08-02 11:00:00,32.7,59,23.7,0.0,1,1007.0,41
2026-08-02 12:00:00,33.1,58,23.7,0.0,2,1006.8,70
2026-08-02 13:00:00,33.1,57,23.5,0.0,3,1006.4,97
2026-08-02 14:00:00,33.2,57,23.5,0.0,3,1006.0,86
2026-08-02 15:00:00,33.1,58,23.8,0.0,2,1005.7,78
2026-08-02 16:00:00,32.2,62,24.0,0.0,3,1005.3,83
2026-08-02 17:00:00,31.0,67,24.1,0.0,2,1005.1,52
2026-08-02 18:00:00,30.0,71,24.2,0.0,2,1005.4,52
2026-08-02 19:00:00,28.8,79,24.7,0.0,2,1005.4,62
2026-08-02 20:00:00,27.9,84,24.9,0.0,1,1005.9,24
2026-08-02 21:00:00,28.2,81,24.6,0.0,0,1006.2,5
2026-08-02 22:00:00,27.8,83,24.6,0.0,0,1006.3,9
2026-08-02 23:00:00,27.7,83,24.6,0.0,0,1006.3,5
2026-08-03 00:00:00,27.6,83,24.5,0.0,2,1006.2,59
2026-08-03 01:00:00,27.4,83,24.4,0.0,1,1005.9,46
2026-08-03 02:00:00,27.3,84,24.3,0.0,2,1005.7,58
2026-08-03 03:00:00,27.3,83,24.3,0.0,2,1006.0,65
2026-08-03 04:00:00,27.3,83,24.3,0.0,2,1005.8,75
2026-08-03 05:00:00,27.1,85,24.3,0.0,2,1006.1,79
2026-08-03 06:00:00,27.4,83,24.3,0.0,3,1006.1,100
2026-08-03 07:00:00,28.4,80,24.6,0.0,3,1006.3,98
2026-08-03 08:00:00,29.4,74,24.2,0.0,3,1006.2,98
2026-08-03 09:00:00,31.2,67,24.4,0.0,3,1005.9,98
2026-08-03 10:00:00,32.3,62,24.1,0.0,3,1005.8,96
2026-08-03 11:00:00,33.4,56,23.3,0.1,51,1005.8,95
2026-08-03 12:00:00,34.0,52,22.9,0.2,51,1005.6,96
2026-08-03 13:00:00,34.0,51,22.6,0.4,51,1005.3,97
2026-08-03 14:00:00,33.7,53,22.8,0.7,53,1005.3,96
2026-08-03 15:00:00,31.8,61,23.4,1.4,61,1005.0,78
2026-08-03 16:00:00,30.3,72,24.7,0.5,53,1005.0,64
2026-08-03 17:00:00,29.5,78,25.3,0.6,53,1004.8,73
2026-08-03 18:00:00,29.2,81,25.7,0.2,51,1004.6,38
2026-08-03 19:00:00,28.4,86,25.8,0.0,1,1004.6,44
2026-08-03 20:00:00,27.9,88,25.7,0.1,51,1004.9,84
2026-08-03 21:00:00,26.6,94,25.6,0.6,53,1005.2,69
2026-08-03 22:00:00,26.8,90,24.9,0.1,51,1005.0,5
2026-08-03 23:00:00,26.1,92,24.6,0.0,1,1005.3,23
2026-08-04 00:00:00,26.3,90,24.5,0.0,0,1005.1,16
2026-08-04 01:00:00,26.6,89,24.7,0.0,1,1005.0,37
2026-08-04 02:00:00,26.8,88,24.7,0.0,0,1004.5,15
2026-08-04 03:00:00,27.0,88,24.9,0.0,2,1004.2,67
2026-08-04 04:00:00,26.8,89,24.8,0.0,1,1004.0,20
2026-08-04 05:00:00,26.8,88,24.7,0.0,1,1003.8,47
2026-08-04 06:00:00,26.8,88,24.6,0.0,2,1004.0,76
2026-08-04 07:00:00,27.9,85,25.2,0.0,1,1004.4,48
2026-08-04 08:00:00,28.2,81,24.7,0.1,51,1004.7,73
2026-08-04 09:00:00,29.1,83,25.9,0.3,51,1004.7,60
2026-08-04 10:00:00,27.5,92,26.2,2.6,63,1004.7,44
2026-08-04 11:00:00,28.9,86,26.4,1.2,55,1004.8,24
2026-08-04 12:00:00,31.4,69,25.1,0.1,51,1004.6,37
2026-08-04 13:00:00,30.7,73,25.3,0.3,51,1004.3,21
2026-08-04 14:00:00,31.0,72,25.4,0.2,51,1003.9,17
2026-08-04 15:00:00,31.7,67,24.8,0.0,1,1003.1,21
2026-08-04 16:00:00,30.9,68,24.4,0.1,51,1002.5,9
2026-08-04 17:00:00,30.7,68,24.2,0.0,0,1002.4,4
2026-08-04 18:00:00,29.7,74,24.6,0.0,0,1002.6,5
2026-08-04 19:00:00,28.6,80,24.8,0.0,0,1002.9,15
2026-08-04 20:00:00,27.9,83,24.8,0.1,51,1003.1,16
2026-08-04 21:00:00,27.7,84,24.8,0.2,51,1003.9,69
2026-08-04 22:00:00,26.5,93,25.2,0.5,53,1003.8,39
2026-08-04 23:00:00,26.6,93,25.3,0.1,51,1003.5,29
2026-08-05 00:00:00,26.8,93,25.5,0.1,51,1003.1,18
2026-08-05 01:00:00,26.6,92,25.3,0.1,51,1002.7,45
2026-08-05 02:00:00,26.5,93,25.3,0.1,51,1002.3,29
2026-08-05 03:00:00,27.0,89,25.1,0.0,0,1001.9,7
2026-08-05 04:00:00,26.8,90,25.0,0.0,0,1001.9,13
2026-08-05 05:00:00,26.8,90,25.0,0.0,0,1001.9,6
2026-08-05 06:00:00,26.9,89,24.8,0.0,0,1001.9,6
2026-08-05 07:00:00,27.7,85,25.0,0.0,0,1002.3,5
2026-08-05 08:00:00,29.1,78,24.9,0.0,0,1002.2,13
2026-08-05 09:00:00,26.6,87,24.3,0.1,51,1003.2,95
2026-08-05 10:00:00,26.7,94,25.6,1.6,61,1002.2,73
2026-08-05 11:00:00,30.1,78,25.9,0.1,51,1001.5,20
2026-08-05 12:00:00,31.1,69,24.7,0.5,53,1001.3,48
2026-08-05 13:00:00,32.0,64,24.3,0.3,51,1000.4,20
2026-08-05 14:00:00,31.6,66,24.6,0.4,51,1000.0,12
2026-08-05 15:00:00,32.4,62,24.1,0.1,51,999.1,13
2026-08-05 16:00:00,31.8,63,23.8,0.0,1,999.0,40
2026-08-05 17:00:00,30.5,68,24.0,0.0,1,999.0,27
2026-08-05 18:00:00,29.5,74,24.4,0.0,1,998.9,25
2026-08-05 19:00:00,28.5,79,24.4,0.1,51,999.0,17
2026-08-05 20:00:00,27.8,83,24.6,0.1,51,998.9,69
2026-08-05 21:00:00,27.8,81,24.3,0.0,3,999.4,88
2026-08-05 22:00:00,27.9,81,24.3,0.0,3,998.8,87
2026-08-05 23:00:00,28.0,80,24.2,0.0,3,998.4,90
2026-08-06 00:00:00,28.1,79,24.2,0.0,3,997.5,99
2026-08-06 01:00:00,28.0,79,24.1,0.0,3,996.6,95
2026-08-06 02:00:00,28.0,78,23.9,0.0,3,996.3,88
2026-08-06 03:00:00,28.0,79,24.1,0.0,3,996.4,92
2026-08-06 04:00:00,27.5,80,23.8,0.1,51,995.9,62
2026-08-06 05:00:00,27.7,78,23.6,0.0,2,995.8,77
2026-08-06 06:00:00,27.1,80,23.3,0.1,51,995.7,84
2026-08-06 07:00:00,27.9,77,23.4,0.1,51,995.2,95
2026-08-06 08:00:00,28.1,79,24.1,0.2,51,994.7,94
2026-08-06 09:00:00,27.0,92,25.5,0.2,51,995.3,100
2026-08-06 10:00:00,26.1,95,25.2,1.1,55,993.8,95
2026-08-06 11:00:00,27.7,86,25.0,0.4,51,992.9,96
2026-08-06 12:00:00,29.5,77,25.0,0.4,51,991.6,98
2026-08-06 13:00:00,30.2,71,24.4,0.3,51,990.5,100
2026-08-06 14:00:00,28.1,80,24.2,0.6,53,990.1,100
2026-08-06 15:00:00,25.3,96,24.5,0.3,51,989.9,100
2026-08-06 16:00:00,25.5,92,24.2,1.3,61,988.6,100
2026-08-06 17:00:00,25.8,87,23.5,0.3,51,987.4,100
2026-08-06 18:00:00,27.1,81,23.7,0.3,51,985.8,100
2026-08-06 19:00:00,26.1,83,23.0,0.6,53,985.3,100
2026-08-06 20:00:00,25.5,90,23.7,1.4,61,983.8,100
2026-08-06 21:00:00,25.0,96,24.3,1.5,61,983.6,100
2026-08-06 22:00:00,25.1,95,24.2,1.0,55,982.6,100
2026-08-06 23:00:00,24.9,97,24.4,1.9,61,980.8,100
2026-08-07 00:00:00,25.2,97,24.7,4.1,63,978.4,100
2026-08-07 01:00:00,25.5,97,25.0,4.3,63,975.6,100
2026-08-07 02:00:00,25.9,97,25.3,4.0,63,974.1,100
2026-08-07 03:00:00,25.7,96,25.0,0.9,53,973.2,100
2026-08-07 04:00:00,25.8,98,25.4,3.6,63,971.8,100
2026-08-07 05:00:00,26.2,96,25.5,1.6,61,970.3,100
2026-08-07 06:00:00,26.0,97,25.5,5.4,63,969.1,100
2026-08-07 07:00:00,26.3,96,25.6,6.8,63,968.3,100
2026-08-07 08:00:00,26.1,96,25.5,8.0,65,968.3,100
2026-08-07 09:00:00,25.5,97,25.0,2.7,63,969.9,100
2026-08-07 10:00:00,26.3,96,25.6,25.0,65,970.4,100
2026-08-07 11:00:00,26.3,96,25.6,43.1,65,971.7,100
2026-08-07 12:00:00,26.1,97,25.5,12.1,65,971.6,100
2026-08-07 13:00:00,26.3,96,25.6,6.8,63,971.4,100
2026-08-07 14:00:00,26.3,95,25.5,10.4,65,972.0,100
2026-08-07 15:00:00,25.9,95,25.1,5.4,63,972.7,100
2026-08-07 16:00:00,26.3,97,25.7,23.0,65,973.0,100
2026-08-07 17:00:00,26.0,96,25.4,21.0,65,974.5,100
2026-08-07 18:00:00,26.0,95,25.1,13.8,65,975.3,100
2026-08-07 19:00:00,26.1,95,25.3,12.8,65,976.4,100
2026-08-07 20:00:00,26.0,95,25.1,17.1,65,978.2,100
2026-08-07 21:00:00,25.5,96,24.8,12.2,65,980.8,100
2026-08-07 22:00:00,25.8,96,25.2,6.5,63,982.3,100
2026-08-07 23:00:00,25.9,96,25.2,10.6,65,983.0,100
2026-08-08 00:00:00,25.8,96,25.2,8.0,65,983.6,100
2026-08-08 01:00:00,25.9,96,25.1,5.6,63,983.9,100
2026-08-08 02:00:00,25.9,95,25.1,10.8,65,984.4,100
2026-08-08 03:00:00,25.6,96,25.0,15.1,65,984.5,100
2026-08-08 04:00:00,25.8,96,25.1,14.1,65,984.3,100
2026-08-08 05:00:00,25.5,96,24.8,3.8,63,984.7,100
2026-08-08 06:00:00,25.9,97,25.3,8.9,65,985.3,100
2026-08-08 07:00:00,25.6,95,24.8,1.9,61,986.0,98
2026-08-08 08:00:00,25.9,95,25.0,3.9,63,987.3,100
2026-08-08 09:00:00,26.3,94,25.3,4.9,63,987.5,100
2026-08-08 10:00:00,26.9,90,25.2,0.2,51,987.6,77
2026-08-08 11:00:00,27.0,87,24.7,0.9,53,987.8,85
2026-08-08 12:00:00,27.7,88,25.5,0.6,53,987.7,100
2026-08-08 13:00:00,26.1,96,25.4,7.3,63,988.1,100
2026-08-08 14:00:00,26.0,96,25.3,12.0,65,988.0,100
2026-08-08 15:00:00,26.3,95,25.5,10.1,65,988.2,99
2026-08-08 16:00:00,26.2,96,25.4,6.3,63,989.0,100
2026-08-08 17:00:00,26.4,95,25.5,1.9,61,989.2,100
2026-08-08 18:00:00,25.9,97,25.5,4.1,63,990.2,100
2026-08-08 19:00:00,26.6,95,25.7,0.9,53,990.5,100
2026-08-08 20:00:00,26.7,95,25.8,0.9,53,991.5,100
2026-08-08 21:00:00,26.6,95,25.8,2.3,61,992.6,100
2026-08-08 22:00:00,27.0,94,26.0,0.3,51,993.3,100
2026-08-08 23:00:00,26.9,93,25.8,0.2,51,994.1,100
2026-08-09 00:00:00,27.1,91,25.5,0.0,1,994.3,49
2026-08-09 01:00:00,27.4,91,25.7,0.0,2,994.5,68
2026-08-09 02:00:00,27.3,88,25.1,0.0,2,994.3,51
2026-08-09 03:00:00,26.7,91,25.1,0.0,3,994.2,98
2026-08-09 04:00:00,26.6,91,25.0,0.4,51,994.1,88
2026-08-09 05:00:00,26.0,93,24.7,0.6,53,994.6,95
2026-08-09 06:00:00,26.0,93,24.9,0.6,53,995.3,98
2026-08-09 07:00:00,25.7,93,24.4,1.1,55,995.7,99
2026-08-09 08:00:00,25.8,93,24.7,0.7,53,996.3,98
2026-08-09 09:00:00,25.9,95,25.0,1.2,55,996.9,100
2026-08-09 10:00:00,25.6,96,25.0,3.9,63,997.5,100
2026-08-09 11:00:00,26.6,93,25.3,1.9,61,997.3,99
2026-08-09 12:00:00,27.5,87,25.1,0.1,51,997.6,99
2026-08-09 13:00:00,28.2,84,25.2,0.0,3,997.8,100
2026-08-09 14:00:00,28.6,83,25.4,0.0,3,997.4,98
2026-08-09 15:00:00,29.2,79,25.1,0.0,3,997.1,100
2026-08-09 16:00:00,28.8,82,25.3,0.1,51,997.3,89
2026-08-09 17:00:00,28.2,87,25.9,0.0,3,997.6,98
2026-08-09 18:00:00,27.8,90,26.0,0.0,3,998.0,100
2026-08-09 19:00:00,27.0,95,26.1,0.0,3,998.3,100
2026-08-09 20:00:00,27.1,89,25.1,0.2,51,999.1,100
2026-08-09 21:00:00,27.3,92,25.8,0.2,51,1000.1,99
2026-08-09 22:00:00,27.2,92,25.7,0.0,3,1000.4,99
2026-08-09 23:00:00,27.1,91,25.5,0.0,3,1001.1,100
2026-08-10 00:00:00,26.9,90,25.2,0.0,3,1001.2,99
2026-08-10 01:00:00,26.4,93,25.2,0.0,3,1000.9,100
2026-08-10 02:00:00,26.4,95,25.6,0.1,51,1000.7,99
2026-08-10 03:00:00,26.0,97,25.4,0.3,51,1000.4,100
2026-08-10 04:00:00,26.1,92,24.8,0.3,51,1000.6,99
2026-08-10 05:00:00,26.1,92,24.7,0.2,51,1000.4,100
2026-08-10 06:00:00,26.0,93,24.7,0.1,51,1000.9,99
2026-08-10 07:00:00,26.4,91,24.8,0.3,51,1001.5,100
2026-08-10 08:00:00,26.8,90,25.0,0.2,51,1001.6,100
2026-08-10 09:00:00,27.6,88,25.5,0.6,53,1002.0,100
2026-08-10 10:00:00,28.1,83,24.9,0.5,53,1002.2,99
2026-08-10 11:00:00,28.9,79,24.9,0.1,51,1002.4,99
2026-08-10 12:00:00,29.1,78,25.0,0.2,51,1002.3,100
2026-08-10 13:00:00,28.7,79,24.8,0.2,51,1002.0,100
2026-08-10 14:00:00,28.3,79,24.3,0.4,51,1001.5,99
2026-08-10 15:00:00,28.9,81,25.2,0.5,53,1001.3,100
2026-08-10 16:00:00,28.1,81,24.5,0.3,51,1001.1,100
2026-08-10 17:00:00,27.4,85,24.6,0.5,53,1001.2,100
2026-08-10 18:00:00,26.7,91,25.1,0.4,51,1002.0,100
2026-08-10 19:00:00,26.0,92,24.6,0.3,51,1002.2,98
2026-08-10 20:00:00,25.7,93,24.6,0.3,51,1002.4,100
2026-08-10 21:00:00,26.5,90,24.8,0.1,51,1002.9,100
2026-08-10 22:00:00,26.4,90,24.6,0.1,51,1003.0,100
2026-08-10 23:00:00,26.3,89,24.4,0.0,3,1003.0,100
2026-08-11 00:00:00,26.1,90,24.4,0.1,51,1002.8,100
2026-08-11 01:00:00,25.8,92,24.4,0.1,51,1002.5,100
2026-08-11 02:00:00,25.7,91,24.2,0.1,51,1001.9,99
2026-08-11 03:00:00,25.7,88,23.6,0.0,3,1001.7,99
2026-08-11 04:00:00,25.6,87,23.3,0.2,51,1001.7,100
2026-08-11 05:00:00,25.7,86,23.3,0.0,3,1001.7,100
2026-08-11 06:00:00,25.6,86,23.1,0.0,3,1001.9,99
2026-08-11 07:00:00,26.0,84,23.0,0.0,3,1002.2,100
2026-08-11 08:00:00,26.7,78,22.6,0.0,3,1002.2,100
2026-08-11 09:00:00,27.8,77,23.3,0.0,3,1002.4,99
2026-08-11 10:00:00,28.3,75,23.4,0.0,3,1002.4,100
2026-08-11 11:00:00,28.6,74,23.4,0.0,3,1002.3,100
2026-08-11 12:00:00,28.6,74,23.4,0.0,3,1002.1,100
2026-08-11 13:00:00,28.7,74,23.6,0.1,51,1001.6,100
2026-08-11 14:00:00,28.7,73,23.4,0.0,3,1001.2,100
2026-08-11 15:00:00,28.8,72,23.2,0.2,51,1001.0,100
2026-08-11 16:00:00,28.2,74,23.1,0.2,51,1000.8,100
2026-08-11 17:00:00,27.4,78,23.3,0.1,51,1000.6,99
2026-08-11 18:00:00,26.9,82,23.6,0.1,51,1000.7,98
2026-08-11 19:00:00,26.2,86,23.7,0.0,3,1000.9,100
2026-08-11 20:00:00,25.9,87,23.7,0.0,3,1001.5,100
2026-08-11 21:00:00,26.1,86,23.6,0.0,3,1001.5,100
2026-08-11 22:00:00,25.9,87,23.6,0.0,3,1001.4,100
2026-08-11 23:00:00,25.7,88,23.5,0.0,3,1001.3,100
2026-08-12 00:00:00,25.6,88,23.5,0.0,3,1001.3,98
2026-08-12 01:00:00,25.4,89,23.4,0.0,3,1001.0,99
2026-08-12 02:00:00,25.3,90,23.6,0.0,3,1000.5,99
2026-08-12 03:00:00,25.2,89,23.2,0.0,3,1000.5,98
2026-08-12 04:00:00,24.9,90,23.2,0.0,3,1000.3,98
2026-08-12 05:00:00,24.6,92,23.1,0.0,2,1000.1,75
2026-08-12 06:00:00,24.4,92,23.0,0.0,3,1000.2,95
2026-08-12 07:00:00,25.7,88,23.5,0.0,3,1000.6,97
2026-08-12 08:00:00,26.5,81,23.1,0.1,51,1000.8,95
2026-08-12 09:00:00,27.8,77,23.4,0.2,51,1000.5,96
2026-08-12 10:00:00,28.0,75,23.2,0.1,51,1000.5,70
2026-08-12 11:00:00,27.9,76,23.3,0.5,53,1000.5,88
2026-08-12 12:00:00,27.9,76,23.4,0.2,51,1000.2,70
2026-08-12 13:00:00,27.8,77,23.3,0.2,51,1000.0,88
2026-08-12 14:00:00,27.9,76,23.3,0.5,53,999.7,85
2026-08-12 15:00:00,27.8,79,23.9,0.9,53,999.2,98
2026-08-12 16:00:00,27.1,81,23.6,0.5,53,999.0,72
2026-08-12 17:00:00,26.9,82,23.6,0.5,53,999.0,63
2026-08-12 18:00:00,26.6,83,23.5,0.2,51,999.0,43
2026-08-12 19:00:00,26.1,88,23.9,0.0,1,999.1,35
2026-08-12 20:00:00,25.3,89,23.4,0.0,2,999.6,64
2026-08-12 21:00:00,25.7,88,23.7,0.1,51,1000.3,34
2026-08-12 22:00:00,25.4,89,23.5,0.0,0,1000.4,17
2026-08-12 23:00:00,25.3,89,23.4,0.0,0,1000.5,18
2026-08-13 00:00:00,25.3,89,23.4,0.0,1,1000.3,28
2026-08-13 01:00:00,25.2,89,23.3,0.0,0,1000.1,13
2026-08-13 02:00:00,25.1,89,23.1,0.0,0,999.7,9
2026-08-13 03:00:00,25.1,87,22.7,0.0,0,999.6,8
2026-08-13 04:00:00,25.1,86,22.6,0.0,0,999.5,9
2026-08-13 05:00:00,25.1,86,22.6,0.0,0,999.5,5
2026-08-13 06:00:00,25.1,87,22.7,0.0,1,999.9,33
2026-08-13 07:00:00,25.9,84,22.9,0.0,1,1000.3,35
2026-08-13 08:00:00,26.9,77,22.4,0.0,1,1001.0,38
2026-08-13 09:00:00,28.1,72,22.5,0.0,0,1000.5,1
2026-08-13 10:00:00,28.7,68,22.3,0.0,0,1000.8,1
2026-08-13 11:00:00,29.2,67,22.6,0.0,0,1000.5,3
2026-08-13 12:00:00,29.6,67,22.7,0.0,0,1000.4,15
2026-08-13 13:00:00,29.2,69,23.0,0.1,51,1000.2,27
2026-08-13 14:00:00,29.1,70,23.1,0.1,51,1000.1,28
2026-08-13 15:00:00,29.4,70,23.4,0.3,51,999.9,15
2026-08-13 16:00:00,28.7,73,23.5,0.1,51,999.7,31
2026-08-13 17:00:00,28.3,75,23.5,0.0,2,999.7,51
2026-08-13 18:00:00,27.4,81,23.8,0.0,2,1000.1,61
2026-08-13 19:00:00,26.7,85,23.9,0.0,1,1000.6,33
2026-08-13 20:00:00,26.3,86,23.8,0.0,0,1001.2,14
2026-08-13 21:00:00,26.6,84,23.6,0.0,1,1001.5,23
2026-08-13 22:00:00,26.4,84,23.5,0.0,3,1001.9,84
2026-08-13 23:00:00,26.3,85,23.7,0.0,3,1002.1,99
2026-08-14 00:00:00,26.0,87,23.7,0.0,2,1002.1,63
2026-08-14 01:00:00,25.4,91,23.8,0.1,51,1001.8,40
2026-08-14 02:00:00,25.3,92,23.8,0.1,51,1001.4,27
2026-08-14 03:00:00,25.7,90,24.0,0.2,51,1001.3,45
2026-08-14 04:00:00,25.3,93,24.0,0.1,51,1001.2,91
2026-08-14 05:00:00,25.3,93,24.0,0.1,51,1001.2,56
2026-08-14 06:00:00,25.2,93,24.0,0.1,51,1001.8,20
2026-08-14 07:00:00,26.2,90,24.4,0.0,1,1002.2,38
2026-08-14 08:00:00,26.9,86,24.4,0.1,51,1002.5,75
2026-08-14 09:00:00,28.1,83,24.8,0.3,51,1002.9,99
2026-08-14 10:00:00,28.0,81,24.5,0.2,51,1003.2,98
2026-08-14 11:00:00,28.6,77,24.2,0.1,51,1003.2,91
2026-08-14 12:00:00,28.5,78,24.3,0.6,53,1003.0,82
2026-08-14 13:00:00,28.8,79,24.8,0.4,51,1003.0,73
2026-08-14 14:00:00,29.2,75,24.4,0.0,3,1002.8,92
2026-08-14 15:00:00,29.6,75,24.7,0.1,51,1002.5,86
2026-08-14 16:00:00,28.5,80,24.7,0.2,51,1002.5,88
2026-08-14 17:00:00,27.9,82,24.5,0.1,51,1002.3,95
2026-08-14 18:00:00,27.1,85,24.4,0.1,51,1002.8,100
2026-08-14 19:00:00,26.5,86,24.0,0.2,51,1003.0,100
2026-08-14 20:00:00,26.1,88,24.0,0.2,51,1003.7,100
2026-08-14 21:00:00,26.1,90,24.3,0.1,51,1004.2,100
2026-08-14 22:00:00,25.6,92,24.2,0.5,53,1004.5,98
2026-08-14 23:00:00,25.6,90,23.9,0.3,51,1004.6,99
2026-08-15 00:00:00,25.4,92,24.0,0.4,51,1004.2,99
2026-08-15 01:00:00,24.6,97,24.1,1.3,61,1004.1,100
2026-08-15 02:00:00,24.9,97,24.3,0.7,53,1003.4,93
2026-08-15 03:00:00,24.5,96,23.8,2.0,61,1003.6,78
2026-08-15 04:00:00,24.6,96,23.9,0.0,3,1003.4,94
2026-08-15 05:00:00,24.6,95,23.8,0.0,2,1003.3,79
2026-08-15 06:00:00,24.7,94,23.7,0.0,2,1003.5,72
2026-08-15 07:00:00,25.6,93,24.4,0.0,3,1003.7,87
2026-08-15 08:00:00,26.5,89,24.5,0.0,3,1003.9,94
2026-08-15 09:00:00,26.7,92,25.3,0.1,51,1004.3,100
2026-08-15 10:00:00,27.2,87,24.8,0.1,51,1004.1,98
2026-08-15 11:00:00,28.0,82,24.6,0.1,51,1004.2,99
2026-08-15 12:00:00,27.7,81,24.1,0.2,51,1004.2,100
2026-08-15 13:00:00,27.2,87,24.8,1.2,55,1004.1,100
2026-08-15 14:00:00,27.1,86,24.7,0.7,53,1003.8,100
2026-08-15 15:00:00,27.2,87,24.8,2.5,63,1003.3,100
2026-08-15 16:00:00,26.0,94,25.0,1.2,55,1003.3,100
2026-08-15 17:00:00,25.7,97,25.2,1.6,61,1003.4,100
2026-08-15 18:00:00,25.6,96,25.0,0.4,51,1003.3,86
2026-08-15 19:00:00,25.3,95,24.4,0.1,51,1003.3,80
2026-08-15 20:00:00,25.1,95,24.2,0.1,51,1004.0,98
2026-08-15 21:00:00,25.3,94,24.2,0.1,51,1004.5,100
2026-08-15 22:00:00,25.4,91,23.9,0.0,3,1004.3,99
2026-08-15 23:00:00,25.4,90,23.7,0.0,3,1004.4,100
2026-08-16 00:00:00,25.5,89,23.6,0.0,3,1004.4,100
2026-08-16 01:00:00,25.7,87,23.3,0.0,3,1004.1,100
2026-08-16 02:00:00,25.7,87,23.3,0.0,3,1003.8,92
2026-08-16 03:00:00,25.6,87,23.3,0.1,51,1003.7,66
2026-08-16 04:00:00,25.6,86,23.0,0.0,2,1003.4,60
2026-08-16 05:00:00,25.5,86,23.0,0.0,3,1003.2,94
2026-08-16 06:00:00,25.6,85,22.9,0.0,2,1003.5,78
2026-08-16 07:00:00,26.1,84,23.1,0.0,3,1004.0,84
2026-08-16 08:00:00,26.9,78,22.7,0.0,3,1004.1,80
2026-08-16 09:00:00,27.4,76,22.8,0.0,3,1004.2,88
2026-08-16 10:00:00,28.2,73,22.8,0.0,3,1004.6,100
2026-08-16 11:00:00,28.1,73,22.9,0.0,3,1004.5,100
2026-08-16 12:00:00,28.2,73,22.8,0.0,3,1004.4,100
2026-08-16 13:00:00,28.3,71,22.7,0.0,3,1004.3,100
2026-08-16 14:00:00,28.3,71,22.5,0.0,3,1004.1,100
2026-08-16 15:00:00,28.2,71,22.5,0.0,3,1003.7,99
2026-08-16 16:00:00,28.1,72,22.5,0.0,3,1003.7,98
2026-08-16 17:00:00,27.8,73,22.5,0.0,3,1003.7,100
2026-08-16 18:00:00,27.3,76,22.8,0.0,3,1003.8,81
2026-08-16 19:00:00,27.0,76,22.4,0.0,2,1003.9,51
2026-08-16 20:00:00,26.8,77,22.3,0.0,1,1004.5,38
2026-08-16 21:00:00,27.4,72,21.8,0.0,1,1004.6,24
2026-08-16 22:00:00,27.3,73,22.0,0.0,0,1004.9,16
2026-08-16 23:00:00,27.2,73,22.0,0.0,1,1004.8,25
2026-08-17 00:00:00,27.2,73,21.9,0.0,1,1005.0,44
2026-08-17 01:00:00,26.9,75,22.2,0.0,3,1004.8,83
2026-08-17 02:00:00,26.7,78,22.6,0.0,1,1004.7,34
2026-08-17 03:00:00,26.4,80,22.6,0.0,1,1004.6,30
2026-08-17 04:00:00,25.8,84,22.9,0.1,51,1004.8,32
2026-08-17 05:00:00,25.7,85,23.0,0.0,1,1004.9,34
2026-08-17 06:00:00,25.7,86,23.1,0.0,1,1005.2,29
2026-08-17 07:00:00,26.3,85,23.5,0.1,51,1005.6,29
2026-08-17 08:00:00,26.8,82,23.4,0.2,51,1005.8,38
2026-08-17 09:00:00,27.8,78,23.7,0.6,53,1005.9,30
2026-08-17 10:00:00,28.3,75,23.4,0.2,51,1006.1,75
2026-08-17 11:00:00,28.9,72,23.4,0.2,51,1006.3,89
2026-08-17 12:00:00,29.3,71,23.4,0.2,51,1006.3,75
2026-08-17 13:00:00,29.5,69,23.2,0.1,51,1006.4,69
2026-08-17 14:00:00,29.4,70,23.4,0.1,51,1006.1,46
2026-08-17 15:00:00,29.6,71,23.7,0.1,51,1005.8,79
2026-08-17 16:00:00,29.0,74,23.8,0.1,51,1006.0,44
2026-08-17 17:00:00,28.3,77,23.8,0.1,51,1006.0,21
2026-08-17 18:00:00,27.5,82,24.1,0.1,51,1006.3,29
2026-08-17 19:00:00,26.8,84,23.9,0.0,1,1006.7,23
2026-08-17 20:00:00,26.6,84,23.7,0.1,51,1007.0,19
2026-08-17 21:00:00,27.0,81,23.6,0.1,51,1007.6,26
2026-08-17 22:00:00,26.8,82,23.5,0.0,1,1007.4,20
2026-08-17 23:00:00,26.7,83,23.6,0.0,1,1007.4,22
2026-08-18 00:00:00,26.7,82,23.3,0.0,2,1007.2,73
2026-08-18 01:00:00,26.6,81,23.0,0.0,2,1007.1,76
2026-08-18 02:00:00,26.4,80,22.8,0.0,2,1007.1,73
2026-08-18 03:00:00,26.4,85,23.6,0.0,3,1007.1,90
2026-08-18 04:00:00,26.2,86,23.7,0.1,51,1007.1,64
2026-08-18 05:00:00,25.9,87,23.7,0.0,2,1007.3,50
2026-08-18 06:00:00,25.8,89,23.8,0.0,2,1007.7,50
2026-08-18 07:00:00,26.4,86,23.9,0.0,1,1008.2,28
2026-08-18 08:00:00,27.2,80,23.4,0.0,0,1008.7,9
2026-08-18 09:00:00,28.5,73,23.3,0.0,0,1008.5,9
2026-08-18 10:00:00,29.1,71,23.2,0.0,0,1008.3,2
2026-08-18 11:00:00,29.4,69,23.2,0.0,0,1007.9,14
2026-08-18 12:00:00,29.4,70,23.3,0.0,0,1007.9,2
2026-08-18 13:00:00,29.4,69,23.2,0.0,1,1007.9,40
2026-08-18 14:00:00,29.1,72,23.5,0.1,51,1008.0,48
2026-08-18 15:00:00,28.7,73,23.4,0.1,51,1007.6,53
2026-08-18 16:00:00,28.6,74,23.5,0.1,51,1007.4,41
2026-08-18 17:00:00,28.1,77,23.7,0.1,51,1007.5,23
2026-08-18 18:00:00,27.8,79,23.8,0.0,1,1007.7,27
2026-08-18 19:00:00,27.3,80,23.6,0.0,1,1007.7,46
2026-08-18 20:00:00,27.3,80,23.5,0.0,2,1008.2,72
2026-08-18 21:00:00,27.7,80,24.0,0.0,2,1009.0,69
2026-08-18 22:00:00,27.5,83,24.4,0.0,1,1008.9,22
2026-08-18 23:00:00,27.1,88,24.9,0.1,51,1008.7,17
2026-08-19 00:00:00,26.9,90,25.2,0.1,51,1008.4,34
2026-08-19 01:00:00,27.0,90,25.2,0.1,51,1007.9,20
2026-08-19 02:00:00,26.6,93,25.4,0.1,51,1007.8,20
2026-08-19 03:00:00,26.6,93,25.3,0.1,51,1007.9,27
2026-08-19 04:00:00,26.4,91,24.9,0.2,51,1007.7,23
2026-08-19 05:00:00,26.6,90,24.9,0.0,1,1007.6,36
2026-08-19 06:00:00,26.4,93,25.2,0.1,51,1007.7,17
2026-08-19 07:00:00,26.8,93,25.6,0.1,51,1008.2,23
2026-08-19 08:00:00,27.5,87,25.1,0.3,51,1008.6,54
2026-08-19 09:00:00,28.7,85,25.9,0.2,51,1008.4,16
2026-08-19 10:00:00,28.7,84,25.7,0.5,53,1008.3,13
2026-08-19 11:00:00,28.6,82,25.2,1.2,55,1008.3,16
2026-08-19 12:00:00,27.9,91,26.3,1.6,61,1008.0,24
2026-08-19 13:00:00,28.1,90,26.3,1.3,61,1007.7,27
2026-08-19 14:00:00,28.6,87,26.2,0.8,53,1007.6,16
2026-08-19 15:00:00,29.1,84,26.1,0.5,53,1007.3,16
2026-08-19 16:00:00,28.8,82,25.4,0.2,51,1007.2,20
2026-08-19 17:00:00,28.1,85,25.4,0.2,51,1007.3,40
2026-08-19 18:00:00,27.6,87,25.3,0.1,51,1007.5,24
2026-08-19 19:00:00,27.1,89,25.1,0.2,51,1007.8,30
2026-08-19 20:00:00,26.6,90,24.9,0.4,51,1008.0,55
2026-08-19 21:00:00,27.0,89,25.1,0.2,51,1008.8,42
2026-08-19 22:00:00,26.9,91,25.3,0.1,51,1008.5,55
2026-08-19 23:00:00,26.8,91,25.3,0.1,51,1008.5,48
2026-08-20 00:00:00,26.5,91,24.9,0.2,51,1008.3,68
2026-08-20 01:00:00,26.4,92,25.0,0.4,51,1008.0,81
2026-08-20 02:00:00,26.5,89,24.5,0.2,51,1007.8,93
2026-08-20 03:00:00,26.5,91,24.9,0.3,51,1007.7,92
2026-08-20 04:00:00,26.6,91,25.0,0.2,51,1007.6,99
2026-08-20 05:00:00,26.4,91,24.9,0.3,51,1007.7,99
2026-08-20 06:00:00,26.4,94,25.3,0.3,51,1008.0,98
2026-08-20 07:00:00,26.8,93,25.5,0.1,51,1008.3,87
2026-08-20 08:00:00,27.2,90,25.4,0.2,51,1008.3,31
2026-08-20 09:00:00,28.1,85,25.4,0.4,51,1008.9,88
2026-08-20 10:00:00,28.3,81,24.7,0.5,53,1008.8,78
2026-08-20 11:00:00,28.9,77,24.5,0.4,51,1008.5,77
2026-08-20 12:00:00,29.1,77,24.7,0.7,53,1008.1,92
2026-08-20 13:00:00,28.0,86,25.5,1.1,55,1007.6,91
2026-08-20 14:00:00,28.0,87,25.6,1.0,55,1007.1,91
2026-08-20 15:00:00,28.7,83,25.6,0.6,53,1006.8,99
2026-08-20 16:00:00,27.4,88,25.3,1.0,55,1006.9,94
2026-08-20 17:00:00,27.3,89,25.3,0.8,53,1006.9,87
2026-08-20 18:00:00,26.8,89,24.7,0.6,53,1007.2,98
2026-08-20 19:00:00,26.7,95,25.8,0.5,53,1007.1,97
2026-08-20 20:00:00,26.7,90,25.0,0.1,51,1007.4,45
2026-08-20 21:00:00,26.7,92,25.4,0.2,51,1007.6,48
2026-08-20 22:00:00,26.9,90,25.2,0.1,51,1007.7,50
2026-08-20 23:00:00,26.9,89,24.9,0.0,2,1007.6,63
2026-08-21 00:00:00,26.9,89,24.8,0.1,51,1007.6,45
2026-08-21 01:00:00,26.8,90,25.0,0.1,51,1007.2,84
2026-08-21 02:00:00,26.9,89,24.9,0.1,51,1006.7,71
2026-08-21 03:00:00,26.6,90,24.9,0.2,51,1006.9,52
2026-08-21 04:00:00,26.8,87,24.4,0.2,51,1006.7,41
2026-08-21 05:00:00,26.6,88,24.4,0.2,51,1006.4,21
2026-08-21 06:00:00,26.1,91,24.6,0.4,51,1006.9,27
2026-08-21 07:00:00,26.4,93,25.2,0.4,51,1007.2,15
2026-08-21 08:00:00,27.0,90,25.3,0.3,51,1007.3,13
2026-08-21 09:00:00,27.7,86,25.2,0.2,51,1008.1,39
2026-08-21 10:00:00,28.5,82,25.1,0.2,51,1007.8,45
2026-08-21 11:00:00,28.4,81,24.9,0.7,53,1007.5,31
2026-08-21 12:00:00,27.8,86,25.3,1.2,55,1007.1,21
2026-08-21 13:00:00,28.3,82,24.9,1.1,55,1006.6,8
2026-08-21 14:00:00,28.4,81,24.9,0.7,53,1006.1,12
2026-08-21 15:00:00,29.1,79,25.0,0.3,51,1006.1,6
2026-08-21 16:00:00,28.5,80,24.8,0.1,51,1006.1,5
2026-08-21 17:00:00,27.7,85,24.9,0.3,51,1006.1,14
2026-08-21 18:00:00,27.3,88,25.1,0.3,51,1006.5,6
2026-08-21 19:00:00,26.9,88,24.8,0.1,51,1006.8,18
2026-08-21 20:00:00,26.9,87,24.6,0.0,0,1007.3,15
2026-08-21 21:00:00,26.1,95,25.2,0.3,51,1008.4,68
2026-08-21 22:00:00,26.1,93,25.0,0.2,51,1008.4,15
2026-08-21 23:00:00,26.2,91,24.7,0.1,51,1008.3,23
2026-08-22 00:00:00,26.3,92,24.8,0.0,0,1008.1,13
2026-08-22 01:00:00,26.3,91,24.7,0.0,0,1007.7,16
2026-08-22 02:00:00,26.4,91,24.7,0.0,0,1007.3,9
2026-08-22 03:00:00,26.4,91,24.8,0.0,0,1007.1,18
2026-08-22 04:00:00,26.3,90,24.6,0.1,51,1007.0,23
2026-08-22 05:00:00,26.3,89,24.4,0.1,51,1007.0,20
2026-08-22 06:00:00,26.4,88,24.3,0.1,51,1007.7,16
2026-08-22 07:00:00,26.9,88,24.7,0.0,0,1007.9,8
2026-08-22 08:00:00,27.6,84,24.6,0.0,0,1007.9,19
2026-08-22 09:00:00,27.8,84,24.9,0.1,51,1008.8,33
2026-08-22 10:00:00,28.3,81,24.8,0.9,53,1008.8,24
2026-08-22 11:00:00,29.2,78,25.0,0.2,51,1008.6,7
2026-08-22 12:00:00,29.6,77,25.1,0.1,51,1008.5,9
2026-08-22 13:00:00,29.5,78,25.3,0.2,51,1008.4,12
2026-08-22 14:00:00,29.1,80,25.3,0.5,53,1008.1,11
2026-08-22 15:00:00,29.7,75,24.9,0.3,51,1007.8,5
2026-08-22 16:00:00,29.2,77,24.7,0.1,51,1007.7,9
2026-08-22 17:00:00,28.6,79,24.7,0.1,51,1007.7,16
2026-08-22 18:00:00,27.8,85,24.9,0.2,51,1008.0,18
2026-08-22 19:00:00,27.0,88,24.9,0.2,51,1008.4,23
2026-08-22 20:00:00,26.9,89,24.9,0.2,51,1009.0,18
2026-08-22 21:00:00,26.5,91,25.0,0.1,51,1009.9,37
2026-08-22 22:00:00,26.3,93,25.0,0.3,51,1010.0,34
2026-08-22 23:00:00,26.0,94,25.0,0.4,51,1010.1,35
2026-08-23 00:00:00,25.8,94,24.7,0.5,53,1009.9,48
2026-08-23 01:00:00,25.7,94,24.7,0.6,53,1009.8,36
2026-08-23 02:00:00,25.7,93,24.5,0.2,51,1009.4,38
2026-08-23 03:00:00,25.7,95,24.8,0.3,51,1009.4,7
2026-08-23 04:00:00,25.6,94,24.5,0.0,0,1008.9,4
2026-08-23 05:00:00,25.6,93,24.5,0.0,0,1008.9,6
2026-08-23 06:00:00,25.7,93,24.4,0.0,0,1009.3,17
2026-08-23 07:00:00,26.2,92,24.8,0.0,1,1009.8,35
2026-08-23 08:00:00,27.1,87,24.7,0.0,1,1010.0,30
2026-08-23 09:00:00,28.7,78,24.4,0.0,1,1010.2,29
2026-08-23 10:00:00,29.3,75,24.5,0.0,0,1010.4,11
2026-08-23 11:00:00,29.7,74,24.5,0.0,0,1010.1,5
2026-08-23 12:00:00,30.0,73,24.5,0.0,0,1009.9,5
2026-08-23 13:00:00,29.8,75,24.8,0.0,0,1009.8,15
2026-08-23 14:00:00,29.4,76,24.8,0.2,51,1009.3,20
2026-08-23 15:00:00,29.7,74,24.5,0.2,51,1009.1,17
2026-08-23 16:00:00,28.8,77,24.5,0.2,51,1009.1,27
2026-08-23 17:00:00,28.0,81,24.4,0.3,51,1008.7,22
2026-08-23 18:00:00,27.8,81,24.2,0.1,51,1009.2,9
2026-08-23 19:00:00,27.3,80,23.6,0.0,1,1009.2,26
2026-08-23 20:00:00,27.3,79,23.4,0.0,1,1009.4,49
2026-08-23 21:00:00,27.5,80,23.8,0.0,2,1010.1,68
2026-08-23 22:00:00,27.1,83,23.9,0.0,2,1010.2,70
2026-08-23 23:00:00,26.9,81,23.5,0.0,3,1010.0,97
2026-08-24 00:00:00,27.0,80,23.3,0.0,3,1009.7,93
2026-08-24 01:00:00,27.0,80,23.2,0.0,2,1009.2,72
2026-08-24 02:00:00,26.8,82,23.4,0.0,3,1009.0,99
2026-08-24 03:00:00,26.8,84,23.9,0.0,3,1008.6,100
2026-08-24 04:00:00,26.3,89,24.3,0.1,51,1008.4,96
2026-08-24 05:00:00,26.1,90,24.3,0.0,2,1008.0,68
2026-08-24 06:00:00,26.1,90,24.3,0.0,3,1008.2,84
2026-08-24 07:00:00,26.7,87,24.4,0.1,51,1008.7,99
2026-08-24 08:00:00,27.1,84,24.2,0.1,51,1008.9,94
2026-08-24 09:00:00,27.7,78,23.6,0.1,51,1009.2,91
2026-08-24 10:00:00,28.5,74,23.5,0.2,51,1008.9,98
2026-08-24 11:00:00,29.3,69,23.0,0.0,3,1008.5,95
2026-08-24 12:00:00,30.0,65,22.7,0.0,3,1008.5,96
2026-08-24 13:00:00,30.2,63,22.4,0.0,3,1008.1,80
2026-08-24 14:00:00,29.7,68,23.1,0.0,2,1007.7,76
2026-08-24 15:00:00,29.8,67,22.9,0.0,2,1007.0,76
2026-08-24 16:00:00,29.4,70,23.4,0.0,3,1006.6,89
2026-08-24 17:00:00,28.7,76,23.9,0.0,3,1006.5,96
2026-08-24 18:00:00,27.9,80,24.2,0.0,3,1006.3,96
2026-08-24 19:00:00,27.4,81,23.9,0.0,0,1006.4,18
2026-08-24 20:00:00,26.9,83,23.8,0.0,0,1006.5,4
2026-08-24 21:00:00,26.9,82,23.6,0.0,1,1006.7,26
2026-08-24 22:00:00,27.0,85,24.2,0.0,1,1006.5,27
2026-08-24 23:00:00,27.3,84,24.3,0.0,2,1006.8,72
2026-08-25 00:00:00,27.4,83,24.3,0.0,2,1006.1,61
2026-08-25 01:00:00,27.2,84,24.3,0.0,1,1005.5,45
2026-08-25 02:00:00,27.3,83,24.2,0.0,1,1004.7,20
2026-08-25 03:00:00,27.3,83,24.2,0.0,3,1004.0,96
2026-08-25 04:00:00,27.4,83,24.3,0.0,3,1003.3,95
2026-08-25 05:00:00,27.7,81,24.1,0.0,2,1002.9,78
2026-08-25 06:00:00,27.7,81,24.1,0.0,2,1002.4,67
2026-08-25 07:00:00,27.5,84,24.5,0.3,51,1002.6,77
2026-08-25 08:00:00,27.4,85,24.6,0.1,51,1002.2,100
2026-08-25 09:00:00,29.8,74,24.6,0.1,51,1001.9,28
2026-08-25 10:00:00,29.8,75,25.0,0.1,51,1000.5,55
2026-08-25 11:00:00,29.9,70,23.8,0.1,51,1000.2,97
2026-08-25 12:00:00,29.7,70,23.6,0.0,3,998.4,100
2026-08-25 13:00:00,27.1,81,23.6,1.1,55,997.5,100
2026-08-25 14:00:00,27.2,84,24.2,1.1,55,996.4,100
2026-08-25 15:00:00,26.4,89,24.5,1.2,55,994.3,100
2026-08-25 16:00:00,25.0,95,24.2,7.3,63,992.2,100
2026-08-25 17:00:00,25.1,95,24.2,5.8,63,990.0,100
2026-08-25 18:00:00,25.5,94,24.6,3.3,63,988.9,100
2026-08-25 19:00:00,25.4,95,24.6,8.6,65,988.2,100
2026-08-25 20:00:00,25.6,94,24.6,7.0,63,988.1,100
2026-08-25 21:00:00,25.9,95,25.1,8.9,65,988.0,100
2026-08-25 22:00:00,25.6,93,24.3,42.8,65,988.4,100
2026-08-25 23:00:00,25.3,96,24.6,27.8,65,986.9,100
2026-08-26 00:00:00,25.7,95,24.8,9.0,65,987.4,100
2026-08-26 01:00:00,25.7,95,24.7,8.1,65,988.2,100
2026-08-26 02:00:00,25.8,96,25.1,10.5,65,988.8,100
2026-08-26 03:00:00,25.3,95,24.5,6.9,63,990.9,100
2026-08-26 04:00:00,25.4,94,24.4,14.9,65,991.2,100
2026-08-26 05:00:00,25.5,96,24.8,11.6,65,991.1,100
2026-08-26 06:00:00,25.6,96,25.0,23.0,65,992.6,100
2026-08-26 07:00:00,25.5,96,24.8,18.1,65,993.9,100
2026-08-26 08:00:00,25.4,95,24.5,9.5,65,995.0,100
2026-08-26 09:00:00,25.3,92,23.9,2.7,63,996.0,100
2026-08-26 10:00:00,25.5,95,24.6,7.2,63,996.9,100
2026-08-26 11:00:00,26.1,94,25.0,3.0,63,997.3,100
2026-08-26 12:00:00,26.7,92,25.3,0.4,51,997.9,100
2026-08-26 13:00:00,27.3,88,25.1,0.1,51,998.0,100
2026-08-26 14:00:00,27.3,88,25.1,0.3,51,997.8,100
2026-08-26 15:00:00,26.9,90,25.1,0.5,53,998.0,100
2026-08-26 16:00:00,26.7,90,24.8,0.9,53,998.2,100
2026-08-26 17:00:00,26.8,90,25.1,0.4,51,998.4,100
2026-08-26 18:00:00,27.1,91,25.5,0.4,51,999.0,100
2026-08-26 19:00:00,27.1,91,25.5,0.1,51,999.5,100
2026-08-26 20:00:00,26.7,92,25.3,0.3,51,1000.2,100
2026-08-26 21:00:00,26.3,94,25.2,0.2,51,1001.3,100
2026-08-26 22:00:00,26.6,92,25.1,0.3,51,1001.7,100
2026-08-26 23:00:00,26.8,93,25.6,0.4,51,1001.2,100
2026-08-27 00:00:00,26.7,93,25.5,0.1,51,1001.4,100
2026-08-27 01:00:00,27.0,92,25.5,0.0,3,1001.7,100
2026-08-27 02:00:00,26.9,93,25.6,0.0,3,1000.8,100
2026-08-27 03:00:00,27.0,90,25.3,0.0,3,1001.2,100
2026-08-27 04:00:00,26.8,90,24.9,0.3,51,1001.2,100
2026-08-27 05:00:00,26.5,93,25.2,0.2,51,1001.2,100
2026-08-27 06:00:00,26.2,90,24.4,0.2,51,1001.5,100
2026-08-27 07:00:00,26.4,87,24.1,0.3,51,1002.3,100
2026-08-27 08:00:00,26.6,89,24.6,0.2,51,1002.5,99
2026-08-27 09:00:00,27.3,86,24.7,0.2,51,1002.5,99
2026-08-27 10:00:00,27.7,83,24.5,0.2,51,1002.6,88
2026-08-27 11:00:00,28.0,82,24.7,0.3,51,1002.6,99
2026-08-27 12:00:00,27.7,84,24.7,0.4,51,1002.6,99
2026-08-27 13:00:00,27.9,85,25.1,0.5,53,1002.4,98
2026-08-27 14:00:00,28.1,85,25.3,0.1,51,1002.4,98
2026-08-27 15:00:00,28.3,80,24.6,0.1,51,1002.1,96
2026-08-27 16:00:00,27.3,87,25.0,1.0,55,1001.7,85
2026-08-27 17:00:00,27.2,89,25.2,0.6,53,1002.1,32
2026-08-27 18:00:00,26.8,88,24.6,0.2,51,1002.5,84
2026-08-27 19:00:00,26.3,90,24.6,0.3,51,1002.9,91
2026-08-27 20:00:00,26.3,94,25.2,0.3,51,1003.7,96
2026-08-27 21:00:00,24.2,99,23.9,0.3,51,1005.7,100
2026-08-27 22:00:00,25.1,98,24.7,3.2,63,1005.1,92
2026-08-27 23:00:00,25.6,96,25.0,0.2,51,1004.4,76
2026-08-28 00:00:00,25.8,96,25.2,0.3,51,1004.1,76
2026-08-28 01:00:00,25.9,97,25.3,0.2,51,1004.0,70
2026-08-28 02:00:00,25.8,96,25.1,0.1,51,1003.8,63
2026-08-28 03:00:00,26.0,97,25.5,0.6,53,1003.8,21
2026-08-28 04:00:00,26.0,97,25.5,0.0,0,1003.7,18
2026-08-28 05:00:00,25.5,97,25.0,0.3,51,1003.8,36
2026-08-28 06:00:00,25.7,96,24.9,0.5,53,1003.9,50
2026-08-28 07:00:00,26.0,93,24.8,0.2,51,1004.0,48
2026-08-28 08:00:00,26.4,92,25.0,0.1,51,1004.6,53
2026-08-28 09:00:00,27.2,90,25.5,0.3,51,1004.8,21
2026-08-28 10:00:00,27.7,86,25.0,0.4,51,1005.0,23
2026-08-28 11:00:00,27.2,90,25.4,0.8,53,1005.1,20
2026-08-28 12:00:00,27.4,89,25.4,0.9,53,1005.2,26
2026-08-28 13:00:00,27.7,86,25.2,0.6,53,1005.0,30
2026-08-28 14:00:00,27.6,88,25.4,1.0,55,1004.7,13
2026-08-28 15:00:00,28.6,83,25.4,0.7,53,1004.5,13
2026-08-28 16:00:00,28.3,84,25.2,0.2,51,1003.9,18
2026-08-28 17:00:00,27.9,84,25.0,0.1,51,1003.9,20
2026-08-28 18:00:00,27.2,90,25.5,0.1,51,1004.2,20
2026-08-28 19:00:00,26.8,93,25.5,0.0,0,1004.3,18
2026-08-28 20:00:00,26.9,90,25.1,0.0,0,1005.2,18
2026-08-28 21:00:00,27.0,92,25.7,0.1,51,1005.8,30
2026-08-28 22:00:00,26.8,93,25.5,0.1,51,1005.9,38
2026-08-28 23:00:00,26.7,93,25.4,0.1,51,1006.1,34
2026-08-29 00:00:00,26.6,93,25.3,0.1,51,1006.0,32
2026-08-29 01:00:00,26.6,92,25.2,0.1,51,1005.8,42
2026-08-29 02:00:00,26.5,93,25.2,0.1,51,1005.6,88
2026-08-29 03:00:00,26.6,93,25.4,0.0,1,1004.8,43
2026-08-29 04:00:00,26.5,93,25.3,0.1,51,1004.8,44
2026-08-29 05:00:00,26.4,93,25.2,0.1,51,1004.8,40
2026-08-29 06:00:00,26.4,93,25.1,0.1,51,1005.0,27
2026-08-29 07:00:00,26.8,91,25.2,0.1,51,1005.3,85
2026-08-29 08:00:00,27.4,86,24.9,0.0,2,1005.5,76
2026-08-29 09:00:00,27.5,91,25.9,0.2,51,1005.9,88
2026-08-29 10:00:00,27.9,87,25.6,0.2,51,1006.1,36
2026-08-29 11:00:00,28.8,80,25.1,0.1,51,1006.0,16
2026-08-29 12:00:00,28.6,83,25.5,0.2,51,1006.0,29
2026-08-29 13:00:00,27.9,88,25.8,1.0,55,1005.8,18
2026-08-29 14:00:00,27.7,90,25.9,0.9,53,1005.5,23
2026-08-29 15:00:00,29.0,80,25.2,0.5,53,1005.1,22
2026-08-29 16:00:00,28.3,82,25.0,0.1,51,1004.9,30
2026-08-29 17:00:00,27.8,85,25.1,0.2,51,1005.0,84
2026-08-29 18:00:00,27.2,91,25.6,0.2,51,1005.5,82
2026-08-29 19:00:00,26.8,92,25.3,0.0,1,1005.5,37
2026-08-29 20:00:00,26.7,91,25.0,0.1,51,1006.1,41
2026-08-29 21:00:00,26.6,94,25.6,0.1,51,1006.8,32
2026-08-29 22:00:00,26.6,94,25.5,0.1,51,1007.1,22
2026-08-29 23:00:00,26.5,93,25.4,0.0,1,1007.1,43
