time,temperature_2m,relative_humidity_2m,dew_point_2m,precipitation,weather_code,surface_pressure,cloud_cover
2026-05-10 00:00:00,18.1,87,15.9,0.0,3,1015.9,84
2026-05-10 01:00:00,17.9,87,15.7,0.0,2,1015.4,59
2026-05-10 02:00:00,17.6,85,15.0,0.0,3,1014.8,100
2026-05-10 03:00:00,17.9,82,14.8,0.0,3,1014.7,100
2026-05-10 04:00:00,18.0,80,14.5,0.0,3,1014.9,100
2026-05-10 05:00:00,18.1,78,14.3,0.0,3,1014.9,100
2026-05-10 06:00:00,18.0,78,14.1,0.0,3,1015.3,100
2026-05-10 07:00:00,18.9,75,14.3,0.0,3,1016.0,89
2026-05-10 08:00:00,19.9,67,13.6,0.0,3,1015.8,100
2026-05-10 09:00:00,21.0,66,14.4,0.0,3,1015.9,94
2026-05-10 10:00:00,21.5,65,14.6,0.0,3,1016.2,91
2026-05-10 11:00:00,21.8,64,14.8,0.0,3,1016.2,97
2026-05-10 12:00:00,21.9,64,14.8,0.0,3,1015.6,98
2026-05-10 13:00:00,22.0,63,14.7,0.0,2,1015.1,70
2026-05-10 14:00:00,22.1,61,14.4,0.0,3,1014.6,100
2026-05-10 15:00:00,22.0,62,14.5,0.0,3,1014.5,86
2026-05-10 16:00:00,21.9,63,14.6,0.0,3,1013.8,99
2026-05-10 17:00:00,21.6,65,14.7,0.0,3,1013.9,100
2026-05-10 18:00:00,21.1,70,15.4,0.0,3,1013.7,100
2026-05-10 19:00:00,20.9,70,15.3,0.0,3,1014.1,80
2026-05-10 20:00:00,20.8,69,14.9,0.0,3,1014.6,100
2026-05-10 21:00:00,20.3,80,16.8,0.0,3,1015.1,100
2026-05-10 22:00:00,20.1,82,17.0,0.1,51,1015.2,100
2026-05-10 23:00:00,20.2,82,16.9,0.0,3,1014.9,100
2026-05-11 00:00:00,20.2,80,16.6,0.0,3,1014.5,100
2026-05-11 01:00:00,20.8,74,16.1,0.0,3,1013.6,100
2026-05-11 02:00:00,21.1,74,16.2,0.0,3,1012.9,100
2026-05-11 03:00:00,20.9,75,16.4,0.0,3,1012.6,100
2026-05-11 04:00:00,20.3,83,17.3,0.3,51,1012.1,100
2026-05-11 05:00:00,20.1,88,18.1,0.8,53,1011.9,100
2026-05-11 06:00:00,20.0,91,18.5,1.2,55,1011.8,100
2026-05-11 07:00:00,19.6,97,19.1,2.2,61,1011.8,100
2026-05-11 08:00:00,19.7,97,19.2,2.5,63,1012.0,100
2026-05-11 09:00:00,20.4,95,19.6,3.2,63,1012.6,100
2026-05-11 10:00:00,20.2,98,19.8,2.3,61,1012.6,100
2026-05-11 11:00:00,20.6,97,20.1,1.0,55,1012.7,100
2026-05-11 12:00:00,21.1,91,19.6,0.6,53,1012.1,100
2026-05-11 13:00:00,21.3,91,19.8,0.3,51,1011.7,100
2026-05-11 14:00:00,21.0,90,19.2,0.1,51,1010.9,100
2026-05-11 15:00:00,20.8,89,18.9,0.4,51,1009.8,100
2026-05-11 16:00:00,20.7,88,18.7,0.2,51,1009.7,100
2026-05-11 17:00:00,20.6,87,18.3,0.2,51,1009.7,100
2026-05-11 18:00:00,20.5,86,18.1,0.0,3,1009.5,100
2026-05-11 19:00:00,20.3,86,17.8,0.0,3,1009.9,100
2026-05-11 20:00:00,20.6,83,17.7,0.0,3,1010.2,100
2026-05-11 21:00:00,20.2,90,18.4,0.0,3,1010.0,100
2026-05-11 22:00:00,20.2,88,18.2,0.0,3,1010.5,100
2026-05-11 23:00:00,20.6,86,18.2,0.0,3,1010.4,100
2026-05-12 00:00:00,20.6,86,18.2,0.0,3,1009.9,100
2026-05-12 01:00:00,20.7,86,18.2,0.0,3,1009.5,100
2026-05-12 02:00:00,20.6,86,18.2,0.0,3,1008.5,100
2026-05-12 03:00:00,20.3,88,18.3,0.0,2,1008.2,68
2026-05-12 04:00:00,20.2,88,18.2,0.0,3,1007.8,100
2026-05-12 05:00:00,20.3,88,18.3,0.0,3,1008.0,99
2026-05-12 06:00:00,20.6,87,18.4,0.0,3,1008.1,97
2026-05-12 07:00:00,21.5,85,18.9,0.0,3,1008.1,99
2026-05-12 08:00:00,22.2,80,18.5,0.0,3,1008.0,98
2026-05-12 09:00:00,23.0,80,19.3,0.0,3,1008.4,100
2026-05-12 10:00:00,23.3,79,19.5,0.0,3,1008.3,100
2026-05-12 11:00:00,22.6,81,19.3,0.7,53,1008.4,100
2026-05-12 12:00:00,22.8,81,19.4,0.1,51,1007.8,100
2026-05-12 13:00:00,23.1,79,19.3,0.1,51,1007.2,100
2026-05-12 14:00:00,23.3,80,19.6,0.1,51,1006.8,100
2026-05-12 15:00:00,23.3,77,19.0,0.1,51,1005.9,74
2026-05-12 16:00:00,23.4,75,18.7,0.0,1,1005.5,26
2026-05-12 17:00:00,23.0,77,18.8,0.0,0,1005.4,17
2026-05-12 18:00:00,22.3,81,18.8,0.0,1,1005.8,41
2026-05-12 19:00:00,21.0,87,18.8,0.0,2,1006.3,73
2026-05-12 20:00:00,20.6,90,18.9,0.0,3,1006.8,96
2026-05-12 21:00:00,20.5,93,19.3,0.0,3,1007.0,95
2026-05-12 22:00:00,19.5,95,18.7,0.1,51,1007.2,95
2026-05-12 23:00:00,19.5,95,18.6,0.0,3,1007.0,99
2026-05-13 00:00:00,19.1,95,18.4,0.1,51,1006.6,100
2026-05-13 01:00:00,19.1,95,18.2,0.0,3,1006.4,98
2026-05-13 02:00:00,19.2,94,18.2,0.0,3,1006.0,91
2026-05-13 03:00:00,18.8,94,17.8,0.1,51,1006.0,99
2026-05-13 04:00:00,18.6,95,17.7,0.0,3,1005.8,83
2026-05-13 05:00:00,18.4,93,17.3,0.0,2,1005.7,79
2026-05-13 06:00:00,18.5,94,17.4,0.0,2,1006.0,72
2026-05-13 07:00:00,20.6,93,19.5,0.0,2,1006.7,70
2026-05-13 08:00:00,22.0,87,19.7,0.0,2,1007.3,56
2026-05-13 09:00:00,23.2,82,20.0,0.0,1,1007.4,31
2026-05-13 10:00:00,24.0,77,19.7,0.6,53,1007.7,95
2026-05-13 11:00:00,24.4,72,19.1,0.6,53,1007.7,51
2026-05-13 12:00:00,25.2,65,18.0,0.4,51,1007.2,33
2026-05-13 13:00:00,26.4,58,17.5,0.1,51,1006.8,98
2026-05-13 14:00:00,26.0,59,17.4,0.0,3,1006.6,89
2026-05-13 15:00:00,26.4,53,16.1,0.0,3,1005.9,95
2026-05-13 16:00:00,25.6,56,16.3,0.0,3,1005.9,100
2026-05-13 17:00:00,24.3,67,17.7,0.0,3,1005.7,99
2026-05-13 18:00:00,23.1,82,19.9,0.0,3,1006.1,95
2026-05-13 19:00:00,21.4,88,19.4,0.0,3,1006.5,96
2026-05-13 20:00:00,20.1,91,18.5,0.0,0,1007.3,3
2026-05-13 21:00:00,20.2,91,18.6,0.0,3,1007.4,98
2026-05-13 22:00:00,19.8,92,18.5,0.0,3,1007.5,98
2026-05-13 23:00:00,19.8,91,18.3,0.0,3,1007.9,100
2026-05-14 00:00:00,19.5,90,17.9,0.0,3,1007.8,100
2026-05-14 01:00:00,19.4,91,17.9,0.0,3,1007.6,98
2026-05-14 02:00:00,19.2,91,17.7,0.0,3,1007.5,100
2026-05-14 03:00:00,19.3,92,18.0,0.0,3,1007.1,98
2026-05-14 04:00:00,18.8,92,17.4,0.0,3,1006.9,99
2026-05-14 05:00:00,18.7,92,17.3,0.0,3,1006.9,98
2026-05-14 06:00:00,19.0,91,17.5,0.0,3,1007.8,99
2026-05-14 07:00:00,21.1,86,18.7,0.0,3,1008.6,99
2026-05-14 08:00:00,21.8,80,18.2,0.0,3,1009.4,98
2026-05-14 09:00:00,23.4,71,17.9,0.2,51,1009.7,100
2026-05-14 10:00:00,24.3,66,17.5,0.1,51,1009.9,100
2026-05-14 11:00:00,24.8,62,17.1,0.0,3,1009.9,100
2026-05-14 12:00:00,24.3,66,17.6,0.0,3,1009.8,99
2026-05-14 13:00:00,24.1,67,17.5,0.1,51,1009.7,100
2026-05-14 14:00:00,23.6,69,17.5,0.3,51,1009.9,100
2026-05-14 15:00:00,23.9,67,17.4,0.1,51,1009.7,100
2026-05-14 16:00:00,23.3,65,16.5,0.0,3,1009.3,100
2026-05-14 17:00:00,23.1,67,16.6,0.0,3,1009.9,100
2026-05-14 18:00:00,22.2,75,17.5,0.0,3,1010.3,100
2026-05-14 19:00:00,21.7,72,16.4,0.0,3,1010.4,100
2026-05-14 20:00:00,21.6,70,15.8,0.0,3,1010.9,100
2026-05-14 21:00:00,21.3,78,17.4,0.0,3,1011.1,100
2026-05-14 22:00:00,20.7,82,17.6,0.1,51,1012.1,100
2026-05-14 23:00:00,20.8,80,17.3,0.1,51,1012.2,100
2026-05-15 00:00:00,20.8,78,16.8,0.0,3,1012.3,98
2026-05-15 01:00:00,20.8,76,16.4,0.0,3,1011.7,90
2026-05-15 02:00:00,20.7,76,16.3,0.0,3,1011.6,95
2026-05-15 03:00:00,20.4,73,15.3,0.0,3,1012.0,93
2026-05-15 04:00:00,20.3,75,15.7,0.0,3,1011.8,92
2026-05-15 05:00:00,20.3,74,15.5,0.0,3,1012.4,100
2026-05-15 06:00:00,20.6,73,15.6,0.0,3,1013.0,100
2026-05-15 07:00:00,20.9,75,16.2,0.1,51,1013.8,96
2026-05-15 08:00:00,22.0,68,15.9,0.0,2,1014.1,71
2026-05-15 09:00:00,21.9,77,17.6,0.0,2,1014.8,66
2026-05-15 10:00:00,22.9,75,18.2,0.3,51,1014.9,37
2026-05-15 11:00:00,24.1,65,17.1,0.0,1,1014.5,23
2026-05-15 12:00:00,24.5,61,16.4,0.0,1,1014.5,21
2026-05-15 13:00:00,24.6,59,16.0,0.0,0,1014.2,8
2026-05-15 14:00:00,24.4,60,16.1,0.0,0,1013.7,6
2026-05-15 15:00:00,24.3,60,16.1,0.0,0,1013.6,12
2026-05-15 16:00:00,23.6,63,16.2,0.0,0,1013.1,7
2026-05-15 17:00:00,23.0,66,16.2,0.0,0,1013.3,15
2026-05-15 18:00:00,22.3,70,16.5,0.0,0,1013.9,10
2026-05-15 19:00:00,21.5,71,16.0,0.0,0,1014.1,8
2026-05-15 20:00:00,21.4,70,15.8,0.0,0,1014.6,15
2026-05-15 21:00:00,21.3,76,16.8,0.0,0,1015.1,12
2026-05-15 22:00:00,21.1,75,16.6,0.0,0,1015.4,18
2026-05-15 23:00:00,21.1,75,16.4,0.0,0,1015.4,14
2026-05-16 00:00:00,21.0,74,16.3,0.0,0,1015.1,8
2026-05-16 01:00:00,20.9,75,16.2,0.0,0,1014.8,16
2026-05-16 02:00:00,20.8,76,16.3,0.0,1,1014.8,33
2026-05-16 03:00:00,20.8,74,16.0,0.1,51,1014.8,9
2026-05-16 04:00:00,20.8,74,15.9,0.0,0,1014.6,8
2026-05-16 05:00:00,20.7,74,15.9,0.0,0,1014.9,13
2026-05-16 06:00:00,20.8,73,15.8,0.0,0,1015.5,16
2026-05-16 07:00:00,21.4,72,16.3,0.1,51,1015.8,22
2026-05-16 08:00:00,22.1,69,16.2,0.1,51,1016.3,20
2026-05-16 09:00:00,21.3,80,17.7,0.1,51,1016.7,49
2026-05-16 10:00:00,22.6,72,17.3,0.4,51,1016.7,50
2026-05-16 11:00:00,23.1,69,17.0,0.2,51,1016.9,26
2026-05-16 12:00:00,23.9,64,16.6,0.1,51,1016.6,13
2026-05-16 13:00:00,24.1,62,16.3,0.0,0,1016.1,7
2026-05-16 14:00:00,24.1,62,16.4,0.0,0,1015.7,2
2026-05-16 15:00:00,24.3,61,16.2,0.0,0,1015.1,1
2026-05-16 16:00:00,23.7,63,16.2,0.0,0,1015.0,1
2026-05-16 17:00:00,23.1,65,16.2,0.0,0,1015.2,2
2026-05-16 18:00:00,22.2,71,16.6,0.0,0,1015.5,16
2026-05-16 19:00:00,21.4,71,15.9,0.0,0,1015.7,7
2026-05-16 20:00:00,21.3,67,14.9,0.0,0,1016.2,10
2026-05-16 21:00:00,21.5,70,15.7,0.0,1,1016.4,41
2026-05-16 22:00:00,21.1,74,16.4,0.1,51,1016.8,33
2026-05-16 23:00:00,20.8,77,16.6,0.1,51,1016.8,34
2026-05-17 00:00:00,20.7,75,16.2,0.0,1,1016.4,22
2026-05-17 01:00:00,20.4,76,16.0,0.0,0,1015.9,15
2026-05-17 02:00:00,20.2,70,14.7,0.0,0,1015.8,3
2026-05-17 03:00:00,19.5,74,14.7,0.0,0,1015.7,10
2026-05-17 04:00:00,19.7,74,14.9,0.0,1,1015.4,22
2026-05-17 05:00:00,20.0,71,14.6,0.0,1,1015.7,30
2026-05-17 06:00:00,20.3,68,14.3,0.0,1,1015.7,41
2026-05-17 07:00:00,21.0,69,15.1,0.0,1,1015.9,33
2026-05-17 08:00:00,22.0,64,14.9,0.0,1,1016.1,23
2026-05-17 09:00:00,23.1,62,15.5,0.0,2,1016.3,60
2026-05-17 10:00:00,23.1,67,16.6,0.1,51,1016.2,57
2026-05-17 11:00:00,23.7,65,16.7,0.1,51,1016.1,27
2026-05-17 12:00:00,23.9,63,16.5,0.0,0,1015.8,18
2026-05-17 13:00:00,24.0,62,16.3,0.0,0,1015.1,4
2026-05-17 14:00:00,24.0,62,16.3,0.0,0,1014.7,1
2026-05-17 15:00:00,23.9,63,16.3,0.0,0,1014.2,2
2026-05-17 16:00:00,23.3,65,16.3,0.0,0,1013.6,0
2026-05-17 17:00:00,22.6,68,16.5,0.0,0,1014.1,2
2026-05-17 18:00:00,21.9,73,16.9,0.0,1,1014.3,37
2026-05-17 19:00:00,21.1,76,16.7,0.0,0,1014.3,8
2026-05-17 20:00:00,20.7,77,16.6,0.0,1,1014.6,21
2026-05-17 21:00:00,20.8,77,16.6,0.0,0,1014.6,15
2026-05-17 22:00:00,20.8,77,16.6,0.0,0,1015.1,18
2026-05-17 23:00:00,20.7,77,16.6,0.0,2,1015.3,55
2026-05-18 00:00:00,20.6,77,16.5,0.0,1,1014.8,38
2026-05-18 01:00:00,20.4,78,16.4,0.0,3,1014.3,83
2026-05-18 02:00:00,20.4,79,16.7,0.0,3,1013.9,95
2026-05-18 03:00:00,20.2,80,16.7,0.0,3,1013.9,81
2026-05-18 04:00:00,19.9,81,16.5,0.0,2,1013.6,66
2026-05-18 05:00:00,19.9,81,16.5,0.0,3,1013.1,84
2026-05-18 06:00:00,20.3,80,16.7,0.0,1,1013.2,34
2026-05-18 07:00:00,21.0,78,17.0,0.0,2,1013.5,52
2026-05-18 08:00:00,21.9,70,16.2,0.0,1,1013.8,47
2026-05-18 09:00:00,23.0,70,17.3,0.0,0,1013.9,6
2026-05-18 10:00:00,23.4,69,17.4,0.0,2,1013.9,64
2026-05-18 11:00:00,23.7,67,17.1,0.0,1,1014.2,26
2026-05-18 12:00:00,24.0,65,17.1,0.0,0,1013.7,5
2026-05-18 13:00:00,24.1,65,17.1,0.0,0,1013.1,11
2026-05-18 14:00:00,23.9,66,17.1,0.0,0,1012.8,16
2026-05-18 15:00:00,23.6,67,17.0,0.0,0,1012.7,7
2026-05-18 16:00:00,23.2,67,16.8,0.0,1,1012.2,25
2026-05-18 17:00:00,22.7,69,16.7,0.0,1,1011.6,23
2026-05-18 18:00:00,22.3,71,16.8,0.0,2,1011.6,58
2026-05-18 19:00:00,22.0,74,17.2,0.0,1,1011.3,29
2026-05-18 20:00:00,21.8,77,17.5,0.0,3,1011.8,94
2026-05-18 21:00:00,22.7,79,18.9,0.0,3,1012.4,100
2026-05-18 22:00:00,22.7,80,19.1,0.0,3,1012.5,100
2026-05-18 23:00:00,22.5,81,19.2,0.0,3,1012.4,100
2026-05-19 00:00:00,22.4,83,19.3,0.0,3,1011.9,100
2026-05-19 01:00:00,22.2,85,19.6,0.1,51,1011.3,100
2026-05-19 02:00:00,21.9,88,19.8,0.0,3,1010.4,100
2026-05-19 03:00:00,22.0,92,20.6,0.1,51,1010.3,100
2026-05-19 04:00:00,22.0,92,20.7,0.1,51,1009.7,100
2026-05-19 05:00:00,22.1,93,20.9,0.1,51,1009.5,45
2026-05-19 06:00:00,22.0,93,20.9,0.2,51,1009.2,94
2026-05-19 07:00:00,22.7,91,21.2,0.0,3,1008.6,95
2026-05-19 08:00:00,23.3,88,21.2,0.1,51,1009.3,100
2026-05-19 09:00:00,23.7,92,22.3,0.3,51,1009.3,100
2026-05-19 10:00:00,23.2,93,22.0,0.3,51,1009.4,100
2026-05-19 11:00:00,24.5,85,21.9,0.1,51,1008.9,73
2026-05-19 12:00:00,24.6,86,22.1,0.2,51,1008.7,63
2026-05-19 13:00:00,24.6,86,22.1,0.6,53,1008.5,96
2026-05-19 14:00:00,24.0,89,22.0,0.3,51,1008.1,41
2026-05-19 15:00:00,22.8,96,22.1,0.6,53,1007.8,100
2026-05-19 16:00:00,22.3,97,21.8,1.2,55,1006.9,100
2026-05-19 17:00:00,22.6,97,22.1,0.1,51,1007.0,100
2026-05-19 18:00:00,22.3,97,21.9,0.1,51,1007.0,91
2026-05-19 19:00:00,22.2,97,21.6,0.1,51,1007.2,100
2026-05-19 20:00:00,22.2,97,21.6,0.0,3,1007.5,100
2026-05-19 21:00:00,22.2,97,21.7,0.0,3,1007.7,100
2026-05-19 22:00:00,21.9,97,21.4,1.3,61,1008.1,96
2026-05-19 23:00:00,22.3,98,22.1,0.3,51,1008.0,100
2026-05-20 00:00:00,22.6,99,22.4,0.1,51,1007.8,88
2026-05-20 01:00:00,22.7,99,22.5,0.1,51,1007.2,36
2026-05-20 02:00:00,22.7,99,22.6,0.0,3,1006.6,85
2026-05-20 03:00:00,22.7,99,22.6,0.1,51,1006.5,78
2026-05-20 04:00:00,22.5,98,22.2,0.1,51,1006.1,100
2026-05-20 05:00:00,22.4,98,22.1,0.1,51,1005.9,68
2026-05-20 06:00:00,22.5,99,22.3,0.0,1,1006.1,42
2026-05-20 07:00:00,22.8,99,22.7,0.1,51,1006.5,94
2026-05-20 08:00:00,23.1,98,22.7,0.0,3,1006.9,100
2026-05-20 09:00:00,23.6,93,22.4,0.3,51,1007.0,87
2026-05-20 10:00:00,23.8,89,21.9,0.4,51,1007.0,94
2026-05-20 11:00:00,24.0,88,21.9,0.3,51,1007.2,100
2026-05-20 12:00:00,23.9,91,22.3,1.0,55,1007.3,98
2026-05-20 13:00:00,24.2,89,22.2,0.5,53,1007.4,58
2026-05-20 14:00:00,25.2,82,22.0,0.3,51,1007.2,56
2026-05-20 15:00:00,25.3,85,22.6,0.3,51,1007.1,30
2026-05-20 16:00:00,24.9,85,22.2,0.0,0,1006.9,19
2026-05-20 17:00:00,24.8,84,21.9,0.0,1,1007.3,35
2026-05-20 18:00:00,24.1,90,22.3,0.1,51,1008.0,31
2026-05-20 19:00:00,23.5,94,22.5,0.1,51,1008.4,32
2026-05-20 20:00:00,23.2,95,22.4,0.0,1,1009.3,24
2026-05-20 21:00:00,23.3,96,22.6,0.0,1,1009.8,20
2026-05-20 22:00:00,23.0,98,22.6,0.0,1,1010.3,34
2026-05-20 23:00:00,22.8,98,22.5,0.0,1,1010.3,48
2026-05-21 00:00:00,22.7,98,22.3,0.0,2,1010.0,72
2026-05-21 01:00:00,22.5,98,22.2,0.0,2,1009.5,64
2026-05-21 02:00:00,22.5,98,22.3,0.0,2,1009.1,76
2026-05-21 03:00:00,22.5,99,22.3,0.0,2,1008.9,66
2026-05-21 04:00:00,22.6,99,22.4,0.0,2,1008.7,61
2026-05-21 05:00:00,22.6,99,22.5,0.0,2,1009.0,73
2026-05-21 06:00:00,22.8,98,22.5,0.0,2,1009.3,74
2026-05-21 07:00:00,23.5,93,22.2,0.0,2,1009.8,52
2026-05-21 08:00:00,24.2,83,21.2,0.1,51,1010.6,38
2026-05-21 09:00:00,25.4,83,22.4,0.0,2,1010.8,53
2026-05-21 10:00:00,25.9,80,22.2,0.0,3,1010.9,80
2026-05-21 11:00:00,26.3,77,22.0,0.0,1,1010.9,42
2026-05-21 12:00:00,26.6,75,21.8,0.0,1,1010.7,47
2026-05-21 13:00:00,26.9,73,21.6,0.0,2,1010.1,52
2026-05-21 14:00:00,26.9,73,21.7,0.0,1,1009.7,46
2026-05-21 15:00:00,26.8,75,22.0,0.0,3,1009.0,95
2026-05-21 16:00:00,26.1,79,22.1,0.0,2,1008.8,56
2026-05-21 17:00:00,25.7,81,22.2,0.0,1,1008.6,48
2026-05-21 18:00:00,24.9,85,22.3,0.0,3,1008.7,86
2026-05-21 19:00:00,24.3,89,22.3,0.0,3,1008.8,97
2026-05-21 20:00:00,24.1,90,22.4,0.0,3,1009.5,99
2026-05-21 21:00:00,24.2,91,22.7,0.6,53,1009.1,100
2026-05-21 22:00:00,24.0,93,22.9,0.3,51,1009.6,99
2026-05-21 23:00:00,23.6,98,23.2,1.5,61,1009.4,100
2026-05-22 00:00:00,23.5,99,23.3,1.5,61,1009.0,100
2026-05-22 01:00:00,23.4,99,23.2,1.6,61,1008.4,100
2026-05-22 02:00:00,23.4,98,23.1,1.6,61,1008.1,100
2026-05-22 03:00:00,23.4,99,23.1,1.7,61,1008.0,100
2026-05-22 04:00:00,23.1,99,23.0,1.8,61,1008.0,97
2026-05-22 05:00:00,22.9,98,22.6,2.3,61,1008.1,98
2026-05-22 06:00:00,23.0,98,22.6,1.1,55,1008.2,100
2026-05-22 07:00:00,23.2,98,22.8,1.0,55,1008.4,100
2026-05-22 08:00:00,23.3,98,23.0,0.8,53,1008.8,100
2026-05-22 09:00:00,23.8,98,23.4,0.9,53,1009.2,100
2026-05-22 10:00:00,23.7,99,23.5,1.8,61,1008.9,100
2026-05-22 11:00:00,23.8,99,23.5,0.3,51,1008.9,100
2026-05-22 12:00:00,24.2,95,23.4,0.1,51,1008.8,99
2026-05-22 13:00:00,25.9,86,23.5,0.0,3,1008.3,99
2026-05-22 14:00:00,26.3,80,22.7,0.0,3,1008.1,99
2026-05-22 15:00:00,26.0,79,22.2,0.1,51,1008.0,100
2026-05-22 16:00:00,24.2,94,23.1,3.1,63,1007.9,100
2026-05-22 17:00:00,23.5,99,23.3,3.5,63,1007.6,100
2026-05-22 18:00:00,23.3,98,23.0,1.1,55,1007.7,100
2026-05-22 19:00:00,23.2,96,22.5,1.1,55,1007.4,100
2026-05-22 20:00:00,22.8,97,22.4,0.5,53,1007.6,100
2026-05-22 21:00:00,22.9,97,22.5,0.8,53,1008.0,99
2026-05-22 22:00:00,22.8,98,22.5,0.5,53,1008.1,100
2026-05-22 23:00:00,23.1,98,22.8,0.7,53,1008.0,100
2026-05-23 00:00:00,23.1,99,22.9,1.4,61,1007.5,100
2026-05-23 01:00:00,23.5,98,23.2,1.0,55,1006.7,100
2026-05-23 02:00:00,23.4,98,23.1,0.9,53,1006.3,100
2026-05-23 03:00:00,23.5,99,23.2,0.8,53,1006.0,100
2026-05-23 04:00:00,23.3,99,23.2,0.1,51,1005.5,98
2026-05-23 05:00:00,23.4,99,23.2,0.2,51,1005.8,95
2026-05-23 06:00:00,23.5,99,23.4,0.1,51,1006.0,99
2026-05-23 07:00:00,23.8,99,23.6,0.1,51,1006.0,45
2026-05-23 08:00:00,24.1,98,23.7,0.1,51,1006.7,100
2026-05-23 09:00:00,24.9,95,24.0,0.2,51,1007.0,76
2026-05-23 10:00:00,25.8,92,24.3,0.3,51,1007.0,38
2026-05-23 11:00:00,27.0,81,23.5,0.0,1,1007.0,38
2026-05-23 12:00:00,27.7,74,22.7,0.0,3,1007.1,92
2026-05-23 13:00:00,27.5,74,22.4,0.0,3,1006.8,100
2026-05-23 14:00:00,25.5,85,22.8,1.1,55,1006.8,100
2026-05-23 15:00:00,26.2,80,22.5,4.6,63,1006.6,100
2026-05-23 16:00:00,25.0,86,22.5,0.2,51,1006.9,100
2026-05-23 17:00:00,24.7,88,22.5,0.1,51,1007.1,100
2026-05-23 18:00:00,24.1,93,22.9,0.7,53,1007.3,100
2026-05-23 19:00:00,23.4,99,23.2,2.0,61,1007.5,100
2026-05-23 20:00:00,23.4,99,23.2,0.3,51,1008.0,100
2026-05-23 21:00:00,24.0,94,23.0,0.0,2,1008.1,76
2026-05-23 22:00:00,23.5,95,22.7,0.0,2,1008.5,71
2026-05-23 23:00:00,23.3,96,22.6,0.0,3,1008.8,100
2026-05-24 00:00:00,23.3,97,22.8,0.0,3,1008.5,100
2026-05-24 01:00:00,23.3,97,22.8,0.0,3,1008.2,100
2026-05-24 02:00:00,23.0,98,22.6,0.0,1,1007.7,27
2026-05-24 03:00:00,23.0,97,22.5,0.0,3,1007.8,100
2026-05-24 04:00:00,23.1,96,22.4,0.1,51,1007.9,100
2026-05-24 05:00:00,23.1,97,22.6,0.0,3,1007.9,100
2026-05-24 06:00:00,23.2,97,22.7,0.0,3,1008.5,95
2026-05-24 07:00:00,24.0,97,23.5,0.0,3,1009.1,100
2026-05-24 08:00:00,24.5,95,23.7,0.1,51,1009.0,82
2026-05-24 09:00:00,25.4,91,23.8,0.1,51,1010.0,92
2026-05-24 10:00:00,25.6,88,23.5,0.0,3,1010.3,100
2026-05-24 11:00:00,25.9,85,23.2,0.1,51,1010.1,100
2026-05-24 12:00:00,25.8,83,22.8,0.3,51,1009.6,83
2026-05-24 13:00:00,26.2,82,22.9,0.2,51,1009.7,98
2026-05-24 14:00:00,25.8,83,22.8,0.1,51,1009.3,95
2026-05-24 15:00:00,26.1,86,23.6,0.1,51,1008.6,94
2026-05-24 16:00:00,25.7,86,23.1,0.2,51,1008.7,70
2026-05-24 17:00:00,25.2,89,23.2,0.1,51,1008.9,98
2026-05-24 18:00:00,24.3,92,22.8,0.4,51,1009.0,86
2026-05-24 19:00:00,23.7,96,23.0,0.1,51,1009.4,45
2026-05-24 20:00:00,23.1,98,22.7,0.0,1,1009.7,41
2026-05-24 21:00:00,23.8,97,23.4,0.0,3,1009.6,85
2026-05-24 22:00:00,23.7,97,23.2,0.0,3,1009.9,82
2026-05-24 23:00:00,23.7,96,23.1,0.0,2,1009.8,77
2026-05-25 00:00:00,23.9,95,23.1,0.0,2,1009.2,77
2026-05-25 01:00:00,23.7,96,23.1,0.0,3,1008.7,96
2026-05-25 02:00:00,23.6,98,23.2,0.0,3,1008.2,98
2026-05-25 03:00:00,23.7,98,23.3,0.0,3,1008.1,97
2026-05-25 04:00:00,23.7,97,23.3,0.0,3,1007.9,99
2026-05-25 05:00:00,23.7,98,23.4,0.0,3,1007.9,100
2026-05-25 06:00:00,23.9,97,23.5,0.0,3,1008.0,100
2026-05-25 07:00:00,24.3,95,23.4,0.0,3,1008.3,99
2026-05-25 08:00:00,25.0,89,23.0,0.0,3,1008.7,100
2026-05-25 09:00:00,24.0,98,23.6,1.8,61,1009.4,100
2026-05-25 10:00:00,23.9,98,23.5,2.0,61,1009.2,100
2026-05-25 11:00:00,23.7,95,22.9,0.6,53,1009.0,100
2026-05-25 12:00:00,24.2,94,23.2,0.9,53,1009.0,100
2026-05-25 13:00:00,23.9,98,23.5,2.5,63,1008.7,100
2026-05-25 14:00:00,23.7,95,22.9,5.2,63,1008.1,100
2026-05-25 15:00:00,23.7,96,23.1,9.9,65,1007.3,100
2026-05-25 16:00:00,23.4,97,22.9,4.6,63,1007.1,100
2026-05-25 17:00:00,23.4,99,23.2,3.1,63,1006.5,100
2026-05-25 18:00:00,23.4,98,23.1,2.8,63,1006.5,100
2026-05-25 19:00:00,23.4,98,23.1,0.7,53,1006.4,100
2026-05-25 20:00:00,23.5,98,23.1,1.1,55,1006.4,100
2026-05-25 21:00:00,23.3,98,23.0,0.9,53,1006.8,100
2026-05-25 22:00:00,23.6,99,23.3,0.1,51,1007.0,100
2026-05-25 23:00:00,23.5,99,23.3,0.2,51,1006.8,91
2026-05-26 00:00:00,23.3,99,23.1,0.0,3,1006.8,100
2026-05-26 01:00:00,23.5,98,23.2,0.0,3,1006.3,98
2026-05-26 02:00:00,23.5,98,23.2,0.1,51,1005.7,100
2026-05-26 03:00:00,23.5,98,23.1,0.0,3,1005.0,100
2026-05-26 04:00:00,23.4,98,23.0,1.1,55,1005.2,100
2026-05-26 05:00:00,23.3,99,23.1,3.5,63,1004.9,100
2026-05-26 06:00:00,23.6,99,23.3,0.5,53,1005.3,100
2026-05-26 07:00:00,23.3,99,23.2,2.7,63,1005.9,100
2026-05-26 08:00:00,23.1,99,22.9,12.7,65,1006.7,100
2026-05-26 09:00:00,23.8,99,23.7,1.3,61,1006.5,100
2026-05-26 10:00:00,24.5,99,24.3,3.6,63,1005.6,100
2026-05-26 11:00:00,25.7,99,25.6,1.0,55,1006.4,100
2026-05-26 12:00:00,25.9,99,25.7,0.3,51,1005.8,100
2026-05-26 13:00:00,26.7,95,25.8,0.2,51,1005.2,100
2026-05-26 14:00:00,26.4,94,25.4,0.4,51,1005.1,100
2026-05-26 15:00:00,27.2,90,25.4,1.1,55,1004.3,94
2026-05-26 16:00:00,27.3,85,24.6,0.1,51,1004.1,74
2026-05-26 17:00:00,26.8,89,24.8,0.1,51,1004.1,56
2026-05-26 18:00:00,26.4,89,24.4,0.0,2,1004.1,66
2026-05-26 19:00:00,25.5,92,24.1,0.0,2,1004.5,76
2026-05-26 20:00:00,25.0,93,23.8,0.0,3,1005.1,82
2026-05-26 21:00:00,24.6,98,24.3,0.0,3,1005.1,95
2026-05-26 22:00:00,24.6,99,24.4,0.0,3,1005.2,90
2026-05-26 23:00:00,24.5,99,24.4,0.0,3,1005.3,98
2026-05-27 00:00:00,24.6,99,24.4,0.0,3,1005.2,100
2026-05-27 01:00:00,24.9,96,24.3,0.0,3,1004.7,100
2026-05-27 02:00:00,24.8,97,24.3,0.0,3,1004.4,99
2026-05-27 03:00:00,24.7,94,23.6,0.0,3,1004.5,100
2026-05-27 04:00:00,24.7,96,24.0,0.3,51,1004.4,100
2026-05-27 05:00:00,24.8,97,24.3,0.1,51,1004.4,98
2026-05-27 06:00:00,24.8,97,24.3,0.0,3,1004.7,98
2026-05-27 07:00:00,25.1,96,24.4,0.0,3,1004.9,100
2026-05-27 08:00:00,25.5,94,24.5,0.0,3,1005.2,93
2026-05-27 09:00:00,25.9,98,25.5,0.0,3,1004.4,100
2026-05-27 10:00:00,26.1,96,25.5,0.1,51,1004.6,100
2026-05-27 11:00:00,26.9,91,25.4,0.1,51,1004.9,95
2026-05-27 12:00:00,27.7,86,25.1,0.0,2,1004.8,71
2026-05-27 13:00:00,28.0,87,25.6,0.3,51,1004.3,84
2026-05-27 14:00:00,27.5,85,24.8,0.2,51,1004.0,88
2026-05-27 15:00:00,27.1,90,25.3,0.2,51,1003.5,94
2026-05-27 16:00:00,27.0,90,25.1,0.0,3,1003.4,93
2026-05-27 17:00:00,26.3,92,24.9,0.1,51,1003.1,100
2026-05-27 18:00:00,25.8,94,24.8,0.5,53,1003.4,100
2026-05-27 19:00:00,24.9,99,24.7,2.2,61,1003.5,100
2026-05-27 20:00:00,24.8,99,24.7,1.2,55,1004.1,100
2026-05-27 21:00:00,24.7,100,24.7,0.8,53,1005.0,100
2026-05-27 22:00:00,24.3,100,24.3,4.9,63,1005.6,100
2026-05-27 23:00:00,24.1,99,23.9,2.2,61,1004.8,100
2026-05-28 00:00:00,24.1,99,24.0,0.2,51,1004.6,100
2026-05-28 01:00:00,24.3,100,24.2,0.0,3,1004.3,100
2026-05-28 02:00:00,24.3,100,24.3,0.0,3,1004.1,99
2026-05-28 03:00:00,24.4,100,24.4,0.0,3,1003.9,87
2026-05-28 04:00:00,24.1,99,23.9,0.0,1,1003.5,30
2026-05-28 05:00:00,23.9,99,23.8,0.0,1,1003.8,42
2026-05-28 06:00:00,24.1,99,23.9,0.0,3,1004.2,83
2026-05-28 07:00:00,24.4,98,24.1,0.1,51,1004.3,41
2026-05-28 08:00:00,24.7,96,24.0,0.1,51,1005.2,15
2026-05-28 09:00:00,25.8,86,23.4,0.0,1,1005.2,23
2026-05-28 10:00:00,26.5,79,22.6,0.0,1,1005.7,46
2026-05-28 11:00:00,26.8,78,22.5,0.2,51,1005.8,56
2026-05-28 12:00:00,26.7,79,22.7,0.1,51,1005.8,51
2026-05-28 13:00:00,26.9,76,22.4,0.0,1,1005.4,32
2026-05-28 14:00:00,26.9,75,22.1,0.0,2,1005.1,53
2026-05-28 15:00:00,26.8,75,21.9,0.0,1,1004.5,32
2026-05-28 16:00:00,26.2,76,21.6,0.0,1,1004.3,32
2026-05-28 17:00:00,25.6,78,21.5,0.0,2,1004.0,63
2026-05-28 18:00:00,24.7,82,21.4,0.0,3,1004.6,100
2026-05-28 19:00:00,24.3,84,21.4,0.0,3,1004.7,92
2026-05-28 20:00:00,24.1,85,21.4,0.0,1,1005.2,46
2026-05-28 21:00:00,24.2,85,21.6,0.0,1,1005.8,26
2026-05-28 22:00:00,24.0,87,21.7,0.0,0,1006.4,18
2026-05-28 23:00:00,23.9,88,21.8,0.0,0,1006.9,18
2026-05-29 00:00:00,23.8,89,21.8,0.0,0,1006.7,11
2026-05-29 01:00:00,23.6,89,21.7,0.0,0,1006.4,17
2026-05-29 02:00:00,23.7,88,21.6,0.0,0,1006.0,13
2026-05-29 03:00:00,23.8,86,21.4,0.0,2,1006.0,51
2026-05-29 04:00:00,23.4,89,21.5,0.0,1,1005.5,35
2026-05-29 05:00:00,23.1,90,21.4,0.0,1,1005.7,25
2026-05-29 06:00:00,23.0,91,21.4,0.0,1,1006.1,20
2026-05-29 07:00:00,23.8,86,21.3,0.0,0,1006.4,11
2026-05-29 08:00:00,24.7,80,21.0,0.0,0,1006.3,11
2026-05-29 09:00:00,25.7,72,20.3,0.0,2,1006.2,61
2026-05-29 10:00:00,26.0,72,20.5,0.0,3,1006.4,98
2026-05-29 11:00:00,26.2,72,20.6,0.1,51,1006.5,86
2026-05-29 12:00:00,26.3,73,21.0,0.1,51,1006.5,75
2026-05-29 13:00:00,26.3,73,21.1,0.0,0,1006.3,12
2026-05-29 14:00:00,26.2,71,20.6,0.0,0,1006.1,16
2026-05-29 15:00:00,26.2,68,19.9,0.0,0,1005.8,16
2026-05-29 16:00:00,25.5,71,20.0,0.0,0,1005.8,18
2026-05-29 17:00:00,24.8,73,19.7,0.0,1,1005.6,23
2026-05-29 18:00:00,24.0,77,19.6,0.0,0,1005.8,2
2026-05-29 19:00:00,22.9,82,19.7,0.0,0,1006.2,3
2026-05-29 20:00:00,22.1,87,19.8,0.0,0,1006.8,1
2026-05-29 21:00:00,22.3,85,19.6,0.0,0,1007.5,1
2026-05-29 22:00:00,21.8,86,19.4,0.0,0,1007.7,0
2026-05-29 23:00:00,21.0,89,19.1,0.0,0,1007.9,0
2026-05-30 00:00:00,20.6,89,18.7,0.0,0,1007.7,0
2026-05-30 01:00:00,20.5,89,18.6,0.0,0,1007.4,0
2026-05-30 02:00:00,20.4,90,18.7,0.0,0,1007.2,1
2026-05-30 03:00:00,20.3,88,18.2,0.0,0,1007.1,0
2026-05-30 04:00:00,19.8,89,17.9,0.0,0,1006.9,0
2026-05-30 05:00:00,19.7,88,17.7,0.0,0,1007.0,0
2026-05-30 06:00:00,20.2,88,18.2,0.0,0,1007.8,0
2026-05-30 07:00:00,22.2,81,18.8,0.0,0,1008.1,0
2026-05-30 08:00:00,23.3,74,18.4,0.0,0,1008.2,0
2026-05-30 09:00:00,25.2,67,18.7,0.0,2,1008.5,53
2026-05-30 10:00:00,25.7,66,18.8,0.0,1,1008.3,35
2026-05-30 11:00:00,26.3,64,18.9,0.0,1,1008.3,43
2026-05-30 12:00:00,26.5,65,19.5,0.0,2,1008.3,59
2026-05-30 13:00:00,26.7,66,19.7,0.0,3,1008.0,83
2026-05-30 14:00:00,26.1,70,20.3,0.0,2,1008.0,71
2026-05-30 15:00:00,25.9,70,20.0,0.0,1,1007.6,27
2026-05-30 16:00:00,25.3,75,20.5,0.0,1,1007.3,28
2026-05-30 17:00:00,24.6,77,20.2,0.0,1,1007.4,48
2026-05-30 18:00:00,24.1,74,19.3,0.0,0,1007.9,9
2026-05-30 19:00:00,23.1,78,19.0,0.0,0,1008.0,5
2026-05-30 20:00:00,22.0,82,18.8,0.0,0,1008.9,1
2026-05-30 21:00:00,21.9,87,19.5,0.0,0,1009.3,0
2026-05-30 22:00:00,21.3,89,19.4,0.0,0,1009.6,0
2026-05-30 23:00:00,21.0,90,19.3,0.0,0,1009.8,0
2026-05-31 00:00:00,20.7,91,19.1,0.0,0,1009.2,1
2026-05-31 01:00:00,20.4,91,18.9,0.0,0,1008.7,0
2026-05-31 02:00:00,20.1,91,18.6,0.0,0,1008.4,0
2026-05-31 03:00:00,20.4,87,18.1,0.0,1,1008.3,37
2026-05-31 04:00:00,20.6,84,17.8,0.0,3,1008.1,91
2026-05-31 05:00:00,21.3,82,18.2,0.0,3,1008.0,97
2026-05-31 06:00:00,21.8,82,18.6,0.0,3,1008.3,100
2026-05-31 07:00:00,22.7,80,19.1,0.0,3,1008.6,97
2026-05-31 08:00:00,23.8,76,19.4,0.0,3,1008.9,100
2026-05-31 09:00:00,24.8,76,20.4,1.3,61,1009.4,100
2026-05-31 10:00:00,24.6,81,21.2,0.7,53,1009.5,98
2026-05-31 11:00:00,26.6,75,21.7,0.0,3,1009.3,86
2026-05-31 12:00:00,27.4,70,21.4,0.0,2,1009.3,56
2026-05-31 13:00:00,26.7,71,21.0,0.0,3,1008.9,93
2026-05-31 14:00:00,26.6,75,21.8,0.0,3,1008.4,100
2026-05-31 15:00:00,25.6,79,21.7,0.0,3,1008.7,100
2026-05-31 16:00:00,24.7,84,21.8,0.0,3,1008.7,100
2026-05-31 17:00:00,24.4,83,21.2,0.0,3,1008.7,100
2026-05-31 18:00:00,24.1,85,21.3,0.0,3,1008.8,100
2026-05-31 19:00:00,24.1,86,21.6,0.0,3,1008.8,100
2026-05-31 20:00:00,24.2,88,22.2,0.0,3,1009.2,100
2026-05-31 21:00:00,23.3,96,22.6,0.0,3,1010.2,100
2026-05-31 22:00:00,22.9,97,22.3,0.4,51,1010.1,100
2026-05-31 23:00:00,22.8,95,22.0,0.0,3,1009.8,99
2026-06-01 00:00:00,22.9,94,21.9,0.0,3,1009.3,100
2026-06-01 01:00:00,23.2,93,21.9,0.0,3,1008.7,99
2026-06-01 02:00:00,23.3,92,22.0,0.2,51,1008.1,100
2026-06-01 03:00:00,22.8,98,22.5,0.0,3,1008.2,100
2026-06-01 04:00:00,23.2,97,22.7,0.0,3,1007.8,100
2026-06-01 05:00:00,23.4,97,23.0,0.1,51,1007.4,100
2026-06-01 06:00:00,23.6,97,23.2,0.3,51,1007.6,100
2026-06-01 07:00:00,24.0,98,23.6,0.7,53,1007.8,100
2026-06-01 08:00:00,24.3,98,24.0,1.0,55,1007.5,100
2026-06-01 09:00:00,23.8,98,23.5,1.3,61,1008.2,100
2026-06-01 10:00:00,23.5,98,23.2,4.2,63,1008.2,100
2026-06-01 11:00:00,24.9,97,24.4,2.1,61,1007.3,100
2026-06-01 12:00:00,25.1,97,24.6,2.5,63,1006.7,100
2026-06-01 13:00:00,24.6,97,24.1,2.3,61,1005.7,100
2026-06-01 14:00:00,24.1,97,23.6,0.3,51,1004.8,100
2026-06-01 15:00:00,23.2,97,22.7,0.1,51,1005.0,100
2026-06-01 16:00:00,23.9,97,23.4,1.1,55,1002.6,100
2026-06-01 17:00:00,22.9,98,22.6,2.8,63,1002.2,100
2026-06-01 18:00:00,24.0,97,23.5,6.0,63,1001.8,100
2026-06-01 19:00:00,23.8,97,23.3,4.9,63,1000.8,100
2026-06-01 20:00:00,23.8,97,23.3,3.3,63,1000.4,100
2026-06-01 21:00:00,23.9,98,23.6,5.7,63,999.0,100
2026-06-01 22:00:00,23.6,97,23.1,9.9,65,997.5,100
2026-06-01 23:00:00,23.7,98,23.4,10.1,65,994.7,100
2026-06-02 00:00:00,23.8,98,23.4,9.5,65,992.4,100
2026-06-02 01:00:00,23.9,98,23.5,27.1,65,988.3,100
2026-06-02 02:00:00,24.0,97,23.5,34.9,65,985.4,100
2026-06-02 03:00:00,22.8,98,22.4,23.9,65,985.8,100
2026-06-02 04:00:00,23.8,98,23.5,14.5,65,981.9,100
2026-06-02 05:00:00,24.2,98,23.9,8.5,65,981.5,100
2026-06-02 06:00:00,24.1,98,23.7,1.5,61,982.5,100
2026-06-02 07:00:00,23.9,98,23.6,2.7,63,982.5,100
2026-06-02 08:00:00,23.8,98,23.5,7.1,63,984.1,100
2026-06-02 09:00:00,24.4,97,24.0,1.2,55,986.9,100
2026-06-02 10:00:00,24.4,98,24.1,2.5,63,988.5,100
2026-06-02 11:00:00,24.3,95,23.5,0.4,51,990.7,100
2026-06-02 12:00:00,24.4,94,23.4,0.7,53,993.1,100
2026-06-02 13:00:00,24.5,92,23.2,0.4,51,995.3,61
2026-06-02 14:00:00,25.4,88,23.3,0.3,51,996.9,95
2026-06-02 15:00:00,26.3,83,23.1,0.3,51,998.7,66
2026-06-02 16:00:00,25.3,89,23.3,0.3,51,999.5,100
2026-06-02 17:00:00,24.8,91,23.3,0.4,51,1000.3,91
2026-06-02 18:00:00,24.3,94,23.3,0.8,53,1001.4,60
2026-06-02 19:00:00,24.0,94,23.0,0.0,0,1001.8,17
2026-06-02 20:00:00,23.7,95,22.8,0.0,0,1002.5,6
2026-06-02 21:00:00,24.0,94,22.9,0.0,1,1002.8,24
2026-06-02 22:00:00,23.9,95,23.0,0.0,1,1003.4,21
2026-06-02 23:00:00,23.8,96,23.1,0.0,1,1003.6,42
2026-06-03 00:00:00,23.8,97,23.2,0.0,1,1003.8,28
2026-06-03 01:00:00,23.8,96,23.2,0.0,1,1004.1,41
2026-06-03 02:00:00,23.8,97,23.3,0.0,2,1003.9,65
2026-06-03 03:00:00,23.9,95,23.1,0.2,51,1004.1,20
2026-06-03 04:00:00,23.6,96,22.9,0.0,1,1004.1,23
2026-06-03 05:00:00,23.5,97,23.1,0.0,3,1004.4,88
2026-06-03 06:00:00,23.8,97,23.3,0.0,1,1005.0,41
2026-06-03 07:00:00,24.5,94,23.6,0.1,51,1005.3,44
2026-06-03 08:00:00,25.2,92,23.8,0.2,51,1005.4,75
2026-06-03 09:00:00,26.6,83,23.5,0.1,51,1005.1,31
2026-06-03 10:00:00,26.9,78,22.7,0.1,51,1005.3,27
2026-06-03 11:00:00,27.1,78,23.0,0.3,51,1005.0,17
2026-06-03 12:00:00,27.4,81,23.9,0.0,0,1004.9,5
2026-06-03 13:00:00,27.7,78,23.6,0.0,0,1005.0,6
2026-06-03 14:00:00,27.7,77,23.3,0.0,0,1004.8,11
2026-06-03 15:00:00,27.8,79,23.7,0.0,0,1004.4,5
2026-06-03 16:00:00,27.2,82,23.8,0.0,0,1004.2,7
2026-06-03 17:00:00,26.8,83,23.7,0.0,1,1003.9,23
2026-06-03 18:00:00,26.2,88,24.1,0.0,0,1004.1,11
2026-06-03 19:00:00,25.2,93,23.9,0.0,0,1004.2,13
2026-06-03 20:00:00,24.1,98,23.8,0.1,51,1005.1,33
2026-06-03 21:00:00,23.7,97,23.2,0.2,51,1005.5,99
2026-06-03 22:00:00,24.1,96,23.5,0.0,1,1005.5,21
2026-06-03 23:00:00,23.4,99,23.2,0.0,1,1005.6,34
2026-06-04 00:00:00,23.3,99,23.1,0.0,2,1005.4,71
2026-06-04 01:00:00,23.9,99,23.7,0.0,3,1004.7,83
2026-06-04 02:00:00,24.5,99,24.4,0.0,3,1004.5,100
2026-06-04 03:00:00,24.5,100,24.5,0.0,3,1004.1,100
2026-06-04 04:00:00,24.5,100,24.5,0.0,3,1003.5,100
2026-06-04 05:00:00,24.6,100,24.5,0.0,3,1003.4,100
2026-06-04 06:00:00,24.8,99,24.7,0.1,51,1003.6,100
2026-06-04 07:00:00,25.0,99,24.9,0.1,51,1003.9,72
2026-06-04 08:00:00,25.5,98,25.2,0.2,51,1004.1,92
2026-06-04 09:00:00,26.1,95,25.2,0.3,51,1003.6,74
2026-06-04 10:00:00,27.1,88,25.0,0.2,51,1003.7,88
2026-06-04 11:00:00,27.1,88,24.9,0.6,53,1003.8,96
2026-06-04 12:00:00,27.1,87,24.8,1.3,61,1003.8,89
2026-06-04 13:00:00,27.6,88,25.3,0.2,51,1003.8,90
2026-06-04 14:00:00,28.2,81,24.7,0.0,2,1003.9,77
2026-06-04 15:00:00,28.5,79,24.6,0.0,3,1003.3,83
2026-06-04 16:00:00,28.0,83,24.8,0.0,3,1002.9,99
2026-06-04 17:00:00,27.6,84,24.7,0.0,2,1002.7,73
2026-06-04 18:00:00,26.9,88,24.8,0.0,3,1003.3,88
2026-06-04 19:00:00,26.1,91,24.6,0.0,2,1003.6,73
2026-06-04 20:00:00,25.8,90,24.0,0.0,3,1004.5,97
2026-06-04 21:00:00,24.5,96,23.9,0.2,51,1004.7,98
2026-06-04 22:00:00,24.3,99,24.1,1.8,61,1005.0,100
2026-06-04 23:00:00,24.7,99,24.4,0.5,53,1004.8,97
2026-06-05 00:00:00,24.7,99,24.4,0.0,3,1004.4,98
2026-06-05 01:00:00,24.9,99,24.7,0.0,3,1004.1,97
2026-06-05 02:00:00,24.8,98,24.5,0.2,51,1004.3,97
2026-06-05 03:00:00,24.6,99,24.4,0.1,51,1003.8,96
2026-06-05 04:00:00,23.6,99,23.4,1.8,61,1004.0,99
2026-06-05 05:00:00,23.8,99,23.7,1.7,61,1004.4,100
2026-06-05 06:00:00,23.5,98,23.2,1.4,61,1004.8,99
2026-06-05 07:00:00,23.6,98,23.3,0.8,53,1005.5,100
2026-06-05 08:00:00,23.8,99,23.6,0.9,53,1006.0,63
2026-06-05 09:00:00,24.1,99,24.0,0.3,51,1006.1,100
2026-06-05 10:00:00,24.7,99,24.6,3.6,63,1006.2,100
2026-06-05 11:00:00,24.6,97,24.2,0.5,53,1006.3,49
2026-06-05 12:00:00,26.8,84,23.9,0.0,3,1006.2,84
2026-06-05 13:00:00,26.9,81,23.4,0.0,3,1006.6,100
2026-06-05 14:00:00,24.7,94,23.7,2.4,61,1006.5,100
2026-06-05 15:00:00,25.9,87,23.6,0.1,51,1006.2,100
2026-06-05 16:00:00,25.1,93,23.9,0.9,53,1006.4,100
2026-06-05 17:00:00,24.5,96,23.9,0.5,53,1006.2,100
2026-06-05 18:00:00,23.7,96,23.1,0.6,53,1006.8,100
2026-06-05 19:00:00,22.8,98,22.5,1.5,61,1007.0,100
2026-06-05 20:00:00,22.2,98,21.9,1.7,61,1007.5,100
2026-06-05 21:00:00,22.3,97,21.8,1.3,61,1008.1,100
2026-06-05 22:00:00,21.7,98,21.3,2.4,61,1008.0,100
2026-06-05 23:00:00,21.8,98,21.5,1.8,61,1008.0,100
2026-06-06 00:00:00,21.9,98,21.6,1.9,61,1007.7,100
2026-06-06 01:00:00,22.0,98,21.7,1.1,55,1007.4,100
2026-06-06 02:00:00,22.1,98,21.8,2.4,61,1007.7,100
2026-06-06 03:00:00,22.4,98,22.1,1.7,61,1007.2,100
2026-06-06 04:00:00,22.6,98,22.3,0.6,53,1007.0,100
2026-06-06 05:00:00,22.8,99,22.6,1.7,61,1007.1,100
2026-06-06 06:00:00,22.9,99,22.8,3.5,63,1007.1,100
2026-06-06 07:00:00,23.1,99,23.0,3.7,63,1007.5,100
2026-06-06 08:00:00,23.4,100,23.4,4.0,63,1007.4,100
2026-06-06 09:00:00,23.8,99,23.7,2.9,63,1008.4,100
2026-06-06 10:00:00,23.9,99,23.7,4.1,63,1008.5,100
2026-06-06 11:00:00,23.7,99,23.5,2.3,61,1008.2,100
2026-06-06 12:00:00,24.2,98,23.9,0.4,51,1008.0,100
2026-06-06 13:00:00,23.6,99,23.4,0.3,51,1007.7,100
2026-06-06 14:00:00,24.0,99,23.8,8.2,65,1007.8,100
2026-06-06 15:00:00,24.6,99,24.5,1.8,61,1007.1,100
2026-06-06 16:00:00,24.7,99,24.5,2.9,63,1006.5,100
2026-06-06 17:00:00,24.1,99,23.8,3.2,63,1006.6,100
2026-06-06 18:00:00,24.1,99,23.9,1.1,55,1006.6,100
2026-06-06 19:00:00,24.6,97,24.1,0.2,51,1006.1,100
2026-06-06 20:00:00,24.7,98,24.3,0.2,51,1006.1,100
2026-06-06 21:00:00,24.3,98,23.9,0.4,51,1006.6,100
2026-06-06 22:00:00,24.1,97,23.7,2.5,63,1005.9,100
2026-06-06 23:00:00,23.7,98,23.3,0.9,53,1005.4,100
2026-06-07 00:00:00,24.2,98,23.8,3.7,63,1004.2,100
2026-06-07 01:00:00,24.5,98,24.1,4.7,63,1003.1,100
2026-06-07 02:00:00,24.2,99,24.0,5.5,63,1001.9,100
2026-06-07 03:00:00,24.2,98,23.9,3.7,63,1002.7,100
2026-06-07 04:00:00,24.3,98,24.0,3.3,63,1002.4,100
2026-06-07 05:00:00,24.2,99,23.9,1.2,55,1002.7,100
2026-06-07 06:00:00,24.3,97,23.8,1.2,55,1003.5,100
2026-06-07 07:00:00,24.5,97,24.0,0.6,53,1004.2,98
2026-06-07 08:00:00,24.7,95,23.9,0.1,51,1004.7,95
2026-06-07 09:00:00,26.2,91,24.7,0.1,51,1005.1,98
2026-06-07 10:00:00,27.0,85,24.2,0.0,2,1005.3,64
2026-06-07 11:00:00,27.5,80,23.8,0.1,51,1005.5,96
2026-06-07 12:00:00,27.3,82,23.9,0.2,51,1005.6,99
2026-06-07 13:00:00,27.3,82,23.9,0.1,51,1005.6,96
2026-06-07 14:00:00,27.3,81,23.8,0.1,51,1005.4,100
2026-06-07 15:00:00,27.1,85,24.3,0.1,51,1005.2,99
2026-06-07 16:00:00,25.6,92,24.2,1.1,55,1005.7,98
2026-06-07 17:00:00,25.7,92,24.3,0.2,51,1005.6,98
2026-06-07 18:00:00,25.4,94,24.4,0.0,3,1005.9,94
2026-06-07 19:00:00,24.9,97,24.3,0.0,3,1006.4,98
2026-06-07 20:00:00,24.3,98,23.9,0.9,53,1007.2,97
2026-06-07 21:00:00,25.2,94,24.2,0.5,53,1007.2,73
2026-06-07 22:00:00,24.6,97,24.1,0.0,3,1007.3,85
2026-06-07 23:00:00,24.5,97,24.0,0.0,3,1007.2,95
2026-06-08 00:00:00,24.3,94,23.4,0.0,2,1006.9,66
2026-06-08 01:00:00,24.0,95,23.1,0.0,3,1006.6,92
2026-06-08 02:00:00,24.0,97,23.4,0.1,51,1006.3,98
2026-06-08 03:00:00,24.3,97,23.8,0.0,3,1006.1,100
2026-06-08 04:00:00,24.4,98,24.0,0.0,3,1005.9,99
2026-06-08 05:00:00,24.3,97,23.7,0.7,53,1005.8,98
2026-06-08 06:00:00,23.9,98,23.5,1.4,61,1006.0,98
2026-06-08 07:00:00,24.1,99,23.9,0.7,53,1006.0,88
2026-06-08 08:00:00,24.4,99,24.3,0.9,53,1006.5,100
2026-06-08 09:00:00,24.4,99,24.2,0.9,53,1006.5,100
2026-06-08 10:00:00,25.5,99,25.4,0.8,53,1006.2,100
2026-06-08 11:00:00,25.8,97,25.3,0.2,51,1005.8,63
2026-06-08 12:00:00,26.3,91,24.8,0.5,53,1005.7,94
2026-06-08 13:00:00,25.6,91,24.0,1.0,55,1005.5,100
2026-06-08 14:00:00,25.2,96,24.5,1.5,61,1004.9,98
2026-06-08 15:00:00,26.6,87,24.3,0.5,53,1004.5,100
2026-06-08 16:00:00,26.2,91,24.6,0.5,53,1004.4,100
2026-06-08 17:00:00,24.6,97,24.2,1.5,61,1004.2,100
2026-06-08 18:00:00,23.7,99,23.6,3.7,63,1004.6,100
2026-06-08 19:00:00,23.7,98,23.4,2.6,63,1004.4,98
2026-06-08 20:00:00,23.3,100,23.3,1.5,61,1005.3,100
2026-06-08 21:00:00,23.6,98,23.2,1.7,61,1005.7,100
2026-06-08 22:00:00,23.6,98,23.3,1.3,61,1005.4,100
2026-06-08 23:00:00,23.6,98,23.3,1.1,55,1005.0,99
2026-06-09 00:00:00,23.8,98,23.4,0.7,53,1004.1,75
2026-06-09 01:00:00,23.8,98,23.5,0.5,53,1003.6,98
2026-06-09 02:00:00,24.1,98,23.8,1.0,55,1003.3,100
2026-06-09 03:00:00,24.2,99,23.9,1.7,61,1003.1,100
2026-06-09 04:00:00,24.0,98,23.7,2.8,63,1002.7,100
2026-06-09 05:00:00,23.9,98,23.6,2.8,63,1002.8,100
2026-06-09 06:00:00,23.9,99,23.7,6.4,63,1003.0,100
2026-06-09 07:00:00,24.1,98,23.8,3.6,63,1003.3,100
2026-06-09 08:00:00,24.2,97,23.8,1.8,61,1003.5,100
2026-06-09 09:00:00,24.6,98,24.2,1.7,61,1004.0,100
2026-06-09 10:00:00,24.6,99,24.3,2.4,61,1003.3,100
2026-06-09 11:00:00,24.7,97,24.3,2.5,63,1003.3,100
2026-06-09 12:00:00,24.6,99,24.5,3.4,63,1002.7,100
2026-06-09 13:00:00,24.6,98,24.2,4.8,63,1001.7,100
2026-06-09 14:00:00,24.6,99,24.4,9.3,65,1000.8,100
2026-06-09 15:00:00,24.3,98,24.0,13.7,65,1000.5,100
2026-06-09 16:00:00,24.0,99,23.9,6.5,63,1000.5,100
2026-06-09 17:00:00,23.1,99,22.9,26.3,65,1000.0,100
2026-06-09 18:00:00,22.3,99,22.1,18.7,65,1000.1,100
2026-06-09 19:00:00,22.6,99,22.5,11.5,65,999.1,100
2026-06-09 20:00:00,23.0,99,22.8,2.5,63,999.8,100
2026-06-09 21:00:00,23.3,99,23.1,1.3,61,1001.0,100
2026-06-09 22:00:00,22.7,98,22.4,4.5,63,1000.8,100
2026-06-09 23:00:00,22.7,98,22.4,3.4,63,1000.5,100
2026-06-10 00:00:00,21.6,98,21.4,1.5,61,1000.2,100
2026-06-10 01:00:00,21.1,98,20.8,0.8,53,1000.5,100
2026-06-10 02:00:00,20.7,97,20.2,0.0,3,1001.3,93
2026-06-10 03:00:00,21.4,98,21.1,0.0,3,1002.0,100
2026-06-10 04:00:00,21.5,97,21.0,0.2,51,1002.6,100
2026-06-10 05:00:00,21.2,98,20.9,0.4,51,1003.2,100
2026-06-10 06:00:00,21.2,98,20.9,0.6,53,1003.9,100
2026-06-10 07:00:00,21.5,98,21.1,0.2,51,1004.6,100
2026-06-10 08:00:00,21.7,98,21.4,0.9,53,1004.8,100
2026-06-10 09:00:00,22.5,98,22.1,1.2,55,1005.8,100
2026-06-10 10:00:00,22.6,98,22.3,1.1,55,1006.1,100
2026-06-10 11:00:00,22.1,98,21.8,1.8,61,1006.5,100
2026-06-10 12:00:00,22.1,98,21.7,0.8,53,1007.0,100
2026-06-10 13:00:00,22.0,97,21.6,0.6,53,1006.7,100
2026-06-10 14:00:00,22.2,95,21.4,0.3,51,1006.7,99
2026-06-10 15:00:00,22.5,96,21.9,0.1,51,1006.2,100
2026-06-10 16:00:00,22.1,98,21.8,0.9,53,1006.0,100
2026-06-10 17:00:00,21.9,98,21.6,1.2,55,1006.3,100
2026-06-10 18:00:00,21.8,98,21.5,0.6,53,1007.1,100
2026-06-10 19:00:00,21.5,98,21.2,0.5,53,1007.8,100
2026-06-10 20:00:00,21.3,98,20.9,0.5,53,1008.3,100
2026-06-10 21:00:00,21.5,98,21.1,1.1,55,1008.4,100
2026-06-10 22:00:00,21.3,97,20.8,1.8,61,1008.6,100
2026-06-10 23:00:00,21.2,97,20.7,0.9,53,1008.6,100
2026-06-11 00:00:00,21.0,97,20.5,0.5,53,1008.0,100
2026-06-11 01:00:00,21.0,97,20.6,0.3,51,1007.6,100
2026-06-11 02:00:00,21.1,97,20.6,0.5,53,1007.7,100
2026-06-11 03:00:00,21.1,97,20.7,0.1,51,1007.8,100
2026-06-11 04:00:00,21.0,98,20.6,0.0,3,1007.5,100
2026-06-11 05:00:00,20.2,96,19.5,0.0,3,1007.5,100
2026-06-11 06:00:00,19.9,95,19.0,0.0,3,1007.5,100
2026-06-11 07:00:00,20.8,94,19.9,0.0,3,1008.1,100
2026-06-11 08:00:00,22.0,91,20.6,0.0,3,1008.6,100
2026-06-11 09:00:00,23.1,92,21.7,0.0,3,1009.8,100
2026-06-11 10:00:00,24.1,82,20.8,0.1,51,1010.0,65
2026-06-11 11:00:00,26.4,66,19.6,0.0,2,1010.2,70
2026-06-11 12:00:00,27.2,58,18.1,0.0,3,1010.3,100
2026-06-11 13:00:00,26.8,56,17.2,0.0,3,1010.5,100
2026-06-11 14:00:00,25.1,65,18.1,0.0,3,1010.9,100
2026-06-11 15:00:00,25.2,62,17.4,0.0,3,1011.0,100
2026-06-11 16:00:00,24.8,67,18.2,0.0,3,1011.0,97
2026-06-11 17:00:00,24.3,71,18.7,0.0,3,1011.0,100
2026-06-11 18:00:00,23.6,84,20.7,0.0,3,1011.7,100
2026-06-11 19:00:00,22.8,87,20.6,0.0,3,1011.7,100
2026-06-11 20:00:00,22.4,85,19.8,0.0,3,1012.2,100
2026-06-11 21:00:00,22.7,89,20.8,0.0,3,1012.4,100
2026-06-11 22:00:00,22.4,87,20.2,0.0,3,1013.1,100
2026-06-11 23:00:00,22.5,82,19.3,0.0,3,1013.2,100
2026-06-12 00:00:00,21.9,83,18.9,0.0,2,1013.0,79
2026-06-12 01:00:00,21.6,87,19.3,0.0,3,1012.6,99
2026-06-12 02:00:00,21.6,89,19.6,0.0,3,1012.5,93
2026-06-12 03:00:00,22.0,88,19.9,0.0,3,1012.8,99
2026-06-12 04:00:00,21.7,88,19.6,0.0,3,1012.7,100
2026-06-12 05:00:00,21.8,87,19.5,0.0,3,1012.8,100
2026-06-12 06:00:00,21.8,88,19.7,0.0,3,1013.0,100
2026-06-12 07:00:00,22.9,85,20.3,0.0,3,1013.5,87
2026-06-12 08:00:00,23.5,82,20.2,0.0,3,1013.6,100
2026-06-12 09:00:00,26.0,64,18.7,0.0,3,1013.9,91
2026-06-12 10:00:00,26.0,63,18.4,0.0,3,1014.0,99
2026-06-12 11:00:00,26.4,60,18.1,0.0,3,1013.6,100
2026-06-12 12:00:00,25.5,71,19.8,0.0,3,1013.7,100
2026-06-12 13:00:00,25.3,72,19.9,0.0,3,1013.3,100
2026-06-12 14:00:00,25.0,75,20.2,0.1,51,1012.9,100
2026-06-12 15:00:00,25.5,69,19.3,0.0,3,1012.2,80
2026-06-12 16:00:00,26.1,63,18.5,0.0,3,1011.5,100
2026-06-12 17:00:00,25.3,67,18.7,0.1,51,1012.1,100
2026-06-12 18:00:00,24.5,76,20.0,0.1,51,1012.6,99
2026-06-12 19:00:00,23.5,83,20.4,0.0,3,1012.8,100
2026-06-12 20:00:00,22.9,85,20.2,0.0,3,1013.1,100
2026-06-12 21:00:00,22.0,93,20.8,0.0,3,1013.2,100
2026-06-12 22:00:00,21.6,93,20.5,0.4,51,1013.4,100
2026-06-12 23:00:00,21.5,92,20.2,0.0,3,1013.3,99
2026-06-13 00:00:00,20.8,88,18.7,0.0,3,1012.6,100
2026-06-13 01:00:00,20.7,84,17.9,0.0,3,1012.2,100
2026-06-13 02:00:00,21.0,81,17.7,0.0,3,1011.9,100
2026-06-13 03:00:00,21.2,80,17.6,0.0,3,1011.8,100
2026-06-13 04:00:00,21.4,76,17.0,0.0,3,1011.4,98
2026-06-13 05:00:00,20.7,85,18.1,0.0,3,1011.4,100
2026-06-13 06:00:00,20.9,88,18.9,0.0,3,1011.7,100
2026-06-13 07:00:00,21.8,88,19.8,0.0,3,1012.2,100
2026-06-13 08:00:00,22.9,87,20.7,0.0,3,1012.2,100
2026-06-13 09:00:00,24.0,77,19.8,0.0,3,1011.9,83
2026-06-13 10:00:00,25.7,59,17.2,0.0,3,1011.7,100
2026-06-13 11:00:00,25.0,61,17.1,0.0,3,1011.9,99
2026-06-13 12:00:00,25.8,59,17.3,0.0,3,1011.6,83
2026-06-13 13:00:00,26.1,62,18.2,0.0,3,1010.9,96
2026-06-13 14:00:00,25.3,64,18.1,0.0,2,1010.3,70
2026-06-13 15:00:00,24.6,65,17.6,0.0,3,1010.0,100
2026-06-13 16:00:00,24.1,69,18.2,0.1,51,1009.1,100
2026-06-13 17:00:00,23.5,72,18.2,0.0,3,1008.9,100
2026-06-13 18:00:00,23.0,73,17.8,0.0,3,1009.8,100
2026-06-13 19:00:00,22.7,69,16.8,0.0,3,1009.8,82
2026-06-13 20:00:00,22.3,73,17.2,0.0,3,1009.9,82
2026-06-13 21:00:00,21.5,93,20.4,0.0,3,1010.2,83
2026-06-13 22:00:00,21.2,91,19.7,0.0,3,1009.8,98
2026-06-13 23:00:00,21.3,86,18.8,0.0,3,1009.3,98
2026-06-14 00:00:00,21.4,83,18.3,0.0,2,1008.7,60
2026-06-14 01:00:00,21.4,82,18.1,0.0,3,1008.1,82
2026-06-14 02:00:00,21.7,82,18.4,0.0,3,1007.4,94
2026-06-14 03:00:00,22.0,81,18.6,0.0,3,1007.3,100
2026-06-14 04:00:00,21.6,86,19.1,0.2,51,1006.7,100
2026-06-14 05:00:00,21.4,89,19.6,0.2,51,1006.4,100
2026-06-14 06:00:00,21.5,90,19.8,0.4,51,1006.0,100
2026-06-14 07:00:00,21.8,90,20.2,0.3,51,1005.8,100
2026-06-14 08:00:00,22.2,90,20.5,0.4,51,1005.9,100
2026-06-14 09:00:00,22.2,98,21.9,0.1,51,1005.8,100
2026-06-14 10:00:00,22.7,95,21.8,0.5,53,1005.5,100
2026-06-14 11:00:00,23.1,92,21.6,0.6,53,1005.1,100
2026-06-14 12:00:00,22.9,94,22.0,0.6,53,1004.6,100
2026-06-14 13:00:00,23.1,97,22.5,0.9,53,1004.1,100
2026-06-14 14:00:00,24.2,93,23.0,0.2,51,1003.9,100
2026-06-14 15:00:00,23.3,98,23.0,1.6,61,1004.2,100
2026-06-14 16:00:00,23.0,99,22.8,2.2,61,1004.1,100
2026-06-14 17:00:00,22.7,98,22.4,3.5,63,1004.2,100
2026-06-14 18:00:00,22.6,98,22.3,5.2,63,1004.0,100
2026-06-14 19:00:00,22.5,98,22.2,1.1,55,1004.3,100
2026-06-14 20:00:00,22.4,98,22.1,0.2,51,1005.1,100
2026-06-14 21:00:00,23.1,98,22.7,0.0,3,1005.3,100
2026-06-14 22:00:00,22.8,96,22.1,0.0,3,1006.5,100
2026-06-14 23:00:00,22.8,95,22.0,0.0,3,1006.8,100
2026-06-15 00:00:00,22.3,98,21.9,0.1,51,1006.6,98
2026-06-15 01:00:00,22.3,98,21.9,0.0,3,1006.1,100
2026-06-15 02:00:00,22.2,98,21.9,0.0,3,1006.2,98
2026-06-15 03:00:00,22.4,98,22.0,0.0,3,1006.1,99
2026-06-15 04:00:00,22.2,98,21.8,0.0,3,1006.3,100
2026-06-15 05:00:00,22.3,97,21.9,0.0,3,1006.5,100
2026-06-15 06:00:00,22.6,96,22.0,0.2,51,1007.3,100
2026-06-15 07:00:00,22.8,98,22.5,0.9,53,1007.4,100
2026-06-15 08:00:00,23.5,98,23.1,0.5,53,1008.4,100
2026-06-15 09:00:00,23.3,97,22.8,2.1,61,1008.8,100
2026-06-15 10:00:00,24.0,97,23.5,3.3,63,1008.9,100
2026-06-15 11:00:00,24.0,98,23.6,2.1,61,1008.5,99
2026-06-15 12:00:00,24.7,94,23.8,0.5,53,1008.3,97
2026-06-15 13:00:00,24.9,88,22.7,0.4,51,1008.6,100
2026-06-15 14:00:00,24.2,91,22.6,0.7,53,1008.2,100
2026-06-15 15:00:00,24.2,96,23.5,5.5,63,1007.9,100
2026-06-15 16:00:00,23.5,98,23.2,2.1,61,1007.4,100
2026-06-15 17:00:00,23.5,98,23.1,1.3,61,1007.5,100
2026-06-15 18:00:00,23.7,96,23.1,1.4,61,1008.1,100
2026-06-15 19:00:00,23.7,96,23.1,1.0,55,1008.3,100
2026-06-15 20:00:00,23.7,98,23.3,1.0,55,1008.8,100
2026-06-15 21:00:00,24.3,96,23.7,1.2,55,1008.9,100
2026-06-15 22:00:00,24.0,96,23.4,1.9,61,1009.2,100
2026-06-15 23:00:00,23.6,98,23.2,4.3,63,1008.7,100
2026-06-16 00:00:00,23.6,98,23.2,5.5,63,1008.1,100
2026-06-16 01:00:00,23.9,97,23.5,1.6,61,1007.4,98
2026-06-16 02:00:00,24.1,97,23.7,0.0,3,1008.1,100
2026-06-16 03:00:00,23.5,97,23.0,0.7,53,1008.2,100
2026-06-16 04:00:00,23.3,97,22.7,1.9,61,1008.2,100
2026-06-16 05:00:00,23.1,97,22.6,0.9,53,1008.7,100
2026-06-16 06:00:00,23.0,98,22.6,4.4,63,1008.8,100
2026-06-16 07:00:00,22.9,98,22.6,4.2,63,1008.9,100
2026-06-16 08:00:00,23.5,97,23.0,5.1,63,1009.0,100
2026-06-16 09:00:00,23.0,98,22.7,13.2,65,1010.6,100
2026-06-16 10:00:00,23.5,99,23.3,2.6,63,1010.7,100
2026-06-16 11:00:00,23.4,98,23.0,0.5,53,1010.8,100
2026-06-16 12:00:00,24.9,92,23.6,0.0,3,1010.3,100
2026-06-16 13:00:00,25.2,91,23.5,0.0,3,1009.9,100
2026-06-16 14:00:00,25.0,91,23.3,0.0,3,1010.1,100
2026-06-16 15:00:00,25.1,94,24.2,0.0,3,1010.3,100
2026-06-16 16:00:00,23.9,97,23.4,2.0,61,1010.4,100
2026-06-16 17:00:00,23.4,98,23.1,14.6,65,1010.3,100
2026-06-16 18:00:00,23.1,99,23.0,9.6,65,1010.5,100
2026-06-16 19:00:00,23.0,99,22.8,2.7,63,1010.5,100
2026-06-16 20:00:00,22.8,98,22.6,6.2,63,1011.2,100
2026-06-16 21:00:00,23.5,99,23.3,2.2,61,1011.4,100
2026-06-16 22:00:00,23.5,98,23.2,0.8,53,1011.9,100
2026-06-16 23:00:00,23.6,98,23.2,4.7,63,1011.8,100
2026-06-17 00:00:00,23.6,99,23.4,4.9,63,1011.4,100
2026-06-17 01:00:00,23.9,96,23.3,3.5,63,1011.2,100
2026-06-17 02:00:00,23.8,97,23.3,2.4,61,1011.1,100
2026-06-17 03:00:00,23.6,97,23.1,3.0,63,1010.8,100
2026-06-17 04:00:00,23.6,97,23.1,4.0,63,1010.4,100
2026-06-17 05:00:00,23.4,96,22.8,2.1,61,1010.8,100
2026-06-17 06:00:00,23.4,98,23.0,2.4,61,1010.9,100
2026-06-17 07:00:00,23.8,96,23.2,1.7,61,1011.1,100
2026-06-17 08:00:00,23.6,96,23.0,3.2,63,1011.6,100
2026-06-17 09:00:00,23.9,98,23.5,1.6,61,1011.8,100
2026-06-17 10:00:00,24.2,97,23.7,3.1,63,1011.5,100
2026-06-17 11:00:00,24.7,99,24.5,1.5,61,1011.6,100
2026-06-17 12:00:00,25.0,99,24.7,2.9,63,1011.7,100
2026-06-17 13:00:00,24.7,99,24.5,5.3,63,1011.4,100
2026-06-17 14:00:00,25.0,99,24.8,1.0,55,1011.3,100
2026-06-17 15:00:00,25.7,95,24.8,0.3,51,1010.7,98
2026-06-17 16:00:00,25.9,93,24.6,0.0,3,1010.3,99
2026-06-17 17:00:00,25.8,92,24.4,0.0,3,1010.4,98
2026-06-17 18:00:00,25.6,93,24.3,0.0,3,1011.1,100
2026-06-17 19:00:00,24.1,97,23.6,1.3,61,1011.7,100
2026-06-17 20:00:00,23.9,99,23.7,2.6,63,1011.7,100
2026-06-17 21:00:00,23.6,98,23.3,1.3,61,1012.0,100
2026-06-17 22:00:00,23.0,98,22.7,7.2,63,1012.9,100
2026-06-17 23:00:00,22.9,98,22.6,1.8,61,1011.6,100
2026-06-18 00:00:00,23.2,97,22.7,0.5,53,1011.6,100
2026-06-18 01:00:00,23.6,98,23.2,0.1,51,1011.5,98
2026-06-18 02:00:00,23.9,99,23.7,0.0,3,1011.2,100
2026-06-18 03:00:00,23.0,100,23.0,0.1,51,1012.2,100
2026-06-18 04:00:00,23.0,99,22.9,2.6,63,1011.9,100
2026-06-18 05:00:00,23.0,99,22.8,1.3,61,1011.9,100
2026-06-18 06:00:00,22.9,98,22.6,2.0,61,1011.9,100
2026-06-18 07:00:00,23.7,99,23.5,0.4,51,1011.8,100
2026-06-18 08:00:00,24.8,99,24.6,0.3,51,1012.3,100
2026-06-18 09:00:00,23.8,99,23.7,0.2,51,1012.0,100
2026-06-18 10:00:00,24.1,100,24.1,0.7,53,1012.0,100
2026-06-18 11:00:00,25.1,98,24.8,0.1,51,1011.3,100
2026-06-18 12:00:00,26.8,92,25.4,0.0,3,1011.9,100
2026-06-18 13:00:00,27.8,87,25.4,0.0,3,1011.5,100
2026-06-18 14:00:00,27.8,87,25.4,0.0,3,1010.7,100
2026-06-18 15:00:00,28.6,85,25.8,0.0,3,1010.0,99
2026-06-18 16:00:00,27.9,86,25.4,0.0,3,1010.0,98
2026-06-18 17:00:00,27.8,85,24.9,0.0,3,1010.1,98
2026-06-18 18:00:00,27.0,86,24.5,0.0,3,1010.2,94
2026-06-18 19:00:00,26.0,89,24.1,0.0,3,1010.1,86
2026-06-18 20:00:00,25.0,93,23.7,0.0,3,1010.7,88
2026-06-18 21:00:00,25.3,98,24.9,0.0,3,1011.0,100
2026-06-18 22:00:00,25.2,98,24.8,0.0,3,1011.4,100
2026-06-18 23:00:00,25.0,98,24.7,0.0,3,1011.7,100
2026-06-19 00:00:00,24.9,97,24.5,0.0,3,1011.7,100
2026-06-19 01:00:00,24.9,97,24.4,0.0,3,1011.3,98
2026-06-19 02:00:00,24.8,98,24.4,0.0,3,1010.9,99
2026-06-19 03:00:00,24.6,99,24.4,0.0,3,1011.0,100
2026-06-19 04:00:00,24.5,99,24.4,0.0,3,1010.9,100
2026-06-19 05:00:00,24.5,99,24.4,0.0,3,1011.1,99
2026-06-19 06:00:00,24.6,99,24.4,0.0,3,1011.0,89
2026-06-19 07:00:00,25.4,94,24.3,0.0,3,1011.1,97
2026-06-19 08:00:00,26.3,86,23.8,0.0,3,1011.3,100
2026-06-19 09:00:00,27.1,83,24.0,0.0,3,1011.2,89
2026-06-19 10:00:00,27.4,81,23.8,0.0,3,1011.0,97
2026-06-19 11:00:00,27.6,81,24.0,0.0,3,1011.0,99
2026-06-19 12:00:00,27.7,83,24.5,0.0,3,1011.0,95
2026-06-19 13:00:00,27.8,82,24.5,0.0,2,1010.7,63
2026-06-19 14:00:00,27.8,83,24.7,0.0,2,1010.4,77
2026-06-19 15:00:00,28.2,81,24.7,0.0,3,1009.9,89
2026-06-19 16:00:00,27.6,84,24.8,0.0,3,1010.0,95
2026-06-19 17:00:00,27.1,86,24.7,0.0,3,1009.9,98
2026-06-19 18:00:00,26.5,89,24.5,0.0,3,1010.2,94
2026-06-19 19:00:00,25.6,92,24.3,0.0,3,1010.2,91
2026-06-19 20:00:00,25.0,97,24.4,0.0,3,1010.7,88
2026-06-19 21:00:00,25.1,96,24.4,0.0,3,1010.8,83
2026-06-19 22:00:00,25.0,96,24.3,0.0,2,1011.0,55
2026-06-19 23:00:00,24.9,96,24.2,0.0,2,1010.8,52
2026-06-20 00:00:00,24.6,96,24.0,0.0,2,1010.8,73
2026-06-20 01:00:00,24.4,97,23.9,0.0,3,1010.6,81
2026-06-20 02:00:00,24.3,98,24.0,0.0,3,1010.2,99
2026-06-20 03:00:00,24.0,99,23.8,0.0,3,1010.2,98
2026-06-20 04:00:00,24.0,99,23.7,0.0,3,1010.0,100
2026-06-20 05:00:00,24.0,98,23.7,0.0,3,1009.9,99
2026-06-20 06:00:00,24.5,94,23.4,0.0,3,1009.9,98
2026-06-20 07:00:00,25.3,88,23.1,0.0,3,1009.9,98
2026-06-20 08:00:00,25.9,83,22.8,0.0,3,1010.2,96
2026-06-20 09:00:00,27.0,83,23.9,0.0,2,1010.2,70
2026-06-20 10:00:00,27.5,80,23.7,0.0,2,1010.6,77
2026-06-20 11:00:00,27.9,76,23.3,0.0,3,1010.6,86
2026-06-20 12:00:00,28.0,80,24.3,0.0,3,1010.4,98
2026-06-20 13:00:00,28.1,80,24.4,0.0,3,1010.4,80
2026-06-20 14:00:00,28.2,80,24.5,0.0,2,1010.2,70
2026-06-20 15:00:00,28.5,82,25.1,0.0,1,1009.8,39
2026-06-20 16:00:00,28.0,85,25.2,0.0,0,1009.6,6
2026-06-20 17:00:00,27.5,87,25.2,0.0,0,1009.3,3
2026-06-20 18:00:00,26.9,90,25.0,0.0,0,1009.5,8
2026-06-20 19:00:00,26.0,92,24.7,0.0,2,1009.4,71
2026-06-20 20:00:00,25.3,96,24.7,0.0,2,1009.6,72
2026-06-20 21:00:00,25.4,96,24.6,0.0,2,1010.0,52
2026-06-20 22:00:00,25.1,98,24.7,0.3,51,1010.5,75
2026-06-20 23:00:00,25.4,96,24.8,0.0,1,1010.2,20
2026-06-21 00:00:00,25.1,99,24.8,0.0,3,1010.1,80
2026-06-21 01:00:00,25.0,99,24.8,0.0,1,1009.9,48
2026-06-21 02:00:00,25.0,99,24.8,0.0,2,1009.7,70
2026-06-21 03:00:00,25.1,99,24.9,0.0,1,1009.4,20
2026-06-21 04:00:00,24.8,99,24.6,0.0,1,1008.7,20
2026-06-21 05:00:00,24.7,99,24.5,0.0,1,1009.1,20
2026-06-21 06:00:00,24.8,98,24.4,0.0,0,1009.5,18
2026-06-21 07:00:00,25.5,93,24.3,0.0,0,1009.7,14
2026-06-21 08:00:00,26.3,87,24.0,0.0,2,1010.0,66
2026-06-21 09:00:00,27.4,82,24.1,0.0,2,1010.1,78
2026-06-21 10:00:00,27.7,80,23.9,0.0,3,1010.0,95
2026-06-21 11:00:00,28.0,78,23.9,0.0,2,1009.6,70
2026-06-21 12:00:00,28.5,76,23.9,0.0,1,1009.4,36
2026-06-21 13:00:00,28.6,77,24.2,0.0,2,1009.3,65
2026-06-21 14:00:00,28.5,78,24.2,0.0,2,1009.0,63
2026-06-21 15:00:00,28.9,75,24.0,0.0,0,1008.2,19
2026-06-21 16:00:00,28.4,78,24.1,0.0,0,1007.7,12
2026-06-21 17:00:00,27.7,81,24.1,0.0,0,1007.6,3
2026-06-21 18:00:00,26.9,85,24.2,0.0,0,1008.0,16
2026-06-21 19:00:00,26.0,90,24.2,0.0,1,1008.2,24
2026-06-21 20:00:00,25.5,92,24.1,0.0,2,1008.3,78
2026-06-21 21:00:00,25.7,90,24.0,0.0,0,1008.7,8
2026-06-21 22:00:00,25.4,93,24.2,0.0,1,1008.6,39
2026-06-21 23:00:00,25.1,96,24.5,0.0,2,1008.7,76
2026-06-22 00:00:00,25.0,98,24.7,0.0,3,1008.2,93
2026-06-22 01:00:00,25.0,99,24.7,0.0,3,1007.8,98
2026-06-22 02:00:00,25.1,98,24.7,0.0,3,1007.3,97
2026-06-22 03:00:00,25.1,98,24.8,0.0,3,1006.9,98
2026-06-22 04:00:00,25.1,98,24.8,0.1,51,1006.6,100
2026-06-22 05:00:00,25.1,99,24.8,0.0,3,1006.5,100
2026-06-22 06:00:00,25.2,98,24.9,0.0,3,1006.7,100
2026-06-22 07:00:00,25.7,95,24.8,0.1,51,1006.8,100
2026-06-22 08:00:00,26.3,90,24.5,0.2,51,1006.9,72
2026-06-22 09:00:00,27.8,84,24.9,0.2,51,1007.1,59
2026-06-22 10:00:00,28.4,81,24.8,0.1,51,1006.8,44
2026-06-22 11:00:00,28.8,78,24.7,0.1,51,1006.7,39
2026-06-22 12:00:00,28.7,80,24.9,0.2,51,1006.7,29
2026-06-22 13:00:00,28.3,82,25.0,0.3,51,1006.2,24
2026-06-22 14:00:00,28.4,82,25.0,0.1,51,1006.2,39
2026-06-22 15:00:00,28.6,79,24.7,0.1,51,1005.7,60
2026-06-22 16:00:00,28.1,80,24.3,0.1,51,1005.6,45
2026-06-22 17:00:00,27.7,82,24.3,0.0,0,1005.4,18
2026-06-22 18:00:00,27.0,86,24.5,0.0,1,1005.8,34
2026-06-22 19:00:00,26.0,90,24.2,0.0,0,1005.8,9
2026-06-22 20:00:00,25.1,89,23.1,0.0,1,1006.1,37
2026-06-22 21:00:00,24.9,88,22.9,0.0,1,1006.3,31
2026-06-22 22:00:00,24.4,89,22.6,0.0,1,1006.6,38
2026-06-22 23:00:00,24.1,92,22.7,0.0,2,1006.4,65
2026-06-23 00:00:00,24.1,93,22.9,0.0,3,1005.8,98
2026-06-23 01:00:00,24.3,96,23.6,0.0,3,1005.1,85
2026-06-23 02:00:00,24.6,98,24.2,0.0,2,1004.8,74
2026-06-23 03:00:00,24.9,98,24.5,0.0,3,1005.1,98
2026-06-23 04:00:00,25.0,98,24.6,0.0,3,1004.9,84
2026-06-23 05:00:00,25.1,98,24.8,0.0,2,1005.0,77
2026-06-23 06:00:00,25.5,97,25.0,0.0,3,1004.9,97
2026-06-23 07:00:00,26.4,92,25.0,0.0,2,1005.0,77
2026-06-23 08:00:00,27.3,89,25.3,0.0,3,1004.8,91
2026-06-23 09:00:00,24.6,100,24.6,0.2,51,1005.7,99
2026-06-23 10:00:00,25.6,95,24.8,0.7,53,1005.7,99
2026-06-23 11:00:00,27.1,90,25.4,0.0,3,1005.4,88
2026-06-23 12:00:00,28.8,83,25.5,0.0,1,1005.1,33
2026-06-23 13:00:00,29.4,78,25.1,0.1,51,1004.8,28
2026-06-23 14:00:00,29.5,82,26.2,0.2,51,1004.9,91
2026-06-23 15:00:00,29.4,81,25.9,0.0,3,1005.2,88
2026-06-23 16:00:00,28.9,88,26.8,0.6,53,1005.2,97
2026-06-23 17:00:00,28.5,88,26.4,0.0,3,1004.7,98
2026-06-23 18:00:00,27.9,91,26.3,0.1,51,1004.9,100
2026-06-23 19:00:00,27.3,93,26.1,0.0,3,1005.6,98
2026-06-23 20:00:00,26.7,96,26.1,0.0,3,1006.2,99
2026-06-23 21:00:00,26.8,94,25.7,0.0,2,1006.5,70
2026-06-23 22:00:00,26.5,93,25.3,0.1,51,1006.6,73
2026-06-23 23:00:00,26.7,93,25.4,0.2,51,1006.7,88
2026-06-24 00:00:00,26.5,96,25.7,0.2,51,1006.1,91
2026-06-24 01:00:00,26.5,94,25.5,0.2,51,1005.9,45
2026-06-24 02:00:00,26.1,96,25.4,0.2,51,1005.5,100
2026-06-24 03:00:00,26.0,97,25.4,0.2,51,1005.5,97
2026-06-24 04:00:00,25.8,97,25.3,0.2,51,1005.1,87
2026-06-24 05:00:00,25.9,97,25.3,0.2,51,1004.7,92
2026-06-24 06:00:00,26.1,95,25.3,0.0,3,1004.4,88
2026-06-24 07:00:00,26.3,95,25.4,0.1,51,1004.6,98
2026-06-24 08:00:00,27.0,93,25.8,0.2,51,1004.7,99
2026-06-24 09:00:00,27.8,92,26.3,0.4,51,1004.8,95
2026-06-24 10:00:00,28.6,88,26.5,0.3,51,1005.0,65
2026-06-24 11:00:00,29.0,84,26.1,0.2,51,1005.2,88
2026-06-24 12:00:00,28.8,85,25.9,0.6,53,1005.1,84
2026-06-24 13:00:00,29.5,81,25.9,0.0,2,1004.9,71
2026-06-24 14:00:00,29.4,81,25.7,0.1,51,1004.8,98
2026-06-24 15:00:00,29.6,81,25.9,0.3,51,1004.4,100
2026-06-24 16:00:00,28.8,85,26.0,0.0,3,1004.4,100
2026-06-24 17:00:00,28.5,87,26.1,0.0,3,1004.3,100
2026-06-24 18:00:00,28.0,89,26.0,0.0,3,1004.6,99
2026-06-24 19:00:00,27.5,91,25.9,0.0,3,1004.9,97
2026-06-24 20:00:00,27.1,92,25.7,0.0,3,1005.3,90
2026-06-24 21:00:00,26.7,94,25.7,0.0,3,1005.7,91
2026-06-24 22:00:00,26.9,95,26.0,0.4,51,1005.9,65
2026-06-24 23:00:00,26.8,94,25.8,0.0,2,1005.9,71
2026-06-25 00:00:00,26.7,93,25.5,0.0,3,1005.4,87
2026-06-25 01:00:00,26.7,93,25.4,0.0,2,1005.2,59
2026-06-25 02:00:00,26.6,93,25.3,0.0,3,1004.6,91
2026-06-25 03:00:00,26.9,89,24.8,0.0,2,1003.9,54
2026-06-25 04:00:00,27.0,86,24.5,0.0,0,1003.8,16
2026-06-25 05:00:00,27.0,85,24.3,0.0,0,1004.0,9
2026-06-25 06:00:00,27.0,85,24.3,0.0,0,1004.1,16
2026-06-25 07:00:00,27.4,83,24.2,0.0,0,1004.4,13
2026-06-25 08:00:00,28.0,81,24.5,0.0,0,1004.8,4
2026-06-25 09:00:00,29.1,80,25.4,0.0,0,1004.7,5
2026-06-25 10:00:00,29.4,78,25.3,0.0,0,1004.6,4
2026-06-25 11:00:00,29.7,77,25.2,0.1,51,1004.7,1
2026-06-25 12:00:00,29.7,77,25.3,0.3,51,1004.6,1
2026-06-25 13:00:00,29.3,80,25.6,0.5,53,1004.2,6
2026-06-25 14:00:00,29.0,82,25.6,0.2,51,1004.3,75
2026-06-25 15:00:00,29.4,78,25.3,0.0,0,1004.0,7
2026-06-25 16:00:00,29.2,77,24.8,0.2,51,1003.4,2
2026-06-25 17:00:00,28.5,79,24.4,0.6,53,1003.2,7
2026-06-25 18:00:00,27.7,88,25.6,0.3,51,1003.6,18
2026-06-25 19:00:00,27.2,92,25.7,0.3,51,1003.6,20
2026-06-25 20:00:00,27.0,92,25.6,0.0,0,1003.9,1
2026-06-25 21:00:00,26.8,93,25.5,0.0,0,1003.9,3
2026-06-25 22:00:00,26.8,90,25.1,0.0,1,1003.8,35
2026-06-25 23:00:00,26.3,93,25.0,0.6,53,1003.6,4
2026-06-26 00:00:00,26.5,91,25.0,0.0,2,1002.6,59
2026-06-26 01:00:00,26.8,88,24.6,0.0,2,1001.8,57
2026-06-26 02:00:00,26.5,88,24.3,0.1,51,1001.4,86
2026-06-26 03:00:00,26.8,86,24.3,0.0,1,1000.9,27
2026-06-26 04:00:00,26.8,84,23.9,0.0,1,1000.2,20
2026-06-26 05:00:00,26.7,84,23.9,0.0,2,1000.1,73
2026-06-26 06:00:00,25.8,86,23.3,0.4,51,1000.2,41
2026-06-26 07:00:00,26.2,87,23.8,0.5,53,1000.3,61
2026-06-26 08:00:00,26.7,86,24.1,0.1,51,1000.0,79
2026-06-26 09:00:00,26.2,91,24.5,1.7,61,998.9,78
2026-06-26 10:00:00,25.9,93,24.7,1.9,61,998.5,99
2026-06-26 11:00:00,25.5,95,24.7,3.9,63,998.4,100
2026-06-26 12:00:00,25.4,97,24.9,4.8,63,997.6,100
2026-06-26 13:00:00,25.7,95,24.8,1.0,55,996.5,100
2026-06-26 14:00:00,25.7,95,24.7,0.5,53,995.6,98
2026-06-26 15:00:00,25.8,97,25.3,0.5,53,994.3,99
2026-06-26 16:00:00,26.0,96,25.4,1.1,55,993.6,100
2026-06-26 17:00:00,25.7,97,25.2,1.4,61,992.9,100
2026-06-26 18:00:00,25.7,98,25.3,1.6,61,992.6,100
2026-06-26 19:00:00,25.6,98,25.2,2.2,61,992.5,100
2026-06-26 20:00:00,25.6,98,25.2,1.8,61,992.8,100
2026-06-26 21:00:00,26.1,99,25.9,0.9,53,993.2,95
2026-06-26 22:00:00,26.2,99,26.0,0.0,3,994.0,84
2026-06-26 23:00:00,25.9,98,25.6,0.2,51,995.3,93
2026-06-27 00:00:00,25.8,98,25.5,0.0,3,996.4,85
2026-06-27 01:00:00,25.6,98,25.2,0.1,51,997.0,100
2026-06-27 02:00:00,25.3,97,24.9,0.2,51,997.9,59
2026-06-27 03:00:00,25.3,96,24.5,0.1,51,998.9,100
2026-06-27 04:00:00,24.8,98,24.4,1.3,61,999.8,100
2026-06-27 05:00:00,24.6,97,24.1,0.2,51,1000.6,100
2026-06-27 06:00:00,24.5,97,23.9,0.0,1,1001.4,28
2026-06-27 07:00:00,24.7,95,23.9,0.0,1,1002.1,21
2026-06-27 08:00:00,25.2,91,23.5,0.0,0,1002.9,9
2026-06-27 09:00:00,25.8,86,23.3,0.0,0,1003.3,15
2026-06-27 10:00:00,26.6,79,22.7,0.0,1,1003.8,30
2026-06-27 11:00:00,27.1,75,22.2,0.0,1,1004.3,37
2026-06-27 12:00:00,27.3,71,21.5,0.0,1,1004.4,27
2026-06-27 13:00:00,27.1,71,21.4,0.0,1,1004.7,23
2026-06-27 14:00:00,27.1,68,20.7,0.0,0,1004.5,6
2026-06-27 15:00:00,27.4,66,20.6,0.0,0,1004.7,12
2026-06-27 16:00:00,26.9,68,20.6,0.0,0,1004.4,11
2026-06-27 17:00:00,26.3,70,20.4,0.0,1,1004.6,27
2026-06-27 18:00:00,25.5,75,20.6,0.0,0,1004.8,18
2026-06-27 19:00:00,24.5,83,21.5,0.0,2,1005.2,77
2026-06-27 20:00:00,23.7,86,21.2,0.0,3,1005.7,85
2026-06-27 21:00:00,22.9,100,22.9,0.0,3,1005.8,81
2026-06-27 22:00:00,23.2,98,22.9,0.2,51,1006.4,91
2026-06-27 23:00:00,23.3,99,23.1,0.8,53,1006.4,77
2026-06-28 00:00:00,23.4,97,22.9,0.0,2,1005.8,64
2026-06-28 01:00:00,23.4,94,22.5,0.0,2,1005.7,78
2026-06-28 02:00:00,23.5,93,22.2,0.0,3,1005.5,86
2026-06-28 03:00:00,23.2,95,22.4,0.0,1,1005.9,26
2026-06-28 04:00:00,22.7,97,22.1,0.2,51,1006.1,88
2026-06-28 05:00:00,22.7,97,22.2,2.0,61,1006.2,95
2026-06-28 06:00:00,22.7,97,22.3,1.0,55,1007.2,94
2026-06-28 07:00:00,23.3,98,22.9,0.0,3,1008.0,99
2026-06-28 08:00:00,23.6,95,22.8,0.2,51,1008.2,97
2026-06-28 09:00:00,24.6,95,23.7,0.0,3,1008.6,100
2026-06-28 10:00:00,24.8,94,23.7,0.3,51,1008.5,100
2026-06-28 11:00:00,25.6,87,23.4,0.2,51,1008.7,100
2026-06-28 12:00:00,26.0,84,23.1,0.4,51,1008.9,100
2026-06-28 13:00:00,26.0,83,22.9,0.3,51,1008.4,100
2026-06-28 14:00:00,25.6,85,23.0,0.3,51,1008.6,100
2026-06-28 15:00:00,25.5,87,23.2,0.4,51,1008.9,100
2026-06-28 16:00:00,24.9,93,23.8,0.5,53,1008.7,100
2026-06-28 17:00:00,24.4,97,23.9,1.2,55,1008.6,100
2026-06-28 18:00:00,24.7,98,24.3,0.7,53,1008.5,100
2026-06-28 19:00:00,24.8,97,24.4,0.1,51,1008.7,100
2026-06-28 20:00:00,24.8,97,24.3,0.1,51,1009.1,100
2026-06-28 21:00:00,24.9,97,24.5,0.1,51,1009.4,98
2026-06-28 22:00:00,25.0,97,24.6,0.0,3,1010.0,100
2026-06-28 23:00:00,24.8,98,24.4,0.1,51,1010.3,100
2026-06-29 00:00:00,24.9,98,24.5,0.4,51,1010.0,100
2026-06-29 01:00:00,25.2,98,24.9,0.3,51,1009.6,100
2026-06-29 02:00:00,25.2,98,24.8,0.2,51,1009.5,100
2026-06-29 03:00:00,25.3,97,24.8,0.4,51,1009.3,100
2026-06-29 04:00:00,24.5,96,23.9,0.4,51,1008.7,99
2026-06-29 05:00:00,24.3,96,23.6,0.1,51,1008.9,100
2026-06-29 06:00:00,24.4,96,23.8,1.0,55,1009.5,100
2026-06-29 07:00:00,24.7,98,24.3,2.7,63,1009.8,100
2026-06-29 08:00:00,25.2,98,24.9,2.9,63,1010.2,100
2026-06-29 09:00:00,25.5,97,25.1,2.3,61,1010.7,100
2026-06-29 10:00:00,25.7,98,25.3,1.6,61,1010.7,100
2026-06-29 11:00:00,26.2,98,25.8,1.9,61,1011.2,100
2026-06-29 12:00:00,26.1,97,25.5,1.6,61,1011.3,100
2026-06-29 13:00:00,26.6,95,25.8,0.1,51,1011.1,100
2026-06-29 14:00:00,26.9,92,25.4,0.0,3,1010.7,100
2026-06-29 15:00:00,27.6,86,25.1,0.0,3,1010.8,99
2026-06-29 16:00:00,27.3,87,24.9,0.0,3,1010.7,100
2026-06-29 17:00:00,26.9,90,25.1,0.0,3,1010.5,100
2026-06-29 18:00:00,26.6,92,25.3,0.0,3,1010.8,100
2026-06-29 19:00:00,26.0,96,25.3,0.0,3,1010.8,100
2026-06-29 20:00:00,25.6,98,25.3,0.0,3,1011.5,99
2026-06-29 21:00:00,25.7,96,25.0,0.0,3,1011.4,100
2026-06-29 22:00:00,25.7,98,25.3,0.0,3,1011.8,100
2026-06-29 23:00:00,25.6,98,25.3,0.0,3,1011.4,98
2026-06-30 00:00:00,25.6,99,25.4,0.0,3,1011.5,98
2026-06-30 01:00:00,25.6,99,25.4,0.0,3,1011.4,100
2026-06-30 02:00:00,25.5,99,25.4,0.0,3,1011.1,100
2026-06-30 03:00:00,25.7,99,25.5,0.0,3,1010.8,98
2026-06-30 04:00:00,25.7,98,25.3,0.0,3,1010.9,98
2026-06-30 05:00:00,25.6,98,25.3,0.1,51,1011.1,95
2026-06-30 06:00:00,25.6,97,25.1,0.1,51,1011.7,100
2026-06-30 07:00:00,26.4,95,25.4,0.1,51,1012.1,94
2026-06-30 08:00:00,27.3,91,25.6,0.0,3,1012.3,96
2026-06-30 09:00:00,28.4,85,25.7,0.1,51,1012.1,72
2026-06-30 10:00:00,28.9,82,25.5,0.0,3,1012.1,96
2026-06-30 11:00:00,29.0,82,25.7,0.0,2,1012.2,79
2026-06-30 12:00:00,29.3,80,25.5,0.1,51,1011.9,78
2026-06-30 13:00:00,29.3,80,25.5,0.0,2,1011.4,57
2026-06-30 14:00:00,29.4,80,25.6,0.0,3,1011.1,97
2026-06-30 15:00:00,29.4,79,25.3,0.0,3,1011.2,98
2026-06-30 16:00:00,28.7,82,25.4,0.0,3,1010.8,87
2026-06-30 17:00:00,28.2,84,25.2,0.0,3,1010.6,96
2026-06-30 18:00:00,27.5,87,25.0,0.0,3,1010.9,94
2026-06-30 19:00:00,26.6,91,25.1,0.0,3,1010.9,99
2026-06-30 20:00:00,25.9,95,25.0,0.0,3,1011.5,100
2026-06-30 21:00:00,25.8,93,24.7,0.0,3,1011.8,99
2026-06-30 22:00:00,25.5,94,24.5,0.0,3,1011.8,98
2026-06-30 23:00:00,25.5,94,24.6,0.0,3,1011.8,99
2026-07-01 00:00:00,25.6,94,24.7,0.0,3,1011.7,95
2026-07-01 01:00:00,25.7,95,24.8,0.0,3,1011.3,98
2026-07-01 02:00:00,25.7,95,24.8,0.0,2,1010.9,74
2026-07-01 03:00:00,25.7,93,24.4,0.0,0,1010.9,9
2026-07-01 04:00:00,25.5,94,24.5,0.0,0,1010.3,13
2026-07-01 05:00:00,25.6,93,24.4,0.0,2,1010.5,60
2026-07-01 06:00:00,25.8,92,24.5,0.0,3,1010.7,85
2026-07-01 07:00:00,26.7,88,24.5,0.0,3,1010.8,86
2026-07-01 08:00:00,27.3,83,24.3,0.0,3,1011.1,98
2026-07-01 09:00:00,28.1,80,24.2,0.0,3,1010.9,97
2026-07-01 10:00:00,28.4,80,24.6,0.0,3,1010.9,89
2026-07-01 11:00:00,28.6,80,24.8,0.0,3,1010.8,90
2026-07-01 12:00:00,28.8,79,24.9,0.0,1,1010.4,36
2026-07-01 13:00:00,28.9,80,25.0,0.0,2,1010.0,72
2026-07-01 14:00:00,28.8,80,24.9,0.0,2,1009.9,53
2026-07-01 15:00:00,29.2,78,25.0,0.0,3,1009.9,80
2026-07-01 16:00:00,28.8,79,24.8,0.0,0,1009.9,18
2026-07-01 17:00:00,28.3,82,25.0,0.0,0,1009.5,13
2026-07-01 18:00:00,27.7,85,24.9,0.0,1,1009.7,37
2026-07-01 19:00:00,26.9,89,24.9,0.0,3,1010.0,97
2026-07-01 20:00:00,26.5,90,24.8,0.0,3,1010.4,91
2026-07-01 21:00:00,26.7,89,24.7,0.0,3,1010.6,91
2026-07-01 22:00:00,26.4,91,24.9,0.0,3,1010.9,96
2026-07-01 23:00:00,26.3,92,24.9,0.0,2,1011.1,77
2026-07-02 00:00:00,26.2,93,25.0,0.0,3,1010.9,91
2026-07-02 01:00:00,26.2,94,25.2,0.0,3,1010.8,97
2026-07-02 02:00:00,26.2,94,25.2,0.0,3,1010.6,100
2026-07-02 03:00:00,26.2,95,25.3,0.0,3,1010.4,100
2026-07-02 04:00:00,25.9,96,25.2,0.0,3,1010.1,99
2026-07-02 05:00:00,25.8,95,24.9,0.0,3,1010.5,98
2026-07-02 06:00:00,25.8,95,25.0,0.0,3,1010.8,98
2026-07-02 07:00:00,26.6,91,25.0,0.0,3,1010.9,94
2026-07-02 08:00:00,27.4,85,24.7,0.0,3,1011.6,95
2026-07-02 09:00:00,28.4,80,24.6,0.0,1,1012.1,47
2026-07-02 10:00:00,28.4,81,24.8,0.2,51,1012.1,59
2026-07-02 11:00:00,28.9,79,24.9,0.0,1,1011.7,45
2026-07-02 12:00:00,29.4,75,24.6,0.0,3,1011.7,82
2026-07-02 13:00:00,29.6,75,24.7,0.0,3,1011.6,94
2026-07-02 14:00:00,29.5,74,24.4,0.0,2,1011.4,73
2026-07-02 15:00:00,29.5,72,23.9,0.0,1,1011.3,45
2026-07-02 16:00:00,28.9,75,23.9,0.0,1,1011.1,29
2026-07-02 17:00:00,28.2,80,24.5,0.0,0,1011.0,18
2026-07-02 18:00:00,27.4,85,24.6,0.0,0,1011.1,5
2026-07-02 19:00:00,26.7,89,24.8,0.0,0,1011.6,19
2026-07-02 20:00:00,26.2,92,24.8,0.0,1,1012.1,20
2026-07-02 21:00:00,26.3,92,24.9,0.0,1,1012.3,40
2026-07-02 22:00:00,26.1,93,24.9,0.0,2,1012.8,52
2026-07-02 23:00:00,25.9,95,25.0,0.0,2,1012.8,73
2026-07-03 00:00:00,25.8,95,25.0,0.0,3,1012.6,96
2026-07-03 01:00:00,25.9,94,24.8,0.0,3,1012.3,99
2026-07-03 02:00:00,26.0,93,24.8,0.0,3,1012.3,98
2026-07-03 03:00:00,25.8,95,24.9,0.0,3,1012.5,99
2026-07-03 04:00:00,25.8,95,24.9,0.0,3,1012.2,98
2026-07-03 05:00:00,25.5,96,24.7,0.0,3,1012.2,84
2026-07-03 06:00:00,25.7,93,24.5,0.0,2,1012.4,58
2026-07-03 07:00:00,26.8,88,24.6,0.0,2,1012.5,53
2026-07-03 08:00:00,27.6,83,24.4,0.0,2,1012.9,52
2026-07-03 09:00:00,28.5,81,24.9,0.0,3,1012.6,94
2026-07-03 10:00:00,28.7,81,25.0,0.0,2,1012.5,74
2026-07-03 11:00:00,29.1,79,25.1,0.0,1,1012.5,45
2026-07-03 12:00:00,29.5,78,25.2,0.0,1,1012.5,49
2026-07-03 13:00:00,29.7,74,24.7,0.0,3,1012.2,91
2026-07-03 14:00:00,29.7,74,24.6,0.0,3,1012.1,98
2026-07-03 15:00:00,29.6,71,23.9,0.0,3,1011.9,100
2026-07-03 16:00:00,29.0,73,23.7,0.0,3,1011.6,97
2026-07-03 17:00:00,28.4,76,23.8,0.0,3,1011.3,99
2026-07-03 18:00:00,27.8,79,23.7,0.0,3,1011.6,84
2026-07-03 19:00:00,26.7,86,24.3,0.0,3,1011.7,91
2026-07-03 20:00:00,25.8,91,24.2,0.0,1,1012.2,41
2026-07-03 21:00:00,25.7,92,24.3,0.0,1,1012.3,21
2026-07-03 22:00:00,25.3,93,24.1,0.0,0,1012.6,13
2026-07-03 23:00:00,25.3,92,24.0,0.0,1,1012.7,20
2026-07-04 00:00:00,25.2,93,23.9,0.0,1,1012.4,26
2026-07-04 01:00:00,25.0,94,23.9,0.0,0,1012.0,9
2026-07-04 02:00:00,25.2,93,24.0,0.0,1,1011.5,29
2026-07-04 03:00:00,25.2,92,23.9,0.0,1,1011.5,31
2026-07-04 04:00:00,25.1,94,24.0,0.0,1,1011.4,41
2026-07-04 05:00:00,25.2,93,24.0,0.0,1,1011.4,47
2026-07-04 06:00:00,25.8,90,24.0,0.0,0,1011.8,17
2026-07-04 07:00:00,26.8,86,24.3,0.0,0,1012.2,17
2026-07-04 08:00:00,27.5,82,24.1,0.0,1,1012.4,23
2026-07-04 09:00:00,28.3,78,24.1,0.0,0,1012.0,0
2026-07-04 10:00:00,28.7,76,24.0,0.0,0,1011.9,0
2026-07-04 11:00:00,29.1,75,24.2,0.0,0,1011.9,0
2026-07-04 12:00:00,29.5,73,24.0,0.0,1,1011.7,20
2026-07-04 13:00:00,29.6,73,24.2,0.0,0,1011.8,6
2026-07-04 14:00:00,29.5,74,24.3,0.0,0,1011.7,1
2026-07-04 15:00:00,29.7,71,23.9,0.0,0,1011.0,0
2026-07-04 16:00:00,29.0,74,23.9,0.0,0,1011.0,0
2026-07-04 17:00:00,28.3,78,24.1,0.0,0,1010.6,9
2026-07-04 18:00:00,27.6,83,24.5,0.0,0,1010.3,4
2026-07-04 19:00:00,26.7,89,24.8,0.0,0,1010.3,0
2026-07-04 20:00:00,25.8,93,24.6,0.0,0,1010.7,4
2026-07-04 21:00:00,26.0,92,24.6,0.0,0,1011.0,2
2026-07-04 22:00:00,25.8,93,24.6,0.0,1,1011.6,20
2026-07-04 23:00:00,25.7,93,24.6,0.0,1,1011.4,22
2026-07-05 00:00:00,25.7,93,24.5,0.0,1,1011.0,31
2026-07-05 01:00:00,25.6,93,24.4,0.0,1,1010.8,34
2026-07-05 02:00:00,25.6,93,24.3,0.0,1,1010.5,27
2026-07-05 03:00:00,25.4,94,24.3,0.0,0,1010.1,7
2026-07-05 04:00:00,25.4,92,24.0,0.0,0,1010.3,2
2026-07-05 05:00:00,25.4,91,23.8,0.0,0,1010.6,7
2026-07-05 06:00:00,25.6,90,23.8,0.0,1,1011.0,27
2026-07-05 07:00:00,26.6,85,23.8,0.0,3,1011.7,82
2026-07-05 08:00:00,27.2,81,23.7,0.0,2,1011.8,79
2026-07-05 09:00:00,28.1,76,23.6,0.0,3,1011.3,86
2026-07-05 10:00:00,28.5,75,23.6,0.0,3,1011.1,98
2026-07-05 11:00:00,29.1,72,23.4,0.0,3,1010.9,99
2026-07-05 12:00:00,29.3,72,23.8,0.0,3,1010.9,99
2026-07-05 13:00:00,29.7,70,23.7,0.0,3,1010.6,87
2026-07-05 14:00:00,29.6,71,23.8,0.0,2,1010.3,62
2026-07-05 15:00:00,29.6,69,23.4,0.0,0,1010.0,6
2026-07-05 16:00:00,29.1,71,23.3,0.0,0,1009.6,1
2026-07-05 17:00:00,28.5,73,23.2,0.0,0,1009.3,0
2026-07-05 18:00:00,27.8,76,23.2,0.0,0,1009.5,0
2026-07-05 19:00:00,26.7,84,23.8,0.0,0,1009.9,0
2026-07-05 20:00:00,25.9,88,23.8,0.0,0,1010.3,1
2026-07-05 21:00:00,26.2,85,23.5,0.0,0,1010.6,0
2026-07-05 22:00:00,25.9,86,23.4,0.0,0,1010.8,0
2026-07-05 23:00:00,25.6,88,23.5,0.0,0,1010.6,0
2026-07-06 00:00:00,25.7,88,23.7,0.0,0,1010.1,2
2026-07-06 01:00:00,26.1,88,23.9,0.0,0,1009.7,2
2026-07-06 02:00:00,26.1,89,24.1,0.0,0,1009.4,2
2026-07-06 03:00:00,26.2,87,23.9,0.0,0,1009.6,5
2026-07-06 04:00:00,26.0,88,24.0,0.0,0,1009.8,3
2026-07-06 05:00:00,26.0,88,23.9,0.0,0,1009.6,0
2026-07-06 06:00:00,26.2,87,23.8,0.0,0,1009.7,0
2026-07-06 07:00:00,27.1,84,24.1,0.0,0,1009.8,0
2026-07-06 08:00:00,27.8,81,24.1,0.0,0,1010.2,0
2026-07-06 09:00:00,28.8,76,24.2,0.0,0,1010.2,0
2026-07-06 10:00:00,29.2,73,23.8,0.0,0,1010.2,0
2026-07-06 11:00:00,29.6,72,24.0,0.0,0,1010.0,0
2026-07-06 12:00:00,29.8,71,24.0,0.0,0,1009.8,0
2026-07-06 13:00:00,29.9,72,24.3,0.0,0,1009.7,0
2026-07-06 14:00:00,29.8,72,24.2,0.0,0,1009.6,0
2026-07-06 15:00:00,29.8,72,24.1,0.0,0,1009.4,5
2026-07-06 16:00:00,29.2,75,24.3,0.0,0,1009.1,4
2026-07-06 17:00:00,28.7,78,24.5,0.0,0,1009.0,13
2026-07-06 18:00:00,28.1,81,24.5,0.0,1,1009.2,24
2026-07-06 19:00:00,27.3,87,24.8,0.0,0,1009.4,13
2026-07-06 20:00:00,26.4,90,24.7,0.0,0,1009.8,8
2026-07-06 21:00:00,26.3,91,24.7,0.0,0,1010.0,5
2026-07-06 22:00:00,25.8,93,24.5,0.0,0,1010.0,0
2026-07-06 23:00:00,25.6,93,24.3,0.0,0,1009.8,2
2026-07-07 00:00:00,25.4,92,24.0,0.0,0,1009.2,5
2026-07-07 01:00:00,25.2,92,23.9,0.0,0,1008.9,6
2026-07-07 02:00:00,25.0,93,23.9,0.0,0,1009.0,9
2026-07-07 03:00:00,25.2,93,24.0,0.0,0,1009.3,18
2026-07-07 04:00:00,25.1,93,23.9,0.0,1,1009.2,20
2026-07-07 05:00:00,25.0,93,23.9,0.0,1,1009.2,30
2026-07-07 06:00:00,25.3,94,24.2,0.0,1,1009.3,26
2026-07-07 07:00:00,26.9,89,24.9,0.0,1,1009.6,23
2026-07-07 08:00:00,27.7,84,24.7,0.1,51,1009.8,42
2026-07-07 09:00:00,28.9,76,24.2,0.1,51,1009.6,57
2026-07-07 10:00:00,29.3,72,23.8,0.1,51,1009.5,59
2026-07-07 11:00:00,29.7,73,24.2,0.1,51,1009.5,33
2026-07-07 12:00:00,30.0,72,24.4,0.0,0,1009.0,7
2026-07-07 13:00:00,30.3,69,24.0,0.0,0,1008.7,5
2026-07-07 14:00:00,30.4,67,23.7,0.0,0,1008.4,5
2026-07-07 15:00:00,30.6,66,23.5,0.0,0,1007.9,2
2026-07-07 16:00:00,30.2,69,23.9,0.0,0,1007.5,2
2026-07-07 17:00:00,29.8,69,23.5,0.0,0,1007.4,2
2026-07-07 18:00:00,28.8,72,23.4,0.0,2,1007.3,54
2026-07-07 19:00:00,27.3,87,24.9,0.0,0,1007.8,17
2026-07-07 20:00:00,25.7,94,24.6,0.0,0,1008.3,9
2026-07-07 21:00:00,26.2,90,24.4,0.0,0,1008.9,3
2026-07-07 22:00:00,25.8,91,24.1,0.0,0,1009.1,13
2026-07-07 23:00:00,25.6,91,24.1,0.0,0,1008.8,7
2026-07-08 00:00:00,25.3,93,24.0,0.0,0,1008.3,4
2026-07-08 01:00:00,24.8,94,23.8,0.0,0,1007.9,12
2026-07-08 02:00:00,24.3,95,23.5,0.0,0,1007.7,15
2026-07-08 03:00:00,24.5,96,23.9,0.0,0,1007.8,2
2026-07-08 04:00:00,24.3,96,23.7,0.0,0,1007.9,9
2026-07-08 05:00:00,24.3,96,23.5,0.0,0,1008.3,16
2026-07-08 06:00:00,24.5,96,23.8,0.0,0,1008.5,4
2026-07-08 07:00:00,26.6,87,24.2,0.0,0,1008.7,7
2026-07-08 08:00:00,28.0,79,24.0,0.0,0,1008.9,18
2026-07-08 09:00:00,29.7,71,23.8,0.0,2,1008.6,56
2026-07-08 10:00:00,29.9,72,24.3,0.0,2,1008.3,61
2026-07-08 11:00:00,30.2,73,24.8,0.0,1,1008.2,32
2026-07-08 12:00:00,30.7,71,24.8,0.0,1,1008.0,33
2026-07-08 13:00:00,30.2,73,24.8,0.0,1,1007.6,28
2026-07-08 14:00:00,29.9,72,24.3,0.0,0,1007.3,18
2026-07-08 15:00:00,30.0,70,23.9,0.0,0,1007.0,10
2026-07-08 16:00:00,29.4,72,23.8,0.0,0,1006.9,7
2026-07-08 17:00:00,28.6,74,23.5,0.0,0,1006.9,6
2026-07-08 18:00:00,27.8,77,23.3,0.0,1,1006.8,24
2026-07-08 19:00:00,27.2,79,23.3,0.0,1,1006.9,48
2026-07-08 20:00:00,26.8,83,23.7,0.0,1,1007.1,27
2026-07-08 21:00:00,26.8,83,23.7,0.0,1,1007.0,32
2026-07-08 22:00:00,26.6,84,23.8,0.0,1,1007.5,32
2026-07-08 23:00:00,26.6,85,23.8,0.0,1,1007.3,28
2026-07-09 00:00:00,26.5,86,24.0,0.0,1,1007.0,31
2026-07-09 01:00:00,26.4,86,23.9,0.0,1,1006.7,34
2026-07-09 02:00:00,26.4,87,24.2,0.0,1,1006.7,41
2026-07-09 03:00:00,26.7,85,24.0,0.0,1,1006.3,34
2026-07-09 04:00:00,26.7,85,24.1,0.0,1,1006.2,28
2026-07-09 05:00:00,26.6,88,24.4,0.0,1,1006.3,32
2026-07-09 06:00:00,26.6,90,24.9,0.1,51,1006.5,26
2026-07-09 07:00:00,27.4,85,24.8,0.0,1,1006.4,38
2026-07-09 08:00:00,28.3,80,24.6,0.0,2,1006.6,60
2026-07-09 09:00:00,29.1,80,25.2,0.0,1,1006.1,29
2026-07-09 10:00:00,29.4,78,25.2,0.1,51,1006.5,20
2026-07-09 11:00:00,30.0,76,25.2,0.1,51,1006.7,21
2026-07-09 12:00:00,30.4,73,24.9,0.1,51,1006.5,20
2026-07-09 13:00:00,30.3,75,25.3,0.1,51,1006.3,33
2026-07-09 14:00:00,30.1,75,25.2,0.3,51,1005.9,22
2026-07-09 15:00:00,30.3,76,25.5,0.1,51,1005.7,15
2026-07-09 16:00:00,29.4,80,25.6,0.0,0,1005.5,8
2026-07-09 17:00:00,28.3,83,25.2,0.2,51,1005.6,27
2026-07-09 18:00:00,28.0,87,25.5,0.0,1,1005.6,37
2026-07-09 19:00:00,27.2,92,25.7,0.1,51,1005.7,24
2026-07-09 20:00:00,27.5,89,25.5,0.0,1,1006.2,34
2026-07-09 21:00:00,27.8,89,25.9,0.0,1,1006.3,27
2026-07-09 22:00:00,27.9,89,25.9,0.0,3,1006.8,100
2026-07-09 23:00:00,27.7,91,26.0,0.0,3,1006.8,100
2026-07-10 00:00:00,27.6,90,25.9,0.0,3,1006.5,100
2026-07-10 01:00:00,27.6,90,25.7,0.0,3,1005.8,98
2026-07-10 02:00:00,27.4,91,25.7,0.0,3,1005.3,99
2026-07-10 03:00:00,27.5,87,25.0,0.0,2,1004.8,67
2026-07-10 04:00:00,27.3,90,25.5,0.0,3,1004.4,99
2026-07-10 05:00:00,27.4,88,25.3,0.0,3,1004.5,100
2026-07-10 06:00:00,27.5,89,25.5,0.0,3,1004.5,98
2026-07-10 07:00:00,27.5,88,25.3,0.3,51,1004.9,100
2026-07-10 08:00:00,27.7,85,24.9,0.3,51,1005.2,100
2026-07-10 09:00:00,28.1,83,24.9,0.2,51,1005.6,99
2026-07-10 10:00:00,28.3,84,25.3,0.5,53,1005.9,99
2026-07-10 11:00:00,28.9,80,25.2,0.5,53,1005.9,89
2026-07-10 12:00:00,28.1,80,24.3,1.2,55,1005.5,98
2026-07-10 13:00:00,27.8,86,25.2,0.8,53,1005.1,100
2026-07-10 14:00:00,27.9,84,25.0,0.5,53,1004.5,100
2026-07-10 15:00:00,28.7,81,25.0,0.2,51,1004.2,100
2026-07-10 16:00:00,28.5,78,24.2,0.2,51,1003.8,100
2026-07-10 17:00:00,28.3,82,25.0,0.1,51,1003.8,100
2026-07-10 18:00:00,28.1,86,25.5,0.0,3,1003.6,100
2026-07-10 19:00:00,28.0,86,25.5,0.0,3,1003.7,100
2026-07-10 20:00:00,28.0,86,25.4,0.0,3,1004.1,100
2026-07-10 21:00:00,27.8,86,25.2,0.0,3,1004.2,100
2026-07-10 22:00:00,27.7,85,25.0,0.2,51,1004.6,84
2026-07-10 23:00:00,27.7,86,25.1,0.1,51,1004.4,93
2026-07-11 00:00:00,27.6,88,25.3,0.1,51,1003.8,99
2026-07-11 01:00:00,27.1,84,24.2,0.2,51,1002.8,100
2026-07-11 02:00:00,27.4,86,24.8,0.2,51,1002.3,100
2026-07-11 03:00:00,27.1,82,23.7,0.3,51,1002.0,100
2026-07-11 04:00:00,27.4,82,24.0,0.1,51,1001.7,100
2026-07-11 05:00:00,26.7,88,24.5,0.5,53,1002.1,100
2026-07-11 06:00:00,27.7,82,24.3,0.1,51,1002.2,100
2026-07-11 07:00:00,26.5,86,24.0,0.6,53,1003.3,100
2026-07-11 08:00:00,27.2,87,24.9,0.6,53,1003.6,100
2026-07-11 09:00:00,25.3,96,24.6,0.3,51,1004.5,100
2026-07-11 10:00:00,27.6,85,24.9,0.3,51,1004.0,100
2026-07-11 11:00:00,27.2,89,25.3,0.8,53,1004.4,100
2026-07-11 12:00:00,27.8,87,25.5,0.8,53,1004.2,100
2026-07-11 13:00:00,28.5,85,25.7,0.2,51,1004.3,100
2026-07-11 14:00:00,28.4,84,25.4,0.2,51,1004.1,100
2026-07-11 15:00:00,27.1,88,25.0,0.5,53,1004.1,74
2026-07-11 16:00:00,28.3,81,24.8,0.0,2,1003.8,78
2026-07-11 17:00:00,28.8,81,25.2,0.0,3,1003.7,99
2026-07-11 18:00:00,28.5,85,25.6,0.0,3,1004.3,100
2026-07-11 19:00:00,28.2,86,25.7,0.0,3,1004.9,100
2026-07-11 20:00:00,28.0,87,25.7,0.0,3,1005.5,100
2026-07-11 21:00:00,28.0,87,25.6,0.1,51,1006.1,100
2026-07-11 22:00:00,27.8,88,25.6,0.1,51,1007.0,100
2026-07-11 23:00:00,27.0,89,25.0,0.3,51,1007.5,100
2026-07-12 00:00:00,26.4,93,25.2,1.1,55,1007.7,100
2026-07-12 01:00:00,26.3,94,25.3,0.5,53,1007.7,99
2026-07-12 02:00:00,26.0,93,24.8,0.4,51,1007.8,99
2026-07-12 03:00:00,26.4,95,25.4,0.6,53,1007.7,95
2026-07-12 04:00:00,26.2,94,25.2,0.1,51,1007.6,81
2026-07-12 05:00:00,25.8,93,24.6,0.5,53,1007.8,87
2026-07-12 06:00:00,26.1,95,25.2,0.2,51,1008.2,98
2026-07-12 07:00:00,26.6,93,25.3,0.1,51,1008.8,99
2026-07-12 08:00:00,27.2,90,25.4,0.2,51,1009.4,100
2026-07-12 09:00:00,28.2,88,26.1,0.2,51,1009.6,100
2026-07-12 10:00:00,28.4,86,25.8,0.2,51,1009.8,100
2026-07-12 11:00:00,28.7,85,25.9,0.4,51,1010.1,100
2026-07-12 12:00:00,29.3,81,25.7,0.2,51,1010.0,89
2026-07-12 13:00:00,29.7,76,25.1,0.1,51,1010.0,5
2026-07-12 14:00:00,29.7,76,24.9,0.1,51,1009.6,5
2026-07-12 15:00:00,29.7,78,25.5,0.1,51,1009.2,4
2026-07-12 16:00:00,29.3,79,25.2,0.0,0,1009.2,6
2026-07-12 17:00:00,28.4,81,24.9,0.4,51,1009.5,7
2026-07-12 18:00:00,27.6,86,25.1,0.7,53,1009.8,16
2026-07-12 19:00:00,27.2,89,25.2,0.1,51,1010.3,9
2026-07-12 20:00:00,27.0,90,25.3,0.0,0,1010.8,11
2026-07-12 21:00:00,27.3,89,25.3,0.1,51,1010.9,15
2026-07-12 22:00:00,27.0,91,25.3,0.1,51,1010.9,19
2026-07-12 23:00:00,26.8,93,25.5,0.1,51,1011.1,27
2026-07-13 00:00:00,26.7,92,25.2,0.1,51,1011.1,29
2026-07-13 01:00:00,26.7,92,25.3,0.1,51,1010.8,13
2026-07-13 02:00:00,26.8,91,25.2,0.0,0,1010.2,5
2026-07-13 03:00:00,26.9,90,25.1,0.0,0,1010.0,2
2026-07-13 04:00:00,26.8,91,25.1,0.0,0,1009.8,7
2026-07-13 05:00:00,26.7,89,24.8,0.0,0,1009.9,5
2026-07-13 06:00:00,26.8,89,24.9,0.0,0,1010.2,11
2026-07-13 07:00:00,27.5,86,25.0,0.0,0,1010.3,15
2026-07-13 08:00:00,28.2,81,24.6,0.0,1,1010.7,27
2026-07-13 09:00:00,28.7,85,25.9,0.0,2,1010.9,66
2026-07-13 10:00:00,29.0,81,25.4,0.3,51,1011.2,100
2026-07-13 11:00:00,29.5,80,25.6,0.0,2,1011.2,70
2026-07-13 12:00:00,29.8,78,25.5,0.0,0,1010.9,12
2026-07-13 13:00:00,30.0,75,25.0,0.0,1,1010.5,27
2026-07-13 14:00:00,29.8,74,24.8,0.0,1,1010.3,28
2026-07-13 15:00:00,30.0,73,24.6,0.0,1,1010.4,23
2026-07-13 16:00:00,29.4,75,24.5,0.0,1,1010.0,23
2026-07-13 17:00:00,28.8,78,24.6,0.0,2,1009.9,74
2026-07-13 18:00:00,28.2,80,24.5,0.0,3,1010.2,95
2026-07-13 19:00:00,27.6,85,24.8,0.0,3,1010.2,98
2026-07-13 20:00:00,27.2,87,24.8,0.0,2,1010.6,64
2026-07-13 21:00:00,27.0,89,25.1,0.0,3,1010.7,98
2026-07-13 22:00:00,26.8,90,25.1,0.0,3,1011.1,99
2026-07-13 23:00:00,26.7,91,25.1,0.0,3,1011.1,95
2026-07-14 00:00:00,26.4,92,25.0,0.0,3,1010.9,97
2026-07-14 01:00:00,26.2,92,24.9,0.0,3,1010.5,100
2026-07-14 02:00:00,26.1,93,24.9,0.0,3,1010.2,100
2026-07-14 03:00:00,26.0,90,24.2,0.0,3,1010.4,100
2026-07-14 04:00:00,25.9,91,24.3,0.0,3,1010.2,82
2026-07-14 05:00:00,25.4,94,24.4,0.0,2,1010.3,77
2026-07-14 06:00:00,25.5,94,24.4,0.0,3,1010.5,90
2026-07-14 07:00:00,27.0,86,24.5,0.0,3,1010.7,94
2026-07-14 08:00:00,27.7,82,24.4,0.0,3,1011.1,100
2026-07-14 09:00:00,28.8,76,24.0,0.0,2,1010.9,56
2026-07-14 10:00:00,29.2,74,24.1,0.0,0,1011.0,4
2026-07-14 11:00:00,29.5,74,24.4,0.0,1,1010.9,38
2026-07-14 12:00:00,29.7,73,24.5,0.0,1,1011.0,38
2026-07-14 13:00:00,29.7,74,24.5,0.0,3,1010.6,87
2026-07-14 14:00:00,29.6,74,24.6,0.0,3,1010.2,98
2026-07-14 15:00:00,29.9,70,23.8,0.0,3,1009.8,98
2026-07-14 16:00:00,29.4,72,23.8,0.0,3,1009.8,97
2026-07-14 17:00:00,29.0,73,23.7,0.0,1,1009.4,20
2026-07-14 18:00:00,28.4,76,23.7,0.0,0,1009.5,16
2026-07-14 19:00:00,27.4,81,24.0,0.0,0,1009.4,2
2026-07-14 20:00:00,26.9,83,23.7,0.0,0,1009.5,6
2026-07-14 21:00:00,26.8,80,23.1,0.0,2,1009.5,59
2026-07-14 22:00:00,26.2,84,23.3,0.0,3,1010.0,83
2026-07-14 23:00:00,26.3,85,23.6,0.0,1,1010.0,46
2026-07-15 00:00:00,26.3,85,23.6,0.0,2,1009.8,66
2026-07-15 01:00:00,26.4,84,23.4,0.0,2,1009.4,50
2026-07-15 02:00:00,26.3,84,23.3,0.0,2,1008.9,63
2026-07-15 03:00:00,26.2,83,23.1,0.0,3,1008.7,80
2026-07-15 04:00:00,26.1,85,23.3,0.0,3,1008.3,89
2026-07-15 05:00:00,26.1,84,23.3,0.0,1,1008.2,28
2026-07-15 06:00:00,26.1,85,23.4,0.0,0,1008.4,0
2026-07-15 07:00:00,26.9,83,23.8,0.0,0,1008.6,0
2026-07-15 08:00:00,27.6,82,24.2,0.0,0,1008.9,0
2026-07-15 09:00:00,28.8,78,24.5,0.0,0,1008.9,2
2026-07-15 10:00:00,29.1,77,24.8,0.0,2,1008.6,52
2026-07-15 11:00:00,29.5,75,24.5,0.0,3,1008.7,80
2026-07-15 12:00:00,29.7,73,24.5,0.0,2,1008.5,57
2026-07-15 13:00:00,29.9,73,24.5,0.0,3,1008.0,95
2026-07-15 14:00:00,29.6,75,24.6,0.0,2,1007.5,76
2026-07-15 15:00:00,30.2,75,25.2,0.1,51,1007.2,60
2026-07-15 16:00:00,29.8,74,24.7,0.1,51,1006.8,95
2026-07-15 17:00:00,28.9,79,24.9,0.1,51,1006.7,98
2026-07-15 18:00:00,28.3,83,25.1,0.0,3,1006.8,84
2026-07-15 19:00:00,27.5,88,25.4,0.0,1,1006.9,26
2026-07-15 20:00:00,27.2,90,25.5,0.0,1,1007.2,27
2026-07-15 21:00:00,27.4,89,25.5,0.0,2,1007.4,52
2026-07-15 22:00:00,27.4,88,25.3,0.0,2,1007.6,70
2026-07-15 23:00:00,27.5,87,25.2,0.0,3,1007.4,93
2026-07-16 00:00:00,27.3,90,25.5,0.0,3,1007.3,86
2026-07-16 01:00:00,27.1,92,25.6,0.0,2,1007.0,67
2026-07-16 02:00:00,27.0,92,25.6,0.0,2,1006.8,72
2026-07-16 03:00:00,27.1,91,25.6,0.0,2,1006.5,57
2026-07-16 04:00:00,26.8,92,25.3,0.2,51,1006.1,52
2026-07-16 05:00:00,26.7,94,25.7,0.2,51,1005.9,57
2026-07-16 06:00:00,27.0,92,25.5,0.0,3,1006.1,89
2026-07-16 07:00:00,27.7,87,25.4,0.0,3,1006.4,100
2026-07-16 08:00:00,28.4,82,25.1,0.0,3,1006.8,91
2026-07-16 09:00:00,29.0,85,26.1,0.0,3,1006.7,83
2026-07-16 10:00:00,29.1,80,25.4,0.3,51,1006.6,44
2026-07-16 11:00:00,29.8,78,25.4,0.1,51,1006.4,35
2026-07-16 12:00:00,30.2,76,25.4,0.0,1,1006.1,25
2026-07-16 13:00:00,30.5,74,25.3,0.0,2,1005.7,73
2026-07-16 14:00:00,30.4,73,24.9,0.0,3,1005.5,85
2026-07-16 15:00:00,30.5,74,25.5,0.0,3,1005.2,86
2026-07-16 16:00:00,30.0,74,24.9,0.0,3,1005.1,95
2026-07-16 17:00:00,29.4,77,25.0,0.0,3,1004.6,99
2026-07-16 18:00:00,28.8,79,24.8,0.1,51,1004.8,99
2026-07-16 19:00:00,27.9,90,26.1,0.0,3,1004.7,98
2026-07-16 20:00:00,27.6,91,26.0,0.0,3,1005.1,98
2026-07-16 21:00:00,27.8,91,26.2,0.0,3,1005.1,98
2026-07-16 22:00:00,27.6,91,26.0,0.0,3,1005.5,100
2026-07-16 23:00:00,27.6,90,25.8,0.0,3,1005.4,100
2026-07-17 00:00:00,27.4,92,26.0,0.0,3,1005.1,98
2026-07-17 01:00:00,27.3,91,25.8,0.0,3,1004.6,99
2026-07-17 02:00:00,27.2,92,25.8,0.0,3,1004.1,99
2026-07-17 03:00:00,27.1,93,25.9,0.0,3,1004.0,99
2026-07-17 04:00:00,27.1,93,25.8,0.0,3,1004.1,95
2026-07-17 05:00:00,27.0,93,25.8,0.0,2,1003.9,55
2026-07-17 06:00:00,27.2,91,25.6,0.0,2,1004.3,59
2026-07-17 07:00:00,28.0,88,25.7,0.0,2,1004.5,59
2026-07-17 08:00:00,28.7,84,25.6,0.0,1,1005.0,45
2026-07-17 09:00:00,29.6,81,25.9,0.0,3,1004.6,92
2026-07-17 10:00:00,30.1,76,25.5,0.0,2,1004.8,52
2026-07-17 11:00:00,30.3,73,25.0,0.1,51,1004.7,33
2026-07-17 12:00:00,30.3,76,25.6,0.0,1,1004.6,25
2026-07-17 13:00:00,30.5,76,25.7,0.0,1,1004.5,20
2026-07-17 14:00:00,30.4,76,25.8,0.0,1,1004.2,20
2026-07-17 15:00:00,30.8,74,25.7,0.0,0,1003.7,4
2026-07-17 16:00:00,30.2,78,26.0,0.0,3,1003.3,85
2026-07-17 17:00:00,29.5,81,26.0,0.0,2,1003.1,79
2026-07-17 18:00:00,28.7,86,26.1,0.0,3,1003.1,99
2026-07-17 19:00:00,27.9,91,26.3,0.0,3,1003.2,100
2026-07-17 20:00:00,27.5,94,26.4,0.0,3,1003.4,100
2026-07-17 21:00:00,27.8,89,25.8,0.0,3,1003.3,97
2026-07-17 22:00:00,27.6,89,25.7,0.0,2,1003.9,51
2026-07-17 23:00:00,27.3,93,26.0,0.0,2,1004.2,56
2026-07-18 00:00:00,27.0,96,26.3,0.0,2,1004.1,54
2026-07-18 01:00:00,26.8,97,26.3,0.0,2,1003.7,69
2026-07-18 02:00:00,26.7,98,26.3,0.0,1,1003.2,24
2026-07-18 03:00:00,26.7,95,25.9,0.0,1,1003.0,27
2026-07-18 04:00:00,26.7,95,25.8,0.0,1,1003.1,35
2026-07-18 05:00:00,26.5,96,25.8,0.0,0,1003.3,18
2026-07-18 06:00:00,26.6,94,25.6,0.2,51,1003.5,13
2026-07-18 07:00:00,27.6,89,25.6,0.0,0,1003.6,19
2026-07-18 08:00:00,28.5,81,25.0,0.0,1,1003.7,35
2026-07-18 09:00:00,29.5,78,25.3,0.3,51,1003.8,64
2026-07-18 10:00:00,29.7,78,25.4,0.2,51,1003.7,52
2026-07-18 11:00:00,30.2,76,25.6,0.0,1,1003.9,23
2026-07-18 12:00:00,30.8,70,24.7,0.0,1,1004.1,28
2026-07-18 13:00:00,31.2,67,24.2,0.0,1,1003.9,24
2026-07-18 14:00:00,31.4,65,24.1,0.0,0,1003.6,1
2026-07-18 15:00:00,31.6,63,23.8,0.0,0,1003.6,0
2026-07-18 16:00:00,30.9,68,24.2,0.0,0,1003.2,2
2026-07-18 17:00:00,30.1,75,25.2,0.0,0,1003.0,2
2026-07-18 18:00:00,29.4,79,25.3,0.0,0,1003.1,2
2026-07-18 19:00:00,28.4,84,25.5,0.0,0,1003.4,9
2026-07-18 20:00:00,28.0,87,25.5,0.0,1,1003.7,23
2026-07-18 21:00:00,27.8,87,25.5,0.0,0,1003.9,16
2026-07-18 22:00:00,27.4,90,25.6,0.0,0,1004.6,14
2026-07-18 23:00:00,27.2,91,25.7,0.0,0,1004.6,16
2026-07-19 00:00:00,27.0,92,25.7,0.0,0,1004.7,14
2026-07-19 01:00:00,26.8,95,25.8,0.0,0,1004.6,2
2026-07-19 02:00:00,26.5,97,25.9,0.0,0,1004.6,1
2026-07-19 03:00:00,26.7,95,25.9,0.0,0,1004.7,3
2026-07-19 04:00:00,26.6,95,25.8,0.0,0,1004.8,3
2026-07-19 05:00:00,26.7,93,25.5,0.0,0,1004.9,1
2026-07-19 06:00:00,26.6,93,25.4,0.0,0,1005.1,1
2026-07-19 07:00:00,27.9,86,25.3,0.0,0,1005.3,8
2026-07-19 08:00:00,28.6,81,25.0,0.0,1,1005.6,27
2026-07-19 09:00:00,29.8,76,25.2,0.0,0,1005.5,2
2026-07-19 10:00:00,30.4,74,25.2,0.0,0,1005.5,13
2026-07-19 11:00:00,31.0,70,24.9,0.0,1,1005.5,27
2026-07-19 12:00:00,31.6,66,24.4,0.0,1,1005.4,34
2026-07-19 13:00:00,32.1,63,24.0,0.0,1,1005.1,45
2026-07-19 14:00:00,31.9,64,24.3,0.0,0,1005.0,9
2026-07-19 15:00:00,31.9,63,23.9,0.0,0,1004.9,10
2026-07-19 16:00:00,31.8,63,23.8,0.0,1,1004.8,21
2026-07-19 17:00:00,31.4,63,23.6,0.0,1,1004.4,47
2026-07-19 18:00:00,30.4,67,23.7,0.0,1,1004.7,35
2026-07-19 19:00:00,29.0,79,25.0,0.0,0,1005.1,16
2026-07-19 20:00:00,27.9,86,25.4,0.0,0,1005.6,18
2026-07-19 21:00:00,28.0,81,24.5,0.0,0,1006.1,6
2026-07-19 22:00:00,27.5,84,24.6,0.0,0,1006.6,5
2026-07-19 23:00:00,27.2,87,24.8,0.0,0,1006.9,5
2026-07-20 00:00:00,26.9,89,24.8,0.0,0,1006.7,4
2026-07-20 01:00:00,26.6,89,24.7,0.0,0,1006.6,4
2026-07-20 02:00:00,26.5,89,24.4,0.0,0,1006.2,2
2026-07-20 03:00:00,26.9,85,24.2,0.0,0,1006.2,1
2026-07-20 04:00:00,26.6,86,24.1,0.0,0,1006.3,1
2026-07-20 05:00:00,26.6,87,24.3,0.0,0,1006.4,5
2026-07-20 06:00:00,26.8,87,24.5,0.0,0,1006.9,17
2026-07-20 07:00:00,28.2,81,24.6,0.0,1,1007.2,27
2026-07-20 08:00:00,28.8,78,24.5,0.0,1,1007.3,44
2026-07-20 09:00:00,30.2,75,25.2,0.2,51,1007.1,20
2026-07-20 10:00:00,29.9,77,25.4,0.4,51,1006.9,36
2026-07-20 11:00:00,30.3,75,25.4,0.2,51,1007.0,18
2026-07-20 12:00:00,30.8,73,25.5,0.1,51,1007.0,14
2026-07-20 13:00:00,30.9,72,25.4,0.2,51,1007.0,13
2026-07-20 14:00:00,30.8,73,25.5,0.0,0,1006.7,5
2026-07-20 15:00:00,31.3,69,25.1,0.0,0,1006.5,0
2026-07-20 16:00:00,30.7,72,25.1,0.0,0,1006.1,2
2026-07-20 17:00:00,30.1,74,25.0,0.0,0,1006.0,2
2026-07-20 18:00:00,29.4,78,25.1,0.0,0,1006.5,3
2026-07-20 19:00:00,28.4,83,25.2,0.0,0,1006.9,8
2026-07-20 20:00:00,27.7,87,25.2,0.0,0,1007.3,9
2026-07-20 21:00:00,27.8,87,25.5,0.0,0,1007.5,11
2026-07-20 22:00:00,27.4,89,25.4,0.0,0,1007.7,16
2026-07-20 23:00:00,27.5,87,25.0,0.0,1,1007.8,24
2026-07-21 00:00:00,27.5,85,24.7,0.0,1,1007.7,21
2026-07-21 01:00:00,27.2,85,24.5,0.0,1,1007.5,20
2026-07-21 02:00:00,26.8,87,24.4,0.0,0,1007.2,19
2026-07-21 03:00:00,27.0,86,24.4,0.0,0,1007.2,12
2026-07-21 04:00:00,26.5,87,24.3,0.0,0,1007.2,8
2026-07-21 05:00:00,26.4,88,24.3,0.0,0,1007.5,10
2026-07-21 06:00:00,26.6,89,24.5,0.0,0,1007.8,2
2026-07-21 07:00:00,28.2,82,24.8,0.0,0,1008.1,1
2026-07-21 08:00:00,29.1,77,24.6,0.0,0,1008.4,2
2026-07-21 09:00:00,30.9,66,23.9,0.0,0,1008.6,1
2026-07-21 10:00:00,31.3,65,23.9,0.0,0,1008.6,0
2026-07-21 11:00:00,31.6,65,24.1,0.0,0,1008.5,7
2026-07-21 12:00:00,31.7,64,24.1,0.0,0,1008.1,6
2026-07-21 13:00:00,31.8,62,23.7,0.0,0,1007.9,13
2026-07-21 14:00:00,31.5,64,23.8,0.0,1,1008.0,29
2026-07-21 15:00:00,30.8,66,23.6,0.0,2,1007.9,59
2026-07-21 16:00:00,30.2,68,23.6,0.0,1,1007.8,38
2026-07-21 17:00:00,30.2,68,23.6,0.0,1,1007.5,30
2026-07-21 18:00:00,29.5,73,24.1,0.0,1,1007.9,22
2026-07-21 19:00:00,28.5,80,24.6,0.0,1,1008.1,34
2026-07-21 20:00:00,27.8,84,24.8,0.0,0,1008.3,5
2026-07-21 21:00:00,27.8,83,24.6,0.0,0,1008.6,10
2026-07-21 22:00:00,27.5,83,24.4,0.0,0,1008.9,4
2026-07-21 23:00:00,27.3,85,24.5,0.0,0,1008.9,2
2026-07-22 00:00:00,27.1,87,24.8,0.0,0,1008.8,5
2026-07-22 01:00:00,26.9,89,25.0,0.0,0,1008.4,11
2026-07-22 02:00:00,26.8,90,25.0,0.0,0,1008.2,7
2026-07-22 03:00:00,27.0,88,24.8,0.0,0,1008.2,9
2026-07-22 04:00:00,26.5,90,24.7,0.1,51,1008.2,14
2026-07-22 05:00:00,26.4,90,24.7,0.0,0,1008.2,8
2026-07-22 06:00:00,26.2,92,24.8,0.0,1,1008.7,29
2026-07-22 07:00:00,27.5,86,25.0,0.0,1,1009.1,24
2026-07-22 08:00:00,28.4,83,25.2,0.0,0,1009.2,13
2026-07-22 09:00:00,29.5,77,25.1,0.0,1,1009.1,44
2026-07-22 10:00:00,29.2,81,25.6,0.6,53,1009.2,47
2026-07-22 11:00:00,30.3,75,25.4,0.1,51,1008.7,96
2026-07-22 12:00:00,31.5,69,25.2,0.0,0,1008.1,13
2026-07-22 13:00:00,30.5,74,25.4,0.1,51,1008.1,72
2026-07-22 14:00:00,29.8,77,25.4,0.1,51,1008.2,100
2026-07-22 15:00:00,28.7,81,25.1,0.3,51,1007.8,100
2026-07-22 16:00:00,29.4,80,25.5,0.7,53,1007.8,30
2026-07-22 17:00:00,29.1,80,25.3,0.2,51,1007.7,26
2026-07-22 18:00:00,28.7,80,24.9,0.1,51,1008.1,27
2026-07-22 19:00:00,27.9,84,25.0,0.0,0,1008.4,16
2026-07-22 20:00:00,27.3,88,25.1,0.0,0,1008.6,11
2026-07-22 21:00:00,27.3,91,25.7,0.0,0,1008.7,4
2026-07-22 22:00:00,27.0,92,25.5,0.0,0,1008.9,2
2026-07-22 23:00:00,26.9,92,25.4,0.0,0,1008.7,2
2026-07-23 00:00:00,26.7,92,25.4,0.0,0,1008.7,3
2026-07-23 01:00:00,26.7,92,25.2,0.0,0,1008.6,6
2026-07-23 02:00:00,26.7,90,24.9,0.0,0,1008.3,11
2026-07-23 03:00:00,27.1,86,24.5,0.0,0,1008.1,8
2026-07-23 04:00:00,26.9,85,24.2,0.0,0,1007.7,9
2026-07-23 05:00:00,26.7,86,24.2,0.0,0,1007.8,7
2026-07-23 06:00:00,26.2,90,24.3,0.1,51,1008.1,22
2026-07-23 07:00:00,27.7,85,25.0,0.1,51,1008.5,14
2026-07-23 08:00:00,28.4,80,24.7,0.1,51,1008.4,18
2026-07-23 09:00:00,29.9,75,25.0,0.0,0,1008.4,13
2026-07-23 10:00:00,30.5,71,24.7,0.1,51,1008.4,12
2026-07-23 11:00:00,31.1,68,24.5,0.0,0,1008.4,9
2026-07-23 12:00:00,31.4,66,24.4,0.0,0,1008.1,15
2026-07-23 13:00:00,31.2,68,24.6,0.1,51,1008.1,13
2026-07-23 14:00:00,31.3,67,24.4,0.0,0,1008.0,13
2026-07-23 15:00:00,31.4,64,23.9,0.0,1,1008.0,42
2026-07-23 16:00:00,30.5,68,23.9,0.2,51,1007.9,53
2026-07-23 17:00:00,29.8,72,24.1,0.1,51,1008.0,28
2026-07-23 18:00:00,29.2,76,24.5,0.1,51,1008.2,21
2026-07-23 19:00:00,28.3,83,25.1,0.0,0,1008.4,7
2026-07-23 20:00:00,27.7,84,24.7,0.0,0,1008.9,2
2026-07-23 21:00:00,27.8,83,24.6,0.0,0,1009.4,1
2026-07-23 22:00:00,27.5,82,24.1,0.0,0,1009.7,1
2026-07-23 23:00:00,27.3,82,24.1,0.0,0,1009.8,1
2026-07-24 00:00:00,27.2,84,24.2,0.0,0,1009.7,1
2026-07-24 01:00:00,27.2,85,24.4,0.0,0,1009.6,5
2026-07-24 02:00:00,27.3,84,24.5,0.0,0,1009.2,5
2026-07-24 03:00:00,27.2,85,24.5,0.0,0,1009.0,11
2026-07-24 04:00:00,26.9,86,24.4,0.0,0,1008.4,12
2026-07-24 05:00:00,26.8,86,24.3,0.0,0,1008.6,15
2026-07-24 06:00:00,26.9,86,24.4,0.0,1,1008.8,20
2026-07-24 07:00:00,28.7,79,24.8,0.0,0,1009.2,12
2026-07-24 08:00:00,29.6,74,24.4,0.0,1,1009.4,41
2026-07-24 09:00:00,30.4,73,25.0,0.0,1,1009.7,41
2026-07-24 10:00:00,30.9,71,25.1,0.0,2,1009.7,64
2026-07-24 11:00:00,31.2,70,25.1,0.0,1,1009.9,20
2026-07-24 12:00:00,31.8,67,24.9,0.0,0,1009.9,11
2026-07-24 13:00:00,31.6,69,25.1,0.0,0,1009.9,6
2026-07-24 14:00:00,31.5,69,25.1,0.0,3,1009.8,88
2026-07-24 15:00:00,31.3,69,25.0,0.1,51,1009.8,94
2026-07-24 16:00:00,30.7,70,24.7,0.1,51,1009.7,100
2026-07-24 17:00:00,29.8,76,25.1,0.1,51,1009.7,100
2026-07-24 18:00:00,29.5,77,25.1,0.0,3,1009.6,100
2026-07-24 19:00:00,28.8,82,25.4,0.0,3,1009.8,100
2026-07-24 20:00:00,28.4,83,25.2,0.0,3,1010.3,100
2026-07-24 21:00:00,28.3,86,25.7,0.0,3,1010.5,100
2026-07-24 22:00:00,28.3,85,25.6,0.0,3,1010.8,99
2026-07-24 23:00:00,27.8,89,25.8,0.0,3,1010.8,90
2026-07-25 00:00:00,27.7,90,25.9,0.0,3,1010.7,93
2026-07-25 01:00:00,27.5,91,25.9,0.0,3,1010.3,95
2026-07-25 02:00:00,27.4,91,25.8,0.0,3,1009.7,93
2026-07-25 03:00:00,27.6,90,25.7,0.0,3,1009.9,98
2026-07-25 04:00:00,27.2,90,25.5,0.0,3,1009.7,99
2026-07-25 05:00:00,27.1,91,25.5,0.0,3,1009.7,98
2026-07-25 06:00:00,27.1,91,25.5,0.0,3,1010.0,98
2026-07-25 07:00:00,28.4,88,26.3,0.0,3,1010.4,92
2026-07-25 08:00:00,29.1,83,25.9,0.0,3,1011.0,90
2026-07-25 09:00:00,30.6,75,25.7,0.2,51,1011.0,85
2026-07-25 10:00:00,31.1,72,25.4,0.3,51,1011.1,66
2026-07-25 11:00:00,32.1,63,24.1,0.3,51,1010.9,50
2026-07-25 12:00:00,32.2,63,24.2,0.2,51,1010.6,91
2026-07-25 13:00:00,31.5,70,25.3,0.8,53,1010.3,45
2026-07-25 14:00:00,30.7,74,25.4,0.7,53,1010.2,48
2026-07-25 15:00:00,30.5,78,26.2,1.0,55,1009.9,45
2026-07-25 16:00:00,29.8,81,26.2,0.9,53,1009.5,56
2026-07-25 17:00:00,29.4,84,26.3,0.8,53,1009.1,77
2026-07-25 18:00:00,28.8,87,26.3,0.3,51,1009.2,77
2026-07-25 19:00:00,28.2,90,26.4,0.0,2,1009.4,70
2026-07-25 20:00:00,27.7,90,26.0,0.0,2,1009.7,63
2026-07-25 21:00:00,28.1,90,26.3,0.0,2,1010.3,50
2026-07-25 22:00:00,27.7,91,26.1,0.0,0,1010.3,16
2026-07-25 23:00:00,27.3,92,25.8,0.0,0,1010.0,3
2026-07-26 00:00:00,26.9,92,25.4,0.0,0,1009.8,2
2026-07-26 01:00:00,26.6,91,25.0,0.0,0,1009.3,0
2026-07-26 02:00:00,26.4,91,24.9,0.0,0,1009.1,0
2026-07-26 03:00:00,26.4,92,24.9,0.0,0,1009.0,0
2026-07-26 04:00:00,26.0,92,24.6,0.0,0,1008.9,2
2026-07-26 05:00:00,25.9,91,24.4,0.0,0,1009.0,4
2026-07-26 06:00:00,26.1,91,24.4,0.0,0,1009.4,5
2026-07-26 07:00:00,28.1,85,25.3,0.0,0,1009.4,10
2026-07-26 08:00:00,28.9,80,25.0,0.0,0,1009.3,13
2026-07-26 09:00:00,30.9,71,25.0,0.0,0,1009.3,18
2026-07-26 10:00:00,31.6,65,24.3,0.3,51,1009.3,40
2026-07-26 11:00:00,32.5,58,23.2,0.3,51,1009.3,53
2026-07-26 12:00:00,32.8,56,23.0,0.2,51,1009.0,41
2026-07-26 13:00:00,32.4,59,23.5,0.3,51,1008.7,48
2026-07-26 14:00:00,30.3,75,25.4,1.4,61,1008.5,41
2026-07-26 15:00:00,30.2,77,25.8,1.2,55,1008.7,48
2026-07-26 16:00:00,29.1,81,25.6,1.0,55,1008.2,40
2026-07-26 17:00:00,28.7,85,25.9,0.6,53,1008.1,43
2026-07-26 18:00:00,28.3,87,26.0,0.3,51,1008.2,23
2026-07-26 19:00:00,27.5,93,26.2,0.2,51,1008.3,30
2026-07-26 20:00:00,27.1,93,25.9,0.1,51,1008.7,28
2026-07-26 21:00:00,27.1,94,26.0,0.0,0,1008.7,12
2026-07-26 22:00:00,27.0,93,25.8,0.0,0,1009.4,10
2026-07-26 23:00:00,26.8,94,25.7,0.0,0,1009.6,3
2026-07-27 00:00:00,26.8,92,25.4,0.0,1,1009.5,20
2026-07-27 01:00:00,26.6,91,24.9,0.0,0,1009.4,14
2026-07-27 02:00:00,26.6,89,24.7,0.0,0,1009.0,3
2026-07-27 03:00:00,26.3,92,24.9,0.0,0,1009.1,0
2026-07-27 04:00:00,25.8,94,24.7,0.0,0,1009.1,2
2026-07-27 05:00:00,25.6,95,24.8,0.0,0,1009.1,2
2026-07-27 06:00:00,25.6,96,24.9,0.0,0,1009.6,6
2026-07-27 07:00:00,27.2,94,26.2,0.0,0,1010.3,8
2026-07-27 08:00:00,28.4,85,25.6,0.1,51,1010.7,34
2026-07-27 09:00:00,29.9,71,24.1,0.0,0,1010.8,1
2026-07-27 10:00:00,30.8,66,23.6,0.0,0,1010.8,2
2026-07-27 11:00:00,31.4,64,23.8,0.0,0,1010.9,4
2026-07-27 12:00:00,31.8,63,23.8,0.0,0,1010.9,0
2026-07-27 13:00:00,32.0,61,23.5,0.0,0,1010.7,0
2026-07-27 14:00:00,32.0,61,23.5,0.0,0,1010.6,0
2026-07-27 15:00:00,31.8,62,23.6,0.0,0,1010.5,16
2026-07-27 16:00:00,31.2,65,23.9,0.0,1,1010.1,29
2026-07-27 17:00:00,30.4,68,23.8,0.1,51,1009.9,66
2026-07-27 18:00:00,29.7,72,24.2,0.0,2,1010.1,53
2026-07-27 19:00:00,28.9,76,24.3,0.0,0,1010.3,13
2026-07-27 20:00:00,28.5,77,24.0,0.0,0,1011.1,13
2026-07-27 21:00:00,28.3,78,24.0,0.0,0,1011.4,4
2026-07-27 22:00:00,28.1,78,24.0,0.0,0,1011.8,4
2026-07-27 23:00:00,28.1,79,24.0,0.0,0,1012.1,4
2026-07-28 00:00:00,28.0,79,24.1,0.0,0,1012.1,7
2026-07-28 01:00:00,27.8,81,24.2,0.0,0,1012.0,9
2026-07-28 02:00:00,27.4,82,24.1,0.0,0,1011.8,3
2026-07-28 03:00:00,27.2,82,23.9,0.0,0,1012.1,9
2026-07-28 04:00:00,26.9,84,23.9,0.0,0,1012.1,3
2026-07-28 05:00:00,26.8,84,23.9,0.0,0,1012.2,5
2026-07-28 06:00:00,26.5,87,24.2,0.0,0,1012.4,12
2026-07-28 07:00:00,28.1,80,24.4,0.0,0,1012.9,12
2026-07-28 08:00:00,29.0,77,24.5,0.2,51,1013.2,25
2026-07-28 09:00:00,30.7,69,24.4,0.2,51,1013.5,22
2026-07-28 10:00:00,29.4,77,24.9,0.9,53,1013.9,54
2026-07-28 11:00:00,28.6,85,25.8,1.3,61,1013.9,22
2026-07-28 12:00:00,30.8,72,25.1,0.1,51,1013.2,16
2026-07-28 13:00:00,31.2,67,24.4,0.0,0,1013.1,13
2026-07-28 14:00:00,31.0,68,24.5,0.1,51,1012.8,15
2026-07-28 15:00:00,31.1,68,24.6,0.3,51,1012.6,18
2026-07-28 16:00:00,30.9,67,24.1,0.2,51,1011.9,17
2026-07-28 17:00:00,30.3,70,24.2,0.2,51,1011.6,20
2026-07-28 18:00:00,29.7,77,25.3,0.2,51,1011.6,21
2026-07-28 19:00:00,28.4,86,25.8,0.0,0,1011.7,9
2026-07-28 20:00:00,27.8,86,25.2,0.0,0,1012.2,14
2026-07-28 21:00:00,27.8,86,25.3,0.0,0,1012.5,13
2026-07-28 22:00:00,27.5,87,25.1,0.0,0,1012.7,2
2026-07-28 23:00:00,27.5,86,25.0,0.0,1,1012.9,34
2026-07-29 00:00:00,27.5,86,24.9,0.0,1,1012.6,27
2026-07-29 01:00:00,27.3,86,24.7,0.0,0,1012.1,11
2026-07-29 02:00:00,27.1,87,24.7,0.0,0,1011.5,7
2026-07-29 03:00:00,27.5,81,24.0,0.0,0,1011.8,5
2026-07-29 04:00:00,26.9,86,24.3,0.0,0,1011.3,3
2026-07-29 05:00:00,26.4,90,24.6,0.0,0,1011.4,3
2026-07-29 06:00:00,26.2,92,24.9,0.0,0,1011.7,4
2026-07-29 07:00:00,27.7,86,25.2,0.0,0,1012.1,11
2026-07-29 08:00:00,28.3,77,23.9,0.2,51,1012.4,45
2026-07-29 09:00:00,30.2,71,24.3,0.1,51,1011.8,48
2026-07-29 10:00:00,31.0,65,23.7,0.2,51,1011.9,48
2026-07-29 11:00:00,31.4,65,24.1,0.4,51,1011.8,27
2026-07-29 12:00:00,32.2,60,23.5,0.2,51,1011.3,21
2026-07-29 13:00:00,32.2,59,23.2,0.2,51,1010.9,22
2026-07-29 14:00:00,32.2,59,23.1,0.2,51,1010.5,22
2026-07-29 15:00:00,32.6,56,22.6,0.1,51,1009.9,32
2026-07-29 16:00:00,32.0,58,22.7,0.1,51,1009.5,22
2026-07-29 17:00:00,31.2,63,23.2,0.0,0,1009.3,11
2026-07-29 18:00:00,30.3,66,23.3,0.0,0,1009.3,3
2026-07-29 19:00:00,28.6,76,24.0,0.0,0,1009.3,2
2026-07-29 20:00:00,27.5,81,24.0,0.0,0,1009.9,1
2026-07-29 21:00:00,27.8,82,24.4,0.0,0,1010.3,4
2026-07-29 22:00:00,27.1,83,24.0,0.0,0,1010.5,0
2026-07-29 23:00:00,26.9,82,23.6,0.0,0,1010.6,0
2026-07-30 00:00:00,26.7,83,23.5,0.0,0,1010.2,0
2026-07-30 01:00:00,26.6,82,23.3,0.0,0,1009.8,0
2026-07-30 02:00:00,26.4,84,23.4,0.0,0,1009.7,0
2026-07-30 03:00:00,26.4,84,23.5,0.0,0,1009.9,7
2026-07-30 04:00:00,26.0,84,23.1,0.0,0,1009.4,0
2026-07-30 05:00:00,26.0,83,22.9,0.0,0,1009.5,0
2026-07-30 06:00:00,25.9,83,22.8,0.0,0,1009.7,1
2026-07-30 07:00:00,27.9,78,23.7,0.0,0,1009.9,0
2026-07-30 08:00:00,29.4,69,23.0,0.0,0,1010.0,0
2026-07-30 09:00:00,31.0,63,23.1,0.0,0,1010.0,0
2026-07-30 10:00:00,31.9,57,22.4,0.0,0,1010.0,9
2026-07-30 11:00:00,32.4,54,22.0,0.0,1,1010.0,23
2026-07-30 12:00:00,32.4,55,22.1,0.1,51,1009.9,28
2026-07-30 13:00:00,32.1,57,22.6,0.2,51,1009.6,23
2026-07-30 14:00:00,31.6,60,22.9,0.4,51,1009.2,30
2026-07-30 15:00:00,32.4,57,22.8,0.3,51,1008.7,9
2026-07-30 16:00:00,31.7,60,23.0,0.0,0,1008.6,2
2026-07-30 17:00:00,30.9,63,23.1,0.0,0,1008.4,1
2026-07-30 18:00:00,29.9,68,23.3,0.0,0,1008.5,2
2026-07-30 19:00:00,28.6,74,23.6,0.0,0,1008.4,1
2026-07-30 20:00:00,27.4,80,23.7,0.0,0,1008.6,0
2026-07-30 21:00:00,27.6,83,24.5,0.0,0,1008.9,0
2026-07-30 22:00:00,26.9,86,24.3,0.0,0,1009.0,2
2026-07-30 23:00:00,26.7,87,24.3,0.0,0,1009.0,1
2026-07-31 00:00:00,26.4,88,24.2,0.0,0,1008.8,2
2026-07-31 01:00:00,26.3,88,24.1,0.0,0,1008.7,2
2026-07-31 02:00:00,26.1,88,24.0,0.0,0,1008.8,5
2026-07-31 03:00:00,26.1,89,24.2,0.0,0,1008.7,12
2026-07-31 04:00:00,25.7,91,24.0,0.0,1,1008.5,23
2026-07-31 05:00:00,25.8,90,24.1,0.0,0,1008.7,13
2026-07-31 06:00:00,25.7,90,24.0,0.0,0,1008.7,5
2026-07-31 07:00:00,27.8,80,24.0,0.0,0,1009.0,2
2026-07-31 08:00:00,29.1,69,22.9,0.0,0,1009.2,2
2026-07-31 09:00:00,30.5,69,24.1,0.0,0,1009.1,13
2026-07-31 10:00:00,31.1,65,23.8,0.0,0,1009.2,18
2026-07-31 11:00:00,31.6,63,23.6,0.0,0,1009.1,12
2026-07-31 12:00:00,32.0,59,23.1,0.0,0,1008.6,13
2026-07-31 13:00:00,32.1,58,22.8,0.0,0,1008.1,1
2026-07-31 14:00:00,32.0,58,22.8,0.0,0,1007.7,0
2026-07-31 15:00:00,32.2,59,23.1,0.0,0,1007.5,1
2026-07-31 16:00:00,31.4,63,23.5,0.0,0,1007.2,2
2026-07-31 17:00:00,30.7,66,23.7,0.0,0,1006.9,12
2026-07-31 18:00:00,29.8,70,23.7,0.0,0,1007.0,15
2026-07-31 19:00:00,28.7,76,24.1,0.0,0,1007.1,3
2026-07-31 20:00:00,27.5,82,24.2,0.0,0,1007.5,1
2026-07-31 21:00:00,27.4,84,24.4,0.0,0,1007.6,0
2026-07-31 22:00:00,26.8,87,24.4,0.0,0,1007.9,5
2026-07-31 23:00:00,26.6,87,24.2,0.0,0,1008.2,18
2026-08-01 00:00:00,26.5,86,24.1,0.0,1,1007.8,37
2026-08-01 01:00:00,26.5,87,24.1,0.0,1,1007.8,27
2026-08-01 02:00:00,26.6,86,24.1,0.0,0,1007.7,5
2026-08-01 03:00:00,26.7,83,23.5,0.0,0,1007.6,16
2026-08-01 04:00:00,26.1,85,23.4,0.0,0,1007.2,10
2026-08-01 05:00:00,25.9,86,23.4,0.0,0,1007.3,18
2026-08-01 06:00:00,26.1,84,23.3,0.0,1,1007.6,31
2026-08-01 07:00:00,28.0,78,23.8,0.0,1,1008.1,35
2026-08-01 08:00:00,29.3,71,23.4,0.0,1,1008.2,45
2026-08-01 09:00:00,31.0,65,23.5,0.0,0,1007.9,6
2026-08-01 10:00:00,31.7,61,23.4,0.0,0,1007.9,17
2026-08-01 11:00:00,31.8,60,23.0,0.1,51,1007.8,48
2026-08-01 12:00:00,31.7,60,23.0,0.3,51,1007.6,41
2026-08-01 13:00:00,31.7,60,23.1,0.4,51,1007.0,35
2026-08-01 14:00:00,31.4,63,23.4,0.6,53,1006.9,42
2026-08-01 15:00:00,31.4,65,23.9,0.6,53,1006.5,59
2026-08-01 16:00:00,30.3,69,24.0,0.8,53,1006.3,46
2026-08-01 17:00:00,29.9,72,24.2,0.3,51,1006.1,33
2026-08-01 18:00:00,29.8,72,24.3,0.1,51,1006.1,13
2026-08-01 19:00:00,28.9,76,24.4,0.0,0,1006.2,10
2026-08-01 20:00:00,28.3,79,24.3,0.0,0,1006.5,9
2026-08-01 21:00:00,28.4,78,24.3,0.0,0,1006.8,2
2026-08-01 22:00:00,28.0,81,24.3,0.0,0,1006.8,2
2026-08-01 23:00:00,27.9,82,24.5,0.0,0,1007.0,5
2026-08-02 00:00:00,27.9,82,24.5,0.0,0,1006.9,10
2026-08-02 01:00:00,27.9,82,24.5,0.0,0,1006.8,14
2026-08-02 02:00:00,27.9,82,24.5,0.0,0,1006.9,15
2026-08-02 03:00:00,27.8,82,24.3,0.0,1,1007.1,22
2026-08-02 04:00:00,27.4,84,24.4,0.0,1,1006.8,20
2026-08-02 05:00:00,27.3,84,24.3,0.0,1,1006.9,27
2026-08-02 06:00:00,27.1,85,24.4,0.0,2,1007.2,69
2026-08-02 07:00:00,28.2,81,24.6,0.0,3,1007.6,98
2026-08-02 08:00:00,29.3,75,24.4,0.0,3,1007.5,98
2026-08-02 09:00:00,31.2,67,24.4,0.0,3,1007.5,85
2026-08-02 10:00:00,32.2,61,23.7,0.0,1,1007.3,37
2026-08-02 11:00:00,32.7,59,23.7,0.0,1,1007.0,41
2026-08-02 12:00:00,33.1,58,23.7,0.0,2,1006.8,70
2026-08-02 13:00:00,33.1,57,23.5,0.0,3,1006.4,97
2026-08-02 14:00:00,33.2,57,23.5,0.0,3,1006.0,86
2026-08-02 15:00:00,33.1,58,23.8,0.0,2,1005.7,78
2026-08-02 16:00:00,32.2,62,24.0,0.0,3,1005.3,83
2026-08-02 17:00:00,31.0,67,24.1,0.0,2,1005.1,52
2026-08-02 18:00:00,30.0,71,24.2,0.0,2,1005.4,52
2026-08-02 19:00:00,28.8,79,24.7,0.0,2,1005.4,62
2026-08-02 20:00:00,27.9,84,24.9,0.0,1,1005.9,24
2026-08-02 21:00:00,28.2,81,24.6,0.0,0,1006.2,5
2026-08-02 22:00:00,27.8,83,24.6,0.0,0,1006.3,9
2026-08-02 23:00:00,27.7,83,24.6,0.0,0,1006.3,5
2026-08-03 00:00:00,27.6,83,24.5,0.0,2,1006.2,59
2026-08-03 01:00:00,27.4,83,24.4,0.0,1,1005.9,46
2026-08-03 02:00:00,27.3,84,24.3,0.0,2,1005.7,58
2026-08-03 03:00:00,27.3,83,24.3,0.0,2,1006.0,65
2026-08-03 04:00:00,27.3,83,24.3,0.0,2,1005.8,75
2026-08-03 05:00:00,27.1,85,24.3,0.0,2,1006.1,79
2026-08-03 06:00:00,27.4,83,24.3,0.0,3,1006.1,100
2026-08-03 07:00:00,28.4,80,24.6,0.0,3,1006.3,98
2026-08-03 08:00:00,29.4,74,24.2,0.0,3,1006.2,98
2026-08-03 09:00:00,31.2,67,24.4,0.0,3,1005.9,98
2026-08-03 10:00:00,32.3,62,24.1,0.0,3,1005.8,96
2026-08-03 11:00:00,33.4,56,23.3,0.1,51,1005.8,95
2026-08-03 12:00:00,34.0,52,22.9,0.2,51,1005.6,96
2026-08-03 13:00:00,34.0,51,22.6,0.4,51,1005.3,97
2026-08-03 14:00:00,33.7,53,22.8,0.7,53,1005.3,96
2026-08-03 15:00:00,31.8,61,23.4,1.4,61,1005.0,78
2026-08-03 16:00:00,30.3,72,24.7,0.5,53,1005.0,64
2026-08-03 17:00:00,29.5,78,25.3,0.6,53,1004.8,73
2026-08-03 18:00:00,29.2,81,25.7,0.2,51,1004.6,38
2026-08-03 19:00:00,28.4,86,25.8,0.0,1,1004.6,44
2026-08-03 20:00:00,27.9,88,25.7,0.1,51,1004.9,84
2026-08-03 21:00:00,26.6,94,25.6,0.6,53,1005.2,69
2026-08-03 22:00:00,26.8,90,24.9,0.1,51,1005.0,5
2026-08-03 23:00:00,26.1,92,24.6,0.0,1,1005.3,23
2026-08-04 00:00:00,26.3,90,24.5,0.0,0,1005.1,16
2026-08-04 01:00:00,26.6,89,24.7,0.0,1,1005.0,37
2026-08-04 02:00:00,26.8,88,24.7,0.0,0,1004.5,15
2026-08-04 03:00:00,27.0,88,24.9,0.0,2,1004.2,67
2026-08-04 04:00:00,26.8,89,24.8,0.0,1,1004.0,20
2026-08-04 05:00:00,26.8,88,24.7,0.0,1,1003.8,47
2026-08-04 06:00:00,26.8,88,24.6,0.0,2,1004.0,76
2026-08-04 07:00:00,27.9,85,25.2,0.0,1,1004.4,48
2026-08-04 08:00:00,28.2,81,24.7,0.1,51,1004.7,73
2026-08-04 09:00:00,29.1,83,25.9,0.3,51,1004.7,60
2026-08-04 10:00:00,27.5,92,26.2,2.6,63,1004.7,44
2026-08-04 11:00:00,28.9,86,26.4,1.2,55,1004.8,24
2026-08-04 12:00:00,31.4,69,25.1,0.1,51,1004.6,37
2026-08-04 13:00:00,30.7,73,25.3,0.3,51,1004.3,21
2026-08-04 14:00:00,31.0,72,25.4,0.2,51,1003.9,17
2026-08-04 15:00:00,31.7,67,24.8,0.0,1,1003.1,21
2026-08-04 16:00:00,30.9,68,24.4,0.1,51,1002.5,9
2026-08-04 17:00:00,30.7,68,24.2,0.0,0,1002.4,4
2026-08-04 18:00:00,29.7,74,24.6,0.0,0,1002.6,5
2026-08-04 19:00:00,28.6,80,24.8,0.0,0,1002.9,15
2026-08-04 20:00:00,27.9,83,24.8,0.1,51,1003.1,16
2026-08-04 21:00:00,27.7,84,24.8,0.2,51,1003.9,69
2026-08-04 22:00:00,26.5,93,25.2,0.5,53,1003.8,39
2026-08-04 23:00:00,26.6,93,25.3,0.1,51,1003.5,29
2026-08-05 00:00:00,26.8,93,25.5,0.1,51,1003.1,18
2026-08-05 01:00:00,26.6,92,25.3,0.1,51,1002.7,45
2026-08-05 02:00:00,26.5,93,25.3,0.1,51,1002.3,29
2026-08-05 03:00:00,27.0,89,25.1,0.0,0,1001.9,7
2026-08-05 04:00:00,26.8,90,25.0,0.0,0,1001.9,13
2026-08-05 05:00:00,26.8,90,25.0,0.0,0,1001.9,6
2026-08-05 06:00:00,26.9,89,24.8,0.0,0,1001.9,6
2026-08-05 07:00:00,27.7,85,25.0,0.0,0,1002.3,5
2026-08-05 08:00:00,29.1,78,24.9,0.0,0,1002.2,13
2026-08-05 09:00:00,26.6,87,24.3,0.1,51,1003.2,95
2026-08-05 10:00:00,26.7,94,25.6,1.6,61,1002.2,73
2026-08-05 11:00:00,30.1,78,25.9,0.1,51,1001.5,20
2026-08-05 12:00:00,31.1,69,24.7,0.5,53,1001.3,48
2026-08-05 13:00:00,32.0,64,24.3,0.3,51,1000.4,20
2026-08-05 14:00:00,31.6,66,24.6,0.4,51,1000.0,12
2026-08-05 15:00:00,32.4,62,24.1,0.1,51,999.1,13
2026-08-05 16:00:00,31.8,63,23.8,0.0,1,999.0,40
2026-08-05 17:00:00,30.5,68,24.0,0.0,1,999.0,27
2026-08-05 18:00:00,29.5,74,24.4,0.0,1,998.9,25
2026-08-05 19:00:00,28.5,79,24.4,0.1,51,999.0,17
2026-08-05 20:00:00,27.8,83,24.6,0.1,51,998.9,69
2026-08-05 21:00:00,27.8,81,24.3,0.0,3,999.4,88
2026-08-05 22:00:00,27.9,81,24.3,0.0,3,998.8,87
2026-08-05 23:00:00,28.0,80,24.2,0.0,3,998.4,90
2026-08-06 00:00:00,28.1,79,24.2,0.0,3,997.5,99
2026-08-06 01:00:00,28.0,79,24.1,0.0,3,996.6,95
2026-08-06 02:00:00,28.0,78,23.9,0.0,3,996.3,88
2026-08-06 03:00:00,28.0,79,24.1,0.0,3,996.4,92
2026-08-06 04:00:00,27.5,80,23.8,0.1,51,995.9,62
2026-08-06 05:00:00,27.7,78,23.6,0.0,2,995.8,77
2026-08-06 06:00:00,27.1,80,23.3,0.1,51,995.7,84
2026-08-06 07:00:00,27.9,77,23.4,0.1,51,995.2,95
2026-08-06 08:00:00,28.1,79,24.1,0.2,51,994.7,94
2026-08-06 09:00:00,27.0,92,25.5,0.2,51,995.3,100
2026-08-06 10:00:00,26.1,95,25.2,1.1,55,993.8,95
2026-08-06 11:00:00,27.7,86,25.0,0.4,51,992.9,96
2026-08-06 12:00:00,29.5,77,25.0,0.4,51,991.6,98
2026-08-06 13:00:00,30.2,71,24.4,0.3,51,990.5,100
2026-08-06 14:00:00,28.1,80,24.2,0.6,53,990.1,100
2026-08-06 15:00:00,25.3,96,24.5,0.3,51,989.9,100
2026-08-06 16:00:00,25.5,92,24.2,1.3,61,988.6,100
2026-08-06 17:00:00,25.8,87,23.5,0.3,51,987.4,100
2026-08-06 18:00:00,27.1,81,23.7,0.3,51,985.8,100
2026-08-06 19:00:00,26.1,83,23.0,0.6,53,985.3,100
2026-08-06 20:00:00,25.5,90,23.7,1.4,61,983.8,100
2026-08-06 21:00:00,25.0,96,24.3,1.5,61,983.6,100
2026-08-06 22:00:00,25.1,95,24.2,1.0,55,982.6,100
2026-08-06 23:00:00,24.9,97,24.4,1.9,61,980.8,100
2026-08-07 00:00:00,25.2,97,24.7,4.1,63,978.4,100
2026-08-07 01:00:00,25.5,97,25.0,4.3,63,975.6,100
2026-08-07 02:00:00,25.9,97,25.3,4.0,63,974.1,100
2026-08-07 03:00:00,25.7,96,25.0,0.9,53,973.2,100
2026-08-07 04:00:00,25.8,98,25.4,3.6,63,971.8,100
2026-08-07 05:00:00,26.2,96,25.5,1.6,61,970.3,100
2026-08-07 06:00:00,26.0,97,25.5,5.4,63,969.1,100
2026-08-07 07:00:00,26.3,96,25.6,6.8,63,968.3,100
2026-08-07 08:00:00,26.1,96,25.5,8.0,65,968.3,100
2026-08-07 09:00:00,25.5,97,25.0,2.7,63,969.9,100
2026-08-07 10:00:00,26.3,96,25.6,25.0,65,970.4,100
2026-08-07 11:00:00,26.3,96,25.6,43.1,65,971.7,100
2026-08-07 12:00:00,26.1,97,25.5,12.1,65,971.6,100
2026-08-07 13:00:00,26.3,96,25.6,6.8,63,971.4,100
2026-08-07 14:00:00,26.3,95,25.5,10.4,65,972.0,100
2026-08-07 15:00:00,25.9,95,25.1,5.4,63,972.7,100
2026-08-07 16:00:00,26.3,97,25.7,23.0,65,973.0,100
2026-08-07 17:00:00,26.0,96,25.4,21.0,65,974.5,100
2026-08-07 18:00:00,26.0,95,25.1,13.8,65,975.3,100
2026-08-07 19:00:00,26.1,95,25.3,12.8,65,976.4,100
2026-08-07 20:00:00,26.0,95,25.1,17.1,65,978.2,100
2026-08-07 21:00:00,25.5,96,24.8,12.2,65,980.8,100
2026-08-07 22:00:00,25.8,96,25.2,6.5,63,982.3,100
2026-08-07 23:00:00,25.9,96,25.2,10.6,65,983.0,100
2026-08-08 00:00:00,25.8,96,25.2,8.0,65,983.6,100
2026-08-08 01:00:00,25.9,96,25.1,5.6,63,983.9,100
2026-08-08 02:00:00,25.9,95,25.1,10.8,65,984.4,100
2026-08-08 03:00:00,25.6,96,25.0,15.1,65,984.5,100
2026-08-08 04:00:00,25.8,96,25.1,14.1,65,984.3,100
2026-08-08 05:00:00,25.5,96,24.8,3.8,63,984.7,100
2026-08-08 06:00:00,25.9,97,25.3,8.9,65,985.3,100
2026-08-08 07:00:00,25.6,95,24.8,1.9,61,986.0,98
2026-08-08 08:00:00,25.9,95,25.0,3.9,63,987.3,100
2026-08-08 09:00:00,26.3,94,25.3,4.9,63,987.5,100
2026-08-08 10:00:00,26.9,90,25.2,0.2,51,987.6,77
2026-08-08 11:00:00,27.0,87,24.7,0.9,53,987.8,85
2026-08-08 12:00:00,27.7,88,25.5,0.6,53,987.7,100
2026-08-08 13:00:00,26.1,96,25.4,7.3,63,988.1,100
2026-08-08 14:00:00,26.0,96,25.3,12.0,65,988.0,100
2026-08-08 15:00:00,26.3,95,25.5,10.1,65,988.2,99
2026-08-08 16:00:00,26.2,96,25.4,6.3,63,989.0,100
2026-08-08 17:00:00,26.4,95,25.5,1.9,61,989.2,100
2026-08-08 18:00:00,25.9,97,25.5,4.1,63,990.2,100
2026-08-08 19:00:00,26.6,95,25.7,0.9,53,990.5,100
2026-08-08 20:00:00,26.7,95,25.8,0.9,53,991.5,100
2026-08-08 21:00:00,26.6,95,25.8,2.3,61,992.6,100
2026-08-08 22:00:00,27.0,94,26.0,0.3,51,993.3,100
2026-08-08 23:00:00,26.9,93,25.8,0.2,51,994.1,100
2026-08-09 00:00:00,27.1,91,25.5,0.0,1,994.3,49
2026-08-09 01:00:00,27.4,91,25.7,0.0,2,994.5,68
2026-08-09 02:00:00,27.3,88,25.1,0.0,2,994.3,51
2026-08-09 03:00:00,26.7,91,25.1,0.0,3,994.2,98
2026-08-09 04:00:00,26.6,91,25.0,0.4,51,994.1,88
2026-08-09 05:00:00,26.0,93,24.7,0.6,53,994.6,95
2026-08-09 06:00:00,26.0,93,24.9,0.6,53,995.3,98
2026-08-09 07:00:00,25.7,93,24.4,1.1,55,995.7,99
2026-08-09 08:00:00,25.8,93,24.7,0.7,53,996.3,98
2026-08-09 09:00:00,25.9,95,25.0,1.2,55,996.9,100
2026-08-09 10:00:00,25.6,96,25.0,3.9,63,997.5,100
2026-08-09 11:00:00,26.6,93,25.3,1.9,61,997.3,99
2026-08-09 12:00:00,27.5,87,25.1,0.1,51,997.6,99
2026-08-09 13:00:00,28.2,84,25.2,0.0,3,997.8,100
2026-08-09 14:00:00,28.6,83,25.4,0.0,3,997.4,98
2026-08-09 15:00:00,29.2,79,25.1,0.0,3,997.1,100
2026-08-09 16:00:00,28.8,82,25.3,0.1,51,997.3,89
2026-08-09 17:00:00,28.2,87,25.9,0.0,3,997.6,98
2026-08-09 18:00:00,27.8,90,26.0,0.0,3,998.0,100
2026-08-09 19:00:00,27.0,95,26.1,0.0,3,998.3,100
2026-08-09 20:00:00,27.1,89,25.1,0.2,51,999.1,100
2026-08-09 21:00:00,27.3,92,25.8,0.2,51,1000.1,99
2026-08-09 22:00:00,27.2,92,25.7,0.0,3,1000.4,99
2026-08-09 23:00:00,27.1,91,25.5,0.0,3,1001.1,100
2026-08-10 00:00:00,26.9,90,25.2,0.0,3,1001.2,99
2026-08-10 01:00:00,26.4,93,25.2,0.0,3,1000.9,100
2026-08-10 02:00:00,26.4,95,25.6,0.1,51,1000.7,99
2026-08-10 03:00:00,26.0,97,25.4,0.3,51,1000.4,100
2026-08-10 04:00:00,26.1,92,24.8,0.3,51,1000.6,99
2026-08-10 05:00:00,26.1,92,24.7,0.2,51,1000.4,100
2026-08-10 06:00:00,26.0,93,24.7,0.1,51,1000.9,99
2026-08-10 07:00:00,26.4,91,24.8,0.3,51,1001.5,100
2026-08-10 08:00:00,26.8,90,25.0,0.2,51,1001.6,100
2026-08-10 09:00:00,27.6,88,25.5,0.6,53,1002.0,100
2026-08-10 10:00:00,28.1,83,24.9,0.5,53,1002.2,99
2026-08-10 11:00:00,28.9,79,24.9,0.1,51,1002.4,99
2026-08-10 12:00:00,29.1,78,25.0,0.2,51,1002.3,100
2026-08-10 13:00:00,28.7,79,24.8,0.2,51,1002.0,100
2026-08-10 14:00:00,28.3,79,24.3,0.4,51,1001.5,99
2026-08-10 15:00:00,28.9,81,25.2,0.5,53,1001.3,100
2026-08-10 16:00:00,28.1,81,24.5,0.3,51,1001.1,100
2026-08-10 17:00:00,27.4,85,24.6,0.5,53,1001.2,100
2026-08-10 18:00:00,26.7,91,25.1,0.4,51,1002.0,100
2026-08-10 19:00:00,26.0,92,24.6,0.3,51,1002.2,98
2026-08-10 20:00:00,25.7,93,24.6,0.3,51,1002.4,100
2026-08-10 21:00:00,26.5,90,24.8,0.1,51,1002.9,100
2026-08-10 22:00:00,26.4,90,24.6,0.1,51,1003.0,100
2026-08-10 23:00:00,26.3,89,24.4,0.0,3,1003.0,100
2026-08-11 00:00:00,26.1,90,24.4,0.1,51,1002.8,100
2026-08-11 01:00:00,25.8,92,24.4,0.1,51,1002.5,100
2026-08-11 02:00:00,25.7,91,24.2,0.1,51,1001.9,99
2026-08-11 03:00:00,25.7,88,23.6,0.0,3,1001.7,99
2026-08-11 04:00:00,25.6,87,23.3,0.2,51,1001.7,100
2026-08-11 05:00:00,25.7,86,23.3,0.0,3,1001.7,100
2026-08-11 06:00:00,25.6,86,23.1,0.0,3,1001.9,99
2026-08-11 07:00:00,26.0,84,23.0,0.0,3,1002.2,100
2026-08-11 08:00:00,26.7,78,22.6,0.0,3,1002.2,100
2026-08-11 09:00:00,27.8,77,23.3,0.0,3,1002.4,99
2026-08-11 10:00:00,28.3,75,23.4,0.0,3,1002.4,100
2026-08-11 11:00:00,28.6,74,23.4,0.0,3,1002.3,100
2026-08-11 12:00:00,28.6,74,23.4,0.0,3,1002.1,100
2026-08-11 13:00:00,28.7,74,23.6,0.1,51,1001.6,100
2026-08-11 14:00:00,28.7,73,23.4,0.0,3,1001.2,100
2026-08-11 15:00:00,28.8,72,23.2,0.2,51,1001.0,100
2026-08-11 16:00:00,28.2,74,23.1,0.2,51,1000.8,100
2026-08-11 17:00:00,27.4,78,23.3,0.1,51,1000.6,99
2026-08-11 18:00:00,26.9,82,23.6,0.1,51,1000.7,98
2026-08-11 19:00:00,26.2,86,23.7,0.0,3,1000.9,100
2026-08-11 20:00:00,25.9,87,23.7,0.0,3,1001.5,100
2026-08-11 21:00:00,26.1,86,23.6,0.0,3,1001.5,100
2026-08-11 22:00:00,25.9,87,23.6,0.0,3,1001.4,100
2026-08-11 23:00:00,25.7,88,23.5,0.0,3,1001.3,100
2026-08-12 00:00:00,25.6,88,23.5,0.0,3,1001.3,98
2026-08-12 01:00:00,25.4,89,23.4,0.0,3,1001.0,99
2026-08-12 02:00:00,25.3,90,23.6,0.0,3,1000.5,99
2026-08-12 03:00:00,25.2,89,23.2,0.0,3,1000.5,98
2026-08-12 04:00:00,24.9,90,23.2,0.0,3,1000.3,98
2026-08-12 05:00:00,24.6,92,23.1,0.0,2,1000.1,75
2026-08-12 06:00:00,24.4,92,23.0,0.0,3,1000.2,95
2026-08-12 07:00:00,25.7,88,23.5,0.0,3,1000.6,97
2026-08-12 08:00:00,26.5,81,23.1,0.1,51,1000.8,95
2026-08-12 09:00:00,27.8,77,23.4,0.2,51,1000.5,96
2026-08-12 10:00:00,28.0,75,23.2,0.1,51,1000.5,70
2026-08-12 11:00:00,27.9,76,23.3,0.5,53,1000.5,88
2026-08-12 12:00:00,27.9,76,23.4,0.2,51,1000.2,70
2026-08-12 13:00:00,27.8,77,23.3,0.2,51,1000.0,88
2026-08-12 14:00:00,27.9,76,23.3,0.5,53,999.7,85
2026-08-12 15:00:00,27.8,79,23.9,0.9,53,999.2,98
2026-08-12 16:00:00,27.1,81,23.6,0.5,53,999.0,72
2026-08-12 17:00:00,26.9,82,23.6,0.5,53,999.0,63
2026-08-12 18:00:00,26.6,83,23.5,0.2,51,999.0,43
2026-08-12 19:00:00,26.1,88,23.9,0.0,1,999.1,35
2026-08-12 20:00:00,25.3,89,23.4,0.0,2,999.6,64
2026-08-12 21:00:00,25.7,88,23.7,0.1,51,1000.3,34
2026-08-12 22:00:00,25.4,89,23.5,0.0,0,1000.4,17
2026-08-12 23:00:00,25.3,89,23.4,0.0,0,1000.5,18
2026-08-13 00:00:00,25.3,89,23.4,0.0,1,1000.3,28
2026-08-13 01:00:00,25.2,89,23.3,0.0,0,1000.1,13
2026-08-13 02:00:00,25.1,89,23.1,0.0,0,999.7,9
2026-08-13 03:00:00,25.1,87,22.7,0.0,0,999.6,8
2026-08-13 04:00:00,25.1,86,22.6,0.0,0,999.5,9
2026-08-13 05:00:00,25.1,86,22.6,0.0,0,999.5,5
2026-08-13 06:00:00,25.1,87,22.7,0.0,1,999.9,33
2026-08-13 07:00:00,25.9,84,22.9,0.0,1,1000.3,35
2026-08-13 08:00:00,26.9,77,22.4,0.0,1,1001.0,38
2026-08-13 09:00:00,28.1,72,22.5,0.0,0,1000.5,1
2026-08-13 10:00:00,28.7,68,22.3,0.0,0,1000.8,1
2026-08-13 11:00:00,29.2,67,22.6,0.0,0,1000.5,3
2026-08-13 12:00:00,29.6,67,22.7,0.0,0,1000.4,15
2026-08-13 13:00:00,29.2,69,23.0,0.1,51,1000.2,27
2026-08-13 14:00:00,29.1,70,23.1,0.1,51,1000.1,28
2026-08-13 15:00:00,29.4,70,23.4,0.3,51,999.9,15
2026-08-13 16:00:00,28.7,73,23.5,0.1,51,999.7,31
2026-08-13 17:00:00,28.3,75,23.5,0.0,2,999.7,51
2026-08-13 18:00:00,27.4,81,23.8,0.0,2,1000.1,61
2026-08-13 19:00:00,26.7,85,23.9,0.0,1,1000.6,33
2026-08-13 20:00:00,26.3,86,23.8,0.0,0,1001.2,14
2026-08-13 21:00:00,26.6,84,23.6,0.0,1,1001.5,23
2026-08-13 22:00:00,26.4,84,23.5,0.0,3,1001.9,84
2026-08-13 23:00:00,26.3,85,23.7,0.0,3,1002.1,99
2026-08-14 00:00:00,26.0,87,23.7,0.0,2,1002.1,63
2026-08-14 01:00:00,25.4,91,23.8,0.1,51,1001.8,40
2026-08-14 02:00:00,25.3,92,23.8,0.1,51,1001.4,27
2026-08-14 03:00:00,25.7,90,24.0,0.2,51,1001.3,45
2026-08-14 04:00:00,25.3,93,24.0,0.1,51,1001.2,91
2026-08-14 05:00:00,25.3,93,24.0,0.1,51,1001.2,56
2026-08-14 06:00:00,25.2,93,24.0,0.1,51,1001.8,20
2026-08-14 07:00:00,26.2,90,24.4,0.0,1,1002.2,38
2026-08-14 08:00:00,26.9,86,24.4,0.1,51,1002.5,75
2026-08-14 09:00:00,28.1,83,24.8,0.3,51,1002.9,99
2026-08-14 10:00:00,28.0,81,24.5,0.2,51,1003.2,98
2026-08-14 11:00:00,28.6,77,24.2,0.1,51,1003.2,91
2026-08-14 12:00:00,28.5,78,24.3,0.6,53,1003.0,82
2026-08-14 13:00:00,28.8,79,24.8,0.4,51,1003.0,73
2026-08-14 14:00:00,29.2,75,24.4,0.0,3,1002.8,92
2026-08-14 15:00:00,29.6,75,24.7,0.1,51,1002.5,86
2026-08-14 16:00:00,28.5,80,24.7,0.2,51,1002.5,88
2026-08-14 17:00:00,27.9,82,24.5,0.1,51,1002.3,95
2026-08-14 18:00:00,27.1,85,24.4,0.1,51,1002.8,100
2026-08-14 19:00:00,26.5,86,24.0,0.2,51,1003.0,100
2026-08-14 20:00:00,26.1,88,24.0,0.2,51,1003.7,100
2026-08-14 21:00:00,26.1,90,24.3,0.1,51,1004.2,100
2026-08-14 22:00:00,25.6,92,24.2,0.5,53,1004.5,98
2026-08-14 23:00:00,25.6,90,23.9,0.3,51,1004.6,99
2026-08-15 00:00:00,25.4,92,24.0,0.4,51,1004.2,99
2026-08-15 01:00:00,24.6,97,24.1,1.3,61,1004.1,100
2026-08-15 02:00:00,24.9,97,24.3,0.7,53,1003.4,93
2026-08-15 03:00:00,24.5,96,23.8,2.0,61,1003.6,78
2026-08-15 04:00:00,24.6,96,23.9,0.0,3,1003.4,94
2026-08-15 05:00:00,24.6,95,23.8,0.0,2,1003.3,79
2026-08-15 06:00:00,24.7,94,23.7,0.0,2,1003.5,72
2026-08-15 07:00:00,25.6,93,24.4,0.0,3,1003.7,87
2026-08-15 08:00:00,26.5,89,24.5,0.0,3,1003.9,94
2026-08-15 09:00:00,26.7,92,25.3,0.1,51,1004.3,100
2026-08-15 10:00:00,27.2,87,24.8,0.1,51,1004.1,98
2026-08-15 11:00:00,28.0,82,24.6,0.1,51,1004.2,99
2026-08-15 12:00:00,27.7,81,24.1,0.2,51,1004.2,100
2026-08-15 13:00:00,27.2,87,24.8,1.2,55,1004.1,100
2026-08-15 14:00:00,27.1,86,24.7,0.7,53,1003.8,100
2026-08-15 15:00:00,27.2,87,24.8,2.5,63,1003.3,100
2026-08-15 16:00:00,26.0,94,25.0,1.2,55,1003.3,100
2026-08-15 17:00:00,25.7,97,25.2,1.6,61,1003.4,100
2026-08-15 18:00:00,25.6,96,25.0,0.4,51,1003.3,86
2026-08-15 19:00:00,25.3,95,24.4,0.1,51,1003.3,80
2026-08-15 20:00:00,25.1,95,24.2,0.1,51,1004.0,98
2026-08-15 21:00:00,25.3,94,24.2,0.1,51,1004.5,100
2026-08-15 22:00:00,25.4,91,23.9,0.0,3,1004.3,99
2026-08-15 23:00:00,25.4,90,23.7,0.0,3,1004.4,100
2026-08-16 00:00:00,25.5,89,23.6,0.0,3,1004.4,100
2026-08-16 01:00:00,25.7,87,23.3,0.0,3,1004.1,100
2026-08-16 02:00:00,25.7,87,23.3,0.0,3,1003.8,92
2026-08-16 03:00:00,25.6,87,23.3,0.1,51,1003.7,66
2026-08-16 04:00:00,25.6,86,23.0,0.0,2,1003.4,60
2026-08-16 05:00:00,25.5,86,23.0,0.0,3,1003.2,94
2026-08-16 06:00:00,25.6,85,22.9,0.0,2,1003.5,78
2026-08-16 07:00:00,26.1,84,23.1,0.0,3,1004.0,84
2026-08-16 08:00:00,26.9,78,22.7,0.0,3,1004.1,80
2026-08-16 09:00:00,27.4,76,22.8,0.0,3,1004.2,88
2026-08-16 10:00:00,28.2,73,22.8,0.0,3,1004.6,100
2026-08-16 11:00:00,28.1,73,22.9,0.0,3,1004.5,100
2026-08-16 12:00:00,28.2,73,22.8,0.0,3,1004.4,100
2026-08-16 13:00:00,28.3,71,22.7,0.0,3,1004.3,100
2026-08-16 14:00:00,28.3,71,22.5,0.0,3,1004.1,100
2026-08-16 15:00:00,28.2,71,22.5,0.0,3,1003.7,99
2026-08-16 16:00:00,28.1,72,22.5,0.0,3,1003.7,98
2026-08-16 17:00:00,27.8,73,22.5,0.0,3,1003.7,100
2026-08-16 18:00:00,27.3,76,22.8,0.0,3,1003.8,81
2026-08-16 19:00:00,27.0,76,22.4,0.0,2,1003.9,51
2026-08-16 20:00:00,26.8,77,22.3,0.0,1,1004.5,38
2026-08-16 21:00:00,27.4,72,21.8,0.0,1,1004.6,24
2026-08-16 22:00:00,27.3,73,22.0,0.0,0,1004.9,16
2026-08-16 23:00:00,27.2,73,22.0,0.0,1,1004.8,25
2026-08-17 00:00:00,27.2,73,21.9,0.0,1,1005.0,44
2026-08-17 01:00:00,26.9,75,22.2,0.0,3,1004.8,83
2026-08-17 02:00:00,26.7,78,22.6,0.0,1,1004.7,34
2026-08-17 03:00:00,26.4,80,22.6,0.0,1,1004.6,30
2026-08-17 04:00:00,25.8,84,22.9,0.1,51,1004.8,32
2026-08-17 05:00:00,25.7,85,23.0,0.0,1,1004.9,34
2026-08-17 06:00:00,25.7,86,23.1,0.0,1,1005.2,29
2026-08-17 07:00:00,26.3,85,23.5,0.1,51,1005.6,29
2026-08-17 08:00:00,26.8,82,23.4,0.2,51,1005.8,38
2026-08-17 09:00:00,27.8,78,23.7,0.6,53,1005.9,30
2026-08-17 10:00:00,28.3,75,23.4,0.2,51,1006.1,75
2026-08-17 11:00:00,28.9,72,23.4,0.2,51,1006.3,89
2026-08-17 12:00:00,29.3,71,23.4,0.2,51,1006.3,75
2026-08-17 13:00:00,29.5,69,23.2,0.1,51,1006.4,69
2026-08-17 14:00:00,29.4,70,23.4,0.1,51,1006.1,46
2026-08-17 15:00:00,29.6,71,23.7,0.1,51,1005.8,79
2026-08-17 16:00:00,29.0,74,23.8,0.1,51,1006.0,44
2026-08-17 17:00:00,28.3,77,23.8,0.1,51,1006.0,21
2026-08-17 18:00:00,27.5,82,24.1,0.1,51,1006.3,29
2026-08-17 19:00:00,26.8,84,23.9,0.0,1,1006.7,23
2026-08-17 20:00:00,26.6,84,23.7,0.1,51,1007.0,19
2026-08-17 21:00:00,27.0,81,23.6,0.1,51,1007.6,26
2026-08-17 22:00:00,26.8,82,23.5,0.0,1,1007.4,20
2026-08-17 23:00:00,26.7,83,23.6,0.0,1,1007.4,22
2026-08-18 00:00:00,26.7,82,23.3,0.0,2,1007.2,73
2026-08-18 01:00:00,26.6,81,23.0,0.0,2,1007.1,76
2026-08-18 02:00:00,26.4,80,22.8,0.0,2,1007.1,73
2026-08-18 03:00:00,26.4,85,23.6,0.0,3,1007.1,90
2026-08-18 04:00:00,26.2,86,23.7,0.1,51,1007.1,64
2026-08-18 05:00:00,25.9,87,23.7,0.0,2,1007.3,50
2026-08-18 06:00:00,25.8,89,23.8,0.0,2,1007.7,50
2026-08-18 07:00:00,26.4,86,23.9,0.0,1,1008.2,28
2026-08-18 08:00:00,27.2,80,23.4,0.0,0,1008.7,9
2026-08-18 09:00:00,28.5,73,23.3,0.0,0,1008.5,9
2026-08-18 10:00:00,29.1,71,23.2,0.0,0,1008.3,2
2026-08-18 11:00:00,29.4,69,23.2,0.0,0,1007.9,14
2026-08-18 12:00:00,29.4,70,23.3,0.0,0,1007.9,2
2026-08-18 13:00:00,29.4,69,23.2,0.0,1,1007.9,40
2026-08-18 14:00:00,29.1,72,23.5,0.1,51,1008.0,48
2026-08-18 15:00:00,28.7,73,23.4,0.1,51,1007.6,53
2026-08-18 16:00:00,28.6,74,23.5,0.1,51,1007.4,41
2026-08-18 17:00:00,28.1,77,23.7,0.1,51,1007.5,23
2026-08-18 18:00:00,27.8,79,23.8,0.0,1,1007.7,27
2026-08-18 19:00:00,27.3,80,23.6,0.0,1,1007.7,46
2026-08-18 20:00:00,27.3,80,23.5,0.0,2,1008.2,72
2026-08-18 21:00:00,27.7,80,24.0,0.0,2,1009.0,69
2026-08-18 22:00:00,27.5,83,24.4,0.0,1,1008.9,22
2026-08-18 23:00:00,27.1,88,24.9,0.1,51,1008.7,17
2026-08-19 00:00:00,26.9,90,25.2,0.1,51,1008.4,34
2026-08-19 01:00:00,27.0,90,25.2,0.1,51,1007.9,20
2026-08-19 02:00:00,26.6,93,25.4,0.1,51,1007.8,20
2026-08-19 03:00:00,26.6,93,25.3,0.1,51,1007.9,27
2026-08-19 04:00:00,26.4,91,24.9,0.2,51,1007.7,23
2026-08-19 05:00:00,26.6,90,24.9,0.0,1,1007.6,36
2026-08-19 06:00:00,26.4,93,25.2,0.1,51,1007.7,17
2026-08-19 07:00:00,26.8,93,25.6,0.1,51,1008.2,23
2026-08-19 08:00:00,27.5,87,25.1,0.3,51,1008.6,54
2026-08-19 09:00:00,28.7,85,25.9,0.2,51,1008.4,16
2026-08-19 10:00:00,28.7,84,25.7,0.5,53,1008.3,13
2026-08-19 11:00:00,28.6,82,25.2,1.2,55,1008.3,16
2026-08-19 12:00:00,27.9,91,26.3,1.6,61,1008.0,24
2026-08-19 13:00:00,28.1,90,26.3,1.3,61,1007.7,27
2026-08-19 14:00:00,28.6,87,26.2,0.8,53,1007.6,16
2026-08-19 15:00:00,29.1,84,26.1,0.5,53,1007.3,16
2026-08-19 16:00:00,28.8,82,25.4,0.2,51,1007.2,20
2026-08-19 17:00:00,28.1,85,25.4,0.2,51,1007.3,40
2026-08-19 18:00:00,27.6,87,25.3,0.1,51,1007.5,24
2026-08-19 19:00:00,27.1,89,25.1,0.2,51,1007.8,30
2026-08-19 20:00:00,26.6,90,24.9,0.4,51,1008.0,55
2026-08-19 21:00:00,27.0,89,25.1,0.2,51,1008.8,42
2026-08-19 22:00:00,26.9,91,25.3,0.1,51,1008.5,55
2026-08-19 23:00:00,26.8,91,25.3,0.1,51,1008.5,48
2026-08-20 00:00:00,26.5,91,24.9,0.2,51,1008.3,68
2026-08-20 01:00:00,26.4,92,25.0,0.4,51,1008.0,81
2026-08-20 02:00:00,26.5,89,24.5,0.2,51,1007.8,93
2026-08-20 03:00:00,26.5,91,24.9,0.3,51,1007.7,92
2026-08-20 04:00:00,26.6,91,25.0,0.2,51,1007.6,99
2026-08-20 05:00:00,26.4,91,24.9,0.3,51,1007.7,99
2026-08-20 06:00:00,26.4,94,25.3,0.3,51,1008.0,98
2026-08-20 07:00:00,26.8,93,25.5,0.1,51,1008.3,87
2026-08-20 08:00:00,27.2,90,25.4,0.2,51,1008.3,31
2026-08-20 09:00:00,28.1,85,25.4,0.4,51,1008.9,88
2026-08-20 10:00:00,28.3,81,24.7,0.5,53,1008.8,78
2026-08-20 11:00:00,28.9,77,24.5,0.4,51,1008.5,77
2026-08-20 12:00:00,29.1,77,24.7,0.7,53,1008.1,92
2026-08-20 13:00:00,28.0,86,25.5,1.1,55,1007.6,91
2026-08-20 14:00:00,28.0,87,25.6,1.0,55,1007.1,91
2026-08-20 15:00:00,28.7,83,25.6,0.6,53,1006.8,99
2026-08-20 16:00:00,27.4,88,25.3,1.0,55,1006.9,94
2026-08-20 17:00:00,27.3,89,25.3,0.8,53,1006.9,87
2026-08-20 18:00:00,26.8,89,24.7,0.6,53,1007.2,98
2026-08-20 19:00:00,26.7,95,25.8,0.5,53,1007.1,97
2026-08-20 20:00:00,26.7,90,25.0,0.1,51,1007.4,45
2026-08-20 21:00:00,26.7,92,25.4,0.2,51,1007.6,48
2026-08-20 22:00:00,26.9,90,25.2,0.1,51,1007.7,50
2026-08-20 23:00:00,26.9,89,24.9,0.0,2,1007.6,63
2026-08-21 00:00:00,26.9,89,24.8,0.1,51,1007.6,45
2026-08-21 01:00:00,26.8,90,25.0,0.1,51,1007.2,84
2026-08-21 02:00:00,26.9,89,24.9,0.1,51,1006.7,71
2026-08-21 03:00:00,26.6,90,24.9,0.2,51,1006.9,52
2026-08-21 04:00:00,26.8,87,24.4,0.2,51,1006.7,41
2026-08-21 05:00:00,26.6,88,24.4,0.2,51,1006.4,21
2026-08-21 06:00:00,26.1,91,24.6,0.4,51,1006.9,27
2026-08-21 07:00:00,26.4,93,25.2,0.4,51,1007.2,15
2026-08-21 08:00:00,27.0,90,25.3,0.3,51,1007.3,13
2026-08-21 09:00:00,27.7,86,25.2,0.2,51,1008.1,39
2026-08-21 10:00:00,28.5,82,25.1,0.2,51,1007.8,45
2026-08-21 11:00:00,28.4,81,24.9,0.7,53,1007.5,31
2026-08-21 12:00:00,27.8,86,25.3,1.2,55,1007.1,21
2026-08-21 13:00:00,28.3,82,24.9,1.1,55,1006.6,8
2026-08-21 14:00:00,28.4,81,24.9,0.7,53,1006.1,12
2026-08-21 15:00:00,29.1,79,25.0,0.3,51,1006.1,6
2026-08-21 16:00:00,28.5,80,24.8,0.1,51,1006.1,5
2026-08-21 17:00:00,27.7,85,24.9,0.3,51,1006.1,14
2026-08-21 18:00:00,27.3,88,25.1,0.3,51,1006.5,6
2026-08-21 19:00:00,26.9,88,24.8,0.1,51,1006.8,18
2026-08-21 20:00:00,26.9,87,24.6,0.0,0,1007.3,15
2026-08-21 21:00:00,26.1,95,25.2,0.3,51,1008.4,68
2026-08-21 22:00:00,26.1,93,25.0,0.2,51,1008.4,15
2026-08-21 23:00:00,26.2,91,24.7,0.1,51,1008.3,23
2026-08-22 00:00:00,26.3,92,24.8,0.0,0,1008.1,13
2026-08-22 01:00:00,26.3,91,24.7,0.0,0,1007.7,16
2026-08-22 02:00:00,26.4,91,24.7,0.0,0,1007.3,9
2026-08-22 03:00:00,26.4,91,24.8,0.0,0,1007.1,18
2026-08-22 04:00:00,26.3,90,24.6,0.1,51,1007.0,23
2026-08-22 05:00:00,26.3,89,24.4,0.1,51,1007.0,20
2026-08-22 06:00:00,26.4,88,24.3,0.1,51,1007.7,16
2026-08-22 07:00:00,26.9,88,24.7,0.0,0,1007.9,8
2026-08-22 08:00:00,27.6,84,24.6,0.0,0,1007.9,19
2026-08-22 09:00:00,27.8,84,24.9,0.1,51,1008.8,33
2026-08-22 10:00:00,28.3,81,24.8,0.9,53,1008.8,24
2026-08-22 11:00:00,29.2,78,25.0,0.2,51,1008.6,7
2026-08-22 12:00:00,29.6,77,25.1,0.1,51,1008.5,9
2026-08-22 13:00:00,29.5,78,25.3,0.2,51,1008.4,12
2026-08-22 14:00:00,29.1,80,25.3,0.5,53,1008.1,11
2026-08-22 15:00:00,29.7,75,24.9,0.3,51,1007.8,5
2026-08-22 16:00:00,29.2,77,24.7,0.1,51,1007.7,9
2026-08-22 17:00:00,28.6,79,24.7,0.1,51,1007.7,16
2026-08-22 18:00:00,27.8,85,24.9,0.2,51,1008.0,18
2026-08-22 19:00:00,27.0,88,24.9,0.2,51,1008.4,23
2026-08-22 20:00:00,26.9,89,24.9,0.2,51,1009.0,18
2026-08-22 21:00:00,26.5,91,25.0,0.1,51,1009.9,37
2026-08-22 22:00:00,26.3,93,25.0,0.3,51,1010.0,34
2026-08-22 23:00:00,26.0,94,25.0,0.4,51,1010.1,35
2026-08-23 00:00:00,25.8,94,24.7,0.5,53,1009.9,48
2026-08-23 01:00:00,25.7,94,24.7,0.6,53,1009.8,36
2026-08-23 02:00:00,25.7,93,24.5,0.2,51,1009.4,38
2026-08-23 03:00:00,25.7,95,24.8,0.3,51,1009.4,7
2026-08-23 04:00:00,25.6,94,24.5,0.0,0,1008.9,4
2026-08-23 05:00:00,25.6,93,24.5,0.0,0,1008.9,6
2026-08-23 06:00:00,25.7,93,24.4,0.0,0,1009.3,17
2026-08-23 07:00:00,26.2,92,24.8,0.0,1,1009.8,35
2026-08-23 08:00:00,27.1,87,24.7,0.0,1,1010.0,30
2026-08-23 09:00:00,28.7,78,24.4,0.0,1,1010.2,29
2026-08-23 10:00:00,29.3,75,24.5,0.0,0,1010.4,11
2026-08-23 11:00:00,29.7,74,24.5,0.0,0,1010.1,5
2026-08-23 12:00:00,30.0,73,24.5,0.0,0,1009.9,5
2026-08-23 13:00:00,29.8,75,24.8,0.0,0,1009.8,15
2026-08-23 14:00:00,29.4,76,24.8,0.2,51,1009.3,20
2026-08-23 15:00:00,29.7,74,24.5,0.2,51,1009.1,17
2026-08-23 16:00:00,28.8,77,24.5,0.2,51,1009.1,27
2026-08-23 17:00:00,28.0,81,24.4,0.3,51,1008.7,22
2026-08-23 18:00:00,27.8,81,24.2,0.1,51,1009.2,9
2026-08-23 19:00:00,27.3,80,23.6,0.0,1,1009.2,26
2026-08-23 20:00:00,27.3,79,23.4,0.0,1,1009.4,49
2026-08-23 21:00:00,27.5,80,23.8,0.0,2,1010.1,68
2026-08-23 22:00:00,27.1,83,23.9,0.0,2,1010.2,70
2026-08-23 23:00:00,26.9,81,23.5,0.0,3,1010.0,97
2026-08-24 00:00:00,27.0,80,23.3,0.0,3,1009.7,93
2026-08-24 01:00:00,27.0,80,23.2,0.0,2,1009.2,72
2026-08-24 02:00:00,26.8,82,23.4,0.0,3,1009.0,99
2026-08-24 03:00:00,26.8,84,23.9,0.0,3,1008.6,100
2026-08-24 04:00:00,26.3,89,24.3,0.1,51,1008.4,96
2026-08-24 05:00:00,26.1,90,24.3,0.0,2,1008.0,68
2026-08-24 06:00:00,26.1,90,24.3,0.0,3,1008.2,84
2026-08-24 07:00:00,26.7,87,24.4,0.1,51,1008.7,99
2026-08-24 08:00:00,27.1,84,24.2,0.1,51,1008.9,94
2026-08-24 09:00:00,27.7,78,23.6,0.1,51,1009.2,91
2026-08-24 10:00:00,28.5,74,23.5,0.2,51,1008.9,98
2026-08-24 11:00:00,29.3,69,23.0,0.0,3,1008.5,95
2026-08-24 12:00:00,30.0,65,22.7,0.0,3,1008.5,96
2026-08-24 13:00:00,30.2,63,22.4,0.0,3,1008.1,80
2026-08-24 14:00:00,29.7,68,23.1,0.0,2,1007.7,76
2026-08-24 15:00:00,29.8,67,22.9,0.0,2,1007.0,76
2026-08-24 16:00:00,29.4,70,23.4,0.0,3,1006.6,89
2026-08-24 17:00:00,28.7,76,23.9,0.0,3,1006.5,96
2026-08-24 18:00:00,27.9,80,24.2,0.0,3,1006.3,96
2026-08-24 19:00:00,27.4,81,23.9,0.0,0,1006.4,18
2026-08-24 20:00:00,26.9,83,23.8,0.0,0,1006.5,4
2026-08-24 21:00:00,26.9,82,23.6,0.0,1,1006.7,26
2026-08-24 22:00:00,27.0,85,24.2,0.0,1,1006.5,27
2026-08-24 23:00:00,27.3,84,24.3,0.0,2,1006.8,72
2026-08-25 00:00:00,27.4,83,24.3,0.0,2,1006.1,61
2026-08-25 01:00:00,27.2,84,24.3,0.0,1,1005.5,45
2026-08-25 02:00:00,27.3,83,24.2,0.0,1,1004.7,20
2026-08-25 03:00:00,27.3,83,24.2,0.0,3,1004.0,96
2026-08-25 04:00:00,27.4,83,24.3,0.0,3,1003.3,95
2026-08-25 05:00:00,27.7,81,24.1,0.0,2,1002.9,78
2026-08-25 06:00:00,27.7,81,24.1,0.0,2,1002.4,67
2026-08-25 07:00:00,27.5,84,24.5,0.3,51,1002.6,77
2026-08-25 08:00:00,27.4,85,24.6,0.1,51,1002.2,100
2026-08-25 09:00:00,29.8,74,24.6,0.1,51,1001.9,28
2026-08-25 10:00:00,29.8,75,25.0,0.1,51,1000.5,55
2026-08-25 11:00:00,29.9,70,23.8,0.1,51,1000.2,97
2026-08-25 12:00:00,29.7,70,23.6,0.0,3,998.4,100
2026-08-25 13:00:00,27.1,81,23.6,1.1,55,997.5,100
2026-08-25 14:00:00,27.2,84,24.2,1.1,55,996.4,100
2026-08-25 15:00:00,26.4,89,24.5,1.2,55,994.3,100
2026-08-25 16:00:00,25.0,95,24.2,7.3,63,992.2,100
2026-08-25 17:00:00,25.1,95,24.2,5.8,63,990.0,100
2026-08-25 18:00:00,25.5,94,24.6,3.3,63,988.9,100
2026-08-25 19:00:00,25.4,95,24.6,8.6,65,988.2,100
2026-08-25 20:00:00,25.6,94,24.6,7.0,63,988.1,100
2026-08-25 21:00:00,25.9,95,25.1,8.9,65,988.0,100
2026-08-25 22:00:00,25.6,93,24.3,42.8,65,988.4,100
2026-08-25 23:00:00,25.3,96,24.6,27.8,65,986.9,100
2026-08-26 00:00:00,25.7,95,24.8,9.0,65,987.4,100
2026-08-26 01:00:00,25.7,95,24.7,8.1,65,988.2,100
2026-08-26 02:00:00,25.8,96,25.1,10.5,65,988.8,100
2026-08-26 03:00:00,25.3,95,24.5,6.9,63,990.9,100
2026-08-26 04:00:00,25.4,94,24.4,14.9,65,991.2,100
2026-08-26 05:00:00,25.5,96,24.8,11.6,65,991.1,100
2026-08-26 06:00:00,25.6,96,25.0,23.0,65,992.6,100
2026-08-26 07:00:00,25.5,96,24.8,18.1,65,993.9,100
2026-08-26 08:00:00,25.4,95,24.5,9.5,65,995.0,100
2026-08-26 09:00:00,25.3,92,23.9,2.7,63,996.0,100
2026-08-26 10:00:00,25.5,95,24.6,7.2,63,996.9,100
2026-08-26 11:00:00,26.1,94,25.0,3.0,63,997.3,100
2026-08-26 12:00:00,26.7,92,25.3,0.4,51,997.9,100
2026-08-26 13:00:00,27.3,88,25.1,0.1,51,998.0,100
2026-08-26 14:00:00,27.3,88,25.1,0.3,51,997.8,100
2026-08-26 15:00:00,26.9,90,25.1,0.5,53,998.0,100
2026-08-26 16:00:00,26.7,90,24.8,0.9,53,998.2,100
2026-08-26 17:00:00,26.8,90,25.1,0.4,51,998.4,100
2026-08-26 18:00:00,27.1,91,25.5,0.4,51,999.0,100
2026-08-26 19:00:00,27.1,91,25.5,0.1,51,999.5,100
2026-08-26 20:00:00,26.7,92,25.3,0.3,51,1000.2,100
2026-08-26 21:00:00,26.3,94,25.2,0.2,51,1001.3,100
2026-08-26 22:00:00,26.6,92,25.1,0.3,51,1001.7,100
2026-08-26 23:00:00,26.8,93,25.6,0.4,51,1001.2,100
2026-08-27 00:00:00,26.7,93,25.5,0.1,51,1001.4,100
2026-08-27 01:00:00,27.0,92,25.5,0.0,3,1001.7,100
2026-08-27 02:00:00,26.9,93,25.6,0.0,3,1000.8,100
2026-08-27 03:00:00,27.0,90,25.3,0.0,3,1001.2,100
2026-08-27 04:00:00,26.8,90,24.9,0.3,51,1001.2,100
2026-08-27 05:00:00,26.5,93,25.2,0.2,51,1001.2,100
2026-08-27 06:00:00,26.2,90,24.4,0.2,51,1001.5,100
2026-08-27 07:00:00,26.4,87,24.1,0.3,51,1002.3,100
2026-08-27 08:00:00,26.6,89,24.6,0.2,51,1002.5,99
2026-08-27 09:00:00,27.3,86,24.7,0.2,51,1002.5,99
2026-08-27 10:00:00,27.7,83,24.5,0.2,51,1002.6,88
2026-08-27 11:00:00,28.0,82,24.7,0.3,51,1002.6,99
2026-08-27 12:00:00,27.7,84,24.7,0.4,51,1002.6,99
2026-08-27 13:00:00,27.9,85,25.1,0.5,53,1002.4,98
2026-08-27 14:00:00,28.1,85,25.3,0.1,51,1002.4,98
2026-08-27 15:00:00,28.3,80,24.6,0.1,51,1002.1,96
2026-08-27 16:00:00,27.3,87,25.0,1.0,55,1001.7,85
2026-08-27 17:00:00,27.2,89,25.2,0.6,53,1002.1,32
2026-08-27 18:00:00,26.8,88,24.6,0.2,51,1002.5,84
2026-08-27 19:00:00,26.3,90,24.6,0.3,51,1002.9,91
2026-08-27 20:00:00,26.3,94,25.2,0.3,51,1003.7,96
2026-08-27 21:00:00,24.2,99,23.9,0.3,51,1005.7,100
2026-08-27 22:00:00,25.1,98,24.7,3.2,63,1005.1,92
2026-08-27 23:00:00,25.6,96,25.0,0.2,51,1004.4,76
2026-08-28 00:00:00,25.8,96,25.2,0.3,51,1004.1,76
2026-08-28 01:00:00,25.9,97,25.3,0.2,51,1004.0,70
2026-08-28 02:00:00,25.8,96,25.1,0.1,51,1003.8,63
2026-08-28 03:00:00,26.0,97,25.5,0.6,53,1003.8,21
2026-08-28 04:00:00,26.0,97,25.5,0.0,0,1003.7,18
2026-08-28 05:00:00,25.5,97,25.0,0.3,51,1003.8,36
2026-08-28 06:00:00,25.7,96,24.9,0.5,53,1003.9,50
2026-08-28 07:00:00,26.0,93,24.8,0.2,51,1004.0,48
2026-08-28 08:00:00,26.4,92,25.0,0.1,51,1004.6,53
2026-08-28 09:00:00,27.2,90,25.5,0.3,51,1004.8,21
2026-08-28 10:00:00,27.7,86,25.0,0.4,51,1005.0,23
2026-08-28 11:00:00,27.2,90,25.4,0.8,53,1005.1,20
2026-08-28 12:00:00,27.4,89,25.4,0.9,53,1005.2,26
2026-08-28 13:00:00,27.7,86,25.2,0.6,53,1005.0,30
2026-08-28 14:00:00,27.6,88,25.4,1.0,55,1004.7,13
2026-08-28 15:00:00,28.6,83,25.4,0.7,53,1004.5,13
2026-08-28 16:00:00,28.3,84,25.2,0.2,51,1003.9,18
2026-08-28 17:00:00,27.9,84,25.0,0.1,51,1003.9,20
2026-08-28 18:00:00,27.2,90,25.5,0.1,51,1004.2,20
2026-08-28 19:00:00,26.8,93,25.5,0.0,0,1004.3,18
2026-08-28 20:00:00,26.9,90,25.1,0.0,0,1005.2,18
2026-08-28 21:00:00,27.0,92,25.7,0.1,51,1005.8,30
2026-08-28 22:00:00,26.8,93,25.5,0.1,51,1005.9,38
2026-08-28 23:00:00,26.7,93,25.4,0.1,51,1006.1,34
2026-08-29 00:00:00,26.6,93,25.3,0.1,51,1006.0,32
2026-08-29 01:00:00,26.6,92,25.2,0.1,51,1005.8,42
2026-08-29 02:00:00,26.5,93,25.2,0.1,51,1005.6,88
2026-08-29 03:00:00,26.6,93,25.4,0.0,1,1004.8,43
2026-08-29 04:00:00,26.5,93,25.3,0.1,51,1004.8,44
2026-08-29 05:00:00,26.4,93,25.2,0.1,51,1004.8,40
2026-08-29 06:00:00,26.4,93,25.1,0.1,51,1005.0,27
2026-08-29 07:00:00,26.8,91,25.2,0.1,51,1005.3,85
2026-08-29 08:00:00,27.4,86,24.9,0.0,2,1005.5,76
2026-08-29 09:00:00,27.5,91,25.9,0.2,51,1005.9,88
2026-08-29 10:00:00,27.9,87,25.6,0.2,51,1006.1,36
2026-08-29 11:00:00,28.8,80,25.1,0.1,51,1006.0,16
2026-08-29 12:00:00,28.6,83,25.5,0.2,51,1006.0,29
2026-08-29 13:00:00,27.9,88,25.8,1.0,55,1005.8,18
2026-08-29 14:00:00,27.7,90,25.9,0.9,53,1005.5,23
2026-08-29 15:00:00,29.0,80,25.2,0.5,53,1005.1,22
2026-08-29 16:00:00,28.3,82,25.0,0.1,51,1004.9,30
2026-08-29 17:00:00,27.8,85,25.1,0.2,51,1005.0,84
2026-08-29 18:00:00,27.2,91,25.6,0.2,51,1005.5,82
2026-08-29 19:00:00,26.8,92,25.3,0.0,1,1005.5,37
2026-08-29 20:00:00,26.7,91,25.0,0.1,51,1006.1,41
2026-08-29 21:00:00,26.6,94,25.6,0.1,51,1006.8,32
2026-08-29 22:00:00,26.6,94,25.5,0.1,51,1007.1,22
2026-08-29 23:00:00,26.5,93,25.4,0.0,1,1007.1,43
