{
"type": "FeatureCollection",
"name": "events",
"crs": { "type": "name", "properties": { "name": "urn:ogc:def:crs:OGC:1.3:CRS84" } },
"features": [
{ "type": "Feature", "properties": { "timestamp": "2026-08-02T00:28:00+09:00", "session_start": "2026-08-02T00:27:00+09:00", "event_type": "目撃", "species": "その他", "individual_count": 1, "size": null, "wetness": "ドライ", "lat": 28.141691567835469, "lon": 129.34845845575691, "raw_text": "2026/08/02 0:28\n目撃\n\n1匹\nリュウキュウアオバズク\nドライ\n瀬戸内町県道626号\n28.14169156783547\n129.3484584557569\n", "night_date": "2026-08-02", "segment_id": "OSM_ro136_0_243", "event_match_distance_m": 3.5538003940214402 }, "geometry": { "type": "Point", "coordinates": [ 129.348458455756912, 28.141691567835469 ] } },
{ "type": "Feature", "properties": { "timestamp": "2026-08-02T00:50:00+09:00", "session_start": "2026-08-02T00:27:00+09:00", "event_type": "捕獲", "species": "ハブ", "individual_count": 1, "size": "中", "wetness": "ドライ", "lat": 28.167843770233489, "lon": 129.33680150445491, "raw_text": "2026/08/02 0:50\n捕獲\nハブ捕獲中\n移動中 海に向かって\n道路脇\nドライ\n瀬戸内町阿木名\n28.16784377023349\n129.3368015044549\n", "night_date": "2026-08-02", "segment_id": "OSM_ro51_0_4", "event_match_distance_m": 0.35397221519326399 }, "geometry": { "type": "Point", "coordinates": [ 129.336801504454911, 28.167843770233489 ] } },
{ "type": "Feature", "properties": { "timestamp": "2026-08-02T01:06:00+09:00", "session_start": "2026-08-02T00:27:00+09:00", "event_type": "目撃", "species": "クロウサギ", "individual_count": 1, "size": null, "wetness": "ドライ", "lat": 28.164821061199991, "lon": 129.37580463907329, "raw_text": "2026/08/02 1:06\n目撃\n\n1匹\nクロウサギ\nドライ\n瀬戸内町節子\n28.16482106119999\n129.3758046390733\n", "night_date": "2026-08-02", "segment_id": "OSM_ro34_0_43", "event_match_distance_m": 3.3809244130698932 }, "geometry": { "type": "Point", "coordinates": [ 129.375804639073294, 28.164821061199991 ] } },
{ "type": "Feature", "properties": { "timestamp": "2026-08-02T01:11:00+09:00", "session_start": "2026-08-02T00:27:00+09:00", "event_type": "目撃", "species": "ヤマシギ", "individual_count": 1, "size": null, "wetness": "ドライ", "lat": 28.171085333448278, "lon": 129.3783140937247, "raw_text": "2026/08/02 1:11\n目撃\n\n1匹\nヤマシギ\nドライ\n瀬戸内町節子\n28.17108533344828\n129.3783140937247\n", "night_date": "2026-08-02", "segment_id": "OSM_ro146_0_344", "event_match_distance_m": 4.2037316523155486 }, "geometry": { "type": "Point", "coordinates": [ 129.378314093724697, 28.171085333448278 ] } },
{ "type": "Feature", "properties": { "timestamp": "2026-08-02T01:26:00+09:00", "session_start": "2026-08-02T00:27:00+09:00", "event_type": "目撃", "species": "ヤマシギ", "individual_count": 1, "size": null, "wetness": "ドライ", "lat": 28.165867131798951, "lon": 129.38758429450669, "raw_text": "2026/08/02 1:26\n目撃\n\n1匹\nヤマシギ\nドライ\n瀬戸内町節子\n28.16586713179895\n129.3875842945067\n", "night_date": "2026-08-02", "segment_id": "OSM_ro364_0_71", "event_match_distance_m": 3.790839572324423 }, "geometry": { "type": "Point", "coordinates": [ 129.387584294506695, 28.165867131798951 ] } },
{ "type": "Feature", "properties": { "timestamp": "2026-08-02T01:29:00+09:00", "session_start": "2026-08-02T00:27:00+09:00", "event_type": "目撃", "species": "ヤマシギ", "individual_count": 1, "size": null, "wetness": "ドライ", "lat": 28.16472928909706, "lon": 129.38692615492209, "raw_text": "2026/08/02 1:29\n目撃\n\n1匹\nヤマシギ\nドライ\n瀬戸内町節子\n28.16472928909706\n129.3869261549221\n", "night_date": "2026-08-02", "segment_id": "OSM_ro364_0_92", "event_match_distance_m": 4.7450871548734206 }, "geometry": { "type": "Point", "coordinates": [ 129.386926154922094, 28.16472928909706 ] } },
{ "type": "Feature", "properties": { "timestamp": "2026-08-02T01:31:00+09:00", "session_start": "2026-08-02T00:27:00+09:00", "event_type": "目撃", "species": "ヤマシギ", "individual_count": 2, "size": null, "wetness": "ドライ", "lat": 28.163729057515059, "lon": 129.38597862451121, "raw_text": "2026/08/02 1:31\n目撃\n\n2匹\nヤマシギ\nドライ\n瀬戸内町節子\n28.16372905751506\n129.3859786245112\n", "night_date": "2026-08-02", "segment_id": "OSM_ro440_0_6", "event_match_distance_m": 4.9017640301441796 }, "geometry": { "type": "Point", "coordinates": [ 129.38597862451121, 28.163729057515059 ] } },
{ "type": "Feature", "properties": { "timestamp": "2026-08-02T01:36:00+09:00", "session_start": "2026-08-02T00:27:00+09:00", "event_type": "目撃", "species": "ヤマシギ", "individual_count": 3, "size": null, "wetness": "ドライ", "lat": 28.164559623561189, "lon": 129.38975019689991, "raw_text": "2026/08/02 1:36\n目撃\n\n3匹\nヤマシギ\nドライ\n瀬戸内町節子\n28.16455962356119\n129.3897501968999\n", "night_date": "2026-08-02", "segment_id": "OSM_ro440_0_60", "event_match_distance_m": 12.986578862703519 }, "geometry": { "type": "Point", "coordinates": [ 129.389750196899911, 28.164559623561189 ] } },
{ "type": "Feature", "properties": { "timestamp": "2026-08-02T01:43:00+09:00", "session_start": "2026-08-02T00:27:00+09:00", "event_type": "捕獲", "species": "ハブ", "individual_count": 1, "size": "大", "wetness": "ドライ", "lat": 28.163918577356728, "lon": 129.39045891878081, "raw_text": "2026/08/02 1:43\n捕獲\nハブ捕獲大\nとぐろ\n道路脇\nドライ\n瀬戸内町節子\n28.16391857735673\n129.3904589187808\n", "night_date": "2026-08-02", "segment_id": "OSM_ro440_0_95", "event_match_distance_m": 8.272744436613781 }, "geometry": { "type": "Point", "coordinates": [ 129.390458918780809, 28.163918577356728 ] } },
{ "type": "Feature", "properties": { "timestamp": "2026-08-02T01:51:00+09:00", "session_start": "2026-08-02T00:27:00+09:00", "event_type": "目撃", "species": "ヤマシギ", "individual_count": 1, "size": null, "wetness": "ドライ", "lat": 28.1646431768234, "lon": 129.39501249614091, "raw_text": "2026/08/02 1:51\n目撃\n\n1匹\nクロウサギ\nヤマシギ\nドライ\n瀬戸内町節子\n28.1646431768234\n129.3950124961409\n", "night_date": "2026-08-02", "segment_id": "OSM_ro42_0_56", "event_match_distance_m": 1.5289849544818348 }, "geometry": { "type": "Point", "coordinates": [ 129.395012496140907, 28.1646431768234 ] } },
{ "type": "Feature", "properties": { "timestamp": "2026-08-02T01:52:00+09:00", "session_start": "2026-08-02T00:27:00+09:00", "event_type": "目撃", "species": "ネズミ", "individual_count": 1, "size": null, "wetness": "ドライ", "lat": 28.164441883007051, "lon": 129.39513793811659, "raw_text": "2026/08/02 1:52\n目撃\n\n1匹\nシラガケナガネズミ\nドライ\n瀬戸内町節子\n28.16444188300705\n129.3951379381166\n", "night_date": "2026-08-02", "segment_id": "OSM_ro42_0_59", "event_match_distance_m": 4.1942565508520282 }, "geometry": { "type": "Point", "coordinates": [ 129.395137938116591, 28.164441883007051 ] } },
{ "type": "Feature", "properties": { "timestamp": "2026-08-02T01:54:00+09:00", "session_start": "2026-08-02T00:27:00+09:00", "event_type": "目撃", "species": "ヤマシギ", "individual_count": 2, "size": null, "wetness": "ドライ", "lat": 28.164201700298491, "lon": 129.39607574242061, "raw_text": "2026/08/02 1:54\n目撃\n\n2匹\nヤマシギ\nドライ\n瀬戸内町節子\n28.16420170029849\n129.3960757424206\n", "night_date": "2026-08-02", "segment_id": "OSM_ro42_0_71", "event_match_distance_m": 9.3411366517329828 }, "geometry": { "type": "Point", "coordinates": [ 129.396075742420607, 28.164201700298491 ] } },
{ "type": "Feature", "properties": { "timestamp": "2026-08-02T01:58:00+09:00", "session_start": "2026-08-02T00:27:00+09:00", "event_type": "目撃", "species": "ネズミ", "individual_count": 1, "size": null, "wetness": "ドライ", "lat": 28.16729275408133, "lon": 129.3952922773131, "raw_text": "2026/08/02 1:58\n目撃\n\n1匹\nネズミ\nドライ\n\n28.16729275408133\n129.3952922773131\n", "night_date": "2026-08-02", "segment_id": "OSM_ro560_0_9", "event_match_distance_m": 2.1033358620479592 }, "geometry": { "type": "Point", "coordinates": [ 129.395292277313104, 28.16729275408133 ] } },
{ "type": "Feature", "properties": { "timestamp": "2026-08-02T02:07:00+09:00", "session_start": "2026-08-02T00:27:00+09:00", "event_type": "目撃", "species": "ネズミ", "individual_count": 1, "size": null, "wetness": "ドライ", "lat": 28.17170623261439, "lon": 129.39694923231789, "raw_text": "2026/08/02 2:07\n目撃\n\n1匹\nネズミ\nドライ\n\n28.17170623261439\n129.3969492323179\n", "night_date": "2026-08-02", "segment_id": "OSM_ro142_0_30", "event_match_distance_m": 11.305829911675819 }, "geometry": { "type": "Point", "coordinates": [ 129.396949232317894, 28.17170623261439 ] } },
{ "type": "Feature", "properties": { "timestamp": "2026-08-02T02:10:00+09:00", "session_start": "2026-08-02T00:27:00+09:00", "event_type": "目撃", "species": "ネズミ", "individual_count": 1, "size": null, "wetness": "ドライ", "lat": 28.17038424344311, "lon": 129.39852404251809, "raw_text": "2026/08/02 2:10\n目撃\n\n1匹\nネズミ\nヤマシギ\nドライ\n\n28.17038424344311\n129.3985240425181\n", "night_date": "2026-08-02", "segment_id": "OSM_ro185_0_1", "event_match_distance_m": 7.2097019747126074 }, "geometry": { "type": "Point", "coordinates": [ 129.39852404251809, 28.17038424344311 ] } },
{ "type": "Feature", "properties": { "timestamp": "2026-08-02T02:14:00+09:00", "session_start": "2026-08-02T00:27:00+09:00", "event_type": "目撃", "species": "ネズミ", "individual_count": 1, "size": null, "wetness": "ドライ", "lat": 28.171748994445519, "lon": 129.39857298802301, "raw_text": "2026/08/02 2:14\n目撃\n\n1匹\nネズミ\nドライ\n瀬戸内町節子\n28.17174899444552\n129.398572988023\n", "night_date": "2026-08-02", "segment_id": "OSM_ro249_0_63", "event_match_distance_m": 15.845662727059118 }, "geometry": { "type": "Point", "coordinates": [ 129.398572988023005, 28.171748994445519 ] } },
{ "type": "Feature", "properties": { "timestamp": "2026-08-02T02:20:00+09:00", "session_start": "2026-08-02T00:27:00+09:00", "event_type": "捕獲", "species": "ハブ", "individual_count": 1, "size": "大", "wetness": "ドライ", "lat": 28.174485528227731, "lon": 129.39914891640109, "raw_text": "2026/08/02 2:20\n捕獲\nハブ捕獲大\n伸び\n道路中央\nドライ\n瀬戸内町節子\n28.17448552822773\n129.3991489164011\n", "night_date": "2026-08-02", "segment_id": "OSM_ro249_0_14", "event_match_distance_m": 2.9243586101074683 }, "geometry": { "type": "Point", "coordinates": [ 129.399148916401089, 28.174485528227731 ] } },
{ "type": "Feature", "properties": { "timestamp": "2026-08-02T02:22:00+09:00", "session_start": "2026-08-02T00:27:00+09:00", "event_type": "目撃", "species": "ヤマシギ", "individual_count": 1, "size": null, "wetness": "ドライ", "lat": 28.17486348207613, "lon": 129.39784544416401, "raw_text": "2026/08/02 2:22\n目撃\n\n1匹\nヤマシギ\nドライ\n瀬戸内町節子\n28.17486348207613\n129.397845444164\n", "night_date": "2026-08-02", "segment_id": "OSM_ro289_0_103", "event_match_distance_m": 3.9678824883461585 }, "geometry": { "type": "Point", "coordinates": [ 129.397845444164005, 28.17486348207613 ] } },
{ "type": "Feature", "properties": { "timestamp": "2026-08-02T02:27:00+09:00", "session_start": "2026-08-02T00:27:00+09:00", "event_type": "目撃", "species": "オットンガエル", "individual_count": 1, "size": null, "wetness": "ドライ", "lat": 28.173521640164189, "lon": 129.39475303309871, "raw_text": "2026/08/02 2:27\n目撃\n\n1匹\nオットンガエル\nドライ\n\n28.17352164016419\n129.3947530330987\n", "night_date": "2026-08-02", "segment_id": "OSM_ro289_0_64", "event_match_distance_m": 3.5408258177308447 }, "geometry": { "type": "Point", "coordinates": [ 129.394753033098709, 28.173521640164189 ] } },
{ "type": "Feature", "properties": { "timestamp": "2026-08-02T02:30:00+09:00", "session_start": "2026-08-02T00:27:00+09:00", "event_type": "目撃", "species": "オットンガエル", "individual_count": 1, "size": null, "wetness": "ドライ", "lat": 28.174672884223771, "lon": 129.39480401811181, "raw_text": "2026/08/02 2:30\n目撃\n\n1匹\nオットンガエル\nドライ\n\n28.17467288422377\n129.3948040181118\n", "night_date": "2026-08-02", "segment_id": "OSM_ro289_0_47", "event_match_distance_m": 1.8145010354371931 }, "geometry": { "type": "Point", "coordinates": [ 129.394804018111813, 28.174672884223771 ] } },
{ "type": "Feature", "properties": { "timestamp": "2026-08-02T02:31:00+09:00", "session_start": "2026-08-02T00:27:00+09:00", "event_type": "目撃", "species": "ヤマシギ", "individual_count": 3, "size": null, "wetness": "ドライ", "lat": 28.174671432399499, "lon": 129.39544603797211, "raw_text": "2026/08/02 2:31\n目撃\n\n3匹\nヤマシギ\nドライ\n瀬戸内町節子\n28.1746714323995\n129.3954460379721\n", "night_date": "2026-08-02", "segment_id": "OSM_ro289_0_36", "event_match_distance_m": 2.6206903837676423 }, "geometry": { "type": "Point", "coordinates": [ 129.395446037972107, 28.174671432399499 ] } },
{ "type": "Feature", "properties": { "timestamp": "2026-08-02T02:34:00+09:00", "session_start": "2026-08-02T00:27:00+09:00", "event_type": "目撃", "species": "ネズミ", "individual_count": 1, "size": null, "wetness": "ドライ", "lat": 28.175960259947662, "lon": 129.39602762229961, "raw_text": "2026/08/02 2:34\n目撃\n\n1匹\nネズミ\nドライ\n\n28.17596025994766\n129.3960276222996\n", "night_date": "2026-08-02", "segment_id": "OSM_ro289_0_8", "event_match_distance_m": 1.0040995975647631 }, "geometry": { "type": "Point", "coordinates": [ 129.396027622299613, 28.175960259947662 ] } },
{ "type": "Feature", "properties": { "timestamp": "2026-08-02T02:37:00+09:00", "session_start": "2026-08-02T00:27:00+09:00", "event_type": "目撃", "species": "ヤマシギ", "individual_count": 2, "size": null, "wetness": "ドライ", "lat": 28.177184771796291, "lon": 129.394212157053, "raw_text": "2026/08/02 2:37\n目撃\n\n2匹\nヤマシギ\nドライ\n\n28.17718477179629\n129.394212157053\n", "night_date": "2026-08-02", "segment_id": "OSM_ro104_0_86", "event_match_distance_m": 7.9316649906930357 }, "geometry": { "type": "Point", "coordinates": [ 129.394212157053005, 28.177184771796291 ] } },
{ "type": "Feature", "properties": { "timestamp": "2026-08-02T02:45:00+09:00", "session_start": "2026-08-02T00:27:00+09:00", "event_type": "目撃", "species": "ヤマシギ", "individual_count": 3, "size": null, "wetness": "ドライ", "lat": 28.181531494615971, "lon": 129.39515878416651, "raw_text": "2026/08/02 2:45\n目撃\n\n3匹\nヤマシギ\nドライ\n瀬戸内町嘉徳\n28.18153149461597\n129.3951587841665\n", "night_date": "2026-08-02", "segment_id": "OSM_ro280_0_80", "event_match_distance_m": 9.5879672558235107 }, "geometry": { "type": "Point", "coordinates": [ 129.395158784166512, 28.181531494615971 ] } },
{ "type": "Feature", "properties": { "timestamp": "2026-08-02T02:45:00+09:00", "session_start": "2026-08-02T00:27:00+09:00", "event_type": "目撃", "species": "ネズミ", "individual_count": 1, "size": null, "wetness": "ドライ", "lat": 28.182095569653629, "lon": 129.39558118517701, "raw_text": "2026/08/02 2:45\n目撃\n\n1匹\nネズミ\nドライ\n瀬戸内町嘉徳\n28.18209556965363\n129.395581185177\n", "night_date": "2026-08-02", "segment_id": "OSM_ro280_0_71", "event_match_distance_m": 12.339381470155439 }, "geometry": { "type": "Point", "coordinates": [ 129.395581185177008, 28.182095569653629 ] } },
{ "type": "Feature", "properties": { "timestamp": "2026-08-02T02:48:00+09:00", "session_start": "2026-08-02T00:27:00+09:00", "event_type": "目撃", "species": "カエル", "individual_count": 1, "size": null, "wetness": "ドライ", "lat": 28.183989786328901, "lon": 129.39686855369641, "raw_text": "2026/08/02 2:48\n目撃\n\n1匹\nカエル\nドライ\n\n28.1839897863289\n129.3968685536964\n", "night_date": "2026-08-02", "segment_id": "OSM_ro280_0_39", "event_match_distance_m": 6.9942522600970172 }, "geometry": { "type": "Point", "coordinates": [ 129.396868553696407, 28.183989786328901 ] } },
{ "type": "Feature", "properties": { "timestamp": "2026-08-02T02:53:00+09:00", "session_start": "2026-08-02T00:27:00+09:00", "event_type": "目撃", "species": "ヒメハブ", "individual_count": 1, "size": null, "wetness": "ドライ", "lat": 28.186217624951588, "lon": 129.39859899086409, "raw_text": "2026/08/02 2:53\n目撃\n\n1匹\nヒメハブ\nドライ\n\n28.18621762495159\n129.3985989908641\n", "night_date": "2026-08-02", "segment_id": "OSM_ro191_0_91", "event_match_distance_m": 5.0725122931058353 }, "geometry": { "type": "Point", "coordinates": [ 129.398598990864087, 28.186217624951588 ] } },
{ "type": "Feature", "properties": { "timestamp": "2026-08-02T02:53:00+09:00", "session_start": "2026-08-02T00:27:00+09:00", "event_type": "目撃", "species": "カエル", "individual_count": 3, "size": null, "wetness": "ドライ", "lat": 28.186161454378809, "lon": 129.3989117105782, "raw_text": "2026/08/02 2:53\n目撃\n\n3匹\nカエル\nドライ\n\n28.18616145437881\n129.3989117105782\n", "night_date": "2026-08-02", "segment_id": "OSM_ro191_0_88", "event_match_distance_m": 12.454059901281086 }, "geometry": { "type": "Point", "coordinates": [ 129.398911710578204, 28.186161454378809 ] } },
{ "type": "Feature", "properties": { "timestamp": "2026-08-02T03:02:00+09:00", "session_start": "2026-08-02T00:27:00+09:00", "event_type": "目撃", "species": "カエル", "individual_count": 5, "size": null, "wetness": "ウエット", "lat": 28.187693579674502, "lon": 129.39537372779299, "raw_text": "2026/08/02 3:02\n目撃\n\n5匹以上\nカエル\nウエット\n瀬戸内町嘉徳\n28.1876935796745\n129.395373727793\n", "night_date": "2026-08-02", "segment_id": "OSM_ro448_0_95", "event_match_distance_m": 3.7764596075732872 }, "geometry": { "type": "Point", "coordinates": [ 129.395373727792986, 28.187693579674502 ] } },
{ "type": "Feature", "properties": { "timestamp": "2026-08-02T03:02:00+09:00", "session_start": "2026-08-02T00:27:00+09:00", "event_type": "目撃", "species": "カエル", "individual_count": 5, "size": null, "wetness": "ウエット", "lat": 28.188008684333749, "lon": 129.39552592068901, "raw_text": "2026/08/02 3:02\n目撃\n\n5匹以上\nカエル\nウエット\n瀬戸内町嘉徳\n28.18800868433375\n129.395525920689\n", "night_date": "2026-08-02", "segment_id": "OSM_ro448_0_91", "event_match_distance_m": 7.2885155312565235 }, "geometry": { "type": "Point", "coordinates": [ 129.39552592068901, 28.188008684333749 ] } },
{ "type": "Feature", "properties": { "timestamp": "2026-08-02T03:02:00+09:00", "session_start": "2026-08-02T00:27:00+09:00", "event_type": "目撃", "species": "カエル", "individual_count": 5, "size": null, "wetness": "ソークド(水跳ね)", "lat": 28.188307510830029, "lon": 129.39585586405849, "raw_text": "2026/08/02 3:02\n目撃\n\n5匹以上\nカエル\nソークド(水跳ね)\n瀬戸内町嘉徳\n28.18830751083003\n129.3958558640585\n", "night_date": "2026-08-02", "segment_id": "OSM_ro448_0_86", "event_match_distance_m": 5.5075275009960096 }, "geometry": { "type": "Point", "coordinates": [ 129.39585586405849, 28.188307510830029 ] } },
{ "type": "Feature", "properties": { "timestamp": "2026-08-02T03:08:00+09:00", "session_start": "2026-08-02T00:27:00+09:00", "event_type": "目撃", "species": "ネズミ", "individual_count": 1, "size": null, "wetness": "ドライ", "lat": 28.19431731291964, "lon": 129.39768999340299, "raw_text": "2026/08/02 3:08\n目撃\n\n1匹\nネズミ\nドライ\n瀬戸内町嘉徳\n28.19431731291964\n129.397689993403\n", "night_date": "2026-08-02", "segment_id": "OSM_ro257_0_21", "event_match_distance_m": 6.4488614699368041 }, "geometry": { "type": "Point", "coordinates": [ 129.397689993402992, 28.19431731291964 ] } },
{ "type": "Feature", "properties": { "timestamp": "2026-08-02T03:12:00+09:00", "session_start": "2026-08-02T00:27:00+09:00", "event_type": "目撃", "species": "ネズミ", "individual_count": 1, "size": null, "wetness": "ドライ", "lat": 28.19181947178804, "lon": 129.4014481369347, "raw_text": "2026/08/02 3:12\n目撃\n\n1匹\nネズミ\nドライ\n瀬戸内町嘉徳\n28.19181947178804\n129.4014481369347\n", "night_date": "2026-08-02", "segment_id": "OSM_ro338_0_23", "event_match_distance_m": 4.0445542319198848 }, "geometry": { "type": "Point", "coordinates": [ 129.401448136934704, 28.19181947178804 ] } },
{ "type": "Feature", "properties": { "timestamp": "2026-08-02T03:20:00+09:00", "session_start": "2026-08-02T00:27:00+09:00", "event_type": "目撃", "species": "ネズミ", "individual_count": 1, "size": null, "wetness": "ドライ", "lat": 28.195238295534889, "lon": 129.39518425346759, "raw_text": "2026/08/02 3:20\n目撃\n\n1匹\nネズミ\nドライ\n\n28.19523829553489\n129.3951842534676\n", "night_date": "2026-08-02", "segment_id": "OSM_ro137_0_21", "event_match_distance_m": 4.247287089040066 }, "geometry": { "type": "Point", "coordinates": [ 129.39518425346759, 28.195238295534889 ] } },
{ "type": "Feature", "properties": { "timestamp": "2026-08-02T03:20:00+09:00", "session_start": "2026-08-02T00:27:00+09:00", "event_type": "目撃", "species": "クロウサギ", "individual_count": 2, "size": null, "wetness": "ドライ", "lat": 28.195232848878369, "lon": 129.39515657505109, "raw_text": "2026/08/02 3:20\n目撃\n\n2匹\nクロウサギ\nドライ\n\n28.19523284887837\n129.3951565750511\n", "night_date": "2026-08-02", "segment_id": "OSM_ro137_0_21", "event_match_distance_m": 2.95295076889537 }, "geometry": { "type": "Point", "coordinates": [ 129.395156575051089, 28.195232848878369 ] } },
{ "type": "Feature", "properties": { "timestamp": "2026-08-02T03:22:00+09:00", "session_start": "2026-08-02T00:27:00+09:00", "event_type": "目撃", "species": "ネズミ", "individual_count": 1, "size": null, "wetness": "ドライ", "lat": 28.196673993498472, "lon": 129.393576407745, "raw_text": "2026/08/02 3:22\n目撃\n\n1匹\nネズミ\nドライ\n瀬戸内町嘉徳\n28.19667399349847\n129.393576407745\n", "night_date": "2026-08-02", "segment_id": "OSM_ro137_0_45", "event_match_distance_m": 5.6772239491988188 }, "geometry": { "type": "Point", "coordinates": [ 129.393576407745002, 28.196673993498472 ] } },
{ "type": "Feature", "properties": { "timestamp": "2026-08-02T03:27:00+09:00", "session_start": "2026-08-02T00:27:00+09:00", "event_type": "目撃", "species": "クロウサギ", "individual_count": 1, "size": null, "wetness": "ドライ", "lat": 28.19637454855317, "lon": 129.3895413476672, "raw_text": "2026/08/02 3:27\n目撃\n\n1匹\nクロウサギ\nドライ\n\n28.19637454855317\n129.3895413476672\n", "night_date": "2026-08-02", "segment_id": "OSM_ro48_0_30", "event_match_distance_m": 3.6362386953462322 }, "geometry": { "type": "Point", "coordinates": [ 129.389541347667205, 28.19637454855317 ] } },
{ "type": "Feature", "properties": { "timestamp": "2026-08-02T03:27:00+09:00", "session_start": "2026-08-02T00:27:00+09:00", "event_type": "目撃", "species": "ネズミ", "individual_count": 1, "size": null, "wetness": "ドライ", "lat": 28.19546539123958, "lon": 129.38857060014371, "raw_text": "2026/08/02 3:27\n目撃\n\n1匹\nネズミ\nリュウキュウコノハズク\nドライ\n\n28.19546539123958\n129.3885706001437\n", "night_date": "2026-08-02", "segment_id": "OSM_ro48_0_44", "event_match_distance_m": 1.8460299295746678 }, "geometry": { "type": "Point", "coordinates": [ 129.388570600143709, 28.19546539123958 ] } },
{ "type": "Feature", "properties": { "timestamp": "2026-08-02T03:29:00+09:00", "session_start": "2026-08-02T00:27:00+09:00", "event_type": "目撃", "species": "クロウサギ", "individual_count": 1, "size": null, "wetness": "ドライ", "lat": 28.19393821419272, "lon": 129.38761496483571, "raw_text": "2026/08/02 3:29\n目撃\n\n1匹\nクロウサギ\nドライ\n\n28.19393821419272\n129.3876149648357\n", "night_date": "2026-08-02", "segment_id": "OSM_ro48_0_65", "event_match_distance_m": 3.3457494406740635 }, "geometry": { "type": "Point", "coordinates": [ 129.387614964835706, 28.19393821419272 ] } },
{ "type": "Feature", "properties": { "timestamp": "2026-08-02T03:48:00+09:00", "session_start": "2026-08-02T00:27:00+09:00", "event_type": "轢死", "species": "ハブ", "individual_count": 1, "size": null, "wetness": "ドライ", "lat": 28.19392442520336, "lon": 129.36391426418581, "raw_text": "2026/08/02 3:48\n轢死\n\n1匹\nハブ\nドライ\n\n28.19392442520336\n129.3639142641858\n", "night_date": "2026-08-02", "segment_id": "OSM_ro88_0_198", "event_match_distance_m": 2.3540614657568431 }, "geometry": { "type": "Point", "coordinates": [ 129.363914264185809, 28.19392442520336 ] } },
{ "type": "Feature", "properties": { "timestamp": "2026-08-02T04:12:00+09:00", "session_start": "2026-08-02T00:27:00+09:00", "event_type": "目撃", "species": "その他", "individual_count": 1, "size": null, "wetness": "ドライ", "lat": 28.16107989393452, "lon": 129.34541262331979, "raw_text": "2026/08/02 4:12\n目撃\n\n1匹\nリュウキュウコノハズク\nドライ\n瀬戸内町伊須\n28.16107989393452\n129.3454126233198\n\n4:30終了\n\n8/2 23:307探索開始", "night_date": "2026-08-02", "segment_id": "OSM_ro306_0_77", "event_match_distance_m": 0.83927708831915637 }, "geometry": { "type": "Point", "coordinates": [ 129.345412623319788, 28.16107989393452 ] } },
{ "type": "Feature", "properties": { "timestamp": "2026-08-03T00:01:00+09:00", "session_start": "2026-08-02T00:27:00+09:00", "event_type": "捕獲", "species": "ハブ", "individual_count": 1, "size": "小", "wetness": "ドライ", "lat": 28.1401033329104, "lon": 129.3488082537958, "raw_text": "2026/08/03 0:01\n捕獲\nハブ捕獲小\nとぐろ\n木の上\nドライ\n瀬戸内町県道626号\n28.1401033329104\n129.3488082537958\n", "night_date": "2026-08-02", "segment_id": "OSM_ro136_0_266", "event_match_distance_m": 3.459104195277066 }, "geometry": { "type": "Point", "coordinates": [ 129.348808253795795, 28.1401033329104 ] } },
{ "type": "Feature", "properties": { "timestamp": "2026-08-03T00:09:00+09:00", "session_start": "2026-08-02T00:27:00+09:00", "event_type": "轢死", "species": "ネズミ", "individual_count": 1, "size": null, "wetness": "ドライ", "lat": 28.142455480159441, "lon": 129.35246895488351, "raw_text": "2026/08/03 0:09\n轢死\n\n1匹\nネズミ\nドライ\n瀬戸内町伊須\n28.14245548015944\n129.3524689548835\n", "night_date": "2026-08-02", "segment_id": "OSM_ro446_0_52", "event_match_distance_m": 6.7248283808148166 }, "geometry": { "type": "Point", "coordinates": [ 129.352468954883506, 28.142455480159441 ] } },
{ "type": "Feature", "properties": { "timestamp": "2026-08-03T00:38:00+09:00", "session_start": "2026-08-02T00:27:00+09:00", "event_type": "目撃", "species": "カエル", "individual_count": 1, "size": null, "wetness": "ドライ", "lat": 28.175464858995539, "lon": 129.36319776178951, "raw_text": "2026/08/03 0:38\n目撃\n\n1匹\nカエル\nドライ\n瀬戸内町網野子\n28.17546485899554\n129.3631977617895\n", "night_date": "2026-08-02", "segment_id": "OSM_ro129_0_205", "event_match_distance_m": 4.3124720609120955 }, "geometry": { "type": "Point", "coordinates": [ 129.363197761789507, 28.175464858995539 ] } },
{ "type": "Feature", "properties": { "timestamp": "2026-08-03T00:59:00+09:00", "session_start": "2026-08-02T00:27:00+09:00", "event_type": "目撃", "species": "クロウサギ", "individual_count": 1, "size": null, "wetness": "ドライ", "lat": 28.191843804255271, "lon": 129.38752774653, "raw_text": "2026/08/03 0:59\n目撃\n\n1匹\nクロウサギ\nドライ\n\n28.19184380425527\n129.38752774653\n", "night_date": "2026-08-02", "segment_id": "OSM_ro48_0_90", "event_match_distance_m": 5.9676665287453723 }, "geometry": { "type": "Point", "coordinates": [ 129.387527746529997, 28.191843804255271 ] } },
{ "type": "Feature", "properties": { "timestamp": "2026-08-03T01:08:00+09:00", "session_start": "2026-08-02T00:27:00+09:00", "event_type": "目撃", "species": "クロウサギ", "individual_count": 1, "size": null, "wetness": "ドライ", "lat": 28.196892474434449, "lon": 129.39313511310971, "raw_text": "2026/08/03 1:08\n目撃\n\n1匹\nクロウサギ\nドライ\n\n28.19689247443445\n129.3931351131097\n", "night_date": "2026-08-02", "segment_id": "OSM_ro137_0_50", "event_match_distance_m": 11.568619541951156 }, "geometry": { "type": "Point", "coordinates": [ 129.393135113109707, 28.196892474434449 ] } },
{ "type": "Feature", "properties": { "timestamp": "2026-08-03T01:18:00+09:00", "session_start": "2026-08-02T00:27:00+09:00", "event_type": "目撃", "species": "ネズミ", "individual_count": 1, "size": null, "wetness": "ドライ", "lat": 28.19210845973193, "lon": 129.40079506346501, "raw_text": "2026/08/03 1:18\n目撃\n\n1匹\nネズミ\nドライ\n瀬戸内町嘉徳\n28.19210845973193\n129.400795063465\n", "night_date": "2026-08-02", "segment_id": "OSM_ro338_0_16", "event_match_distance_m": 6.7691369564014305 }, "geometry": { "type": "Point", "coordinates": [ 129.400795063465011, 28.19210845973193 ] } },
{ "type": "Feature", "properties": { "timestamp": "2026-08-03T01:21:00+09:00", "session_start": "2026-08-02T00:27:00+09:00", "event_type": "目撃", "species": "ヤマシギ", "individual_count": 1, "size": null, "wetness": "ドライ", "lat": 28.19260160182834, "lon": 129.39933720166189, "raw_text": "2026/08/03 1:21\n目撃\n\n1匹\nヤマシギ\nドライ\n瀬戸内町嘉徳\n28.19260160182834\n129.3993372016619\n", "night_date": "2026-08-02", "segment_id": "OSM_ro338_0_0", "event_match_distance_m": 10.173176809160584 }, "geometry": { "type": "Point", "coordinates": [ 129.399337201661893, 28.19260160182834 ] } },
{ "type": "Feature", "properties": { "timestamp": "2026-08-03T01:30:00+09:00", "session_start": "2026-08-02T00:27:00+09:00", "event_type": "目撃", "species": "ネズミ", "individual_count": 1, "size": null, "wetness": "ドライ", "lat": 28.190442644195659, "lon": 129.3980964500428, "raw_text": "2026/08/03 1:30\n目撃\n\n1匹\nネズミ\nドライ\n瀬戸内町嘉徳\n28.19044264419566\n129.3980964500428\n", "night_date": "2026-08-02", "segment_id": "OSM_ro448_0_52", "event_match_distance_m": 3.7183881471948821 }, "geometry": { "type": "Point", "coordinates": [ 129.3980964500428, 28.190442644195659 ] } },
{ "type": "Feature", "properties": { "timestamp": "2026-08-03T01:33:00+09:00", "session_start": "2026-08-02T00:27:00+09:00", "event_type": "目撃", "species": "カエル", "individual_count": 5, "size": null, "wetness": "ウエット", "lat": 28.18827525533851, "lon": 129.395870504285, "raw_text": "2026/08/03 1:33\n目撃\n\n5匹以上\nカエル\nウエット\n瀬戸内町嘉徳\n28.18827525533851\n129.395870504285\n", "night_date": "2026-08-02", "segment_id": "OSM_ro448_0_86", "event_match_distance_m": 1.9592903939937825 }, "geometry": { "type": "Point", "coordinates": [ 129.395870504285, 28.18827525533851 ] } },
{ "type": "Feature", "properties": { "timestamp": "2026-08-03T01:34:00+09:00", "session_start": "2026-08-02T00:27:00+09:00", "event_type": "目撃", "species": "ネズミ", "individual_count": 1, "size": null, "wetness": "ドライ", "lat": 28.187930264014138, "lon": 129.3956102420922, "raw_text": "2026/08/03 1:34\n目撃\n\n1匹\nネズミ\nクロウサギ\nドライ\n瀬戸内町嘉徳\n28.18793026401414\n129.3956102420922\n", "night_date": "2026-08-02", "segment_id": "OSM_ro448_0_91", "event_match_distance_m": 4.7792635310740748 }, "geometry": { "type": "Point", "coordinates": [ 129.395610242092204, 28.187930264014138 ] } },
{ "type": "Feature", "properties": { "timestamp": "2026-08-03T01:34:00+09:00", "session_start": "2026-08-02T00:27:00+09:00", "event_type": "目撃", "species": "カエル", "individual_count": 5, "size": null, "wetness": "ウェット", "lat": 28.1878490628355, "lon": 129.39561447879771, "raw_text": "2026/08/03 1:34\n目撃\n\n5匹以上\nカエル\nウェット\n瀬戸内町嘉徳\n28.1878490628355\n129.3956144787977\n", "night_date": "2026-08-02", "segment_id": "OSM_ro448_0_92", "event_match_distance_m": 10.348117977661962 }, "geometry": { "type": "Point", "coordinates": [ 129.395614478797711, 28.1878490628355 ] } },
{ "type": "Feature", "properties": { "timestamp": "2026-08-03T01:35:00+09:00", "session_start": "2026-08-02T00:27:00+09:00", "event_type": "目撃", "species": "カエル", "individual_count": 5, "size": null, "wetness": "ウエット", "lat": 28.187657418903331, "lon": 129.39533478768939, "raw_text": "2026/08/03 1:35\n目撃\n\n5匹以上\nカエル\nウエット\n\n28.18765741890333\n129.3953347876894\n", "night_date": "2026-08-02", "segment_id": "OSM_ro448_0_95", "event_match_distance_m": 3.9843398093313205 }, "geometry": { "type": "Point", "coordinates": [ 129.395334787689393, 28.187657418903331 ] } },
{ "type": "Feature", "properties": { "timestamp": "2026-08-03T01:45:00+09:00", "session_start": "2026-08-02T00:27:00+09:00", "event_type": "捕獲", "species": "ハブ", "individual_count": 1, "size": "中", "wetness": "ドライ", "lat": 28.18629334918014, "lon": 129.39842465503079, "raw_text": "2026/08/03 1:45\n捕獲\nハブ捕獲中\n移動中\n山裾\nドライ\n\n28.18629334918014\n129.3984246550308\n", "night_date": "2026-08-02", "segment_id": "OSM_ro191_0_93", "event_match_distance_m": 7.9826298779477112 }, "geometry": { "type": "Point", "coordinates": [ 129.398424655030794, 28.18629334918014 ] } },
{ "type": "Feature", "properties": { "timestamp": "2026-08-03T01:49:00+09:00", "session_start": "2026-08-02T00:27:00+09:00", "event_type": "目撃", "species": "ヤマシギ", "individual_count": 1, "size": null, "wetness": "ドライ", "lat": 28.184526952663621, "lon": 129.3970121508097, "raw_text": "2026/08/03 1:49\n目撃\n\n1匹\nヤマシギ\nドライ\n\n28.18452695266362\n129.3970121508097\n", "night_date": "2026-08-02", "segment_id": "OSM_ro280_0_27", "event_match_distance_m": 17.495935161853442 }, "geometry": { "type": "Point", "coordinates": [ 129.397012150809701, 28.184526952663621 ] } },
{ "type": "Feature", "properties": { "timestamp": "2026-08-03T01:51:00+09:00", "session_start": "2026-08-02T00:27:00+09:00", "event_type": "目撃", "species": "ネズミ", "individual_count": 1, "size": null, "wetness": "ドライ", "lat": 28.183251615509288, "lon": 129.39633536506369, "raw_text": "2026/08/03 1:51\n目撃\n\n1匹\nネズミ\nドライ\n瀬戸内町嘉徳\n28.18325161550929\n129.3963353650637\n", "night_date": "2026-08-02", "segment_id": "OSM_ro280_0_54", "event_match_distance_m": 6.1373495892464263 }, "geometry": { "type": "Point", "coordinates": [ 129.396335365063692, 28.183251615509288 ] } },
{ "type": "Feature", "properties": { "timestamp": "2026-08-03T01:54:00+09:00", "session_start": "2026-08-02T00:27:00+09:00", "event_type": "目撃", "species": "ヤマシギ", "individual_count": 1, "size": null, "wetness": "ドライ", "lat": 28.18137233126216, "lon": 129.39499774868611, "raw_text": "2026/08/03 1:54\n目撃\n\n1匹\nヤマシギ\nドライ\n瀬戸内町嘉徳\n28.18137233126216\n129.3949977486861\n", "night_date": "2026-08-02", "segment_id": "OSM_ro280_0_82", "event_match_distance_m": 2.580151262923533 }, "geometry": { "type": "Point", "coordinates": [ 129.394997748686109, 28.18137233126216 ] } },
{ "type": "Feature", "properties": { "timestamp": "2026-08-03T01:56:00+09:00", "session_start": "2026-08-02T00:27:00+09:00", "event_type": "目撃", "species": "ヤマシギ", "individual_count": 1, "size": null, "wetness": "ドライ", "lat": 28.18064749965237, "lon": 129.39452854328991, "raw_text": "2026/08/03 1:56\n目撃\n\n1匹\nヤマシギ\nドライ\n瀬戸内町節子\n28.18064749965237\n129.3945285432899\n", "night_date": "2026-08-02", "segment_id": "OSM_ro104_0_9", "event_match_distance_m": 7.9269438362663731 }, "geometry": { "type": "Point", "coordinates": [ 129.394528543289908, 28.18064749965237 ] } },
{ "type": "Feature", "properties": { "timestamp": "2026-08-03T01:57:00+09:00", "session_start": "2026-08-02T00:27:00+09:00", "event_type": "目撃", "species": "ネズミ", "individual_count": 1, "size": null, "wetness": "ドライ", "lat": 28.179394686275831, "lon": 129.3941715820761, "raw_text": "2026/08/03 1:57\n目撃\n\n1匹\nネズミ\nドライ\n\n28.17939468627583\n129.3941715820761\n", "night_date": "2026-08-02", "segment_id": "OSM_ro104_0_26", "event_match_distance_m": 5.7686240422028039 }, "geometry": { "type": "Point", "coordinates": [ 129.394171582076098, 28.179394686275831 ] } },
{ "type": "Feature", "properties": { "timestamp": "2026-08-03T02:02:00+09:00", "session_start": "2026-08-02T00:27:00+09:00", "event_type": "目撃", "species": "ネズミ", "individual_count": 1, "size": null, "wetness": "ドライ", "lat": 28.17712242446791, "lon": 129.39376814186019, "raw_text": "2026/08/03 2:02\n目撃\n\n1匹\nネズミ\nドライ\n\n28.17712242446791\n129.3937681418602\n", "night_date": "2026-08-02", "segment_id": "OSM_ro104_0_77", "event_match_distance_m": 11.399754520977321 }, "geometry": { "type": "Point", "coordinates": [ 129.393768141860193, 28.17712242446791 ] } },
{ "type": "Feature", "properties": { "timestamp": "2026-08-03T02:03:00+09:00", "session_start": "2026-08-02T00:27:00+09:00", "event_type": "目撃", "species": "ヤマシギ", "individual_count": 1, "size": null, "wetness": "ドライ", "lat": 28.177220967512451, "lon": 129.3944067576688, "raw_text": "2026/08/03 2:03\n目撃\n\n1匹\nヤマシギ\nドライ\n瀬戸内町節子\n28.17722096751245\n129.3944067576688\n", "night_date": "2026-08-02", "segment_id": "OSM_ro104_0_87", "event_match_distance_m": 11.373810359434147 }, "geometry": { "type": "Point", "coordinates": [ 129.394406757668804, 28.177220967512451 ] } },
{ "type": "Feature", "properties": { "timestamp": "2026-08-03T02:05:00+09:00", "session_start": "2026-08-02T00:27:00+09:00", "event_type": "目撃", "species": "オットンガエル", "individual_count": 1, "size": null, "wetness": "ドライ", "lat": 28.17634605642337, "lon": 129.3950924580891, "raw_text": "2026/08/03 2:05\n目撃\n\n1匹\nオットンガエル\nドライ\n\n28.17634605642337\n129.3950924580891\n", "night_date": "2026-08-02", "segment_id": "OSM_ro104_0_100", "event_match_distance_m": 5.2778204477295123 }, "geometry": { "type": "Point", "coordinates": [ 129.395092458089096, 28.17634605642337 ] } },
{ "type": "Feature", "properties": { "timestamp": "2026-08-03T02:05:00+09:00", "session_start": "2026-08-02T00:27:00+09:00", "event_type": "目撃", "species": "クロウサギ", "individual_count": 1, "size": null, "wetness": "ドライ", "lat": 28.176355937762249, "lon": 129.39572112354881, "raw_text": "2026/08/03 2:05\n目撃\n\n1匹\nクロウサギ\nドライ\n\n28.17635593776225\n129.3957211235488\n", "night_date": "2026-08-02", "segment_id": "OSM_ro289_0_2", "event_match_distance_m": 13.461651410840805 }, "geometry": { "type": "Point", "coordinates": [ 129.39572112354881, 28.176355937762249 ] } },
{ "type": "Feature", "properties": { "timestamp": "2026-08-03T02:06:00+09:00", "session_start": "2026-08-02T00:27:00+09:00", "event_type": "目撃", "species": "ヤマシギ", "individual_count": 2, "size": null, "wetness": "ドライ", "lat": 28.176047343979469, "lon": 129.396728855655, "raw_text": "2026/08/03 2:06\n目撃\n\n2匹\nヤマシギ\nドライ\n瀬戸内町節子\n28.17604734397947\n129.396728855655\n", "night_date": "2026-08-02", "segment_id": "OSM_ro289_0_14", "event_match_distance_m": 10.297306819431013 }, "geometry": { "type": "Point", "coordinates": [ 129.396728855654999, 28.176047343979469 ] } },
{ "type": "Feature", "properties": { "timestamp": "2026-08-03T02:08:00+09:00", "session_start": "2026-08-02T00:27:00+09:00", "event_type": "目撃", "species": "ヤマシギ", "individual_count": 1, "size": null, "wetness": "ドライ", "lat": 28.17503027309548, "lon": 129.3958032734578, "raw_text": "2026/08/03 2:08\n目撃\n\n1匹\nヤマシギ\nドライ\n瀬戸内町節子\n28.17503027309548\n129.3958032734578\n", "night_date": "2026-08-02", "segment_id": "OSM_ro289_0_31", "event_match_distance_m": 1.9050050022936516 }, "geometry": { "type": "Point", "coordinates": [ 129.395803273457801, 28.17503027309548 ] } },
{ "type": "Feature", "properties": { "timestamp": "2026-08-03T02:08:00+09:00", "session_start": "2026-08-02T00:27:00+09:00", "event_type": "目撃", "species": "ヤマシギ", "individual_count": 1, "size": null, "wetness": "ドライ", "lat": 28.17435140434257, "lon": 129.39541290022481, "raw_text": "2026/08/03 2:08\n目撃\n\n1匹\nヤマシギ\nドライ\n\n28.17435140434257\n129.3954129002248\n", "night_date": "2026-08-02", "segment_id": "OSM_ro289_0_39", "event_match_distance_m": 7.3999348549857222 }, "geometry": { "type": "Point", "coordinates": [ 129.395412900224812, 28.17435140434257 ] } },
{ "type": "Feature", "properties": { "timestamp": "2026-08-03T02:10:00+09:00", "session_start": "2026-08-02T00:27:00+09:00", "event_type": "目撃", "species": "クロウサギ", "individual_count": 1, "size": null, "wetness": "ドライ", "lat": 28.174209242429789, "lon": 129.39459280173989, "raw_text": "2026/08/03 2:10\n目撃\n\n1匹\nクロウサギ\nドライ\n\n28.17420924242979\n129.3945928017399\n", "night_date": "2026-08-02", "segment_id": "OSM_ro289_0_55", "event_match_distance_m": 5.8144910177687397 }, "geometry": { "type": "Point", "coordinates": [ 129.39459280173989, 28.174209242429789 ] } },
{ "type": "Feature", "properties": { "timestamp": "2026-08-03T02:11:00+09:00", "session_start": "2026-08-02T00:27:00+09:00", "event_type": "目撃", "species": "カエル", "individual_count": 5, "size": null, "wetness": "ドライ", "lat": 28.173729305858721, "lon": 129.39458404639441, "raw_text": "2026/08/03 2:11\n目撃\n\n5匹以上\nカエル\nドライ\n瀬戸内町節子\n28.17372930585872\n129.3945840463944\n", "night_date": "2026-08-02", "segment_id": "OSM_ro289_0_61", "event_match_distance_m": 1.7005549267105489 }, "geometry": { "type": "Point", "coordinates": [ 129.394584046394414, 28.173729305858721 ] } },
{ "type": "Feature", "properties": { "timestamp": "2026-08-03T02:17:00+09:00", "session_start": "2026-08-02T00:27:00+09:00", "event_type": "目撃", "species": "ネズミ", "individual_count": 1, "size": null, "wetness": "ドライ", "lat": 28.174249321472821, "lon": 129.3988665210164, "raw_text": "2026/08/03 2:17\n目撃\n\n1匹\nネズミ\nドライ\n\n28.17424932147282\n129.3988665210164\n", "night_date": "2026-08-02", "segment_id": "OSM_ro249_0_19", "event_match_distance_m": 0.051734660919708152 }, "geometry": { "type": "Point", "coordinates": [ 129.398866521016402, 28.174249321472821 ] } },
{ "type": "Feature", "properties": { "timestamp": "2026-08-03T02:18:00+09:00", "session_start": "2026-08-02T00:27:00+09:00", "event_type": "目撃", "species": "ネズミ", "individual_count": 1, "size": null, "wetness": "ドライ", "lat": 28.17383490448157, "lon": 129.39883764820831, "raw_text": "2026/08/03 2:18\n目撃\n\n1匹\nネズミ\nヤマシギ\nドライ\n\n28.17383490448157\n129.3988376482083\n", "night_date": "2026-08-02", "segment_id": "OSM_ro249_0_26", "event_match_distance_m": 4.9497215365921488 }, "geometry": { "type": "Point", "coordinates": [ 129.398837648208314, 28.17383490448157 ] } },
{ "type": "Feature", "properties": { "timestamp": "2026-08-03T02:27:00+09:00", "session_start": "2026-08-02T00:27:00+09:00", "event_type": "目撃", "species": "アカマタ", "individual_count": 1, "size": null, "wetness": "ドライ", "lat": 28.17068330401333, "lon": 129.39632027253521, "raw_text": "2026/08/03 2:27\n目撃\n\n1匹\nアカマタ\nドライ\n\n28.17068330401333\n129.3963202725352\n", "night_date": "2026-08-02", "segment_id": "OSM_ro142_0_2", "event_match_distance_m": 1.7290243147195377 }, "geometry": { "type": "Point", "coordinates": [ 129.396320272535206, 28.17068330401333 ] } },
{ "type": "Feature", "properties": { "timestamp": "2026-08-03T02:38:00+09:00", "session_start": "2026-08-02T00:27:00+09:00", "event_type": "捕獲", "species": "ハブ", "individual_count": 1, "size": "大", "wetness": "ドライ", "lat": 28.164835218074039, "lon": 129.39493825772399, "raw_text": "2026/08/03 2:38\n捕獲\nハブ捕獲大\nとぐろ\n道路脇\nドライ\n瀬戸内町節子\n28.16483521807404\n129.394938257724\n", "night_date": "2026-08-02", "segment_id": "OSM_ro42_0_54", "event_match_distance_m": 5.5841188978901215 }, "geometry": { "type": "Point", "coordinates": [ 129.394938257723993, 28.164835218074039 ] } },
{ "type": "Feature", "properties": { "timestamp": "2026-08-03T02:40:00+09:00", "session_start": "2026-08-02T00:27:00+09:00", "event_type": "目撃", "species": "ヤマシギ", "individual_count": 2, "size": null, "wetness": "ドライ", "lat": 28.164487108449219, "lon": 129.39384169467689, "raw_text": "2026/08/03 2:40\n目撃\n\n2匹\nヤマシギ\nドライ\n\n28.16448710844922\n129.3938416946769\n", "night_date": "2026-08-02", "segment_id": "OSM_ro42_0_38", "event_match_distance_m": 16.048591845758818 }, "geometry": { "type": "Point", "coordinates": [ 129.393841694676894, 28.164487108449219 ] } },
{ "type": "Feature", "properties": { "timestamp": "2026-08-03T02:42:00+09:00", "session_start": "2026-08-02T00:27:00+09:00", "event_type": "目撃", "species": "ネズミ", "individual_count": 1, "size": null, "wetness": "ドライ", "lat": 28.164357328940991, "lon": 129.39221737753269, "raw_text": "2026/08/03 2:42\n目撃\n\n1匹\nネズミ\nドライ\n\n28.16435732894099\n129.3922173775327", "night_date": "2026-08-02", "segment_id": "OSM_ro42_0_16", "event_match_distance_m": 2.8761023876579768 }, "geometry": { "type": "Point", "coordinates": [ 129.392217377532688, 28.164357328940991 ] } },
{ "type": "Feature", "properties": { "timestamp": "2026-08-03T22:01:00+09:00", "session_start": "2026-08-02T00:27:00+09:00", "event_type": "目撃", "species": "カエル", "individual_count": 5, "size": null, "wetness": "ドライ", "lat": 28.1446091445255, "lon": 129.31961211029699, "raw_text": "2026/08/03 22:01\n目撃\n\n5匹以上\nカエル\nドライ\n瀬戸内町古仁屋瀬久井西7\n28.1446091445255\n129.319612110297", "night_date": "2026-08-02", "segment_id": "OSM_ro122_0_3", "event_match_distance_m": 1.7413317300401339 }, "geometry": { "type": "Point", "coordinates": [ 129.319612110296987, 28.1446091445255 ] } },
{ "type": "Feature", "properties": { "timestamp": "2026-08-03T22:08:00+09:00", "session_start": "2026-08-02T00:27:00+09:00", "event_type": "目撃", "species": "ネズミ", "individual_count": 1, "size": null, "wetness": "ドライ", "lat": 28.131845649387969, "lon": 129.33644746256411, "raw_text": "2026/08/03 22:08\n目撃\n\n1匹\nネズミ\nドライ\n瀬戸内町県道626号\n28.13184564938797\n129.3364474625641\n", "night_date": "2026-08-02", "segment_id": "OSM_ro119_0_378", "event_match_distance_m": 3.631827610197214 }, "geometry": { "type": "Point", "coordinates": [ 129.336447462564109, 28.131845649387969 ] } },
{ "type": "Feature", "properties": { "timestamp": "2026-08-03T22:24:00+09:00", "session_start": "2026-08-02T00:27:00+09:00", "event_type": "目撃", "species": "ネズミ", "individual_count": 1, "size": null, "wetness": "ドライ", "lat": 28.143922183254599, "lon": 129.35279636470369, "raw_text": "2026/08/03 22:24\n目撃\n\n1匹\nネズミ\nドライ\n瀬戸内町伊須\n28.1439221832546\n129.3527963647037\n", "night_date": "2026-08-02", "segment_id": "OSM_ro446_0_31", "event_match_distance_m": 8.5877534819280434 }, "geometry": { "type": "Point", "coordinates": [ 129.352796364703693, 28.143922183254599 ] } },
{ "type": "Feature", "properties": { "timestamp": "2026-08-03T22:34:00+09:00", "session_start": "2026-08-02T00:27:00+09:00", "event_type": "目撃", "species": "アマミハナサキガエル", "individual_count": 1, "size": null, "wetness": "ドライ", "lat": 28.155791730142049, "lon": 129.352288805603, "raw_text": "2026/08/03 22:34\n目撃\n\n1匹\nアマミハナサキガエル\nドライ\n\n28.15579173014205\n129.352288805603", "night_date": "2026-08-02", "segment_id": "OSM_ro221_0_80", "event_match_distance_m": 7.484126441190738 }, "geometry": { "type": "Point", "coordinates": [ 129.352288805602996, 28.155791730142049 ] } },
{ "type": "Feature", "properties": { "timestamp": "2026-08-03T22:49:00+09:00", "session_start": "2026-08-02T00:27:00+09:00", "event_type": "目撃", "species": "ネズミ", "individual_count": 1, "size": null, "wetness": "ドライ", "lat": 28.171525899750669, "lon": 129.34497000374321, "raw_text": "2026/08/03 22:49\n目撃\n\n1匹\nネズミ\nドライ\n瀬戸内町国道58号\n28.17152589975067\n129.3449700037432\n", "night_date": "2026-08-02", "segment_id": "OSM_ro39_0_96", "event_match_distance_m": 0.91233016906860431 }, "geometry": { "type": "Point", "coordinates": [ 129.344970003743214, 28.171525899750669 ] } },
{ "type": "Feature", "properties": { "timestamp": "2026-08-03T23:02:00+09:00", "session_start": "2026-08-02T00:27:00+09:00", "event_type": "目撃", "species": "オットンガエル", "individual_count": 1, "size": null, "wetness": "ドライ", "lat": 28.166559241572472, "lon": 129.3759709965592, "raw_text": "2026/08/03 23:02\n目撃\n\n1匹\nオットンガエル\nドライ\n瀬戸内町節子132\n28.16655924157247\n129.3759709965592", "night_date": "2026-08-02", "segment_id": "OSM_ro34_0_64", "event_match_distance_m": 5.4766111069738423 }, "geometry": { "type": "Point", "coordinates": [ 129.375970996559204, 28.166559241572472 ] } },
{ "type": "Feature", "properties": { "timestamp": "2026-08-03T23:08:00+09:00", "session_start": "2026-08-02T00:27:00+09:00", "event_type": "目撃", "species": "カエル", "individual_count": 1, "size": null, "wetness": "ウエット", "lat": 28.170590499401431, "lon": 129.3795522587854, "raw_text": "2026/08/03 23:08\n目撃\n\n1匹\nカエル\nウエット\n瀬戸内町節子\n28.17059049940143\n129.3795522587854\n", "night_date": "2026-08-02", "segment_id": "OSM_ro132_0_15", "event_match_distance_m": 2.970475791730268 }, "geometry": { "type": "Point", "coordinates": [ 129.379552258785395, 28.170590499401431 ] } },
{ "type": "Feature", "properties": { "timestamp": "2026-08-03T23:10:00+09:00", "session_start": "2026-08-02T00:27:00+09:00", "event_type": "目撃", "species": "カエル", "individual_count": 3, "size": null, "wetness": "ウエット", "lat": 28.169260411384471, "lon": 129.3802336606725, "raw_text": "2026/08/03 23:10\n目撃\n\n3匹\nカエル\nウエット\n瀬戸内町節子\n28.16926041138447\n129.3802336606725", "night_date": "2026-08-02", "segment_id": "OSM_ro441_0_2", "event_match_distance_m": 4.0698121945099457 }, "geometry": { "type": "Point", "coordinates": [ 129.380233660672502, 28.169260411384471 ] } },
{ "type": "Feature", "properties": { "timestamp": "2026-08-03T23:17:00+09:00", "session_start": "2026-08-02T00:27:00+09:00", "event_type": "目撃", "species": "カエル", "individual_count": 1, "size": null, "wetness": "ソークド(水跳ね)", "lat": 28.164750334708049, "lon": 129.38460625559779, "raw_text": "2026/08/03 23:17\n目撃\n\n1匹\nカエル\nソークド(水跳ね)\n瀬戸内町節子\n28.16475033470805\n129.3846062555978\n", "night_date": "2026-08-02", "segment_id": null, "event_match_distance_m": 62.746200650746502 }, "geometry": { "type": "Point", "coordinates": [ 129.384606255597788, 28.164750334708049 ] } },
{ "type": "Feature", "properties": { "timestamp": "2026-08-03T23:26:00+09:00", "session_start": "2026-08-02T00:27:00+09:00", "event_type": "目撃", "species": "ネズミ", "individual_count": 1, "size": null, "wetness": "ウェット", "lat": 28.1640927581531, "lon": 129.386270159464, "raw_text": "2026/08/03 23:26\n目撃\n\n1匹\nネズミ\nウェット\n瀬戸内町節子\n28.1640927581531\n129.386270159464", "night_date": "2026-08-02", "segment_id": "OSM_ro364_0_105", "event_match_distance_m": 10.158088487912627 }, "geometry": { "type": "Point", "coordinates": [ 129.386270159464004, 28.1640927581531 ] } },
{ "type": "Feature", "properties": { "timestamp": "2026-08-03T23:34:00+09:00", "session_start": "2026-08-02T00:27:00+09:00", "event_type": "捕獲", "species": "ハブ", "individual_count": 1, "size": "大", "wetness": "ウェット", "lat": 28.164825052329711, "lon": 129.39076755564699, "raw_text": "2026/08/03 23:34\n捕獲\nハブ捕獲大\nとぐろ\n山裾\nウェット\n\n28.16482505232971\n129.390767555647\n", "night_date": "2026-08-02", "segment_id": "OSM_ro440_0_71", "event_match_distance_m": 7.4388628987784138 }, "geometry": { "type": "Point", "coordinates": [ 129.390767555646988, 28.164825052329711 ] } },
{ "type": "Feature", "properties": { "timestamp": "2026-08-03T23:38:00+09:00", "session_start": "2026-08-02T00:27:00+09:00", "event_type": "捕獲", "species": "ハブ", "individual_count": 1, "size": "大", "wetness": "ウエット", "lat": 28.163961408849332, "lon": 129.39024864439401, "raw_text": "2026/08/03 23:38\n捕獲\nハブ捕獲大\n移動中\n山裾\nウエット\n\n28.16396140884933\n129.390248644394", "night_date": "2026-08-02", "segment_id": "OSM_ro440_0_82", "event_match_distance_m": 6.612881659809192 }, "geometry": { "type": "Point", "coordinates": [ 129.390248644394006, 28.163961408849332 ] } },
{ "type": "Feature", "properties": { "timestamp": "2026-08-03T23:42:00+09:00", "session_start": "2026-08-02T00:27:00+09:00", "event_type": "目撃", "species": "カエル", "individual_count": 1, "size": null, "wetness": "ウエット", "lat": 28.164788824959452, "lon": 129.3916098439216, "raw_text": "2026/08/03 23:42\n目撃\n\n1匹\nカエル\nウエット\n瀬戸内町節子\n28.16478882495945\n129.3916098439216\n", "night_date": "2026-08-02", "segment_id": "OSM_ro42_0_8", "event_match_distance_m": 9.1620359112905359 }, "geometry": { "type": "Point", "coordinates": [ 129.3916098439216, 28.164788824959452 ] } },
{ "type": "Feature", "properties": { "timestamp": "2026-08-03T23:45:00+09:00", "session_start": "2026-08-02T00:27:00+09:00", "event_type": "目撃", "species": "ヒメハブ", "individual_count": 1, "size": null, "wetness": "ウエット", "lat": 28.164128466475329, "lon": 129.39326877679281, "raw_text": "2026/08/03 23:45\n目撃\n\n1匹\nヒメハブ\nウエット\n瀬戸内町節子\n28.16412846647533\n129.3932687767928", "night_date": "2026-08-02", "segment_id": "OSM_ro42_0_31", "event_match_distance_m": 5.7767437258820689 }, "geometry": { "type": "Point", "coordinates": [ 129.393268776792809, 28.164128466475329 ] } },
{ "type": "Feature", "properties": { "timestamp": "2026-08-04T00:01:00+09:00", "session_start": "2026-08-02T00:27:00+09:00", "event_type": "目撃", "species": "ヤマシギ", "individual_count": 2, "size": null, "wetness": "ウエット", "lat": 28.172191737521601, "lon": 129.3966490480247, "raw_text": "2026/08/04 0:01\n目撃\n\n2匹\nヤマシギ\nウエット\n\n28.1721917375216\n129.3966490480247\n", "night_date": "2026-08-02", "segment_id": "OSM_ro142_0_24", "event_match_distance_m": 8.0579452706810244 }, "geometry": { "type": "Point", "coordinates": [ 129.396649048024699, 28.172191737521601 ] } },
{ "type": "Feature", "properties": { "timestamp": "2026-08-04T00:11:00+09:00", "session_start": "2026-08-02T00:27:00+09:00", "event_type": "目撃", "species": "オットンガエル", "individual_count": 1, "size": null, "wetness": "ウエット", "lat": 28.171538247584351, "lon": 129.39833487696961, "raw_text": "2026/08/04 0:11\n目撃\n\n1匹\nオットンガエル\nウエット\n\n28.17153824758435\n129.3983348769696\n", "night_date": "2026-08-02", "segment_id": "OSM_ro249_0_58", "event_match_distance_m": 17.520295303806275 }, "geometry": { "type": "Point", "coordinates": [ 129.398334876969614, 28.171538247584351 ] } },
{ "type": "Feature", "properties": { "timestamp": "2026-08-04T00:12:00+09:00", "session_start": "2026-08-02T00:27:00+09:00", "event_type": "目撃", "species": "アカマタ", "individual_count": 1, "size": null, "wetness": "ウエット", "lat": 28.171791585989052, "lon": 129.3982196994483, "raw_text": "2026/08/04 0:12\n目撃\n\n1匹\nアカマタ\nウエット\n瀬戸内町節子\n28.17179158598905\n129.3982196994483\n", "night_date": "2026-08-02", "segment_id": "OSM_ro249_0_52", "event_match_distance_m": 6.2308177951571553 }, "geometry": { "type": "Point", "coordinates": [ 129.398219699448305, 28.171791585989052 ] } },
{ "type": "Feature", "properties": { "timestamp": "2026-08-04T00:12:00+09:00", "session_start": "2026-08-02T00:27:00+09:00", "event_type": "目撃", "species": "ヤマシギ", "individual_count": 1, "size": null, "wetness": "ウエット", "lat": 28.17227356416354, "lon": 129.39828094451849, "raw_text": "2026/08/04 0:12\n目撃\n\n1匹\nヤマシギ\nウエット\n瀬戸内町節子\n28.17227356416354\n129.3982809445185\n", "night_date": "2026-08-02", "segment_id": "OSM_ro249_0_46", "event_match_distance_m": 9.7073761394922649 }, "geometry": { "type": "Point", "coordinates": [ 129.39828094451849, 28.17227356416354 ] } },
{ "type": "Feature", "properties": { "timestamp": "2026-08-04T00:15:00+09:00", "session_start": "2026-08-02T00:27:00+09:00", "event_type": "目撃", "species": "カエル", "individual_count": 3, "size": null, "wetness": "ウエット", "lat": 28.174524536680959, "lon": 129.39907568964841, "raw_text": "2026/08/04 0:15\n目撃\n\n3匹\nカエル\nウエット\n瀬戸内町節子\n28.17452453668096\n129.3990756896484\n", "night_date": "2026-08-02", "segment_id": "OSM_ro249_0_13", "event_match_distance_m": 5.4098247837097988 }, "geometry": { "type": "Point", "coordinates": [ 129.399075689648413, 28.174524536680959 ] } },
{ "type": "Feature", "properties": { "timestamp": "2026-08-04T00:18:00+09:00", "session_start": "2026-08-02T00:27:00+09:00", "event_type": "目撃", "species": "ヤマシギ", "individual_count": 1, "size": null, "wetness": "ウエット", "lat": 28.174333665447861, "lon": 129.39679502777159, "raw_text": "2026/08/04 0:18\n目撃\n\n1匹\nヤマシギ\nウエット\n\n28.17433366544786\n129.3967950277716\n", "night_date": "2026-08-02", "segment_id": "OSM_ro289_0_87", "event_match_distance_m": 8.3558556637683221 }, "geometry": { "type": "Point", "coordinates": [ 129.396795027771589, 28.174333665447861 ] } },
{ "type": "Feature", "properties": { "timestamp": "2026-08-04T00:19:00+09:00", "session_start": "2026-08-02T00:27:00+09:00", "event_type": "目撃", "species": "カエル", "individual_count": 5, "size": null, "wetness": "ウエット", "lat": 28.173984184700199, "lon": 129.39623850630181, "raw_text": "2026/08/04 0:19\n目撃\n\n5匹以上\nカエル\nウエット\n瀬戸内町節子\n28.1739841847002\n129.3962385063018\n", "night_date": "2026-08-02", "segment_id": "OSM_ro289_0_81", "event_match_distance_m": 0.23340852208919019 }, "geometry": { "type": "Point", "coordinates": [ 129.396238506301813, 28.173984184700199 ] } },
{ "type": "Feature", "properties": { "timestamp": "2026-08-04T00:19:00+09:00", "session_start": "2026-08-02T00:27:00+09:00", "event_type": "目撃", "species": "オットンガエル", "individual_count": 1, "size": null, "wetness": "ウエット", "lat": 28.173941536744181, "lon": 129.39605937617421, "raw_text": "2026/08/04 0:19\n目撃\n\n1匹\nオットンガエル\nウエット\n瀬戸内町節子\n28.17394153674418\n129.3960593761742\n", "night_date": "2026-08-02", "segment_id": "OSM_ro289_0_79", "event_match_distance_m": 7.8681883312696552 }, "geometry": { "type": "Point", "coordinates": [ 129.396059376174208, 28.173941536744181 ] } },
{ "type": "Feature", "properties": { "timestamp": "2026-08-04T00:20:00+09:00", "session_start": "2026-08-02T00:27:00+09:00", "event_type": "目撃", "species": "カエル", "individual_count": 5, "size": null, "wetness": "ウエット", "lat": 28.173500066055109, "lon": 129.39527012395621, "raw_text": "2026/08/04 0:20\n目撃\n\n5匹以上\nカエル\nウエット\n瀬戸内町節子\n28.17350006605511\n129.3952701239562\n", "night_date": "2026-08-02", "segment_id": "OSM_ro289_0_69", "event_match_distance_m": 0.85088891491984175 }, "geometry": { "type": "Point", "coordinates": [ 129.395270123956209, 28.173500066055109 ] } },
{ "type": "Feature", "properties": { "timestamp": "2026-08-04T00:20:00+09:00", "session_start": "2026-08-02T00:27:00+09:00", "event_type": "目撃", "species": "オットンガエル", "individual_count": 1, "size": null, "wetness": "ウエット", "lat": 28.17348010437647, "lon": 129.39523423225819, "raw_text": "2026/08/04 0:20\n目撃\n\n1匹\nオットンガエル\nウエット\n瀬戸内町節子\n28.17348010437647\n129.3952342322582\n", "night_date": "2026-08-02", "segment_id": "OSM_ro289_0_69", "event_match_distance_m": 2.9531404626980726 }, "geometry": { "type": "Point", "coordinates": [ 129.39523423225819, 28.17348010437647 ] } },
{ "type": "Feature", "properties": { "timestamp": "2026-08-04T00:21:00+09:00", "session_start": "2026-08-02T00:27:00+09:00", "event_type": "目撃", "species": "アマミハナサキガエル", "individual_count": 1, "size": null, "wetness": "ウエット", "lat": 28.173453401371319, "lon": 129.3947536931154, "raw_text": "2026/08/04 0:21\n目撃\n\n1匹\nアマミハナサキガエル\nウエット\n\n28.17345340137132\n129.3947536931154\n", "night_date": "2026-08-02", "segment_id": "OSM_ro289_0_64", "event_match_distance_m": 2.9391621009977662 }, "geometry": { "type": "Point", "coordinates": [ 129.394753693115405, 28.173453401371319 ] } },
{ "type": "Feature", "properties": { "timestamp": "2026-08-04T00:22:00+09:00", "session_start": "2026-08-02T00:27:00+09:00", "event_type": "目撃", "species": "ヒメハブ", "individual_count": 1, "size": null, "wetness": "ウエット", "lat": 28.173565582906921, "lon": 129.39463022043671, "raw_text": "2026/08/04 0:22\n目撃\n\n1匹\nヒメハブ\nウエット\n\n28.17356558290692\n129.3946302204367\n", "night_date": "2026-08-02", "segment_id": "OSM_ro289_0_62", "event_match_distance_m": 1.6714123069189881 }, "geometry": { "type": "Point", "coordinates": [ 129.39463022043671, 28.173565582906921 ] } },
{ "type": "Feature", "properties": { "timestamp": "2026-08-04T00:23:00+09:00", "session_start": "2026-08-02T00:27:00+09:00", "event_type": "目撃", "species": "オットンガエル", "individual_count": 3, "size": null, "wetness": "ウエット", "lat": 28.17374581994487, "lon": 129.39449913862211, "raw_text": "2026/08/04 0:23\n目撃\n\n3匹\nオットンガエル\nウエット\n\n28.17374581994487\n129.3944991386221\n", "night_date": "2026-08-02", "segment_id": "OSM_ro289_0_60", "event_match_distance_m": 9.8925290577394325 }, "geometry": { "type": "Point", "coordinates": [ 129.394499138622109, 28.17374581994487 ] } },
{ "type": "Feature", "properties": { "timestamp": "2026-08-04T00:23:00+09:00", "session_start": "2026-08-02T00:27:00+09:00", "event_type": "目撃", "species": "カエル", "individual_count": 5, "size": null, "wetness": "ウエット", "lat": 28.173797431776169, "lon": 129.39454464497729, "raw_text": "2026/08/04 0:23\n目撃\n\n5匹以上\nカエル\nウエット\n\n28.17379743177617\n129.3945446449773\n", "night_date": "2026-08-02", "segment_id": "OSM_ro289_0_60", "event_match_distance_m": 4.8224041764154792 }, "geometry": { "type": "Point", "coordinates": [ 129.394544644977287, 28.173797431776169 ] } },
{ "type": "Feature", "properties": { "timestamp": "2026-08-04T00:25:00+09:00", "session_start": "2026-08-02T00:27:00+09:00", "event_type": "目撃", "species": "オットンガエル", "individual_count": 1, "size": null, "wetness": "ウエット", "lat": 28.174560236365139, "lon": 129.39494069169189, "raw_text": "2026/08/04 0:25\n目撃\n\n1匹\nオットンガエル\nウエット\n\n28.17456023636514\n129.3949406916919\n", "night_date": "2026-08-02", "segment_id": "OSM_ro289_0_45", "event_match_distance_m": 4.1589773018067699 }, "geometry": { "type": "Point", "coordinates": [ 129.394940691691886, 28.174560236365139 ] } },
{ "type": "Feature", "properties": { "timestamp": "2026-08-04T00:28:00+09:00", "session_start": "2026-08-02T00:27:00+09:00", "event_type": "目撃", "species": "ヤマシギ", "individual_count": 1, "size": null, "wetness": "ウエット", "lat": 28.176116898271321, "lon": 129.39659793308709, "raw_text": "2026/08/04 0:28\n目撃\n\n1匹\nヤマシギ\nウエット\n瀬戸内町節子\n28.17611689827132\n129.3965979330871\n", "night_date": "2026-08-02", "segment_id": "OSM_ro289_0_13", "event_match_distance_m": 8.2038198838596337 }, "geometry": { "type": "Point", "coordinates": [ 129.396597933087094, 28.176116898271321 ] } },
{ "type": "Feature", "properties": { "timestamp": "2026-08-04T00:32:00+09:00", "session_start": "2026-08-02T00:27:00+09:00", "event_type": "目撃", "species": "オットンガエル", "individual_count": 1, "size": null, "wetness": "ウエット", "lat": 28.17756640069242, "lon": 129.39347064525469, "raw_text": "2026/08/04 0:32\n目撃\n\n1匹\nオットンガエル\nアマミハナサキガエル\nウエット\n瀬戸内町節子\n28.17756640069242\n129.3934706452547\n", "night_date": "2026-08-02", "segment_id": "OSM_ro104_0_71", "event_match_distance_m": 3.5509727683800567 }, "geometry": { "type": "Point", "coordinates": [ 129.393470645254695, 28.17756640069242 ] } },
{ "type": "Feature", "properties": { "timestamp": "2026-08-04T00:33:00+09:00", "session_start": "2026-08-02T00:27:00+09:00", "event_type": "目撃", "species": "オットンガエル", "individual_count": 1, "size": null, "wetness": "ドライ", "lat": 28.178030158479849, "lon": 129.39343313140171, "raw_text": "2026/08/04 0:33\n目撃\n\n1匹\nオットンガエル\nドライ\n瀬戸内町節子\n28.17803015847985\n129.3934331314017\n", "night_date": "2026-08-02", "segment_id": "OSM_ro104_0_66", "event_match_distance_m": 0.29496926583821431 }, "geometry": { "type": "Point", "coordinates": [ 129.393433131401707, 28.178030158479849 ] } },
{ "type": "Feature", "properties": { "timestamp": "2026-08-04T00:41:00+09:00", "session_start": "2026-08-02T00:27:00+09:00", "event_type": "目撃", "species": "ヤマシギ", "individual_count": 3, "size": null, "wetness": "ウエット", "lat": 28.182535257521039, "lon": 129.39598686525591, "raw_text": "2026/08/04 0:41\n目撃\n\n3匹\nヤマシギ\nウエット\n瀬戸内町嘉徳\n28.18253525752104\n129.3959868652559\n", "night_date": "2026-08-02", "segment_id": "OSM_ro280_0_65", "event_match_distance_m": 6.6808951914358552 }, "geometry": { "type": "Point", "coordinates": [ 129.395986865255907, 28.182535257521039 ] } },
{ "type": "Feature", "properties": { "timestamp": "2026-08-04T00:45:00+09:00", "session_start": "2026-08-02T00:27:00+09:00", "event_type": "目撃", "species": "オットンガエル", "individual_count": 3, "size": null, "wetness": "ウエット", "lat": 28.184598961348929, "lon": 129.39737893395599, "raw_text": "2026/08/04 0:45\n目撃\n\n3匹\nオットンガエル\nウエット\n\n28.18459896134893\n129.397378933956\n", "night_date": "2026-08-02", "segment_id": "OSM_ro280_0_20", "event_match_distance_m": 6.6585183370512633 }, "geometry": { "type": "Point", "coordinates": [ 129.397378933955991, 28.184598961348929 ] } },
{ "type": "Feature", "properties": { "timestamp": "2026-08-04T00:49:00+09:00", "session_start": "2026-08-02T00:27:00+09:00", "event_type": "目撃", "species": "ヒメハブ", "individual_count": 1, "size": null, "wetness": "ウエット", "lat": 28.18633617020944, "lon": 129.3984413424275, "raw_text": "2026/08/04 0:49\n目撃\n\n1匹\nヒメハブ\nウエット\n\n28.18633617020944\n129.3984413424275\n", "night_date": "2026-08-02", "segment_id": "OSM_ro191_0_93", "event_match_distance_m": 13.050315621230361 }, "geometry": { "type": "Point", "coordinates": [ 129.398441342427503, 28.18633617020944 ] } },
{ "type": "Feature", "properties": { "timestamp": "2026-08-04T00:52:00+09:00", "session_start": "2026-08-02T00:27:00+09:00", "event_type": "目撃", "species": "カエル", "individual_count": 5, "size": null, "wetness": "ウエット", "lat": 28.18682947986176, "lon": 129.3989459419326, "raw_text": "2026/08/04 0:52\n目撃\n\n5匹以上\nカエル\nウエット\n\n28.18682947986176\n129.3989459419326\n", "night_date": "2026-08-02", "segment_id": "OSM_ro191_0_70", "event_match_distance_m": 1.105499710144652 }, "geometry": { "type": "Point", "coordinates": [ 129.398945941932595, 28.18682947986176 ] } },
{ "type": "Feature", "properties": { "timestamp": "2026-08-04T00:57:00+09:00", "session_start": "2026-08-02T00:27:00+09:00", "event_type": "目撃", "species": "クロウサギ", "individual_count": 1, "size": null, "wetness": "ウエット", "lat": 28.186304971828701, "lon": 129.39490549073349, "raw_text": "2026/08/04 0:57\n目撃\n\n1匹\nクロウサギ\nウエット\n\n28.1863049718287\n129.3949054907335\n", "night_date": "2026-08-02", "segment_id": "OSM_ro191_0_9", "event_match_distance_m": 4.1283042843843969 }, "geometry": { "type": "Point", "coordinates": [ 129.394905490733493, 28.186304971828701 ] } },
{ "type": "Feature", "properties": { "timestamp": "2026-08-04T01:00:00+09:00", "session_start": "2026-08-02T00:27:00+09:00", "event_type": "目撃", "species": "オットンガエル", "individual_count": 2, "size": null, "wetness": "ウエット", "lat": 28.189418763490991, "lon": 129.3966348360359, "raw_text": "2026/08/04 1:00\n目撃\n\n2匹\nオットンガエル\nウエット\n瀬戸内町嘉徳\n28.18941876349099\n129.3966348360359\n", "night_date": "2026-08-02", "segment_id": "OSM_ro448_0_71", "event_match_distance_m": 3.0791633909692622 }, "geometry": { "type": "Point", "coordinates": [ 129.396634836035901, 28.189418763490991 ] } },
{ "type": "Feature", "properties": { "timestamp": "2026-08-04T01:04:00+09:00", "session_start": "2026-08-02T00:27:00+09:00", "event_type": "目撃", "species": "ネズミ", "individual_count": 1, "size": null, "wetness": "ウエット", "lat": 28.194143638459309, "lon": 129.3970640190355, "raw_text": "2026/08/04 1:04\n目撃\n\n1匹\nネズミ\nウエット\n瀬戸内町嘉徳\n28.19414363845931\n129.3970640190355\n", "night_date": "2026-08-02", "segment_id": "OSM_ro448_0_6", "event_match_distance_m": 4.3720806165961257 }, "geometry": { "type": "Point", "coordinates": [ 129.397064019035497, 28.194143638459309 ] } },
{ "type": "Feature", "properties": { "timestamp": "2026-08-04T01:11:00+09:00", "session_start": "2026-08-02T00:27:00+09:00", "event_type": "目撃", "species": "ネズミ", "individual_count": 2, "size": null, "wetness": "ウエット", "lat": 28.192039225918212, "lon": 129.40095002402961, "raw_text": "2026/08/04 1:11\n目撃\n\n2匹\nネズミ\nウエット\n瀬戸内町嘉徳\n28.19203922591821\n129.4009500240296\n", "night_date": "2026-08-02", "segment_id": "OSM_ro338_0_17", "event_match_distance_m": 1.9602961246775503 }, "geometry": { "type": "Point", "coordinates": [ 129.400950024029612, 28.192039225918212 ] } },
{ "type": "Feature", "properties": { "timestamp": "2026-08-04T01:18:00+09:00", "session_start": "2026-08-02T00:27:00+09:00", "event_type": "目撃", "species": "クロウサギ", "individual_count": 2, "size": null, "wetness": "ウエット", "lat": 28.195037591840329, "lon": 129.3960971253444, "raw_text": "2026/08/04 1:18\n目撃\n\n2匹\nクロウサギ\nウエット\n\n28.19503759184033\n129.3960971253444\n", "night_date": "2026-08-02", "segment_id": "OSM_ro137_0_12", "event_match_distance_m": 5.7131176182070016 }, "geometry": { "type": "Point", "coordinates": [ 129.396097125344397, 28.195037591840329 ] } },
{ "type": "Feature", "properties": { "timestamp": "2026-08-04T01:19:00+09:00", "session_start": "2026-08-02T00:27:00+09:00", "event_type": "目撃", "species": "ネズミ", "individual_count": 1, "size": null, "wetness": "ウエット", "lat": 28.19608074908075, "lon": 129.39442995722069, "raw_text": "2026/08/04 1:19\n目撃\n\n1匹\nネズミ\nアマミハナサキガエル\nウエット\n\n28.19608074908075\n129.3944299572207\n", "night_date": "2026-08-02", "segment_id": "OSM_ro137_0_34", "event_match_distance_m": 2.2350985146468232 }, "geometry": { "type": "Point", "coordinates": [ 129.394429957220694, 28.19608074908075 ] } },
{ "type": "Feature", "properties": { "timestamp": "2026-08-04T01:21:00+09:00", "session_start": "2026-08-02T00:27:00+09:00", "event_type": "目撃", "species": "ネズミ", "individual_count": 1, "size": null, "wetness": "ウエット", "lat": 28.197200793796242, "lon": 129.39201119200339, "raw_text": "2026/08/04 1:21\n目撃\n\n1匹\nネズミ\nウエット\n瀬戸内町嘉徳\n28.19720079379624\n129.3920111920034\n", "night_date": "2026-08-02", "segment_id": "OSM_ro137_0_63", "event_match_distance_m": 8.2101684435712059 }, "geometry": { "type": "Point", "coordinates": [ 129.392011192003395, 28.197200793796242 ] } },
{ "type": "Feature", "properties": { "timestamp": "2026-08-04T01:22:00+09:00", "session_start": "2026-08-02T00:27:00+09:00", "event_type": "目撃", "species": "ヒメハブ", "individual_count": 1, "size": null, "wetness": "ウエット", "lat": 28.198505274357441, "lon": 129.39223229469681, "raw_text": "2026/08/04 1:22\n目撃\n\n1匹\nヒメハブ\nウエット\n瀬戸内町嘉徳\n28.19850527435744\n129.3922322946968\n", "night_date": "2026-08-02", "segment_id": "OSM_ro137_0_78", "event_match_distance_m": 19.871811555843223 }, "geometry": { "type": "Point", "coordinates": [ 129.392232294696811, 28.198505274357441 ] } },
{ "type": "Feature", "properties": { "timestamp": "2026-08-04T01:23:00+09:00", "session_start": "2026-08-02T00:27:00+09:00", "event_type": "目撃", "species": "ネズミ", "individual_count": 1, "size": null, "wetness": "ウエット", "lat": 28.198454017525641, "lon": 129.3914255450803, "raw_text": "2026/08/04 1:23\n目撃\n\n1匹\nネズミ\nウエット\n\n28.19845401752564\n129.3914255450803\n", "night_date": "2026-08-02", "segment_id": "OSM_ro137_0_104", "event_match_distance_m": 7.8499747500546526 }, "geometry": { "type": "Point", "coordinates": [ 129.391425545080295, 28.198454017525641 ] } },
{ "type": "Feature", "properties": { "timestamp": "2026-08-04T01:24:00+09:00", "session_start": "2026-08-02T00:27:00+09:00", "event_type": "目撃", "species": "ネズミ", "individual_count": 1, "size": null, "wetness": "ウエット", "lat": 28.197134038817911, "lon": 129.39054170280761, "raw_text": "2026/08/04 1:24\n目撃\n\n1匹\nネズミ\nウエット\n瀬戸内町嘉徳\n28.19713403881791\n129.3905417028076\n", "night_date": "2026-08-02", "segment_id": "OSM_ro48_0_17", "event_match_distance_m": 4.8455932745285901 }, "geometry": { "type": "Point", "coordinates": [ 129.39054170280761, 28.197134038817911 ] } },
{ "type": "Feature", "properties": { "timestamp": "2026-08-04T01:24:00+09:00", "session_start": "2026-08-02T00:27:00+09:00", "event_type": "目撃", "species": "ネズミ", "individual_count": 1, "size": null, "wetness": "ウエット", "lat": 28.196958854332671, "lon": 129.39029435530699, "raw_text": "2026/08/04 1:24\n目撃\n\n1匹\nネズミ\nウエット\n瀬戸内町嘉徳\n28.19695885433267\n129.390294355307\n", "night_date": "2026-08-02", "segment_id": "OSM_ro48_0_20", "event_match_distance_m": 0.69516407576812655 }, "geometry": { "type": "Point", "coordinates": [ 129.390294355306992, 28.196958854332671 ] } },
{ "type": "Feature", "properties": { "timestamp": "2026-08-04T01:25:00+09:00", "session_start": "2026-08-02T00:27:00+09:00", "event_type": "目撃", "species": "ネズミ", "individual_count": 1, "size": null, "wetness": "ウエット", "lat": 28.196500452839519, "lon": 129.38977549613341, "raw_text": "2026/08/04 1:25\n目撃\n\n1匹\nネズミ\nウエット\n瀬戸内町嘉徳\n28.19650045283952\n129.3897754961334\n", "night_date": "2026-08-02", "segment_id": "OSM_ro48_0_27", "event_match_distance_m": 1.9812525958305649 }, "geometry": { "type": "Point", "coordinates": [ 129.38977549613341, 28.196500452839519 ] } },
{ "type": "Feature", "properties": { "timestamp": "2026-08-04T01:26:00+09:00", "session_start": "2026-08-02T00:27:00+09:00", "event_type": "目撃", "species": "ネズミ", "individual_count": 1, "size": null, "wetness": "ウエット", "lat": 28.195401450812351, "lon": 129.38841777831601, "raw_text": "2026/08/04 1:26\n目撃\n\n1匹\nネズミ\nカエル\nウエット\n瀬戸内町嘉徳\n28.19540145081235\n129.388417778316\n", "night_date": "2026-08-02", "segment_id": "OSM_ro48_0_46", "event_match_distance_m": 1.0412478117222452 }, "geometry": { "type": "Point", "coordinates": [ 129.388417778316011, 28.195401450812351 ] } },
{ "type": "Feature", "properties": { "timestamp": "2026-08-04T02:06:00+09:00", "session_start": "2026-08-02T00:27:00+09:00", "event_type": "目撃", "species": "ハブ", "individual_count": 1, "size": null, "wetness": "ウエット", "lat": 28.145578521130169, "lon": 129.3200551434617, "raw_text": "2026/08/04 2:06\n目撃\n\n1匹\nハブ\nウエット\n瀬戸内町古仁屋瀬久井西5-1\n28.14557852113017\n129.3200551434617", "night_date": "2026-08-02", "segment_id": "OSM_ro663_0_12", "event_match_distance_m": 11.709487295586912 }, "geometry": { "type": "Point", "coordinates": [ 129.320055143461701, 28.145578521130169 ] } },
{ "type": "Feature", "properties": { "timestamp": "2026-08-04T02:06:00+09:00", "session_start": "2026-08-02T00:27:00+09:00", "event_type": "目撃", "species": "ハブ", "individual_count": 1, "size": null, "wetness": "ウエット", "lat": 28.145578521130169, "lon": 129.3200551434617, "raw_text": "2026/08/04 2:06\n目撃\n\n1匹\nハブ\nウエット\n瀬戸内町古仁屋瀬久井西5-1\n28.14557852113017\n129.3200551434617", "night_date": "2026-08-02", "segment_id": "OSM_ro166_0_2", "event_match_distance_m": 11.709487295586912 }, "geometry": { "type": "Point", "coordinates": [ 129.320055143461701, 28.145578521130169 ] } },
{ "type": "Feature", "properties": { "timestamp": "2026-08-05T21:08:00+09:00", "session_start": "2026-08-02T00:27:00+09:00", "event_type": "轢死", "species": "リュウキュウアオヘビ", "individual_count": 1, "size": null, "wetness": "ドライ", "lat": 28.190376675810981, "lon": 129.36587762341381, "raw_text": "2026/08/05 21:08\n轢死\n\n1匹\nリュウキュウアオヘビ\nドライ\n\n28.19037667581098\n129.3658776234138\n", "night_date": "2026-08-02", "segment_id": "OSM_ro88_0_152", "event_match_distance_m": 1.39452801709817 }, "geometry": { "type": "Point", "coordinates": [ 129.365877623413809, 28.190376675810981 ] } },
{ "type": "Feature", "properties": { "timestamp": "2026-08-05T21:10:00+09:00", "session_start": "2026-08-02T00:27:00+09:00", "event_type": "轢死", "species": "リュウキュウアオヘビ", "individual_count": 1, "size": null, "wetness": "ウエット", "lat": 28.198899763816669, "lon": 129.3646999901668, "raw_text": "2026/08/05 21:10\n轢死\n\n1匹\nリュウキュウアオヘビ\nウエット\n\n28.19889976381667\n129.3646999901668\n", "night_date": "2026-08-02", "segment_id": "OSM_ro88_0_256", "event_match_distance_m": 1.4495013117066964 }, "geometry": { "type": "Point", "coordinates": [ 129.364699990166798, 28.198899763816669 ] } },
{ "type": "Feature", "properties": { "timestamp": "2026-08-05T21:12:00+09:00", "session_start": "2026-08-02T00:27:00+09:00", "event_type": "目撃", "species": "アマミハナサキガエル", "individual_count": 3, "size": null, "wetness": "ウエット", "lat": 28.203077524536301, "lon": 129.36397859001841, "raw_text": "2026/08/05 21:12\n目撃\n\n3匹\nアマミハナサキガエル\nウエット\n\n28.2030775245363\n129.3639785900184\n", "night_date": "2026-08-02", "segment_id": "OSM_ro88_0_311", "event_match_distance_m": 3.6184751672807876 }, "geometry": { "type": "Point", "coordinates": [ 129.363978590018405, 28.203077524536301 ] } },
{ "type": "Feature", "properties": { "timestamp": "2026-08-05T23:52:00+09:00", "session_start": "2026-08-02T00:27:00+09:00", "event_type": "目撃", "species": "ネズミ", "individual_count": 1, "size": null, "wetness": "ウエット", "lat": 28.234290069598568, "lon": 129.37283499392399, "raw_text": "2026/08/05 23:52\n目撃\n\n1匹\nネズミ\nウエット\n\n28.23429006959857\n129.372834993924\n", "night_date": "2026-08-02", "segment_id": "OSM_ro567_0_91", "event_match_distance_m": 0.49300272271079099 }, "geometry": { "type": "Point", "coordinates": [ 129.372834993923988, 28.234290069598568 ] } },
{ "type": "Feature", "properties": { "timestamp": "2026-08-05T23:54:00+09:00", "session_start": "2026-08-02T00:27:00+09:00", "event_type": "轢死", "species": "ハブ", "individual_count": 1, "size": null, "wetness": "ウエット", "lat": 28.233666722689041, "lon": 129.36904524465029, "raw_text": "2026/08/05 23:54\n轢死\n\n1匹\nハブ\nウエット\n奄美市国道58号\n28.23366672268904\n129.3690452446503\n", "night_date": "2026-08-02", "segment_id": "OSM_ro567_0_43", "event_match_distance_m": 1.0403842566057369 }, "geometry": { "type": "Point", "coordinates": [ 129.369045244650295, 28.233666722689041 ] } },
{ "type": "Feature", "properties": { "timestamp": "2026-08-05T23:54:00+09:00", "session_start": "2026-08-02T00:27:00+09:00", "event_type": "目撃", "species": "クロウサギ", "individual_count": 1, "size": null, "wetness": "ウエット", "lat": 28.233132031526829, "lon": 129.36846557663341, "raw_text": "2026/08/05 23:54\n目撃\n\n1匹\nクロウサギ\nウエット\n奄美市国道58号\n28.23313203152683\n129.3684655766334\n", "night_date": "2026-08-02", "segment_id": "OSM_ro567_0_34", "event_match_distance_m": 0.83484050236897478 }, "geometry": { "type": "Point", "coordinates": [ 129.368465576633412, 28.233132031526829 ] } },
{ "type": "Feature", "properties": { "timestamp": "2026-08-05T23:56:00+09:00", "session_start": "2026-08-02T00:27:00+09:00", "event_type": "目撃", "species": "ネズミ", "individual_count": 1, "size": null, "wetness": "ウエット", "lat": 28.22895699527, "lon": 129.36644486791181, "raw_text": "2026/08/05 23:56\n目撃\n\n1匹\nネズミ\nウエット\n奄美市国道58号\n28.22895699527\n129.3664448679118", "night_date": "2026-08-02", "segment_id": "OSM_ro740_0_15", "event_match_distance_m": 8.7341060963280412 }, "geometry": { "type": "Point", "coordinates": [ 129.36644486791181, 28.22895699527 ] } },
{ "type": "Feature", "properties": { "timestamp": "2026-08-06T00:18:00+09:00", "session_start": "2026-08-02T00:27:00+09:00", "event_type": "目撃", "species": "カエル", "individual_count": 2, "size": null, "wetness": "ウエット", "lat": 28.187649361209608, "lon": 129.3828214248945, "raw_text": "2026/08/06 0:18\n目撃\n\n2匹\nカエル\nウエット\n瀬戸内町嘉徳\n28.18764936120961\n129.3828214248945\n", "night_date": "2026-08-02", "segment_id": "OSM_ro246_0_61", "event_match_distance_m": 5.3365139974072289 }, "geometry": { "type": "Point", "coordinates": [ 129.382821424894502, 28.187649361209608 ] } },
{ "type": "Feature", "properties": { "timestamp": "2026-08-06T00:22:00+09:00", "session_start": "2026-08-02T00:27:00+09:00", "event_type": "目撃", "species": "アカマタ", "individual_count": 1, "size": null, "wetness": "ウエット", "lat": 28.194699019274829, "lon": 129.38778047871369, "raw_text": "2026/08/06 0:22\n目撃\n\n1匹\nアカマタ\nウエット\n\n28.19469901927483\n129.3877804787137\n", "night_date": "2026-08-02", "segment_id": "OSM_ro48_0_56", "event_match_distance_m": 2.9735966881393758 }, "geometry": { "type": "Point", "coordinates": [ 129.387780478713694, 28.194699019274829 ] } },
{ "type": "Feature", "properties": { "timestamp": "2026-08-06T00:23:00+09:00", "session_start": "2026-08-02T00:27:00+09:00", "event_type": "目撃", "species": "クロウサギ", "individual_count": 1, "size": null, "wetness": "ウエット", "lat": 28.196022638534892, "lon": 129.3893757836606, "raw_text": "2026/08/06 0:23\n目撃\n\n1匹\nクロウサギ\nウエット\n\n28.19602263853489\n129.3893757836606\n", "night_date": "2026-08-02", "segment_id": "OSM_ro48_0_34", "event_match_distance_m": 0.53054573339214239 }, "geometry": { "type": "Point", "coordinates": [ 129.389375783660597, 28.196022638534892 ] } },
{ "type": "Feature", "properties": { "timestamp": "2026-08-06T00:27:00+09:00", "session_start": "2026-08-02T00:27:00+09:00", "event_type": "目撃", "species": "クロウサギ", "individual_count": 1, "size": null, "wetness": "ウエット", "lat": 28.194993072656761, "lon": 129.3963130044487, "raw_text": "2026/08/06 0:27\n目撃\n\n1匹\nクロウサギ\nウエット\n\n28.19499307265676\n129.3963130044487\n", "night_date": "2026-08-02", "segment_id": "OSM_ro137_0_9", "event_match_distance_m": 10.895541913963893 }, "geometry": { "type": "Point", "coordinates": [ 129.3963130044487, 28.194993072656761 ] } },
{ "type": "Feature", "properties": { "timestamp": "2026-08-06T00:31:00+09:00", "session_start": "2026-08-02T00:27:00+09:00", "event_type": "目撃", "species": "ネズミ", "individual_count": 1, "size": null, "wetness": "ウエット", "lat": 28.194334745966799, "lon": 129.39714938060291, "raw_text": "2026/08/06 0:31\n目撃\n\n1匹\nネズミ\nウエット\n瀬戸内町嘉徳\n28.1943347459668\n129.3971493806029\n", "night_date": "2026-08-02", "segment_id": "OSM_ro448_0_3", "event_match_distance_m": 6.9861926067731437 }, "geometry": { "type": "Point", "coordinates": [ 129.397149380602912, 28.194334745966799 ] } },
{ "type": "Feature", "properties": { "timestamp": "2026-08-06T00:35:00+09:00", "session_start": "2026-08-02T00:27:00+09:00", "event_type": "目撃", "species": "カエル", "individual_count": 5, "size": null, "wetness": "ウエット", "lat": 28.188170791789261, "lon": 129.39568491197971, "raw_text": "2026/08/06 0:35\n目撃\n\n5匹以上\nカエル\nウエット\n瀬戸内町嘉徳\n28.18817079178926\n129.3956849119797\n", "night_date": "2026-08-02", "segment_id": "OSM_ro448_0_89", "event_match_distance_m": 7.294951616032689 }, "geometry": { "type": "Point", "coordinates": [ 129.395684911979714, 28.188170791789261 ] } },
{ "type": "Feature", "properties": { "timestamp": "2026-08-06T00:35:00+09:00", "session_start": "2026-08-02T00:27:00+09:00", "event_type": "目撃", "species": "カエル", "individual_count": 5, "size": null, "wetness": "ウエット", "lat": 28.188067072088799, "lon": 129.39557584462099, "raw_text": "2026/08/06 0:35\n目撃\n\n5匹以上\nカエル\nウエット\n瀬戸内町嘉徳\n28.1880670720888\n129.395575844621\n", "night_date": "2026-08-02", "segment_id": "OSM_ro448_0_90", "event_match_distance_m": 7.8401666441003899 }, "geometry": { "type": "Point", "coordinates": [ 129.395575844620993, 28.188067072088799 ] } },
{ "type": "Feature", "properties": { "timestamp": "2026-08-06T00:36:00+09:00", "session_start": "2026-08-02T00:27:00+09:00", "event_type": "目撃", "species": "カエル", "individual_count": 5, "size": null, "wetness": "ウエット", "lat": 28.187673180032171, "lon": 129.3953519571451, "raw_text": "2026/08/06 0:36\n目撃\n\n5匹以上\nカエル\nウエット\n\n28.18767318003217\n129.3953519571451\n", "night_date": "2026-08-02", "segment_id": "OSM_ro448_0_95", "event_match_distance_m": 3.9073491338809254 }, "geometry": { "type": "Point", "coordinates": [ 129.395351957145095, 28.187673180032171 ] } },
{ "type": "Feature", "properties": { "timestamp": "2026-08-06T00:36:00+09:00", "session_start": "2026-08-02T00:27:00+09:00", "event_type": "目撃", "species": "クロウサギ", "individual_count": 1, "size": null, "wetness": "ウエット", "lat": 28.18724673744514, "lon": 129.39500745268609, "raw_text": "2026/08/06 0:36\n目撃\n\n1匹\nクロウサギ\nウエット\n\n28.18724673744514\n129.3950074526861\n", "night_date": "2026-08-02", "segment_id": "OSM_ro448_0_101", "event_match_distance_m": 1.9029614497594505 }, "geometry": { "type": "Point", "coordinates": [ 129.395007452686087, 28.18724673744514 ] } },
{ "type": "Feature", "properties": { "timestamp": "2026-08-06T00:37:00+09:00", "session_start": "2026-08-02T00:27:00+09:00", "event_type": "目撃", "species": "カエル", "individual_count": 5, "size": null, "wetness": "ウエット", "lat": 28.186354197572921, "lon": 129.395002905247, "raw_text": "2026/08/06 0:37\n目撃\n\n5匹以上\nカエル\nウエット\n\n28.18635419757292\n129.395002905247\n", "night_date": "2026-08-02", "segment_id": "OSM_ro191_0_8", "event_match_distance_m": 11.427315157103195 }, "geometry": { "type": "Point", "coordinates": [ 129.395002905246997, 28.186354197572921 ] } },
{ "type": "Feature", "properties": { "timestamp": "2026-08-06T00:43:00+09:00", "session_start": "2026-08-02T00:27:00+09:00", "event_type": "目撃", "species": "カエル", "individual_count": 5, "size": null, "wetness": "ウエット", "lat": 28.186363812593921, "lon": 129.3991479127549, "raw_text": "2026/08/06 0:43\n目撃\n\n5匹以上\nカエル\nウエット\n瀬戸内町嘉徳\n28.18636381259392\n129.3991479127549\n", "night_date": "2026-08-02", "segment_id": "OSM_ro191_0_78", "event_match_distance_m": 6.9660531259502569 }, "geometry": { "type": "Point", "coordinates": [ 129.399147912754898, 28.186363812593921 ] } },
{ "type": "Feature", "properties": { "timestamp": "2026-08-06T00:45:00+09:00", "session_start": "2026-08-02T00:27:00+09:00", "event_type": "目撃", "species": "ヤマシギ", "individual_count": 1, "size": null, "wetness": "ウエット", "lat": 28.185598869401279, "lon": 129.39715412231499, "raw_text": "2026/08/06 0:45\n目撃\n\n1匹\nヤマシギ\nウエット\n瀬戸内町嘉徳\n28.18559886940128\n129.397154122315\n", "night_date": "2026-08-02", "segment_id": "OSM_ro280_0_8", "event_match_distance_m": 0.41588750530127511 }, "geometry": { "type": "Point", "coordinates": [ 129.397154122314987, 28.185598869401279 ] } },
{ "type": "Feature", "properties": { "timestamp": "2026-08-06T00:46:00+09:00", "session_start": "2026-08-02T00:27:00+09:00", "event_type": "目撃", "species": "オットンガエル", "individual_count": 1, "size": null, "wetness": "ウエット", "lat": 28.184197340395951, "lon": 129.3972844413864, "raw_text": "2026/08/06 0:46\n目撃\n\n1匹\nオットンガエル\nウエット\n瀬戸内町嘉徳\n28.18419734039595\n129.3972844413864\n", "night_date": "2026-08-02", "segment_id": "OSM_ro280_0_24", "event_match_distance_m": 19.157721243396111 }, "geometry": { "type": "Point", "coordinates": [ 129.397284441386404, 28.184197340395951 ] } },
{ "type": "Feature", "properties": { "timestamp": "2026-08-06T00:55:00+09:00", "session_start": "2026-08-02T00:27:00+09:00", "event_type": "目撃", "species": "オットンガエル", "individual_count": 1, "size": null, "wetness": "ウエット", "lat": 28.178148781024539, "lon": 129.393455783901, "raw_text": "2026/08/06 0:55\n目撃\n\n1匹\nオットンガエル\nウエット\n\n28.17814878102454\n129.393455783901\n", "night_date": "2026-08-02", "segment_id": "OSM_ro104_0_65", "event_match_distance_m": 6.6448251281948538 }, "geometry": { "type": "Point", "coordinates": [ 129.393455783901004, 28.178148781024539 ] } },
{ "type": "Feature", "properties": { "timestamp": "2026-08-06T00:58:00+09:00", "session_start": "2026-08-02T00:27:00+09:00", "event_type": "目撃", "species": "ヤマシギ", "individual_count": 2, "size": null, "wetness": "ドライ", "lat": 28.176237960034509, "lon": 129.39582556861549, "raw_text": "2026/08/06 0:58\n目撃\n\n2匹\nヤマシギ\nリュウキュウアオバズク\nドライ\n\n28.17623796003451\n129.3958255686155\n", "night_date": "2026-08-02", "segment_id": "OSM_ro289_0_4", "event_match_distance_m": 11.475542811333392 }, "geometry": { "type": "Point", "coordinates": [ 129.395825568615493, 28.176237960034509 ] } },
{ "type": "Feature", "properties": { "timestamp": "2026-08-06T00:59:00+09:00", "session_start": "2026-08-02T00:27:00+09:00", "event_type": "目撃", "species": "ヤマシギ", "individual_count": 3, "size": null, "wetness": "ドライ", "lat": 28.175889925932669, "lon": 129.39667976989301, "raw_text": "2026/08/06 0:59\n目撃\n\n3匹\nヤマシギ\nドライ\n瀬戸内町節子\n28.17588992593267\n129.396679769893\n", "night_date": "2026-08-02", "segment_id": "OSM_ro289_0_15", "event_match_distance_m": 1.9576631886370637 }, "geometry": { "type": "Point", "coordinates": [ 129.396679769893012, 28.175889925932669 ] } },
{ "type": "Feature", "properties": { "timestamp": "2026-08-06T01:00:00+09:00", "session_start": "2026-08-02T00:27:00+09:00", "event_type": "目撃", "species": "ヤマシギ", "individual_count": 2, "size": null, "wetness": "ドライ", "lat": 28.17423541363701, "lon": 129.39527950706139, "raw_text": "2026/08/06 1:00\n目撃\n\n2匹\nヤマシギ\nドライ\n瀬戸内町節子\n28.17423541363701\n129.3952795070614\n", "night_date": "2026-08-02", "segment_id": "OSM_ro289_0_41", "event_match_distance_m": 10.048067968487299 }, "geometry": { "type": "Point", "coordinates": [ 129.395279507061389, 28.17423541363701 ] } },
{ "type": "Feature", "properties": { "timestamp": "2026-08-06T01:01:00+09:00", "session_start": "2026-08-02T00:27:00+09:00", "event_type": "目撃", "species": "オットンガエル", "individual_count": 1, "size": null, "wetness": "ウエット", "lat": 28.174504875339089, "lon": 129.39492782555541, "raw_text": "2026/08/06 1:01\n目撃\n\n1匹\nオットンガエル\nウエット\n\n28.17450487533909\n129.3949278255554\n", "night_date": "2026-08-02", "segment_id": "OSM_ro289_0_45", "event_match_distance_m": 8.5236604943847336 }, "geometry": { "type": "Point", "coordinates": [ 129.394927825555413, 28.174504875339089 ] } },
{ "type": "Feature", "properties": { "timestamp": "2026-08-06T01:03:00+09:00", "session_start": "2026-08-02T00:27:00+09:00", "event_type": "目撃", "species": "カエル", "individual_count": 5, "size": null, "wetness": "ドライ", "lat": 28.173595161017431, "lon": 129.39460577447241, "raw_text": "2026/08/06 1:03\n目撃\n\n5匹以上\nカエル\nドライ\n瀬戸内町節子\n28.17359516101743\n129.3946057744724\n", "night_date": "2026-08-02", "segment_id": "OSM_ro289_0_62", "event_match_distance_m": 2.327061505499147 }, "geometry": { "type": "Point", "coordinates": [ 129.39460577447241, 28.173595161017431 ] } },
{ "type": "Feature", "properties": { "timestamp": "2026-08-06T01:03:00+09:00", "session_start": "2026-08-02T00:27:00+09:00", "event_type": "目撃", "species": "カエル", "individual_count": 5, "size": null, "wetness": "ドライ", "lat": 28.173525176296408, "lon": 129.39503542718711, "raw_text": "2026/08/06 1:03\n目撃\n\n5匹以上\nカエル\nドライ\n瀬戸内町節子\n28.17352517629641\n129.3950354271871\n", "night_date": "2026-08-02", "segment_id": "OSM_ro289_0_67", "event_match_distance_m": 4.7819272196270814 }, "geometry": { "type": "Point", "coordinates": [ 129.395035427187111, 28.173525176296408 ] } },
{ "type": "Feature", "properties": { "timestamp": "2026-08-06T01:10:00+09:00", "session_start": "2026-08-02T00:27:00+09:00", "event_type": "目撃", "species": "ヤマシギ", "individual_count": 1, "size": null, "wetness": "ドライ", "lat": 28.172460087351389, "lon": 129.39836411829711, "raw_text": "2026/08/06 1:10\n目撃\n\n1匹\nヤマシギ\nドライ\n\n28.17246008735139\n129.3983641182971\n", "night_date": "2026-08-02", "segment_id": "OSM_ro249_0_44", "event_match_distance_m": 8.1243657986464299 }, "geometry": { "type": "Point", "coordinates": [ 129.39836411829711, 28.172460087351389 ] } },
{ "type": "Feature", "properties": { "timestamp": "2026-08-06T01:11:00+09:00", "session_start": "2026-08-02T00:27:00+09:00", "event_type": "捕獲", "species": "ハブ", "individual_count": 1, "size": "小", "wetness": "ドライ", "lat": 28.171913740666479, "lon": 129.3982474991073, "raw_text": "2026/08/06 1:11\n捕獲\nハブ捕獲小\n移動中\n道路中央\nドライ\n瀬戸内町節子\n28.17191374066648\n129.3982474991073\n", "night_date": "2026-08-02", "segment_id": "OSM_ro249_0_51", "event_match_distance_m": 11.044048125514621 }, "geometry": { "type": "Point", "coordinates": [ 129.398247499107299, 28.171913740666479 ] } },
{ "type": "Feature", "properties": { "timestamp": "2026-08-06T01:14:00+09:00", "session_start": "2026-08-02T00:27:00+09:00", "event_type": "目撃", "species": "ヤマシギ", "individual_count": 1, "size": null, "wetness": "ドライ", "lat": 28.170239381086159, "lon": 129.39906153489409, "raw_text": "2026/08/06 1:14\n目撃\n\n1匹\nヤマシギ\nドライ\n\n28.17023938108616\n129.3990615348941\n", "night_date": "2026-08-02", "segment_id": "OSM_ro185_0_8", "event_match_distance_m": 8.0215605834210795 }, "geometry": { "type": "Point", "coordinates": [ 129.399061534894088, 28.170239381086159 ] } },
{ "type": "Feature", "properties": { "timestamp": "2026-08-06T01:20:00+09:00", "session_start": "2026-08-02T00:27:00+09:00", "event_type": "目撃", "species": "ヤマシギ", "individual_count": 1, "size": null, "wetness": "ウエット", "lat": 28.168802652182631, "lon": 129.3960637298897, "raw_text": "2026/08/06 1:20\n目撃\n\n1匹\nヤマシギ\nウエット\n\n28.16880265218263\n129.3960637298897\n", "night_date": "2026-08-02", "segment_id": "OSM_ro313_0_17", "event_match_distance_m": 3.5562719887109164 }, "geometry": { "type": "Point", "coordinates": [ 129.396063729889704, 28.168802652182631 ] } },
{ "type": "Feature", "properties": { "timestamp": "2026-08-06T01:47:00+09:00", "session_start": "2026-08-02T00:27:00+09:00", "event_type": "捕獲", "species": "ハブ", "individual_count": 1, "size": "大", "wetness": "ドライ", "lat": 28.166318457156951, "lon": 129.38764642081571, "raw_text": "2026/08/06 1:47\n捕獲\nハブ捕獲大\n待機中\n木の上\nドライ\n瀬戸内町節子\n28.16631845715695\n129.3876464208157\n\n8/6 2:30終了", "night_date": "2026-08-02", "segment_id": "OSM_ro364_0_66", "event_match_distance_m": 2.5980956355765126 }, "geometry": { "type": "Point", "coordinates": [ 129.387646420815713, 28.166318457156951 ] } },
{ "type": "Feature", "properties": { "timestamp": "2026-08-09T21:57:00+09:00", "session_start": "2026-08-09T21:13:00+09:00", "event_type": "目撃", "species": "オットンガエル", "individual_count": 1, "size": null, "wetness": "ウエット", "lat": 28.160180180721259, "lon": 129.34670240753749, "raw_text": "2026/08/09 21:57\n目撃\n\n1匹\nオットンガエル\nウエット\n瀬戸内町伊須\n28.16018018072126\n129.3467024075375\n", "night_date": "2026-08-09", "segment_id": "OSM_ro306_0_58", "event_match_distance_m": 1.3381164800406276 }, "geometry": { "type": "Point", "coordinates": [ 129.346702407537492, 28.160180180721259 ] } },
{ "type": "Feature", "properties": { "timestamp": "2026-08-09T21:57:00+09:00", "session_start": "2026-08-09T21:13:00+09:00", "event_type": "轢死", "species": "ハブ", "individual_count": 1, "size": null, "wetness": "ウエット", "lat": 28.160307670950189, "lon": 129.3466554759535, "raw_text": "2026/08/09 21:57\n轢死\n\n1匹\nハブ\nウエット\n瀬戸内町伊須\n28.16030767095019\n129.3466554759535\n", "night_date": "2026-08-09", "segment_id": "OSM_ro306_0_60", "event_match_distance_m": 0.15085560190397754 }, "geometry": { "type": "Point", "coordinates": [ 129.346655475953497, 28.160307670950189 ] } },
{ "type": "Feature", "properties": { "timestamp": "2026-08-09T22:12:00+09:00", "session_start": "2026-08-09T21:13:00+09:00", "event_type": "目撃", "species": "カエル", "individual_count": 5, "size": null, "wetness": "ドライ", "lat": 28.173404430812599, "lon": 129.36355428552039, "raw_text": "2026/08/09 22:12\n目撃\n\n5匹以上\nカエル\nドライ\n瀬戸内町網野子\n28.1734044308126\n129.3635542855204\n", "night_date": "2026-08-09", "segment_id": "OSM_ro129_0_231", "event_match_distance_m": 2.6702162113636554 }, "geometry": { "type": "Point", "coordinates": [ 129.363554285520394, 28.173404430812599 ] } },
{ "type": "Feature", "properties": { "timestamp": "2026-08-09T22:13:00+09:00", "session_start": "2026-08-09T21:13:00+09:00", "event_type": "目撃", "species": "カエル", "individual_count": 5, "size": null, "wetness": "ソークド(水跳ね)", "lat": 28.1751270271198, "lon": 129.36345929768311, "raw_text": "2026/08/09 22:13\n目撃\n\n5匹以上\nカエル\nソークド(水跳ね)\n瀬戸内町網野子\n28.1751270271198\n129.3634592976831\n", "night_date": "2026-08-09", "segment_id": "OSM_ro129_0_209", "event_match_distance_m": 0.75024707900849286 }, "geometry": { "type": "Point", "coordinates": [ 129.363459297683107, 28.1751270271198 ] } },
{ "type": "Feature", "properties": { "timestamp": "2026-08-09T22:13:00+09:00", "session_start": "2026-08-09T21:13:00+09:00", "event_type": "目撃", "species": "カエル", "individual_count": 5, "size": null, "wetness": "ソークド(水跳ね)", "lat": 28.175911018989972, "lon": 129.36336451087629, "raw_text": "2026/08/09 22:13\n目撃\n\n5匹以上\nカエル\nソークド(水跳ね)\n瀬戸内町網野子\n28.17591101898997\n129.3633645108763\n", "night_date": "2026-08-09", "segment_id": "OSM_ro129_0_200", "event_match_distance_m": 2.5709348950587101 }, "geometry": { "type": "Point", "coordinates": [ 129.363364510876295, 28.175911018989972 ] } },
{ "type": "Feature", "properties": { "timestamp": "2026-08-09T22:15:00+09:00", "session_start": "2026-08-09T21:13:00+09:00", "event_type": "目撃", "species": "カエル", "individual_count": 5, "size": null, "wetness": "ソークド(水跳ね)", "lat": 28.178642137217711, "lon": 129.36575441599649, "raw_text": "2026/08/09 22:15\n目撃\n\n5匹以上\nカエル\nソークド(水跳ね)\n瀬戸内町網野子\n28.17864213721771\n129.3657544159965\n", "night_date": "2026-08-09", "segment_id": "OSM_ro129_0_155", "event_match_distance_m": 7.2462051268043304 }, "geometry": { "type": "Point", "coordinates": [ 129.365754415996491, 28.178642137217711 ] } },
{ "type": "Feature", "properties": { "timestamp": "2026-08-09T22:18:00+09:00", "session_start": "2026-08-09T21:13:00+09:00", "event_type": "目撃", "species": "カエル", "individual_count": 5, "size": null, "wetness": "ソークド(水跳ね)", "lat": 28.181337570019799, "lon": 129.36949220793991, "raw_text": "2026/08/09 22:18\n目撃\n\n5匹以上\nカエル\nソークド(水跳ね)\n瀬戸内町網野子\n28.1813375700198\n129.3694922079399", "night_date": "2026-08-09", "segment_id": "OSM_ro129_0_70", "event_match_distance_m": 6.8488964691114216 }, "geometry": { "type": "Point", "coordinates": [ 129.369492207939913, 28.181337570019799 ] } },
{ "type": "Feature", "properties": { "timestamp": "2026-08-09T22:22:00+09:00", "session_start": "2026-08-09T21:13:00+09:00", "event_type": "轢死", "species": "リュウキュウアオヘビ", "individual_count": 1, "size": null, "wetness": "ドライ", "lat": 28.181020960173001, "lon": 129.37560146519019, "raw_text": "2026/08/09 22:22\n轢死\n\n1匹\nリュウキュウアオヘビ\nドライ\n瀬戸内町網野子\n28.181020960173\n129.3756014651902\n", "night_date": "2026-08-09", "segment_id": "OSM_ro456_0_38", "event_match_distance_m": 1.430037935269177 }, "geometry": { "type": "Point", "coordinates": [ 129.375601465190186, 28.181020960173001 ] } },
{ "type": "Feature", "properties": { "timestamp": "2026-08-09T22:25:00+09:00", "session_start": "2026-08-09T21:13:00+09:00", "event_type": "轢死", "species": "リュウキュウアオヘビ", "individual_count": 1, "size": null, "wetness": "ウエット", "lat": 28.183870624983921, "lon": 129.37787658921869, "raw_text": "2026/08/09 22:25\n轢死\n\n1匹\nリュウキュウアオヘビ\nウエット\n瀬戸内町節子\n28.18387062498392\n129.3778765892187\n", "night_date": "2026-08-09", "segment_id": "OSM_ro527_0_72", "event_match_distance_m": 1.968017930426923 }, "geometry": { "type": "Point", "coordinates": [ 129.377876589218687, 28.183870624983921 ] } },
{ "type": "Feature", "properties": { "timestamp": "2026-08-09T22:29:00+09:00", "session_start": "2026-08-09T21:13:00+09:00", "event_type": "目撃", "species": "オットンガエル", "individual_count": 1, "size": null, "wetness": "ウエット", "lat": 28.187739861558381, "lon": 129.38191155101251, "raw_text": "2026/08/09 22:29\n目撃\n\n1匹\nオットンガエル\nウエット\n瀬戸内町嘉徳\n28.18773986155838\n129.3819115510125\n", "night_date": "2026-08-09", "segment_id": "OSM_ro246_0_73", "event_match_distance_m": 10.981902539766045 }, "geometry": { "type": "Point", "coordinates": [ 129.381911551012507, 28.187739861558381 ] } },
{ "type": "Feature", "properties": { "timestamp": "2026-08-09T22:34:00+09:00", "session_start": "2026-08-09T21:13:00+09:00", "event_type": "目撃", "species": "カエル", "individual_count": 5, "size": null, "wetness": "ソークド(水跳ね)", "lat": 28.193779111615719, "lon": 129.38757327632399, "raw_text": "2026/08/09 22:34\n目撃\n\n5匹以上\nカエル\nソークド(水跳ね)\n瀬戸内町嘉徳\n28.19377911161572\n129.387573276324\n", "night_date": "2026-08-09", "segment_id": "OSM_ro48_0_67", "event_match_distance_m": 0.34834599761483503 }, "geometry": { "type": "Point", "coordinates": [ 129.387573276323991, 28.193779111615719 ] } },
{ "type": "Feature", "properties": { "timestamp": "2026-08-09T22:48:00+09:00", "session_start": "2026-08-09T21:13:00+09:00", "event_type": "目撃", "species": "アカマタ", "individual_count": 1, "size": null, "wetness": "ドライ", "lat": 28.192847937570651, "lon": 129.3991017181479, "raw_text": "2026/08/09 22:48\n目撃\n\n1匹\nアカマタ\nドライ\n瀬戸内町嘉徳\n28.19284793757065\n129.3991017181479\n", "night_date": "2026-08-09", "segment_id": "OSM_ro257_0_0", "event_match_distance_m": 8.2529567583621617 }, "geometry": { "type": "Point", "coordinates": [ 129.399101718147904, 28.192847937570651 ] } },
{ "type": "Feature", "properties": { "timestamp": "2026-08-09T22:57:00+09:00", "session_start": "2026-08-09T21:13:00+09:00", "event_type": "目撃", "species": "カエル", "individual_count": 5, "size": null, "wetness": "ウエット", "lat": 28.192019233590649, "lon": 129.39726807529459, "raw_text": "2026/08/09 22:57\n目撃\n\n5匹以上\nカエル\nウエット\n瀬戸内町嘉徳\n28.19201923359065\n129.3972680752946\n", "night_date": "2026-08-09", "segment_id": "OSM_ro448_0_31", "event_match_distance_m": 10.848299546504727 }, "geometry": { "type": "Point", "coordinates": [ 129.397268075294591, 28.192019233590649 ] } },
{ "type": "Feature", "properties": { "timestamp": "2026-08-09T23:03:00+09:00", "session_start": "2026-08-09T21:13:00+09:00", "event_type": "目撃", "species": "クロウサギ", "individual_count": 1, "size": null, "wetness": "ウエット", "lat": 28.188231104555079, "lon": 129.3958069414025, "raw_text": "2026/08/09 23:03\n目撃\n\n1匹\nクロウサギ\nウエット\n瀬戸内町嘉徳\n28.18823110455508\n129.3958069414025\n", "night_date": "2026-08-09", "segment_id": "OSM_ro448_0_87", "event_match_distance_m": 3.0782506366471369 }, "geometry": { "type": "Point", "coordinates": [ 129.395806941402498, 28.188231104555079 ] } },
{ "type": "Feature", "properties": { "timestamp": "2026-08-09T23:03:00+09:00", "session_start": "2026-08-09T21:13:00+09:00", "event_type": "目撃", "species": "オットンガエル", "individual_count": 1, "size": null, "wetness": "ウエット", "lat": 28.18802485079847, "lon": 129.39560871676471, "raw_text": "2026/08/09 23:03\n目撃\n\n1匹\nオットンガエル\nウエット\n瀬戸内町嘉徳\n28.18802485079847\n129.3956087167647\n", "night_date": "2026-08-09", "segment_id": "OSM_ro448_0_90", "event_match_distance_m": 2.2802119671008394 }, "geometry": { "type": "Point", "coordinates": [ 129.395608716764713, 28.18802485079847 ] } },
{ "type": "Feature", "properties": { "timestamp": "2026-08-09T23:04:00+09:00", "session_start": "2026-08-09T21:13:00+09:00", "event_type": "目撃", "species": "カエル", "individual_count": 5, "size": null, "wetness": "ウエット", "lat": 28.187813432151671, "lon": 129.39557100606959, "raw_text": "2026/08/09 23:04\n目撃\n\n5匹以上\nカエル\nウエット\n\n28.18781343215167\n129.3955710060696\n", "night_date": "2026-08-09", "segment_id": "OSM_ro448_0_92", "event_match_distance_m": 8.7366767808854 }, "geometry": { "type": "Point", "coordinates": [ 129.395571006069588, 28.187813432151671 ] } },
{ "type": "Feature", "properties": { "timestamp": "2026-08-09T23:11:00+09:00", "session_start": "2026-08-09T21:13:00+09:00", "event_type": "目撃", "species": "カエル", "individual_count": 5, "size": null, "wetness": "ウエット", "lat": 28.18722003631742, "lon": 129.3986164275249, "raw_text": "2026/08/09 23:11\n目撃\n\n5匹以上\nカエル\nウエット\n\n28.18722003631742\n129.3986164275249\n", "night_date": "2026-08-09", "segment_id": "OSM_ro191_0_64", "event_match_distance_m": 0.98396971720971704 }, "geometry": { "type": "Point", "coordinates": [ 129.3986164275249, 28.18722003631742 ] } },
{ "type": "Feature", "properties": { "timestamp": "2026-08-09T23:13:00+09:00", "session_start": "2026-08-09T21:13:00+09:00", "event_type": "目撃", "species": "カエル", "individual_count": 5, "size": null, "wetness": "ウエット", "lat": 28.186135817332708, "lon": 129.39883708897619, "raw_text": "2026/08/09 23:13\n目撃\n\n5匹以上\nカエル\nウエット\n\n28.18613581733271\n129.3988370889762\n", "night_date": "2026-08-09", "segment_id": "OSM_ro191_0_88", "event_match_distance_m": 6.6165247254509616 }, "geometry": { "type": "Point", "coordinates": [ 129.398837088976194, 28.186135817332708 ] } },
{ "type": "Feature", "properties": { "timestamp": "2026-08-09T23:19:00+09:00", "session_start": "2026-08-09T21:13:00+09:00", "event_type": "目撃", "species": "オットンガエル", "individual_count": 1, "size": null, "wetness": "ウエット", "lat": 28.18428587160691, "lon": 129.39713837121451, "raw_text": "2026/08/09 23:19\n目撃\n\n1匹\nオットンガエル\nウエット\n瀬戸内町嘉徳\n28.18428587160691\n129.3971383712145\n", "night_date": "2026-08-09", "segment_id": "OSM_ro280_0_25", "event_match_distance_m": 20.429080359909022 }, "geometry": { "type": "Point", "coordinates": [ 129.39713837121451, 28.18428587160691 ] } },
{ "type": "Feature", "properties": { "timestamp": "2026-08-09T23:26:00+09:00", "session_start": "2026-08-09T21:13:00+09:00", "event_type": "目撃", "species": "オットンガエル", "individual_count": 1, "size": null, "wetness": "ウエット", "lat": 28.180423754836539, "lon": 129.39421334226591, "raw_text": "2026/08/09 23:26\n目撃\n\n1匹\nオットンガエル\nウエット\n\n28.18042375483654\n129.3942133422659\n", "night_date": "2026-08-09", "segment_id": "OSM_ro104_0_13", "event_match_distance_m": 0.87537413019924915 }, "geometry": { "type": "Point", "coordinates": [ 129.394213342265914, 28.180423754836539 ] } },
{ "type": "Feature", "properties": { "timestamp": "2026-08-09T23:28:00+09:00", "session_start": "2026-08-09T21:13:00+09:00", "event_type": "目撃", "species": "ヤマシギ", "individual_count": 1, "size": null, "wetness": "ドライ", "lat": 28.17830847277536, "lon": 129.39451665663429, "raw_text": "2026/08/09 23:28\n目撃\n\n1匹\nヤマシギ\nドライ\n瀬戸内町節子\n28.17830847277536\n129.3945166566343\n", "night_date": "2026-08-09", "segment_id": "OSM_ro104_0_39", "event_match_distance_m": 1.9667306388234 }, "geometry": { "type": "Point", "coordinates": [ 129.394516656634295, 28.17830847277536 ] } },
{ "type": "Feature", "properties": { "timestamp": "2026-08-09T23:33:00+09:00", "session_start": "2026-08-09T21:13:00+09:00", "event_type": "目撃", "species": "アカマタ", "individual_count": 1, "size": null, "wetness": "ウエット", "lat": 28.177088600874079, "lon": 129.39412475631951, "raw_text": "2026/08/09 23:33\n目撃\n\n1匹\nアカマタ\nウエット\n\n28.17708860087408\n129.3941247563195\n", "night_date": "2026-08-09", "segment_id": "OSM_ro104_0_85", "event_match_distance_m": 8.0470271472950294 }, "geometry": { "type": "Point", "coordinates": [ 129.394124756319513, 28.177088600874079 ] } },
{ "type": "Feature", "properties": { "timestamp": "2026-08-09T23:34:00+09:00", "session_start": "2026-08-09T21:13:00+09:00", "event_type": "目撃", "species": "オットンガエル", "individual_count": 1, "size": null, "wetness": "ウエット", "lat": 28.17632861610711, "lon": 129.3950689635351, "raw_text": "2026/08/09 23:34\n目撃\n\n1匹\nオットンガエル\nウエット\n瀬戸内町節子\n28.17632861610711\n129.3950689635351\n", "night_date": "2026-08-09", "segment_id": "OSM_ro104_0_100", "event_match_distance_m": 3.9514196463193367 }, "geometry": { "type": "Point", "coordinates": [ 129.395068963535095, 28.17632861610711 ] } },
{ "type": "Feature", "properties": { "timestamp": "2026-08-09T23:36:00+09:00", "session_start": "2026-08-09T21:13:00+09:00", "event_type": "目撃", "species": "オットンガエル", "individual_count": 1, "size": null, "wetness": "ウエット", "lat": 28.1760516609714, "lon": 129.39596022860289, "raw_text": "2026/08/09 23:36\n目撃\n\n1匹\nオットンガエル\nウエット\n\n28.1760516609714\n129.3959602286029\n", "night_date": "2026-08-09", "segment_id": "OSM_ro289_0_6", "event_match_distance_m": 4.9975342316789648 }, "geometry": { "type": "Point", "coordinates": [ 129.395960228602888, 28.1760516609714 ] } },
{ "type": "Feature", "properties": { "timestamp": "2026-08-09T23:41:00+09:00", "session_start": "2026-08-09T21:13:00+09:00", "event_type": "目撃", "species": "オットンガエル", "individual_count": 2, "size": null, "wetness": "ウエット", "lat": 28.173922025624851, "lon": 129.39462723222499, "raw_text": "2026/08/09 23:41\n目撃\n\n2匹\nオットンガエル\nウエット\n\n28.17392202562485\n129.394627232225\n", "night_date": "2026-08-09", "segment_id": "OSM_ro289_0_59", "event_match_distance_m": 4.7267311262545819 }, "geometry": { "type": "Point", "coordinates": [ 129.394627232224991, 28.173922025624851 ] } },
{ "type": "Feature", "properties": { "timestamp": "2026-08-09T23:41:00+09:00", "session_start": "2026-08-09T21:13:00+09:00", "event_type": "目撃", "species": "カエル", "individual_count": 5, "size": null, "wetness": "ソークド(水跳ね)", "lat": 28.17393137359652, "lon": 129.39462175212421, "raw_text": "2026/08/09 23:41\n目撃\n\n5匹以上\nカエル\nソークド(水跳ね)\n\n28.17393137359652\n129.3946217521242\n", "night_date": "2026-08-09", "segment_id": "OSM_ro289_0_58", "event_match_distance_m": 4.2911028101763575 }, "geometry": { "type": "Point", "coordinates": [ 129.394621752124209, 28.17393137359652 ] } },
{ "type": "Feature", "properties": { "timestamp": "2026-08-09T23:47:00+09:00", "session_start": "2026-08-09T21:13:00+09:00", "event_type": "目撃", "species": "オットンガエル", "individual_count": 1, "size": null, "wetness": "ウエット", "lat": 28.1749199335475, "lon": 129.39843339608319, "raw_text": "2026/08/09 23:47\n目撃\n\n1匹\nオットンガエル\nウエット\n\n28.1749199335475\n129.3984333960832\n", "night_date": "2026-08-09", "segment_id": "OSM_ro249_0_5", "event_match_distance_m": 1.4997389930286105 }, "geometry": { "type": "Point", "coordinates": [ 129.398433396083192, 28.1749199335475 ] } },
{ "type": "Feature", "properties": { "timestamp": "2026-08-09T23:51:00+09:00", "session_start": "2026-08-09T21:13:00+09:00", "event_type": "目撃", "species": "カエル", "individual_count": 5, "size": null, "wetness": "ウエット", "lat": 28.171737466966128, "lon": 129.39831367499329, "raw_text": "2026/08/09 23:51\n目撃\n\n5匹以上\nカエル\nウエット\n\n28.17173746696613\n129.3983136749933\n", "night_date": "2026-08-09", "segment_id": "OSM_ro249_0_53", "event_match_distance_m": 15.554731719879666 }, "geometry": { "type": "Point", "coordinates": [ 129.39831367499329, 28.171737466966128 ] } },
{ "type": "Feature", "properties": { "timestamp": "2026-08-10T00:03:00+09:00", "session_start": "2026-08-09T21:13:00+09:00", "event_type": "捕獲", "species": "ハブ", "individual_count": 1, "size": "大", "wetness": "ウエット", "lat": 28.171131353852569, "lon": 129.39639216637369, "raw_text": "2026/08/10 0:03\n捕獲\nハブ捕獲大\n移動中\n道路中央\nウエット\n\n28.17113135385257\n129.3963921663737\n", "night_date": "2026-08-09", "segment_id": "OSM_ro142_0_7", "event_match_distance_m": 3.0522963770222891 }, "geometry": { "type": "Point", "coordinates": [ 129.396392166373687, 28.171131353852569 ] } },
{ "type": "Feature", "properties": { "timestamp": "2026-08-10T00:13:00+09:00", "session_start": "2026-08-09T21:13:00+09:00", "event_type": "目撃", "species": "オットンガエル", "individual_count": 1, "size": null, "wetness": "ドライ", "lat": 28.16556953633242, "lon": 129.39663631586771, "raw_text": "2026/08/10 0:13\n目撃\n\n1匹\nオットンガエル\nドライ\n\n28.16556953633242\n129.3966363158677\n", "night_date": "2026-08-09", "segment_id": "OSM_ro42_0_89", "event_match_distance_m": 15.717496535380308 }, "geometry": { "type": "Point", "coordinates": [ 129.39663631586771, 28.16556953633242 ] } },
{ "type": "Feature", "properties": { "timestamp": "2026-08-10T00:23:00+09:00", "session_start": "2026-08-09T21:13:00+09:00", "event_type": "目撃", "species": "オットンガエル", "individual_count": 1, "size": null, "wetness": "ウエット", "lat": 28.16360657020309, "lon": 129.39026180127769, "raw_text": "2026/08/10 0:23\n目撃\n\n1匹\nオットンガエル\nウエット\n瀬戸内町節子\n28.16360657020309\n129.3902618012777\n", "night_date": "2026-08-09", "segment_id": "OSM_ro440_0_91", "event_match_distance_m": 3.7266734221102782 }, "geometry": { "type": "Point", "coordinates": [ 129.390261801277688, 28.16360657020309 ] } },
{ "type": "Feature", "properties": { "timestamp": "2026-08-10T00:39:00+09:00", "session_start": "2026-08-09T21:13:00+09:00", "event_type": "目撃", "species": "アカマタ", "individual_count": 1, "size": null, "wetness": "ドライ", "lat": 28.165758763163229, "lon": 129.38756069502921, "raw_text": "2026/08/10 0:39\n目撃\n\n1匹\nアカマタ\nドライ\n瀬戸内町節子\n28.16575876316323\n129.3875606950292\n", "night_date": "2026-08-09", "segment_id": "OSM_ro364_0_72", "event_match_distance_m": 11.14432193774962 }, "geometry": { "type": "Point", "coordinates": [ 129.387560695029208, 28.165758763163229 ] } },
{ "type": "Feature", "properties": { "timestamp": "2026-08-10T00:47:00+09:00", "session_start": "2026-08-09T21:13:00+09:00", "event_type": "目撃", "species": "ネズミ", "individual_count": 1, "size": null, "wetness": "ウエット", "lat": 28.165432780059842, "lon": 129.38312982952229, "raw_text": "2026/08/10 0:47\n目撃\n\n1匹\nネズミ\nオットンガエル\nウエット\n瀬戸内町節子\n28.16543278005984\n129.3831298295223\n", "night_date": "2026-08-09", "segment_id": "OSM_ro364_0_12", "event_match_distance_m": 4.7933138457386892 }, "geometry": { "type": "Point", "coordinates": [ 129.383129829522289, 28.165432780059842 ] } },
{ "type": "Feature", "properties": { "timestamp": "2026-08-10T00:52:00+09:00", "session_start": "2026-08-09T21:13:00+09:00", "event_type": "目撃", "species": "カエル", "individual_count": 5, "size": null, "wetness": "ソークド(水跳ね)", "lat": 28.168417862796801, "lon": 129.3793559357056, "raw_text": "2026/08/10 0:52\n目撃\n\n5匹以上\nカエル\nソークド(水跳ね)\n瀬戸内町節子\n28.1684178627968\n129.3793559357056\n", "night_date": "2026-08-09", "segment_id": "OSM_ro132_0_40", "event_match_distance_m": 2.7966671537103203 }, "geometry": { "type": "Point", "coordinates": [ 129.379355935705604, 28.168417862796801 ] } },
{ "type": "Feature", "properties": { "timestamp": "2026-08-10T00:52:00+09:00", "session_start": "2026-08-09T21:13:00+09:00", "event_type": "目撃", "species": "カエル", "individual_count": 5, "size": null, "wetness": "ソークド(水跳ね)", "lat": 28.168875250414128, "lon": 129.37931577959, "raw_text": "2026/08/10 0:52\n目撃\n\n5匹以上\nカエル\nソークド(水跳ね)\n瀬戸内町節子\n28.16887525041413\n129.37931577959\n", "night_date": "2026-08-09", "segment_id": "OSM_ro132_0_35", "event_match_distance_m": 3.5868396790483015 }, "geometry": { "type": "Point", "coordinates": [ 129.379315779590002, 28.168875250414128 ] } },
{ "type": "Feature", "properties": { "timestamp": "2026-08-10T00:58:00+09:00", "session_start": "2026-08-09T21:13:00+09:00", "event_type": "目撃", "species": "カエル", "individual_count": 5, "size": null, "wetness": "ソークド(水跳ね)", "lat": 28.16922955503756, "lon": 129.3774343926255, "raw_text": "2026/08/10 0:58\n目撃\n\n5匹以上\nカエル\nソークド(水跳ね)\n瀬戸内町節子\n28.16922955503756\n129.3774343926255\n", "night_date": "2026-08-09", "segment_id": "OSM_ro961_0_30", "event_match_distance_m": 0.72575547499671567 }, "geometry": { "type": "Point", "coordinates": [ 129.377434392625503, 28.16922955503756 ] } },
{ "type": "Feature", "properties": { "timestamp": "2026-08-10T01:38:00+09:00", "session_start": "2026-08-09T21:13:00+09:00", "event_type": "捕獲", "species": "ハブ", "individual_count": 1, "size": "極小", "wetness": "ドライ", "lat": 28.16864873235512, "lon": 129.29872244854229, "raw_text": "2026/08/10 1:38\n捕獲\nハブ捕獲極小\nとぐろ\nブロック上\nドライ\n瀬戸内町久根津1022\n28.16864873235512\n129.2987224485423\n", "night_date": "2026-08-09", "segment_id": "OSM_ro877_0_10", "event_match_distance_m": 0.9866326363123713 }, "geometry": { "type": "Point", "coordinates": [ 129.298722448542293, 28.16864873235512 ] } },
{ "type": "Feature", "properties": { "timestamp": "2026-08-10T01:46:00+09:00", "session_start": "2026-08-09T21:13:00+09:00", "event_type": "目撃", "species": "カエル", "individual_count": 5, "size": null, "wetness": "ソークド(水跳ね)", "lat": 28.167747111069239, "lon": 129.3004157138387, "raw_text": "2026/08/10 1:46\n目撃\n\n5匹以上\nカエル\nソークド(水跳ね)\n瀬戸内町久根津854\n28.16774711106924\n129.3004157138387", "night_date": "2026-08-09", "segment_id": "OSM_ro880_0_20", "event_match_distance_m": 0.43256696251142296 }, "geometry": { "type": "Point", "coordinates": [ 129.300415713838703, 28.167747111069239 ] } },
{ "type": "Feature", "properties": { "timestamp": "2026-08-11T21:44:00+09:00", "session_start": "2026-08-11T21:28:00+09:00", "event_type": "目撃", "species": "カエル", "individual_count": 5, "size": null, "wetness": "ソークド(水跳ね)", "lat": 28.160063225865009, "lon": 129.32081185837049, "raw_text": "2026/08/11 21:44\n目撃\n\n5匹以上\nカエル\nソークド(水跳ね)\n瀬戸内町古仁屋\n28.16006322586501\n129.3208118583705\n", "night_date": "2026-08-11", "segment_id": "OSM_ro149_0_20", "event_match_distance_m": 5.7221659468213684 }, "geometry": { "type": "Point", "coordinates": [ 129.32081185837049, 28.160063225865009 ] } },
{ "type": "Feature", "properties": { "timestamp": "2026-08-11T21:45:00+09:00", "session_start": "2026-08-11T21:28:00+09:00", "event_type": "目撃", "species": "カエル", "individual_count": 5, "size": null, "wetness": "ソークド(水跳ね)", "lat": 28.160360587252939, "lon": 129.3214294524405, "raw_text": "2026/08/11 21:45\n目撃\n\n5匹以上\nカエル\nソークド(水跳ね)\n瀬戸内町古仁屋\n28.16036058725294\n129.3214294524405\n", "night_date": "2026-08-11", "segment_id": "OSM_ro149_0_13", "event_match_distance_m": 1.2866368205460184 }, "geometry": { "type": "Point", "coordinates": [ 129.321429452440498, 28.160360587252939 ] } },
{ "type": "Feature", "properties": { "timestamp": "2026-08-11T21:46:00+09:00", "session_start": "2026-08-11T21:28:00+09:00", "event_type": "目撃", "species": "カエル", "individual_count": 5, "size": null, "wetness": "ソークド(水跳ね)", "lat": 28.159767610259252, "lon": 129.32255271958249, "raw_text": "2026/08/11 21:46\n目撃\n\n5匹以上\nカエル\nソークド(水跳ね)\n瀬戸内町古仁屋\n28.15976761025925\n129.3225527195825\n", "night_date": "2026-08-11", "segment_id": "OSM_ro149_0_0", "event_match_distance_m": 8.557374011671012 }, "geometry": { "type": "Point", "coordinates": [ 129.32255271958249, 28.159767610259252 ] } },
{ "type": "Feature", "properties": { "timestamp": "2026-08-11T21:56:00+09:00", "session_start": "2026-08-11T21:28:00+09:00", "event_type": "目撃", "species": "クロウサギ", "individual_count": 1, "size": null, "wetness": "ドライ", "lat": 28.17001659869171, "lon": 129.3426142266749, "raw_text": "2026/08/11 21:56\n目撃\n\n1匹\nクロウサギ\nドライ\n瀬戸内町国道58号\n28.17001659869171\n129.3426142266749\n", "night_date": "2026-08-11", "segment_id": "OSM_ro39_0_67", "event_match_distance_m": 2.9238794732418762 }, "geometry": { "type": "Point", "coordinates": [ 129.342614226674897, 28.17001659869171 ] } },
{ "type": "Feature", "properties": { "timestamp": "2026-08-11T22:06:00+09:00", "session_start": "2026-08-11T21:28:00+09:00", "event_type": "目撃", "species": "カエル", "individual_count": 5, "size": null, "wetness": "ドライ", "lat": 28.17370513550885, "lon": 129.3637512681739, "raw_text": "2026/08/11 22:06\n目撃\n\n5匹以上\nカエル\nドライ\n瀬戸内町網野子\n28.17370513550885\n129.3637512681739\n", "night_date": "2026-08-11", "segment_id": "OSM_ro129_0_227", "event_match_distance_m": 1.1449259312202051 }, "geometry": { "type": "Point", "coordinates": [ 129.3637512681739, 28.17370513550885 ] } },
{ "type": "Feature", "properties": { "timestamp": "2026-08-11T22:07:00+09:00", "session_start": "2026-08-11T21:28:00+09:00", "event_type": "目撃", "species": "カエル", "individual_count": 5, "size": null, "wetness": "ソークド(水跳ね)", "lat": 28.175743767098311, "lon": 129.36324449361879, "raw_text": "2026/08/11 22:07\n目撃\n\n5匹以上\nカエル\nソークド(水跳ね)\n瀬戸内町網野子\n28.17574376709831\n129.3632444936188\n", "night_date": "2026-08-11", "segment_id": "OSM_ro129_0_202", "event_match_distance_m": 0.90399358983151856 }, "geometry": { "type": "Point", "coordinates": [ 129.363244493618794, 28.175743767098311 ] } },
{ "type": "Feature", "properties": { "timestamp": "2026-08-11T22:08:00+09:00", "session_start": "2026-08-11T21:28:00+09:00", "event_type": "目撃", "species": "クロウサギ", "individual_count": 1, "size": null, "wetness": "ドライ", "lat": 28.177485849199972, "lon": 129.3641523966825, "raw_text": "2026/08/11 22:08\n目撃\n\n1匹\nクロウサギ\nドライ\n瀬戸内町網野子\n28.17748584919997\n129.3641523966825\n", "night_date": "2026-08-11", "segment_id": "OSM_ro129_0_179", "event_match_distance_m": 0.40584062116086522 }, "geometry": { "type": "Point", "coordinates": [ 129.364152396682499, 28.177485849199972 ] } },
{ "type": "Feature", "properties": { "timestamp": "2026-08-11T22:09:00+09:00", "session_start": "2026-08-11T21:28:00+09:00", "event_type": "目撃", "species": "カエル", "individual_count": 5, "size": null, "wetness": "ソークド(水跳ね)", "lat": 28.17875974222542, "lon": 129.36572104960149, "raw_text": "2026/08/11 22:09\n目撃\n\n5匹以上\nカエル\nソークド(水跳ね)\n瀬戸内町網野子729\n28.17875974222542\n129.3657210496015\n", "night_date": "2026-08-11", "segment_id": "OSM_ro129_0_154", "event_match_distance_m": 4.5103121889687534 }, "geometry": { "type": "Point", "coordinates": [ 129.36572104960149, 28.17875974222542 ] } },
{ "type": "Feature", "properties": { "timestamp": "2026-08-11T22:15:00+09:00", "session_start": "2026-08-11T21:28:00+09:00", "event_type": "目撃", "species": "オットンガエル", "individual_count": 1, "size": null, "wetness": "ドライ", "lat": 28.18358134017128, "lon": 129.369711391598, "raw_text": "2026/08/11 22:15\n目撃\n\n1匹\nオットンガエル\nドライ\n瀬戸内町網野子\n28.18358134017128\n129.369711391598\n", "night_date": "2026-08-11", "segment_id": "OSM_ro129_0_44", "event_match_distance_m": 1.7789342350899651 }, "geometry": { "type": "Point", "coordinates": [ 129.369711391598003, 28.18358134017128 ] } },
{ "type": "Feature", "properties": { "timestamp": "2026-08-11T22:20:00+09:00", "session_start": "2026-08-11T21:28:00+09:00", "event_type": "目撃", "species": "ヤマシギ", "individual_count": 1, "size": null, "wetness": "ドライ", "lat": 28.183188840548109, "lon": 129.37776543219491, "raw_text": "2026/08/11 22:20\n目撃\n\n1匹\nヤマシギ\nドライ\n\n28.18318884054811\n129.3777654321949\n", "night_date": "2026-08-11", "segment_id": "OSM_ro527_0_80", "event_match_distance_m": 8.1989247484592074 }, "geometry": { "type": "Point", "coordinates": [ 129.377765432194906, 28.183188840548109 ] } },
{ "type": "Feature", "properties": { "timestamp": "2026-08-11T22:31:00+09:00", "session_start": "2026-08-11T21:28:00+09:00", "event_type": "目撃", "species": "オットンガエル", "individual_count": 1, "size": null, "wetness": "ドライ", "lat": 28.193619921577788, "lon": 129.3875527932596, "raw_text": "2026/08/11 22:31\n目撃\n\n1匹\nオットンガエル\nドライ\n\n28.19361992157779\n129.3875527932596\n", "night_date": "2026-08-11", "segment_id": "OSM_ro48_0_69", "event_match_distance_m": 5.5756551791047384 }, "geometry": { "type": "Point", "coordinates": [ 129.387552793259601, 28.193619921577788 ] } },
{ "type": "Feature", "properties": { "timestamp": "2026-08-11T22:31:00+09:00", "session_start": "2026-08-11T21:28:00+09:00", "event_type": "目撃", "species": "カエル", "individual_count": 5, "size": null, "wetness": "ソークド(水跳ね)", "lat": 28.19388017799578, "lon": 129.38754224162159, "raw_text": "2026/08/11 22:31\n目撃\n\n5匹以上\nカエル\nソークド(水跳ね)\n瀬戸内町嘉徳\n28.19388017799578\n129.3875422416216\n", "night_date": "2026-08-11", "segment_id": "OSM_ro48_0_66", "event_match_distance_m": 2.5620781501838064 }, "geometry": { "type": "Point", "coordinates": [ 129.387542241621588, 28.19388017799578 ] } },
{ "type": "Feature", "properties": { "timestamp": "2026-08-11T22:36:00+09:00", "session_start": "2026-08-11T21:28:00+09:00", "event_type": "目撃", "species": "ヒメハブ", "individual_count": 1, "size": null, "wetness": "ドライ", "lat": 28.197788203548232, "lon": 129.39225602993531, "raw_text": "2026/08/11 22:36\n目撃\n\n1匹\nヒメハブ\nドライ\n瀬戸内町嘉徳\n28.19778820354823\n129.3922560299353\n", "night_date": "2026-08-11", "segment_id": "OSM_ro137_0_70", "event_match_distance_m": 2.8390476089655361 }, "geometry": { "type": "Point", "coordinates": [ 129.392256029935311, 28.197788203548232 ] } },
{ "type": "Feature", "properties": { "timestamp": "2026-08-11T22:41:00+09:00", "session_start": "2026-08-11T21:28:00+09:00", "event_type": "目撃", "species": "ヒメハブ", "individual_count": 1, "size": null, "wetness": "ドライ", "lat": 28.195489611525879, "lon": 129.3949364547436, "raw_text": "2026/08/11 22:41\n目撃\n\n1匹\nヒメハブ\nクロウサギ\nドライ\n\n28.19548961152588\n129.3949364547436\n", "night_date": "2026-08-11", "segment_id": "OSM_ro137_0_25", "event_match_distance_m": 12.121199974836744 }, "geometry": { "type": "Point", "coordinates": [ 129.394936454743601, 28.195489611525879 ] } },
{ "type": "Feature", "properties": { "timestamp": "2026-08-11T22:43:00+09:00", "session_start": "2026-08-11T21:28:00+09:00", "event_type": "目撃", "species": "クロウサギ", "individual_count": 1, "size": null, "wetness": "ドライ", "lat": 28.194209043028231, "lon": 129.39778808706211, "raw_text": "2026/08/11 22:43\n目撃\n\n1匹\nクロウサギ\nドライ\n瀬戸内町嘉徳\n28.19420904302823\n129.3977880870621\n", "night_date": "2026-08-11", "segment_id": "OSM_ro257_0_20", "event_match_distance_m": 4.9447986010265774 }, "geometry": { "type": "Point", "coordinates": [ 129.397788087062111, 28.194209043028231 ] } },
{ "type": "Feature", "properties": { "timestamp": "2026-08-11T23:04:00+09:00", "session_start": "2026-08-11T21:28:00+09:00", "event_type": "目撃", "species": "オットンガエル", "individual_count": 2, "size": null, "wetness": "ドライ", "lat": 28.189295671076628, "lon": 129.39655373596631, "raw_text": "2026/08/11 23:04\n目撃\n\n2匹\nオットンガエル\nドライ\n瀬戸内町嘉徳\n28.18929567107663\n129.3965537359663\n", "night_date": "2026-08-11", "segment_id": "OSM_ro448_0_73", "event_match_distance_m": 0.95974853691852358 }, "geometry": { "type": "Point", "coordinates": [ 129.396553735966307, 28.189295671076628 ] } },
{ "type": "Feature", "properties": { "timestamp": "2026-08-11T23:05:00+09:00", "session_start": "2026-08-11T21:28:00+09:00", "event_type": "目撃", "species": "オットンガエル", "individual_count": 1, "size": null, "wetness": "ドライ", "lat": 28.18848690065105, "lon": 129.3960457594313, "raw_text": "2026/08/11 23:05\n目撃\n\n1匹\nオットンガエル\nドライ\n瀬戸内町嘉徳\n28.18848690065105\n129.3960457594313\n", "night_date": "2026-08-11", "segment_id": "OSM_ro448_0_83", "event_match_distance_m": 1.8423893153863899 }, "geometry": { "type": "Point", "coordinates": [ 129.396045759431303, 28.18848690065105 ] } },
{ "type": "Feature", "properties": { "timestamp": "2026-08-11T23:05:00+09:00", "session_start": "2026-08-11T21:28:00+09:00", "event_type": "目撃", "species": "カエル", "individual_count": 5, "size": null, "wetness": "ソークド(水跳ね)", "lat": 28.188380314840281, "lon": 129.39599230628451, "raw_text": "2026/08/11 23:05\n目撃\n\n5匹以上\nカエル\nソークド(水跳ね)\n瀬戸内町嘉徳\n28.18838031484028\n129.3959923062845\n", "night_date": "2026-08-11", "segment_id": "OSM_ro448_0_85", "event_match_distance_m": 2.4104471430112167 }, "geometry": { "type": "Point", "coordinates": [ 129.395992306284512, 28.188380314840281 ] } },
{ "type": "Feature", "properties": { "timestamp": "2026-08-11T23:08:00+09:00", "session_start": "2026-08-11T21:28:00+09:00", "event_type": "目撃", "species": "オットンガエル", "individual_count": 1, "size": null, "wetness": "ウエット", "lat": 28.186528174513921, "lon": 129.3950712891785, "raw_text": "2026/08/11 23:08\n目撃\n\n1匹\nオットンガエル\nウエット\n\n28.18652817451392\n129.3950712891785\n", "night_date": "2026-08-11", "segment_id": "OSM_ro191_0_6", "event_match_distance_m": 11.400038905571874 }, "geometry": { "type": "Point", "coordinates": [ 129.395071289178503, 28.186528174513921 ] } },
{ "type": "Feature", "properties": { "timestamp": "2026-08-11T23:15:00+09:00", "session_start": "2026-08-11T21:28:00+09:00", "event_type": "目撃", "species": "カエル", "individual_count": 2, "size": null, "wetness": "ソークド(水跳ね)", "lat": 28.186809505267451, "lon": 129.39894981296911, "raw_text": "2026/08/11 23:15\n目撃\n\n2匹\nカエル\nソークド(水跳ね)\n\n28.18680950526745\n129.3989498129691\n", "night_date": "2026-08-11", "segment_id": "OSM_ro191_0_70", "event_match_distance_m": 2.2543251293459936 }, "geometry": { "type": "Point", "coordinates": [ 129.398949812969107, 28.186809505267451 ] } },
{ "type": "Feature", "properties": { "timestamp": "2026-08-11T23:18:00+09:00", "session_start": "2026-08-11T21:28:00+09:00", "event_type": "目撃", "species": "アマミハナサキガエル", "individual_count": 1, "size": null, "wetness": "ウエット", "lat": 28.186301657370681, "lon": 129.39847231009151, "raw_text": "2026/08/11 23:18\n目撃\n\n1匹\nアマミハナサキガエル\nウエット\n\n28.18630165737068\n129.3984723100915\n", "night_date": "2026-08-11", "segment_id": "OSM_ro191_0_92", "event_match_distance_m": 10.284473730139881 }, "geometry": { "type": "Point", "coordinates": [ 129.398472310091506, 28.186301657370681 ] } },
{ "type": "Feature", "properties": { "timestamp": "2026-08-11T23:32:00+09:00", "session_start": "2026-08-11T21:28:00+09:00", "event_type": "捕獲", "species": "ハブ", "individual_count": 1, "size": "大", "wetness": "ドライ", "lat": 28.178930674645731, "lon": 129.39433221193281, "raw_text": "2026/08/11 23:32\n捕獲\nハブ捕獲大\nとぐろ\n道路脇\nドライ\n\n28.17893067464573\n129.3943322119328\n", "night_date": "2026-08-11", "segment_id": "OSM_ro104_0_31", "event_match_distance_m": 1.1581115197579439 }, "geometry": { "type": "Point", "coordinates": [ 129.394332211932806, 28.178930674645731 ] } },
{ "type": "Feature", "properties": { "timestamp": "2026-08-11T23:35:00+09:00", "session_start": "2026-08-11T21:28:00+09:00", "event_type": "目撃", "species": "カエル", "individual_count": 5, "size": null, "wetness": "ソークド(水跳ね)", "lat": 28.178435731701331, "lon": 129.3932479681487, "raw_text": "2026/08/11 23:35\n目撃\n\n5匹以上\nカエル\nソークド(水跳ね)\n\n28.17843573170133\n129.3932479681487\n", "night_date": "2026-08-11", "segment_id": "OSM_ro104_0_61", "event_match_distance_m": 2.8422749413170401 }, "geometry": { "type": "Point", "coordinates": [ 129.3932479681487, 28.178435731701331 ] } },
{ "type": "Feature", "properties": { "timestamp": "2026-08-11T23:40:00+09:00", "session_start": "2026-08-11T21:28:00+09:00", "event_type": "目撃", "species": "ヤマシギ", "individual_count": 1, "size": null, "wetness": "ドライ", "lat": 28.176163709785211, "lon": 129.3965924796679, "raw_text": "2026/08/11 23:40\n目撃\n\n1匹\nヤマシギ\nドライ\n\n28.17616370978521\n129.3965924796679\n", "night_date": "2026-08-11", "segment_id": "OSM_ro289_0_13", "event_match_distance_m": 13.060430372125422 }, "geometry": { "type": "Point", "coordinates": [ 129.396592479667902, 28.176163709785211 ] } },
{ "type": "Feature", "properties": { "timestamp": "2026-08-11T23:42:00+09:00", "session_start": "2026-08-11T21:28:00+09:00", "event_type": "目撃", "species": "ヤマシギ", "individual_count": 1, "size": null, "wetness": "ドライ", "lat": 28.17526998845841, "lon": 129.39572662235901, "raw_text": "2026/08/11 23:42\n目撃\n\n1匹\nヤマシギ\nドライ\n瀬戸内町節子\n28.17526998845841\n129.395726622359\n", "night_date": "2026-08-11", "segment_id": "OSM_ro289_0_28", "event_match_distance_m": 1.4973989921507431 }, "geometry": { "type": "Point", "coordinates": [ 129.395726622359007, 28.17526998845841 ] } },
{ "type": "Feature", "properties": { "timestamp": "2026-08-11T23:42:00+09:00", "session_start": "2026-08-11T21:28:00+09:00", "event_type": "目撃", "species": "ヤマシギ", "individual_count": 2, "size": null, "wetness": "ドライ", "lat": 28.17446665786041, "lon": 129.39541057075741, "raw_text": "2026/08/11 23:42\n目撃\n\n2匹\nヤマシギ\nドライ\n瀬戸内町節子\n28.17446665786041\n129.3954105707574\n", "night_date": "2026-08-11", "segment_id": "OSM_ro289_0_38", "event_match_distance_m": 3.1186979937398669 }, "geometry": { "type": "Point", "coordinates": [ 129.395410570757406, 28.17446665786041 ] } },
{ "type": "Feature", "properties": { "timestamp": "2026-08-11T23:45:00+09:00", "session_start": "2026-08-11T21:28:00+09:00", "event_type": "目撃", "species": "カエル", "individual_count": 5, "size": null, "wetness": "ウエット", "lat": 28.17393295217521, "lon": 129.3945965841703, "raw_text": "2026/08/11 23:45\n目撃\n\n5匹以上\nカエル\nウエット\n\n28.17393295217521\n129.3945965841703\n", "night_date": "2026-08-11", "segment_id": "OSM_ro289_0_58", "event_match_distance_m": 1.8256033897284072 }, "geometry": { "type": "Point", "coordinates": [ 129.394596584170301, 28.17393295217521 ] } },
{ "type": "Feature", "properties": { "timestamp": "2026-08-11T23:51:00+09:00", "session_start": "2026-08-11T21:28:00+09:00", "event_type": "目撃", "species": "ヤマシギ", "individual_count": 2, "size": null, "wetness": "ドライ", "lat": 28.174351318553981, "lon": 129.39904217284371, "raw_text": "2026/08/11 23:51\n目撃\n\n2匹\nヤマシギ\nドライ\n瀬戸内町節子\n28.17435131855398\n129.3990421728437\n", "night_date": "2026-08-11", "segment_id": "OSM_ro249_0_16", "event_match_distance_m": 0.14373143245638559 }, "geometry": { "type": "Point", "coordinates": [ 129.399042172843707, 28.174351318553981 ] } },
{ "type": "Feature", "properties": { "timestamp": "2026-08-11T23:52:00+09:00", "session_start": "2026-08-11T21:28:00+09:00", "event_type": "目撃", "species": "オットンガエル", "individual_count": 1, "size": null, "wetness": "ウエット", "lat": 28.174104717069849, "lon": 129.39862598339531, "raw_text": "2026/08/11 23:52\n目撃\n\n1匹\nオットンガエル\nウエット\n瀬戸内町節子\n28.17410471706985\n129.3986259833953\n", "night_date": "2026-08-11", "segment_id": "OSM_ro249_0_21", "event_match_distance_m": 0.29573911767735472 }, "geometry": { "type": "Point", "coordinates": [ 129.398625983395306, 28.174104717069849 ] } },
{ "type": "Feature", "properties": { "timestamp": "2026-08-12T00:03:00+09:00", "session_start": "2026-08-11T21:28:00+09:00", "event_type": "目撃", "species": "ネズミ", "individual_count": 1, "size": null, "wetness": "ドライ", "lat": 28.17225207000148, "lon": 129.39659699945111, "raw_text": "2026/08/12 0:03\n目撃\n\n1匹\nネズミ\nドライ\n\n28.17225207000148\n129.3965969994511\n", "night_date": "2026-08-11", "segment_id": "OSM_ro142_0_23", "event_match_distance_m": 8.1990802394588513 }, "geometry": { "type": "Point", "coordinates": [ 129.396596999451106, 28.17225207000148 ] } },
{ "type": "Feature", "properties": { "timestamp": "2026-08-12T00:15:00+09:00", "session_start": "2026-08-11T21:28:00+09:00", "event_type": "捕獲", "species": "ハブ", "individual_count": 1, "size": "大", "wetness": "ドライ", "lat": 28.164999921449319, "lon": 129.39638385152179, "raw_text": "2026/08/12 0:15\n捕獲\nハブ捕獲大\nとぐろ\n道路脇\nドライ\n\n28.16499992144932\n129.3963838515218\n", "night_date": "2026-08-11", "segment_id": "OSM_ro42_0_82", "event_match_distance_m": 7.19511224315732 }, "geometry": { "type": "Point", "coordinates": [ 129.39638385152179, 28.164999921449319 ] } },
{ "type": "Feature", "properties": { "timestamp": "2026-08-12T00:18:00+09:00", "session_start": "2026-08-11T21:28:00+09:00", "event_type": "目撃", "species": "ヤマシギ", "individual_count": 1, "size": null, "wetness": "ドライ", "lat": 28.164109075363982, "lon": 129.39533460185851, "raw_text": "2026/08/12 0:18\n目撃\n\n1匹\nヤマシギ\nドライ\n瀬戸内町節子\n28.16410907536398\n129.3953346018585\n", "night_date": "2026-08-11", "segment_id": "OSM_ro42_0_62", "event_match_distance_m": 9.2801805661743195 }, "geometry": { "type": "Point", "coordinates": [ 129.395334601858508, 28.164109075363982 ] } },
{ "type": "Feature", "properties": { "timestamp": "2026-08-12T00:35:00+09:00", "session_start": "2026-08-11T21:28:00+09:00", "event_type": "目撃", "species": "ヤマシギ", "individual_count": 1, "size": null, "wetness": "ドライ", "lat": 28.163136372860791, "lon": 129.38621237890041, "raw_text": "2026/08/12 0:35\n目撃\n\n1匹\nヤマシギ\nドライ\n瀬戸内町節子\n28.16313637286079\n129.3862123789004\n", "night_date": "2026-08-11", "segment_id": "OSM_ro440_0_13", "event_match_distance_m": 7.2640813498316747 }, "geometry": { "type": "Point", "coordinates": [ 129.38621237890041, 28.163136372860791 ] } },
{ "type": "Feature", "properties": { "timestamp": "2026-08-12T01:05:00+09:00", "session_start": "2026-08-11T21:28:00+09:00", "event_type": "目撃", "species": "クロウサギ", "individual_count": 1, "size": null, "wetness": "ドライ", "lat": 28.16541793827842, "lon": 129.3664276648081, "raw_text": "2026/08/12 1:05\n目撃\n\n1匹\nクロウサギ\nドライ\n瀬戸内町節子\n28.16541793827842\n129.3664276648081\n", "night_date": "2026-08-11", "segment_id": "OSM_ro37_0_88", "event_match_distance_m": 4.7119398914510597 }, "geometry": { "type": "Point", "coordinates": [ 129.3664276648081, 28.16541793827842 ] } },
{ "type": "Feature", "properties": { "timestamp": "2026-08-12T01:07:00+09:00", "session_start": "2026-08-11T21:28:00+09:00", "event_type": "目撃", "species": "クロウサギ", "individual_count": 1, "size": null, "wetness": "ドライ", "lat": 28.167471458551439, "lon": 129.3652393543864, "raw_text": "2026/08/12 1:07\n目撃\n\n1匹\nクロウサギ\nドライ\n瀬戸内町網野子\n28.16747145855144\n129.3652393543864\n", "night_date": "2026-08-11", "segment_id": "OSM_ro37_0_49", "event_match_distance_m": 3.0899008764958911 }, "geometry": { "type": "Point", "coordinates": [ 129.365239354386404, 28.167471458551439 ] } },
{ "type": "Feature", "properties": { "timestamp": "2026-08-12T01:19:00+09:00", "session_start": "2026-08-11T21:28:00+09:00", "event_type": "目撃", "species": "ネズミ", "individual_count": 1, "size": null, "wetness": "ドライ", "lat": 28.163609449731702, "lon": 129.3410094819393, "raw_text": "2026/08/12 1:19\n目撃\n\n1匹\nネズミ\nドライ\n瀬戸内町伊須\n28.1636094497317\n129.3410094819393\n", "night_date": "2026-08-11", "segment_id": "OSM_ro170_0_26", "event_match_distance_m": 5.1254784702707266 }, "geometry": { "type": "Point", "coordinates": [ 129.341009481939295, 28.163609449731702 ] } },
{ "type": "Feature", "properties": { "timestamp": "2026-08-12T01:36:00+09:00", "session_start": "2026-08-11T21:28:00+09:00", "event_type": "目撃", "species": "ヤマシギ", "individual_count": 1, "size": null, "wetness": "ドライ", "lat": 28.145332702508561, "lon": 129.35572185438241, "raw_text": "2026/08/12 1:36\n目撃\n\n1匹\nヤマシギ\nドライ\n瀬戸内町伊須\n28.14533270250856\n129.3557218543824", "night_date": "2026-08-11", "segment_id": "OSM_ro480_0_99", "event_match_distance_m": 3.7405474679145265 }, "geometry": { "type": "Point", "coordinates": [ 129.355721854382409, 28.145332702508561 ] } },
{ "type": "Feature", "properties": { "timestamp": "2026-08-12T20:56:00+09:00", "session_start": "2026-08-11T21:28:00+09:00", "event_type": "目撃", "species": "アカマタ", "individual_count": 1, "size": null, "wetness": "ドライ", "lat": 28.141047286154642, "lon": 129.34902543155781, "raw_text": "2026/08/12 20:56\n目撃\n\n1匹\nアカマタ\nドライ\n瀬戸内町県道626号\n28.14104728615464\n129.3490254315578\n", "night_date": "2026-08-11", "segment_id": "OSM_ro136_0_255", "event_match_distance_m": 4.1596457759290386 }, "geometry": { "type": "Point", "coordinates": [ 129.349025431557806, 28.141047286154642 ] } },
{ "type": "Feature", "properties": { "timestamp": "2026-08-12T20:58:00+09:00", "session_start": "2026-08-11T21:28:00+09:00", "event_type": "目撃", "species": "ヤマシギ", "individual_count": 1, "size": null, "wetness": "ドライ", "lat": 28.1417634499463, "lon": 129.3481976172996, "raw_text": "2026/08/12 20:58\n目撃\n\n1匹\nヤマシギ\nドライ\n瀬戸内町県道626号\n28.1417634499463\n129.3481976172996\n", "night_date": "2026-08-11", "segment_id": "OSM_ro136_0_241", "event_match_distance_m": 2.1761771754560959 }, "geometry": { "type": "Point", "coordinates": [ 129.348197617299604, 28.1417634499463 ] } },
{ "type": "Feature", "properties": { "timestamp": "2026-08-12T21:15:00+09:00", "session_start": "2026-08-11T21:28:00+09:00", "event_type": "目撃", "species": "アカマタ", "individual_count": 1, "size": null, "wetness": "ドライ", "lat": 28.15126516952833, "lon": 129.35534136753, "raw_text": "2026/08/12 21:15\n目撃\n\n1匹\nアカマタ\nドライ\n瀬戸内町伊須418\n28.15126516952833\n129.35534136753\n", "night_date": "2026-08-11", "segment_id": "OSM_ro562_0_20", "event_match_distance_m": 1.9155156068933161 }, "geometry": { "type": "Point", "coordinates": [ 129.355341367530002, 28.15126516952833 ] } },
{ "type": "Feature", "properties": { "timestamp": "2026-08-12T21:17:00+09:00", "session_start": "2026-08-11T21:28:00+09:00", "event_type": "目撃", "species": "アカマタ", "individual_count": 1, "size": null, "wetness": "ドライ", "lat": 28.154251885638519, "lon": 129.35533391225309, "raw_text": "2026/08/12 21:17\n目撃\n\n1匹\nアカマタ\nドライ\n瀬戸内町伊須\n28.15425188563852\n129.3553339122531\n", "night_date": "2026-08-11", "segment_id": "OSM_ro221_0_37", "event_match_distance_m": 2.6706288243769714 }, "geometry": { "type": "Point", "coordinates": [ 129.355333912253087, 28.154251885638519 ] } },
{ "type": "Feature", "properties": { "timestamp": "2026-08-12T21:30:00+09:00", "session_start": "2026-08-11T21:28:00+09:00", "event_type": "轢死", "species": "ネズミ", "individual_count": 1, "size": null, "wetness": "ドライ", "lat": 28.170018534125401, "lon": 129.34185170412729, "raw_text": "2026/08/12 21:30\n轢死\n\n1匹\nネズミ\nドライ\n瀬戸内町阿木名2216-5\n28.1700185341254\n129.3418517041273\n", "night_date": "2026-08-11", "segment_id": "OSM_ro39_0_59", "event_match_distance_m": 2.1936379113424924 }, "geometry": { "type": "Point", "coordinates": [ 129.341851704127293, 28.170018534125401 ] } },
{ "type": "Feature", "properties": { "timestamp": "2026-08-12T21:37:00+09:00", "session_start": "2026-08-11T21:28:00+09:00", "event_type": "目撃", "species": "クロウサギ", "individual_count": 1, "size": null, "wetness": "ドライ", "lat": 28.167509809427351, "lon": 129.3652296179437, "raw_text": "2026/08/12 21:37\n目撃\n\n1匹\nクロウサギ\nドライ\n瀬戸内町網野子\n28.16750980942735\n129.3652296179437\n", "night_date": "2026-08-11", "segment_id": "OSM_ro37_0_48", "event_match_distance_m": 0.38039789819011893 }, "geometry": { "type": "Point", "coordinates": [ 129.365229617943697, 28.167509809427351 ] } },
{ "type": "Feature", "properties": { "timestamp": "2026-08-12T21:48:00+09:00", "session_start": "2026-08-11T21:28:00+09:00", "event_type": "目撃", "species": "ヒャン", "individual_count": 1, "size": null, "wetness": "ドライ", "lat": 28.169518328307241, "lon": 129.3773864473151, "raw_text": "2026/08/12 21:48\n目撃\n\n1匹\nヒャン\nドライ\n瀬戸内町節子\n28.16951832830724\n129.3773864473151\n", "night_date": "2026-08-11", "segment_id": "OSM_ro961_0_27", "event_match_distance_m": 0.66407434956773248 }, "geometry": { "type": "Point", "coordinates": [ 129.377386447315104, 28.169518328307241 ] } },
{ "type": "Feature", "properties": { "timestamp": "2026-08-12T21:54:00+09:00", "session_start": "2026-08-11T21:28:00+09:00", "event_type": "目撃", "species": "カエル", "individual_count": 1, "size": null, "wetness": "ドライ", "lat": 28.169092214690401, "lon": 129.38060353950581, "raw_text": "2026/08/12 21:54\n目撃\n\n1匹\nカエル\nドライ\n瀬戸内町節子\n28.1690922146904\n129.3806035395058", "night_date": "2026-08-11", "segment_id": "OSM_ro278_0_27", "event_match_distance_m": 5.1664599202971431 }, "geometry": { "type": "Point", "coordinates": [ 129.380603539505813, 28.169092214690401 ] } },
{ "type": "Feature", "properties": { "timestamp": "2026-08-12T22:00:00+09:00", "session_start": "2026-08-11T21:28:00+09:00", "event_type": "目撃", "species": "オットンガエル", "individual_count": 1, "size": null, "wetness": "ドライ", "lat": 28.165361127334311, "lon": 129.38335628183239, "raw_text": "2026/08/12 22:00\n目撃\n\n1匹\nオットンガエル\nドライ\n瀬戸内町節子1335\n28.16536112733431\n129.3833562818324", "night_date": "2026-08-11", "segment_id": "OSM_ro364_0_14", "event_match_distance_m": 0.64964732194014463 }, "geometry": { "type": "Point", "coordinates": [ 129.383356281832391, 28.165361127334311 ] } },
{ "type": "Feature", "properties": { "timestamp": "2026-08-12T22:09:00+09:00", "session_start": "2026-08-11T21:28:00+09:00", "event_type": "目撃", "species": "ヤマシギ", "individual_count": 1, "size": null, "wetness": "ドライ", "lat": 28.163244871507011, "lon": 129.38637815045209, "raw_text": "2026/08/12 22:09\n目撃\n\n1匹\nヤマシギ\nドライ\n瀬戸内町節子\n28.16324487150701\n129.3863781504521\n", "night_date": "2026-08-11", "segment_id": "OSM_ro440_0_14", "event_match_distance_m": 3.4825542735698432 }, "geometry": { "type": "Point", "coordinates": [ 129.386378150452089, 28.163244871507011 ] } },
{ "type": "Feature", "properties": { "timestamp": "2026-08-12T22:14:00+09:00", "session_start": "2026-08-11T21:28:00+09:00", "event_type": "目撃", "species": "ネズミ", "individual_count": 1, "size": null, "wetness": "ドライ", "lat": 28.164643227346929, "lon": 129.389680996663, "raw_text": "2026/08/12 22:14\n目撃\n\n1匹\nネズミ\nドライ\n\n28.16464322734693\n129.389680996663\n", "night_date": "2026-08-11", "segment_id": "OSM_ro440_0_59", "event_match_distance_m": 9.5584279674475567 }, "geometry": { "type": "Point", "coordinates": [ 129.389680996663003, 28.164643227346929 ] } },
{ "type": "Feature", "properties": { "timestamp": "2026-08-12T22:23:00+09:00", "session_start": "2026-08-11T21:28:00+09:00", "event_type": "目撃", "species": "イシカワガエル", "individual_count": 1, "size": null, "wetness": "ドライ", "lat": 28.163821236285461, "lon": 129.39265287673589, "raw_text": "2026/08/12 22:23\n目撃\n\n1匹\nイシカワガエル\nドライ\n\n28.16382123628546\n129.3926528767359\n", "night_date": "2026-08-11", "segment_id": "OSM_ro42_0_23", "event_match_distance_m": 2.6306853137862878 }, "geometry": { "type": "Point", "coordinates": [ 129.392652876735895, 28.163821236285461 ] } },
{ "type": "Feature", "properties": { "timestamp": "2026-08-12T22:24:00+09:00", "session_start": "2026-08-11T21:28:00+09:00", "event_type": "目撃", "species": "その他", "individual_count": 1, "size": null, "wetness": "ドライ", "lat": 28.163939964320608, "lon": 129.39314085899261, "raw_text": "2026/08/12 22:24\n目撃\n\n1匹\nリュウキュウアオバズク\nドライ\n\n28.16393996432061\n129.3931408589926\n", "night_date": "2026-08-11", "segment_id": "OSM_ro42_0_28", "event_match_distance_m": 6.0879360974715713 }, "geometry": { "type": "Point", "coordinates": [ 129.393140858992609, 28.163939964320608 ] } },
{ "type": "Feature", "properties": { "timestamp": "2026-08-12T22:25:00+09:00", "session_start": "2026-08-11T21:28:00+09:00", "event_type": "目撃", "species": "オットンガエル", "individual_count": 1, "size": null, "wetness": "ドライ", "lat": 28.164942966701961, "lon": 129.39421472305381, "raw_text": "2026/08/12 22:25\n目撃\n\n1匹\nオットンガエル\nドライ\n\n28.16494296670196\n129.3942147230538\n", "night_date": "2026-08-11", "segment_id": "OSM_ro42_0_44", "event_match_distance_m": 7.9976712722739149 }, "geometry": { "type": "Point", "coordinates": [ 129.394214723053807, 28.164942966701961 ] } },
{ "type": "Feature", "properties": { "timestamp": "2026-08-12T22:28:00+09:00", "session_start": "2026-08-11T21:28:00+09:00", "event_type": "捕獲", "species": "ハブ", "individual_count": 1, "size": "中", "wetness": "ドライ", "lat": 28.164435465107321, "lon": 129.39513240190979, "raw_text": "2026/08/12 22:28\n捕獲\nハブ捕獲中\nとぐろ\n道路脇\nドライ\n瀬戸内町節子\n28.16443546510732\n129.3951324019098\n", "night_date": "2026-08-11", "segment_id": "OSM_ro42_0_59", "event_match_distance_m": 4.8586079051005218 }, "geometry": { "type": "Point", "coordinates": [ 129.395132401909791, 28.164435465107321 ] } },
{ "type": "Feature", "properties": { "timestamp": "2026-08-12T22:29:00+09:00", "session_start": "2026-08-11T21:28:00+09:00", "event_type": "目撃", "species": "ヤマシギ", "individual_count": 1, "size": null, "wetness": "ドライ", "lat": 28.164161573300941, "lon": 129.39516517741009, "raw_text": "2026/08/12 22:29\n目撃\n\n1匹\nヤマシギ\nドライ\n瀬戸内町節子\n28.16416157330094\n129.3951651774101\n", "night_date": "2026-08-11", "segment_id": "OSM_ro42_0_61", "event_match_distance_m": 10.935145962949287 }, "geometry": { "type": "Point", "coordinates": [ 129.395165177410092, 28.164161573300941 ] } },
{ "type": "Feature", "properties": { "timestamp": "2026-08-12T22:39:00+09:00", "session_start": "2026-08-11T21:28:00+09:00", "event_type": "目撃", "species": "カエル", "individual_count": 1, "size": null, "wetness": "ドライ", "lat": 28.169674661799181, "lon": 129.39613293894669, "raw_text": "2026/08/12 22:39\n目撃\n\n1匹\nカエル\nドライ\n\n28.16967466179918\n129.3961329389467\n", "night_date": "2026-08-11", "segment_id": "OSM_ro313_0_27", "event_match_distance_m": 2.2293525271485328 }, "geometry": { "type": "Point", "coordinates": [ 129.396132938946693, 28.169674661799181 ] } },
{ "type": "Feature", "properties": { "timestamp": "2026-08-12T22:42:00+09:00", "session_start": "2026-08-11T21:28:00+09:00", "event_type": "目撃", "species": "ヤマシギ", "individual_count": 1, "size": null, "wetness": "ドライ", "lat": 28.172098785746321, "lon": 129.3961082896528, "raw_text": "2026/08/12 22:42\n目撃\n\n1匹\nヤマシギ\nドライ\n\n28.17209878574632\n129.3961082896528\n", "night_date": "2026-08-11", "segment_id": "OSM_ro142_0_18", "event_match_distance_m": 5.154506233439526 }, "geometry": { "type": "Point", "coordinates": [ 129.396108289652801, 28.172098785746321 ] } },
{ "type": "Feature", "properties": { "timestamp": "2026-08-12T22:49:00+09:00", "session_start": "2026-08-11T21:28:00+09:00", "event_type": "目撃", "species": "ヤマシギ", "individual_count": 1, "size": null, "wetness": "ウエット", "lat": 28.172171231180169, "lon": 129.39898143321949, "raw_text": "2026/08/12 22:49\n目撃\n\n1匹\nヤマシギ\nウエット\n\n28.17217123118017\n129.3989814332195\n", "night_date": "2026-08-11", "segment_id": "OSM_ro249_0_70", "event_match_distance_m": 8.3706815736297546 }, "geometry": { "type": "Point", "coordinates": [ 129.39898143321949, 28.172171231180169 ] } },
{ "type": "Feature", "properties": { "timestamp": "2026-08-12T22:52:00+09:00", "session_start": "2026-08-11T21:28:00+09:00", "event_type": "目撃", "species": "オットンガエル", "individual_count": 1, "size": null, "wetness": "ウエット", "lat": 28.173035094231849, "lon": 129.3988955683794, "raw_text": "2026/08/12 22:52\n目撃\n\n1匹\nオットンガエル\nヤマシギ\nウエット\n瀬戸内町節子\n28.17303509423185\n129.3988955683794\n", "night_date": "2026-08-11", "segment_id": "OSM_ro249_0_35", "event_match_distance_m": 12.444429446768432 }, "geometry": { "type": "Point", "coordinates": [ 129.398895568379402, 28.173035094231849 ] } },
{ "type": "Feature", "properties": { "timestamp": "2026-08-12T22:54:00+09:00", "session_start": "2026-08-11T21:28:00+09:00", "event_type": "目撃", "species": "オットンガエル", "individual_count": 1, "size": null, "wetness": "ウエット", "lat": 28.174355924490381, "lon": 129.3990209874035, "raw_text": "2026/08/12 22:54\n目撃\n\n1匹\nオットンガエル\nヤマシギ\nウエット\n瀬戸内町節子\n28.17435592449038\n129.3990209874035\n", "night_date": "2026-08-11", "segment_id": "OSM_ro249_0_17", "event_match_distance_m": 1.7198283259304654 }, "geometry": { "type": "Point", "coordinates": [ 129.399020987403503, 28.174355924490381 ] } },
{ "type": "Feature", "properties": { "timestamp": "2026-08-12T22:59:00+09:00", "session_start": "2026-08-11T21:28:00+09:00", "event_type": "目撃", "species": "オットンガエル", "individual_count": 1, "size": null, "wetness": "ウエット", "lat": 28.17437156651517, "lon": 129.39785845950169, "raw_text": "2026/08/12 22:59\n目撃\n\n1匹\nオットンガエル\nクロウサギ\nウエット\n\n28.17437156651517\n129.3978584595017", "night_date": "2026-08-11", "segment_id": "OSM_ro289_0_98", "event_match_distance_m": 15.713385842199227 }, "geometry": { "type": "Point", "coordinates": [ 129.397858459501691, 28.17437156651517 ] } },
{ "type": "Feature", "properties": { "timestamp": "2026-08-12T23:02:00+09:00", "session_start": "2026-08-11T21:28:00+09:00", "event_type": "目撃", "species": "オットンガエル", "individual_count": 1, "size": null, "wetness": "ウエット", "lat": 28.174053426138482, "lon": 129.3964586098399, "raw_text": "2026/08/12 23:02\n目撃\n\n1匹\nオットンガエル\nウエット\n瀬戸内町節子\n28.17405342613848\n129.3964586098399\n", "night_date": "2026-08-11", "segment_id": "OSM_ro289_0_83", "event_match_distance_m": 4.9011716550534308 }, "geometry": { "type": "Point", "coordinates": [ 129.396458609839897, 28.174053426138482 ] } },
{ "type": "Feature", "properties": { "timestamp": "2026-08-12T23:03:00+09:00", "session_start": "2026-08-11T21:28:00+09:00", "event_type": "目撃", "species": "オットンガエル", "individual_count": 1, "size": null, "wetness": "ウエット", "lat": 28.17350095089035, "lon": 129.39543596477569, "raw_text": "2026/08/12 23:03\n目撃\n\n1匹\nオットンガエル\nウエット\n瀬戸内町節子\n28.17350095089035\n129.3954359647757\n", "night_date": "2026-08-11", "segment_id": "OSM_ro289_0_71", "event_match_distance_m": 1.3534502619851834 }, "geometry": { "type": "Point", "coordinates": [ 129.395435964775686, 28.17350095089035 ] } },
{ "type": "Feature", "properties": { "timestamp": "2026-08-12T23:04:00+09:00", "session_start": "2026-08-11T21:28:00+09:00", "event_type": "目撃", "species": "オットンガエル", "individual_count": 1, "size": null, "wetness": "ウエット", "lat": 28.17361993360252, "lon": 129.39455033973681, "raw_text": "2026/08/12 23:04\n目撃\n\n1匹\nオットンガエル\nウエット\n瀬戸内町節子\n28.17361993360252\n129.3945503397368\n", "night_date": "2026-08-11", "segment_id": "OSM_ro289_0_62", "event_match_distance_m": 6.5710724519774928 }, "geometry": { "type": "Point", "coordinates": [ 129.39455033973681, 28.17361993360252 ] } },
{ "type": "Feature", "properties": { "timestamp": "2026-08-12T23:06:00+09:00", "session_start": "2026-08-11T21:28:00+09:00", "event_type": "目撃", "species": "ヤマシギ", "individual_count": 2, "size": null, "wetness": "ウエット", "lat": 28.174298239994169, "lon": 129.39526534132881, "raw_text": "2026/08/12 23:06\n目撃\n\n2匹\nヤマシギ\nウエット\n瀬戸内町節子\n28.17429823999417\n129.3952653413288\n", "night_date": "2026-08-11", "segment_id": "OSM_ro289_0_41", "event_match_distance_m": 2.9800401569295141 }, "geometry": { "type": "Point", "coordinates": [ 129.395265341328809, 28.174298239994169 ] } },
{ "type": "Feature", "properties": { "timestamp": "2026-08-12T23:08:00+09:00", "session_start": "2026-08-11T21:28:00+09:00", "event_type": "目撃", "species": "ヤマシギ", "individual_count": 2, "size": null, "wetness": "ウエット", "lat": 28.175967191906519, "lon": 129.39672508482579, "raw_text": "2026/08/12 23:08\n目撃\n\n2匹\nヤマシギ\nウエット\n瀬戸内町節子\n28.17596719190652\n129.3967250848258\n", "night_date": "2026-08-11", "segment_id": "OSM_ro289_0_15", "event_match_distance_m": 4.7963100447220874 }, "geometry": { "type": "Point", "coordinates": [ 129.396725084825789, 28.175967191906519 ] } },
{ "type": "Feature", "properties": { "timestamp": "2026-08-12T23:12:00+09:00", "session_start": "2026-08-11T21:28:00+09:00", "event_type": "捕獲", "species": "ハブ", "individual_count": 1, "size": "小", "wetness": "ウエット", "lat": 28.176427690344141, "lon": 129.3955752641599, "raw_text": "2026/08/12 23:12\n捕獲\nハブ捕獲小\n伸び\n道路脇\nウエット\n\n28.17642769034414\n129.3955752641599\n", "night_date": "2026-08-11", "segment_id": "OSM_ro289_0_1", "event_match_distance_m": 9.4753846052080899 }, "geometry": { "type": "Point", "coordinates": [ 129.395575264159902, 28.176427690344141 ] } },
{ "type": "Feature", "properties": { "timestamp": "2026-08-12T23:14:00+09:00", "session_start": "2026-08-11T21:28:00+09:00", "event_type": "目撃", "species": "ヤマシギ", "individual_count": 2, "size": null, "wetness": "ウエット", "lat": 28.177197760987969, "lon": 129.39445165289479, "raw_text": "2026/08/12 23:14\n目撃\n\n2匹\nヤマシギ\nウエット\n瀬戸内町節子\n28.17719776098797\n129.3944516528948\n", "night_date": "2026-08-11", "segment_id": "OSM_ro104_0_87", "event_match_distance_m": 11.008165861554643 }, "geometry": { "type": "Point", "coordinates": [ 129.394451652894787, 28.177197760987969 ] } },
{ "type": "Feature", "properties": { "timestamp": "2026-08-12T23:15:00+09:00", "session_start": "2026-08-11T21:28:00+09:00", "event_type": "目撃", "species": "オットンガエル", "individual_count": 1, "size": null, "wetness": "ウエット", "lat": 28.17687730720257, "lon": 129.39384669335851, "raw_text": "2026/08/12 23:15\n目撃\n\n1匹\nオットンガエル\nウエット\n瀬戸内町節子\n28.17687730720257\n129.3938466933585\n", "night_date": "2026-08-11", "segment_id": "OSM_ro104_0_80", "event_match_distance_m": 1.7093377235927378 }, "geometry": { "type": "Point", "coordinates": [ 129.393846693358512, 28.17687730720257 ] } },
{ "type": "Feature", "properties": { "timestamp": "2026-08-12T23:15:00+09:00", "session_start": "2026-08-11T21:28:00+09:00", "event_type": "目撃", "species": "オットンガエル", "individual_count": 1, "size": null, "wetness": "ウエット", "lat": 28.177231214100459, "lon": 129.39369281799719, "raw_text": "2026/08/12 23:15\n目撃\n\n1匹\nオットンガエル\nウエット\n\n28.17723121410046\n129.3936928179972\n", "night_date": "2026-08-11", "segment_id": "OSM_ro104_0_76", "event_match_distance_m": 9.1859967941156491 }, "geometry": { "type": "Point", "coordinates": [ 129.393692817997191, 28.177231214100459 ] } },
{ "type": "Feature", "properties": { "timestamp": "2026-08-12T23:20:00+09:00", "session_start": "2026-08-11T21:28:00+09:00", "event_type": "目撃", "species": "アマミハナサキガエル", "individual_count": 1, "size": null, "wetness": "ウエット", "lat": 28.179384113641952, "lon": 129.39410338735459, "raw_text": "2026/08/12 23:20\n目撃\n\n1匹\nアマミハナサキガエル\nウエット\n瀬戸内町節子\n28.17938411364195\n129.3941033873546\n", "night_date": "2026-08-11", "segment_id": "OSM_ro104_0_26", "event_match_distance_m": 1.0394724708781424 }, "geometry": { "type": "Point", "coordinates": [ 129.39410338735459, 28.179384113641952 ] } },
{ "type": "Feature", "properties": { "timestamp": "2026-08-12T23:22:00+09:00", "session_start": "2026-08-11T21:28:00+09:00", "event_type": "目撃", "species": "オットンガエル", "individual_count": 1, "size": null, "wetness": "ウエット", "lat": 28.181365119585969, "lon": 129.39497297934591, "raw_text": "2026/08/12 23:22\n目撃\n\n1匹\nオットンガエル\nウエット\n瀬戸内町嘉徳\n28.18136511958597\n129.3949729793459\n", "night_date": "2026-08-11", "segment_id": "OSM_ro280_0_82", "event_match_distance_m": 2.6090460290543311 }, "geometry": { "type": "Point", "coordinates": [ 129.394972979345908, 28.181365119585969 ] } },
{ "type": "Feature", "properties": { "timestamp": "2026-08-12T23:27:00+09:00", "session_start": "2026-08-11T21:28:00+09:00", "event_type": "目撃", "species": "オットンガエル", "individual_count": 1, "size": null, "wetness": "ウエット", "lat": 28.18389761329237, "lon": 129.396883932729, "raw_text": "2026/08/12 23:27\n目撃\n\n1匹\nオットンガエル\nウエット\n\n28.18389761329237\n129.396883932729\n", "night_date": "2026-08-11", "segment_id": "OSM_ro280_0_40", "event_match_distance_m": 16.888464088610597 }, "geometry": { "type": "Point", "coordinates": [ 129.396883932728997, 28.18389761329237 ] } },
{ "type": "Feature", "properties": { "timestamp": "2026-08-12T23:28:00+09:00", "session_start": "2026-08-11T21:28:00+09:00", "event_type": "目撃", "species": "カエル", "individual_count": 2, "size": null, "wetness": "ウエット", "lat": 28.184315389989319, "lon": 129.3974265880849, "raw_text": "2026/08/12 23:28\n目撃\n\n2匹\nカエル\nウエット\n\n28.18431538998932\n129.3974265880849\n", "night_date": "2026-08-11", "segment_id": "OSM_ro280_0_23", "event_match_distance_m": 4.8931099111548875 }, "geometry": { "type": "Point", "coordinates": [ 129.397426588084898, 28.184315389989319 ] } },
{ "type": "Feature", "properties": { "timestamp": "2026-08-12T23:29:00+09:00", "session_start": "2026-08-11T21:28:00+09:00", "event_type": "目撃", "species": "オットンガエル", "individual_count": 1, "size": null, "wetness": "ウエット", "lat": 28.185520337295149, "lon": 129.39716380010489, "raw_text": "2026/08/12 23:29\n目撃\n\n1匹\nオットンガエル\nウエット\n瀬戸内町嘉徳\n28.18552033729515\n129.3971638001049\n", "night_date": "2026-08-11", "segment_id": "OSM_ro280_0_9", "event_match_distance_m": 3.862739452955164 }, "geometry": { "type": "Point", "coordinates": [ 129.397163800104892, 28.185520337295149 ] } },
{ "type": "Feature", "properties": { "timestamp": "2026-08-12T23:34:00+09:00", "session_start": "2026-08-11T21:28:00+09:00", "event_type": "目撃", "species": "オットンガエル", "individual_count": 1, "size": null, "wetness": "ウエット", "lat": 28.18715473116205, "lon": 129.39866733097159, "raw_text": "2026/08/12 23:34\n目撃\n\n1匹\nオットンガエル\nウエット\n瀬戸内町嘉徳\n28.18715473116205\n129.3986673309716\n", "night_date": "2026-08-11", "segment_id": "OSM_ro191_0_65", "event_match_distance_m": 1.4152150586084726 }, "geometry": { "type": "Point", "coordinates": [ 129.398667330971591, 28.18715473116205 ] } },
{ "type": "Feature", "properties": { "timestamp": "2026-08-12T23:41:00+09:00", "session_start": "2026-08-11T21:28:00+09:00", "event_type": "目撃", "species": "オットンガエル", "individual_count": 1, "size": null, "wetness": "ウエット", "lat": 28.188583156046459, "lon": 129.395992959784, "raw_text": "2026/08/12 23:41\n目撃\n\n1匹\nオットンガエル\nウエット\n瀬戸内町嘉徳\n28.18858315604646\n129.395992959784\n", "night_date": "2026-08-11", "segment_id": "OSM_ro448_0_83", "event_match_distance_m": 7.6462387338602991 }, "geometry": { "type": "Point", "coordinates": [ 129.395992959783996, 28.188583156046459 ] } },
{ "type": "Feature", "properties": { "timestamp": "2026-08-12T23:45:00+09:00", "session_start": "2026-08-11T21:28:00+09:00", "event_type": "目撃", "species": "クロウサギ", "individual_count": 1, "size": null, "wetness": "ウエット", "lat": 28.192347925512198, "lon": 129.39715526150391, "raw_text": "2026/08/12 23:45\n目撃\n\n1匹\nクロウサギ\nウエット\n瀬戸内町嘉徳\n28.1923479255122\n129.3971552615039\n", "night_date": "2026-08-11", "segment_id": "OSM_ro448_0_28", "event_match_distance_m": 5.138658523628771 }, "geometry": { "type": "Point", "coordinates": [ 129.397155261503912, 28.192347925512198 ] } },
{ "type": "Feature", "properties": { "timestamp": "2026-08-12T23:47:00+09:00", "session_start": "2026-08-11T21:28:00+09:00", "event_type": "目撃", "species": "ネズミ", "individual_count": 1, "size": null, "wetness": "ウエット", "lat": 28.19407185673407, "lon": 129.39703468304549, "raw_text": "2026/08/12 23:47\n目撃\n\n1匹\nネズミ\nウエット\n瀬戸内町嘉徳\n28.19407185673407\n129.3970346830455\n", "night_date": "2026-08-11", "segment_id": "OSM_ro448_0_7", "event_match_distance_m": 3.8278556648705049 }, "geometry": { "type": "Point", "coordinates": [ 129.39703468304549, 28.19407185673407 ] } },
{ "type": "Feature", "properties": { "timestamp": "2026-08-12T23:53:00+09:00", "session_start": "2026-08-11T21:28:00+09:00", "event_type": "目撃", "species": "カエル", "individual_count": 4, "size": null, "wetness": "ウエット", "lat": 28.195235156552879, "lon": 129.40358475024539, "raw_text": "2026/08/12 23:53\n目撃\n\n4匹\nカエル\nウエット\n瀬戸内町嘉徳\n28.19523515655288\n129.4035847502454\n", "night_date": "2026-08-11", "segment_id": "OSM_ro484_0_41", "event_match_distance_m": 10.089317919189662 }, "geometry": { "type": "Point", "coordinates": [ 129.403584750245386, 28.195235156552879 ] } },
{ "type": "Feature", "properties": { "timestamp": "2026-08-12T23:54:00+09:00", "session_start": "2026-08-11T21:28:00+09:00", "event_type": "目撃", "species": "クロウサギ", "individual_count": 2, "size": null, "wetness": "ウエット", "lat": 28.19631187811898, "lon": 129.40561944755089, "raw_text": "2026/08/12 23:54\n目撃\n\n2匹\nクロウサギ\nウエット\n瀬戸内町嘉徳\n28.19631187811898\n129.4056194475509\n", "night_date": "2026-08-11", "segment_id": "OSM_ro484_0_68", "event_match_distance_m": 1.3313983296789602 }, "geometry": { "type": "Point", "coordinates": [ 129.40561944755089, 28.19631187811898 ] } },
{ "type": "Feature", "properties": { "timestamp": "2026-08-13T00:07:00+09:00", "session_start": "2026-08-11T21:28:00+09:00", "event_type": "目撃", "species": "ネズミ", "individual_count": 1, "size": null, "wetness": "ウエット", "lat": 28.196900726349629, "lon": 129.39229608609679, "raw_text": "2026/08/13 0:07\n目撃\n\n1匹\nネズミ\nクロウサギ\nウエット\n\n28.19690072634963\n129.3922960860968\n", "night_date": "2026-08-11", "segment_id": "OSM_ro137_0_59", "event_match_distance_m": 0.89791413382700058 }, "geometry": { "type": "Point", "coordinates": [ 129.392296086096792, 28.196900726349629 ] } },
{ "type": "Feature", "properties": { "timestamp": "2026-08-13T00:08:00+09:00", "session_start": "2026-08-11T21:28:00+09:00", "event_type": "目撃", "species": "ネズミ", "individual_count": 1, "size": null, "wetness": "ウエット", "lat": 28.197239264853781, "lon": 129.3920415732066, "raw_text": "2026/08/13 0:08\n目撃\n\n1匹\nネズミ\nウエット\n\n28.19723926485378\n129.3920415732066", "night_date": "2026-08-11", "segment_id": "OSM_ro137_0_63", "event_match_distance_m": 5.1979602172774362 }, "geometry": { "type": "Point", "coordinates": [ 129.392041573206598, 28.197239264853781 ] } },
{ "type": "Feature", "properties": { "timestamp": "2026-08-13T00:23:00+09:00", "session_start": "2026-08-11T21:28:00+09:00", "event_type": "轢死", "species": "リュウキュウアオヘビ", "individual_count": 1, "size": null, "wetness": "ドライ", "lat": 28.182342344860889, "lon": 129.37439306548831, "raw_text": "2026/08/13 0:23\n轢死\n\n1匹\nリュウキュウアオヘビ\nドライ\n瀬戸内町国道58号\n28.18234234486089\n129.3743930654883\n", "night_date": "2026-08-11", "segment_id": "OSM_ro456_0_14", "event_match_distance_m": 1.4802969838780395 }, "geometry": { "type": "Point", "coordinates": [ 129.374393065488306, 28.182342344860889 ] } },
{ "type": "Feature", "properties": { "timestamp": "2026-08-13T00:25:00+09:00", "session_start": "2026-08-11T21:28:00+09:00", "event_type": "目撃", "species": "オットンガエル", "individual_count": 1, "size": null, "wetness": "ドライ", "lat": 28.183740695185779, "lon": 129.3701354188243, "raw_text": "2026/08/13 0:25\n目撃\n\n1匹\nオットンガエル\nドライ\n瀬戸内町網野子\n28.18374069518578\n129.3701354188243\n", "night_date": "2026-08-11", "segment_id": "OSM_ro129_0_39", "event_match_distance_m": 0.74203188724110913 }, "geometry": { "type": "Point", "coordinates": [ 129.370135418824304, 28.183740695185779 ] } },
{ "type": "Feature", "properties": { "timestamp": "2026-08-13T00:29:00+09:00", "session_start": "2026-08-11T21:28:00+09:00", "event_type": "目撃", "species": "ヒメハブ", "individual_count": 1, "size": null, "wetness": "ドライ", "lat": 28.178492973188352, "lon": 129.36585156649659, "raw_text": "2026/08/13 0:29\n目撃\n\n1匹\nヒメハブ\nドライ\n瀬戸内町網野子729\n28.17849297318835\n129.3658515664966\n", "night_date": "2026-08-11", "segment_id": "OSM_ro129_0_157", "event_match_distance_m": 3.8038302637296777 }, "geometry": { "type": "Point", "coordinates": [ 129.365851566496588, 28.178492973188352 ] } },
{ "type": "Feature", "properties": { "timestamp": "2026-08-13T00:30:00+09:00", "session_start": "2026-08-11T21:28:00+09:00", "event_type": "目撃", "species": "カエル", "individual_count": 5, "size": null, "wetness": "ソークド(水跳ね)", "lat": 28.17592422453118, "lon": 129.363374979474, "raw_text": "2026/08/13 0:30\n目撃\n\n5匹以上\nカエル\nソークド(水跳ね)\n瀬戸内町網野子\n28.17592422453118\n129.363374979474", "night_date": "2026-08-11", "segment_id": "OSM_ro129_0_199", "event_match_distance_m": 2.7760452780352565 }, "geometry": { "type": "Point", "coordinates": [ 129.363374979474003, 28.17592422453118 ] } },
{ "type": "Feature", "properties": { "timestamp": "2026-08-13T01:42:00+09:00", "session_start": "2026-08-11T21:28:00+09:00", "event_type": "捕獲", "species": "ハブ", "individual_count": 1, "size": "小", "wetness": "ウエット", "lat": 28.170245671131781, "lon": 129.30005243869229, "raw_text": "2026/08/13 1:42\n捕獲\nハブ捕獲小\nとぐろ\n木の上\nウエット\n瀬戸内町久根津469\n28.17024567113178\n129.3000524386923\n", "night_date": "2026-08-11", "segment_id": "OSM_ro301_0_0", "event_match_distance_m": 33.093696401516262 }, "geometry": { "type": "Point", "coordinates": [ 129.30005243869229, 28.170245671131781 ] } },
{ "type": "Feature", "properties": { "timestamp": "2026-08-13T01:44:00+09:00", "session_start": "2026-08-11T21:28:00+09:00", "event_type": "目撃", "species": "その他", "individual_count": 1, "size": null, "wetness": "ウエット", "lat": 28.171125228656301, "lon": 129.29900317975429, "raw_text": "2026/08/13 1:44\n目撃\n\n1匹\nリュウキュウアオバズク\nウエット\n瀬戸内町久根津243-1\n28.1711252286563\n129.2990031797543\n", "night_date": "2026-08-11", "segment_id": "OSM_ro130_0_11", "event_match_distance_m": 1.3643544318505967 }, "geometry": { "type": "Point", "coordinates": [ 129.299003179754294, 28.171125228656301 ] } },
{ "type": "Feature", "properties": { "timestamp": "2026-08-13T01:44:00+09:00", "session_start": "2026-08-11T21:28:00+09:00", "event_type": "目撃", "species": "カエル", "individual_count": 5, "size": null, "wetness": "ソークド(水跳ね)", "lat": 28.171283517403069, "lon": 129.29879517934401, "raw_text": "2026/08/13 1:44\n目撃\n\n5匹以上\nカエル\nソークド(水跳ね)\n瀬戸内町久根津\n28.17128351740307\n129.298795179344", "night_date": "2026-08-11", "segment_id": "OSM_ro130_0_13", "event_match_distance_m": 0.12487216944007115 }, "geometry": { "type": "Point", "coordinates": [ 129.298795179344012, 28.171283517403069 ] } },
{ "type": "Feature", "properties": { "timestamp": "2026-08-13T02:01:00+09:00", "session_start": "2026-08-11T21:28:00+09:00", "event_type": "捕獲", "species": "ハブ", "individual_count": 1, "size": "中", "wetness": "ドライ", "lat": 28.19472165899677, "lon": 129.28323663364489, "raw_text": "2026/08/13 2:01\n捕獲\nハブ捕獲中\n移動中\n道路中央\nドライ\n瀬戸内町小名瀬\n28.19472165899677\n129.2832366336449\n", "night_date": "2026-08-11", "segment_id": "OSM_ro916_0_94", "event_match_distance_m": 2.5059382731937707 }, "geometry": { "type": "Point", "coordinates": [ 129.28323663364489, 28.19472165899677 ] } },
{ "type": "Feature", "properties": { "timestamp": "2026-08-13T02:15:00+09:00", "session_start": "2026-08-11T21:28:00+09:00", "event_type": "目撃", "species": "オットンガエル", "individual_count": 1, "size": null, "wetness": "ウエット", "lat": 28.208219021786451, "lon": 129.28746404959981, "raw_text": "2026/08/13 2:15\n目撃\n\n1匹\nオットンガエル\nウエット\n\n28.20821902178645\n129.2874640495998\n", "night_date": "2026-08-11", "segment_id": "OSM_ro86_0_211", "event_match_distance_m": 0.45374168821054162 }, "geometry": { "type": "Point", "coordinates": [ 129.287464049599805, 28.208219021786451 ] } },
{ "type": "Feature", "properties": { "timestamp": "2026-08-13T02:44:00+09:00", "session_start": "2026-08-11T21:28:00+09:00", "event_type": "目撃", "species": "カエル", "individual_count": 1, "size": null, "wetness": "ウエット", "lat": 28.213969124163579, "lon": 129.2887426952307, "raw_text": "2026/08/13 2:44\n目撃\n\n1匹\nカエル\nウエット\n\n28.21396912416358\n129.2887426952307\n", "night_date": "2026-08-11", "segment_id": "OSM_ro412_0_32", "event_match_distance_m": 0.19644504133681984 }, "geometry": { "type": "Point", "coordinates": [ 129.288742695230695, 28.213969124163579 ] } },
{ "type": "Feature", "properties": { "timestamp": "2026-08-13T02:49:00+09:00", "session_start": "2026-08-11T21:28:00+09:00", "event_type": "目撃", "species": "アカマタ", "individual_count": 1, "size": null, "wetness": "ソークド(水跳ね)", "lat": 28.210460418175, "lon": 129.28993370978671, "raw_text": "2026/08/13 2:49\n目撃\n\n1匹\nアカマタ\nソークド(水跳ね)\n瀬戸内町県道79号\n28.210460418175\n129.2899337097867\n", "night_date": "2026-08-11", "segment_id": "OSM_ro86_0_172", "event_match_distance_m": 0.81160133183548089 }, "geometry": { "type": "Point", "coordinates": [ 129.289933709786709, 28.210460418175 ] } },
{ "type": "Feature", "properties": { "timestamp": "2026-08-13T02:50:00+09:00", "session_start": "2026-08-11T21:28:00+09:00", "event_type": "目撃", "species": "ガラスヒヴァ", "individual_count": 1, "size": null, "wetness": "ウエット", "lat": 28.210139040320321, "lon": 129.2889062953345, "raw_text": "2026/08/13 2:50\n目撃\n\n1匹\nガラスヒヴァ\nウエット\n瀬戸内町県道79号\n28.21013904032032\n129.2889062953345\n", "night_date": "2026-08-11", "segment_id": "OSM_ro86_0_183", "event_match_distance_m": 0.78165192328172695 }, "geometry": { "type": "Point", "coordinates": [ 129.288906295334499, 28.210139040320321 ] } },
{ "type": "Feature", "properties": { "timestamp": "2026-08-13T02:57:00+09:00", "session_start": "2026-08-11T21:28:00+09:00", "event_type": "目撃", "species": "クロウサギ", "individual_count": 2, "size": null, "wetness": "ドライ", "lat": 28.194768429025761, "lon": 129.28328907894019, "raw_text": "2026/08/13 2:57\n目撃\n\n2匹\nクロウサギ\nドライ\n瀬戸内町県道79号\n28.19476842902576\n129.2832890789402\n", "night_date": "2026-08-11", "segment_id": "OSM_ro916_0_93", "event_match_distance_m": 4.3988456047770477 }, "geometry": { "type": "Point", "coordinates": [ 129.283289078940186, 28.194768429025761 ] } },
{ "type": "Feature", "properties": { "timestamp": "2026-08-13T02:58:00+09:00", "session_start": "2026-08-11T21:28:00+09:00", "event_type": "目撃", "species": "カエル", "individual_count": 1, "size": null, "wetness": "ドライ", "lat": 28.19132055263475, "lon": 129.28669954199199, "raw_text": "2026/08/13 2:58\n目撃\n\n1匹\nカエル\nドライ\n\n28.19132055263475\n129.286699541992\n", "night_date": "2026-08-11", "segment_id": "OSM_ro916_0_149", "event_match_distance_m": 4.0644760032752583 }, "geometry": { "type": "Point", "coordinates": [ 129.286699541991993, 28.19132055263475 ] } },
{ "type": "Feature", "properties": { "timestamp": "2026-08-13T03:25:00+09:00", "session_start": "2026-08-11T21:28:00+09:00", "event_type": "目撃", "species": "ヤマシギ", "individual_count": 1, "size": null, "wetness": "ドライ", "lat": 28.16466153888139, "lon": 129.29117638050269, "raw_text": "2026/08/13 3:25\n目撃\n\n1匹\nヤマシギ\nドライ\n瀬戸内町県道79号\n28.16466153888139\n129.2911763805027", "night_date": "2026-08-11", "segment_id": "OSM_ro566_0_77", "event_match_distance_m": 1.1392990120559119 }, "geometry": { "type": "Point", "coordinates": [ 129.291176380502691, 28.16466153888139 ] } },
{ "type": "Feature", "properties": { "timestamp": "2026-08-13T20:25:00+09:00", "session_start": "2026-08-11T21:28:00+09:00", "event_type": "目撃", "species": "カエル", "individual_count": 1, "size": null, "wetness": "ドライ", "lat": 28.13143235220608, "lon": 129.33314633164349, "raw_text": "2026/08/13 20:25\n目撃\n\n1匹\nカエル\nドライ\n瀬戸内町県道626号\n28.13143235220608\n129.3331463316435\n", "night_date": "2026-08-11", "segment_id": "OSM_ro119_0_330", "event_match_distance_m": 3.2310221060755744 }, "geometry": { "type": "Point", "coordinates": [ 129.333146331643491, 28.13143235220608 ] } },
{ "type": "Feature", "properties": { "timestamp": "2026-08-13T20:41:00+09:00", "session_start": "2026-08-11T21:28:00+09:00", "event_type": "目撃", "species": "ヤマシギ", "individual_count": 1, "size": null, "wetness": "ドライ", "lat": 28.14173284094942, "lon": 129.34823851552349, "raw_text": "2026/08/13 20:41\n目撃\n\n1匹\nヤマシギ\nドライ\n瀬戸内町県道626号\n28.14173284094942\n129.3482385155235\n", "night_date": "2026-08-11", "segment_id": "OSM_ro136_0_241", "event_match_distance_m": 4.7988695069754259 }, "geometry": { "type": "Point", "coordinates": [ 129.348238515523491, 28.14173284094942 ] } },
{ "type": "Feature", "properties": { "timestamp": "2026-08-13T20:47:00+09:00", "session_start": "2026-08-11T21:28:00+09:00", "event_type": "目撃", "species": "ヤマシギ", "individual_count": 1, "size": null, "wetness": "ドライ", "lat": 28.147418666486718, "lon": 129.35733746363681, "raw_text": "2026/08/13 20:47\n目撃\n\n1匹\nヤマシギ\nドライ\n瀬戸内町伊須\n28.14741866648672\n129.3573374636368\n", "night_date": "2026-08-11", "segment_id": "OSM_ro480_0_64", "event_match_distance_m": 5.3036657486659848 }, "geometry": { "type": "Point", "coordinates": [ 129.35733746363681, 28.147418666486718 ] } },
{ "type": "Feature", "properties": { "timestamp": "2026-08-13T20:56:00+09:00", "session_start": "2026-08-11T21:28:00+09:00", "event_type": "目撃", "species": "その他", "individual_count": 1, "size": null, "wetness": "ドライ", "lat": 28.156937115023339, "lon": 129.3513410256287, "raw_text": "2026/08/13 20:56\n目撃\n\n1匹\nアカショウビン\nドライ\n瀬戸内町伊須\n28.15693711502334\n129.3513410256287\n", "night_date": "2026-08-11", "segment_id": "OSM_ro221_0_97", "event_match_distance_m": 3.5697821182773772 }, "geometry": { "type": "Point", "coordinates": [ 129.351341025628699, 28.156937115023339 ] } },
{ "type": "Feature", "properties": { "timestamp": "2026-08-13T20:58:00+09:00", "session_start": "2026-08-11T21:28:00+09:00", "event_type": "轢死", "species": "ハブ", "individual_count": 1, "size": null, "wetness": "ドライ", "lat": 28.157456787125049, "lon": 129.34883071581919, "raw_text": "2026/08/13 20:58\n轢死\n\n1匹\nハブ\nドライ\n\n28.15745678712505\n129.3488307158192\n", "night_date": "2026-08-11", "segment_id": "OSM_ro306_0_18", "event_match_distance_m": 1.150399024804754 }, "geometry": { "type": "Point", "coordinates": [ 129.34883071581919, 28.157456787125049 ] } },
{ "type": "Feature", "properties": { "timestamp": "2026-08-13T21:01:00+09:00", "session_start": "2026-08-11T21:28:00+09:00", "event_type": "目撃", "species": "ネズミ", "individual_count": 1, "size": null, "wetness": "ドライ", "lat": 28.16200528802246, "lon": 129.3430808663806, "raw_text": "2026/08/13 21:01\n目撃\n\n1匹\nネズミ\nドライ\n瀬戸内町伊須\n28.16200528802246\n129.3430808663806\n", "night_date": "2026-08-11", "segment_id": "OSM_ro306_0_102", "event_match_distance_m": 4.6765292891794736 }, "geometry": { "type": "Point", "coordinates": [ 129.343080866380603, 28.16200528802246 ] } },
{ "type": "Feature", "properties": { "timestamp": "2026-08-13T21:04:00+09:00", "session_start": "2026-08-11T21:28:00+09:00", "event_type": "捕獲", "species": "ハブ", "individual_count": 1, "size": "中", "wetness": "ドライ", "lat": 28.16596370234442, "lon": 129.33831741667649, "raw_text": "2026/08/13 21:04\n捕獲\nハブ捕獲中\n移動中\n道路中央\nドライ\n瀬戸内町阿木名\n28.16596370234442\n129.3383174166765", "night_date": "2026-08-11", "segment_id": "OSM_ro103_0_11", "event_match_distance_m": 9.0540491526380489 }, "geometry": { "type": "Point", "coordinates": [ 129.338317416676489, 28.16596370234442 ] } },
{ "type": "Feature", "properties": { "timestamp": "2026-08-13T21:17:00+09:00", "session_start": "2026-08-11T21:28:00+09:00", "event_type": "目撃", "species": "カエル", "individual_count": 1, "size": null, "wetness": "ウエット", "lat": 28.175303984227028, "lon": 129.3633234485566, "raw_text": "2026/08/13 21:17\n目撃\n\n1匹\nカエル\nウエット\n瀬戸内町網野子\n28.17530398422703\n129.3633234485566\n", "night_date": "2026-08-11", "segment_id": "OSM_ro129_0_207", "event_match_distance_m": 0.3813836091771699 }, "geometry": { "type": "Point", "coordinates": [ 129.363323448556599, 28.175303984227028 ] } },
{ "type": "Feature", "properties": { "timestamp": "2026-08-13T21:18:00+09:00", "session_start": "2026-08-11T21:28:00+09:00", "event_type": "目撃", "species": "カエル", "individual_count": 5, "size": null, "wetness": "ソークド(水跳ね)", "lat": 28.176003280658762, "lon": 129.36337573198509, "raw_text": "2026/08/13 21:18\n目撃\n\n5匹以上\nカエル\nソークド(水跳ね)\n瀬戸内町網野子\n28.17600328065876\n129.3633757319851\n", "night_date": "2026-08-11", "segment_id": "OSM_ro129_0_199", "event_match_distance_m": 1.881708360154567 }, "geometry": { "type": "Point", "coordinates": [ 129.363375731985087, 28.176003280658762 ] } },
{ "type": "Feature", "properties": { "timestamp": "2026-08-13T21:18:00+09:00", "session_start": "2026-08-11T21:28:00+09:00", "event_type": "目撃", "species": "クロウサギ", "individual_count": 1, "size": null, "wetness": "ドライ", "lat": 28.177386820839409, "lon": 129.36400636594291, "raw_text": "2026/08/13 21:18\n目撃\n\n1匹\nクロウサギ\nドライ\n瀬戸内町網野子\n28.17738682083941\n129.3640063659429\n", "night_date": "2026-08-11", "segment_id": "OSM_ro129_0_181", "event_match_distance_m": 0.77711972303858845 }, "geometry": { "type": "Point", "coordinates": [ 129.364006365942913, 28.177386820839409 ] } },
{ "type": "Feature", "properties": { "timestamp": "2026-08-13T21:25:00+09:00", "session_start": "2026-08-11T21:28:00+09:00", "event_type": "目撃", "species": "オットンガエル", "individual_count": 1, "size": null, "wetness": "ドライ", "lat": 28.182416175511111, "lon": 129.37434045687471, "raw_text": "2026/08/13 21:25\n目撃\n\n1匹\nオットンガエル\nドライ\n瀬戸内町国道58号\n28.18241617551111\n129.3743404568747", "night_date": "2026-08-11", "segment_id": "OSM_ro456_0_13", "event_match_distance_m": 5.081695176630741 }, "geometry": { "type": "Point", "coordinates": [ 129.374340456874705, 28.182416175511111 ] } },
{ "type": "Feature", "properties": { "timestamp": "2026-08-13T21:33:00+09:00", "session_start": "2026-08-11T21:28:00+09:00", "event_type": "目撃", "species": "クロウサギ", "individual_count": 1, "size": null, "wetness": "ドライ", "lat": 28.18836528699152, "lon": 129.3847428082677, "raw_text": "2026/08/13 21:33\n目撃\n\n1匹\nクロウサギ\nドライ\n瀬戸内町嘉徳\n28.18836528699152\n129.3847428082677\n", "night_date": "2026-08-11", "segment_id": "OSM_ro246_0_40", "event_match_distance_m": 18.499716450340902 }, "geometry": { "type": "Point", "coordinates": [ 129.384742808267703, 28.18836528699152 ] } },
{ "type": "Feature", "properties": { "timestamp": "2026-08-13T21:41:00+09:00", "session_start": "2026-08-11T21:28:00+09:00", "event_type": "目撃", "species": "その他", "individual_count": 1, "size": null, "wetness": "ドライ", "lat": 28.197558393609668, "lon": 129.39219577828541, "raw_text": "2026/08/13 21:41\n目撃\n\n1匹\nリュウキュウアオバズク\nドライ\n\n28.19755839360967\n129.3921957782854\n", "night_date": "2026-08-11", "segment_id": "OSM_ro137_0_67", "event_match_distance_m": 1.4217093468368949 }, "geometry": { "type": "Point", "coordinates": [ 129.392195778285412, 28.197558393609668 ] } },
{ "type": "Feature", "properties": { "timestamp": "2026-08-13T21:41:00+09:00", "session_start": "2026-08-11T21:28:00+09:00", "event_type": "目撃", "species": "カエル", "individual_count": 1, "size": null, "wetness": "ドライ", "lat": 28.19699228414418, "lon": 129.3921624774766, "raw_text": "2026/08/13 21:41\n目撃\n\n1匹\nカエル\nドライ\n\n28.19699228414418\n129.3921624774766\n", "night_date": "2026-08-11", "segment_id": "OSM_ro137_0_60", "event_match_distance_m": 0.36675394067016631 }, "geometry": { "type": "Point", "coordinates": [ 129.392162477476603, 28.19699228414418 ] } },
{ "type": "Feature", "properties": { "timestamp": "2026-08-13T21:45:00+09:00", "session_start": "2026-08-11T21:28:00+09:00", "event_type": "目撃", "species": "その他", "individual_count": 1, "size": null, "wetness": "ドライ", "lat": 28.194953284943299, "lon": 129.39689108329301, "raw_text": "2026/08/13 21:45\n目撃\n\n1匹\nアカショウビン\nドライ\n瀬戸内町嘉徳\n28.1949532849433\n129.396891083293\n", "night_date": "2026-08-11", "segment_id": "OSM_ro137_0_3", "event_match_distance_m": 10.903900755432421 }, "geometry": { "type": "Point", "coordinates": [ 129.396891083293013, 28.194953284943299 ] } },
{ "type": "Feature", "properties": { "timestamp": "2026-08-13T22:00:00+09:00", "session_start": "2026-08-11T21:28:00+09:00", "event_type": "目撃", "species": "カエル", "individual_count": 5, "size": null, "wetness": "ソークド(水跳ね)", "lat": 28.189395497485339, "lon": 129.39658715093461, "raw_text": "2026/08/13 22:00\n目撃\n\n5匹以上\nカエル\nソークド(水跳ね)\n瀬戸内町嘉徳\n28.18939549748534\n129.3965871509346\n", "night_date": "2026-08-11", "segment_id": "OSM_ro448_0_72", "event_match_distance_m": 3.7572878269792631 }, "geometry": { "type": "Point", "coordinates": [ 129.396587150934607, 28.189395497485339 ] } },
{ "type": "Feature", "properties": { "timestamp": "2026-08-13T22:00:00+09:00", "session_start": "2026-08-11T21:28:00+09:00", "event_type": "目撃", "species": "ネズミ", "individual_count": 1, "size": null, "wetness": "ドライ", "lat": 28.189039602193439, "lon": 129.39643603557261, "raw_text": "2026/08/13 22:00\n目撃\n\n1匹\nネズミ\nドライ\n瀬戸内町嘉徳\n28.18903960219344\n129.3964360355726\n", "night_date": "2026-08-11", "segment_id": "OSM_ro448_0_76", "event_match_distance_m": 1.3560033583273767 }, "geometry": { "type": "Point", "coordinates": [ 129.396436035572606, 28.189039602193439 ] } },
{ "type": "Feature", "properties": { "timestamp": "2026-08-13T22:01:00+09:00", "session_start": "2026-08-11T21:28:00+09:00", "event_type": "目撃", "species": "カエル", "individual_count": 5, "size": null, "wetness": "ソークド(水跳ね)", "lat": 28.188321246798509, "lon": 129.39598136966859, "raw_text": "2026/08/13 22:01\n目撃\n\n5匹以上\nカエル\nソークド(水跳ね)\n瀬戸内町嘉徳\n28.18832124679851\n129.3959813696686\n", "night_date": "2026-08-11", "segment_id": "OSM_ro448_0_85", "event_match_distance_m": 4.3841019664110386 }, "geometry": { "type": "Point", "coordinates": [ 129.39598136966859, 28.188321246798509 ] } },
{ "type": "Feature", "properties": { "timestamp": "2026-08-13T22:02:00+09:00", "session_start": "2026-08-11T21:28:00+09:00", "event_type": "目撃", "species": "カエル", "individual_count": 5, "size": null, "wetness": "ソークド(水跳ね)", "lat": 28.18780756033275, "lon": 129.39553667368909, "raw_text": "2026/08/13 22:02\n目撃\n\n5匹以上\nカエル\nソークド(水跳ね)\n瀬戸内町嘉徳\n28.18780756033275\n129.3955366736891\n", "night_date": "2026-08-11", "segment_id": "OSM_ro448_0_93", "event_match_distance_m": 6.1693607206764183 }, "geometry": { "type": "Point", "coordinates": [ 129.395536673689094, 28.18780756033275 ] } },
{ "type": "Feature", "properties": { "timestamp": "2026-08-13T22:08:00+09:00", "session_start": "2026-08-11T21:28:00+09:00", "event_type": "目撃", "species": "オットンガエル", "individual_count": 1, "size": null, "wetness": "ドライ", "lat": 28.187208547375501, "lon": 129.3986270203921, "raw_text": "2026/08/13 22:08\n目撃\n\n1匹\nオットンガエル\nドライ\n瀬戸内町嘉徳\n28.1872085473755\n129.3986270203921\n", "night_date": "2026-08-11", "segment_id": "OSM_ro191_0_64", "event_match_distance_m": 0.58700261069906479 }, "geometry": { "type": "Point", "coordinates": [ 129.398627020392098, 28.187208547375501 ] } },
{ "type": "Feature", "properties": { "timestamp": "2026-08-13T22:09:00+09:00", "session_start": "2026-08-11T21:28:00+09:00", "event_type": "目撃", "species": "カエル", "individual_count": 5, "size": null, "wetness": "ソークド(水跳ね)", "lat": 28.186752950102719, "lon": 129.39894547760349, "raw_text": "2026/08/13 22:09\n目撃\n\n5匹以上\nカエル\nソークド(水跳ね)\n\n28.18675295010272\n129.3989454776035", "night_date": "2026-08-11", "segment_id": "OSM_ro191_0_70", "event_match_distance_m": 5.0129448191168819 }, "geometry": { "type": "Point", "coordinates": [ 129.39894547760349, 28.186752950102719 ] } },
{ "type": "Feature", "properties": { "timestamp": "2026-08-13T22:24:00+09:00", "session_start": "2026-08-11T21:28:00+09:00", "event_type": "目撃", "species": "カエル", "individual_count": 5, "size": null, "wetness": "ソークド(水跳ね)", "lat": 28.178201815650731, "lon": 129.3933862508328, "raw_text": "2026/08/13 22:24\n目撃\n\n5匹以上\nカエル\nソークド(水跳ね)\n瀬戸内町節子\n28.17820181565073\n129.3933862508328\n", "night_date": "2026-08-11", "segment_id": "OSM_ro104_0_64", "event_match_distance_m": 3.3540965430613672 }, "geometry": { "type": "Point", "coordinates": [ 129.393386250832805, 28.178201815650731 ] } },
{ "type": "Feature", "properties": { "timestamp": "2026-08-13T22:26:00+09:00", "session_start": "2026-08-11T21:28:00+09:00", "event_type": "目撃", "species": "ヤマシギ", "individual_count": 1, "size": null, "wetness": "ウエット", "lat": 28.177210195037109, "lon": 129.39423761521559, "raw_text": "2026/08/13 22:26\n目撃\n\n1匹\nヤマシギ\nウエット\n瀬戸内町節子\n28.17721019503711\n129.3942376152156", "night_date": "2026-08-11", "segment_id": "OSM_ro104_0_86", "event_match_distance_m": 9.4052367274541542 }, "geometry": { "type": "Point", "coordinates": [ 129.394237615215587, 28.177210195037109 ] } },
{ "type": "Feature", "properties": { "timestamp": "2026-08-13T22:29:00+09:00", "session_start": "2026-08-11T21:28:00+09:00", "event_type": "目撃", "species": "ヤマシギ", "individual_count": 3, "size": null, "wetness": "ドライ", "lat": 28.17605011990138, "lon": 129.39638911287889, "raw_text": "2026/08/13 22:29\n目撃\n\n3匹\nヤマシギ\nドライ\n瀬戸内町節子\n28.17605011990138\n129.3963891128789\n", "night_date": "2026-08-11", "segment_id": "OSM_ro289_0_12", "event_match_distance_m": 3.0380104518641162 }, "geometry": { "type": "Point", "coordinates": [ 129.396389112878893, 28.17605011990138 ] } },
{ "type": "Feature", "properties": { "timestamp": "2026-08-13T22:31:00+09:00", "session_start": "2026-08-11T21:28:00+09:00", "event_type": "目撃", "species": "ヤマシギ", "individual_count": 1, "size": null, "wetness": "ドライ", "lat": 28.174397830189751, "lon": 129.39500682079341, "raw_text": "2026/08/13 22:31\n目撃\n\n1匹\nヤマシギ\nドライ\n\n28.17439783018975\n129.3950068207934\n", "night_date": "2026-08-11", "segment_id": "OSM_ro289_0_43", "event_match_distance_m": 5.5268559439385267 }, "geometry": { "type": "Point", "coordinates": [ 129.395006820793412, 28.174397830189751 ] } },
{ "type": "Feature", "properties": { "timestamp": "2026-08-13T22:32:00+09:00", "session_start": "2026-08-11T21:28:00+09:00", "event_type": "目撃", "species": "オットンガエル", "individual_count": 1, "size": null, "wetness": "ドライ", "lat": 28.174522099949431, "lon": 129.39450630604281, "raw_text": "2026/08/13 22:32\n目撃\n\n1匹\nオットンガエル\nドライ\n瀬戸内町節子\n28.17452209994943\n129.3945063060428\n", "night_date": "2026-08-11", "segment_id": "OSM_ro289_0_51", "event_match_distance_m": 4.0373140706345527 }, "geometry": { "type": "Point", "coordinates": [ 129.394506306042814, 28.174522099949431 ] } },
{ "type": "Feature", "properties": { "timestamp": "2026-08-13T22:36:00+09:00", "session_start": "2026-08-11T21:28:00+09:00", "event_type": "目撃", "species": "ヤマシギ", "individual_count": 1, "size": null, "wetness": "ドライ", "lat": 28.174370744824209, "lon": 129.3968028599796, "raw_text": "2026/08/13 22:36\n目撃\n\n1匹\nヤマシギ\nドライ\n\n28.17437074482421\n129.3968028599796\n", "night_date": "2026-08-11", "segment_id": "OSM_ro289_0_87", "event_match_distance_m": 12.505431223009213 }, "geometry": { "type": "Point", "coordinates": [ 129.396802859979601, 28.174370744824209 ] } },
{ "type": "Feature", "properties": { "timestamp": "2026-08-13T22:38:00+09:00", "session_start": "2026-08-11T21:28:00+09:00", "event_type": "目撃", "species": "オットンガエル", "individual_count": 1, "size": null, "wetness": "ドライ", "lat": 28.174439016760498, "lon": 129.39784398950579, "raw_text": "2026/08/13 22:38\n目撃\n\n1匹\nオットンガエル\nドライ\n\n28.1744390167605\n129.3978439895058\n", "night_date": "2026-08-11", "segment_id": "OSM_ro289_0_99", "event_match_distance_m": 11.538230504660348 }, "geometry": { "type": "Point", "coordinates": [ 129.397843989505787, 28.174439016760498 ] } },
{ "type": "Feature", "properties": { "timestamp": "2026-08-13T22:40:00+09:00", "session_start": "2026-08-11T21:28:00+09:00", "event_type": "目撃", "species": "ヤマシギ", "individual_count": 1, "size": null, "wetness": "ドライ", "lat": 28.174239043142659, "lon": 129.39891539048591, "raw_text": "2026/08/13 22:40\n目撃\n\n1匹\nヤマシギ\nドライ\n瀬戸内町節子\n28.17423904314266\n129.3989153904859\n", "night_date": "2026-08-11", "segment_id": "OSM_ro249_0_18", "event_match_distance_m": 3.5514124537874454 }, "geometry": { "type": "Point", "coordinates": [ 129.398915390485911, 28.174239043142659 ] } },
{ "type": "Feature", "properties": { "timestamp": "2026-08-13T22:57:00+09:00", "session_start": "2026-08-11T21:28:00+09:00", "event_type": "目撃", "species": "ヤマシギ", "individual_count": 1, "size": null, "wetness": "ドライ", "lat": 28.169380890457699, "lon": 129.39610065536829, "raw_text": "2026/08/13 22:57\n目撃\n\n1匹\nヤマシギ\nドライ\n\n28.1693808904577\n129.3961006553683\n", "night_date": "2026-08-11", "segment_id": "OSM_ro313_0_24", "event_match_distance_m": 1.0962976655596139 }, "geometry": { "type": "Point", "coordinates": [ 129.396100655368286, 28.169380890457699 ] } },
{ "type": "Feature", "properties": { "timestamp": "2026-08-13T23:06:00+09:00", "session_start": "2026-08-11T21:28:00+09:00", "event_type": "目撃", "species": "ヤマシギ", "individual_count": 2, "size": null, "wetness": "ドライ", "lat": 28.164459378894939, "lon": 129.3951164309785, "raw_text": "2026/08/13 23:06\n目撃\n\n2匹\nヤマシギ\nドライ\n瀬戸内町節子\n28.16445937889494\n129.3951164309785\n", "night_date": "2026-08-11", "segment_id": "OSM_ro42_0_58", "event_match_distance_m": 5.958965335785015 }, "geometry": { "type": "Point", "coordinates": [ 129.395116430978504, 28.164459378894939 ] } },
{ "type": "Feature", "properties": { "timestamp": "2026-08-13T23:22:00+09:00", "session_start": "2026-08-11T21:28:00+09:00", "event_type": "目撃", "species": "ヤマシギ", "individual_count": 1, "size": null, "wetness": "ドライ", "lat": 28.163220535393481, "lon": 129.38646727836061, "raw_text": "2026/08/13 23:22\n目撃\n\n1匹\nヤマシギ\nドライ\n瀬戸内町節子\n28.16322053539348\n129.3864672783606\n", "night_date": "2026-08-11", "segment_id": "OSM_ro440_0_15", "event_match_distance_m": 2.2466310456251106 }, "geometry": { "type": "Point", "coordinates": [ 129.386467278360612, 28.163220535393481 ] } },
{ "type": "Feature", "properties": { "timestamp": "2026-08-13T23:27:00+09:00", "session_start": "2026-08-11T21:28:00+09:00", "event_type": "目撃", "species": "ヤマシギ", "individual_count": 1, "size": null, "wetness": "ドライ", "lat": 28.165856080403099, "lon": 129.38754217345661, "raw_text": "2026/08/13 23:27\n目撃\n\n1匹\nヤマシギ\nドライ\n瀬戸内町節子\n28.1658560804031\n129.3875421734566\n", "night_date": "2026-08-11", "segment_id": "OSM_ro364_0_71", "event_match_distance_m": 8.0924402001451643 }, "geometry": { "type": "Point", "coordinates": [ 129.387542173456609, 28.165856080403099 ] } },
{ "type": "Feature", "properties": { "timestamp": "2026-08-13T23:32:00+09:00", "session_start": "2026-08-11T21:28:00+09:00", "event_type": "捕獲", "species": "ハブ", "individual_count": 1, "size": "小", "wetness": "ドライ", "lat": 28.165314186202881, "lon": 129.38430502752641, "raw_text": "2026/08/13 23:32\n捕獲\nハブ捕獲小\nとぐろ\n道路脇\nドライ\n瀬戸内町節子\n28.16531418620288\n129.3843050275264\n", "night_date": "2026-08-11", "segment_id": "OSM_ro364_0_24", "event_match_distance_m": 0.35640821128356132 }, "geometry": { "type": "Point", "coordinates": [ 129.384305027526409, 28.165314186202881 ] } },
{ "type": "Feature", "properties": { "timestamp": "2026-08-13T23:33:00+09:00", "session_start": "2026-08-11T21:28:00+09:00", "event_type": "目撃", "species": "ヤマシギ", "individual_count": 1, "size": null, "wetness": "ドライ", "lat": 28.165306686498759, "lon": 129.38408108996231, "raw_text": "2026/08/13 23:33\n目撃\n\n1匹\nヤマシギ\nドライ\n瀬戸内町節子\n28.16530668649876\n129.3840810899623\n", "night_date": "2026-08-11", "segment_id": "OSM_ro364_0_22", "event_match_distance_m": 0.48290408546319097 }, "geometry": { "type": "Point", "coordinates": [ 129.384081089962308, 28.165306686498759 ] } },
{ "type": "Feature", "properties": { "timestamp": "2026-08-13T23:53:00+09:00", "session_start": "2026-08-11T21:28:00+09:00", "event_type": "目撃", "species": "その他", "individual_count": 1, "size": null, "wetness": "ドライ", "lat": 28.16930588021469, "lon": 129.37747161691911, "raw_text": "2026/08/13 23:53\n目撃\n\n1匹\nアカショウビン\nドライ\n瀬戸内町節子\n28.16930588021469\n129.3774716169191\n", "night_date": "2026-08-11", "segment_id": "OSM_ro961_0_30", "event_match_distance_m": 4.1850358857055863 }, "geometry": { "type": "Point", "coordinates": [ 129.377471616919109, 28.16930588021469 ] } },
{ "type": "Feature", "properties": { "timestamp": "2026-08-14T00:17:00+09:00", "session_start": "2026-08-11T21:28:00+09:00", "event_type": "目撃", "species": "アカマタ", "individual_count": 1, "size": null, "wetness": "ドライ", "lat": 28.157578553898269, "lon": 129.34898939263761, "raw_text": "2026/08/14 0:17\n目撃\n\n1匹\nアカマタ\nドライ\n\n28.15757855389827\n129.3489893926376\n", "night_date": "2026-08-11", "segment_id": "OSM_ro306_0_16", "event_match_distance_m": 0.12469959116829683 }, "geometry": { "type": "Point", "coordinates": [ 129.348989392637606, 28.157578553898269 ] } },
{ "type": "Feature", "properties": { "timestamp": "2026-08-14T00:39:00+09:00", "session_start": "2026-08-11T21:28:00+09:00", "event_type": "轢死", "species": "アカマタ", "individual_count": 1, "size": null, "wetness": "ドライ", "lat": 28.13474654754954, "lon": 129.33733871812959, "raw_text": "2026/08/14 0:39\n轢死\n\n1匹\nアカマタ\nドライ\n瀬戸内町県道626号\n28.13474654754954\n129.3373387181296\n", "night_date": "2026-08-11", "segment_id": "OSM_ro119_0_417", "event_match_distance_m": 1.9416080535058056 }, "geometry": { "type": "Point", "coordinates": [ 129.337338718129587, 28.13474654754954 ] } },
{ "type": "Feature", "properties": { "timestamp": "2026-08-14T00:43:00+09:00", "session_start": "2026-08-11T21:28:00+09:00", "event_type": "目撃", "species": "アカマタ", "individual_count": 1, "size": null, "wetness": "ドライ", "lat": 28.135303389122431, "lon": 129.33081939159669, "raw_text": "2026/08/14 0:43\n目撃\n\n1匹\nアカマタ\nドライ\n瀬戸内町清水865-ロ\n28.13530338912243\n129.3308193915967", "night_date": "2026-08-11", "segment_id": "OSM_ro119_0_275", "event_match_distance_m": 0.68826318659877928 }, "geometry": { "type": "Point", "coordinates": [ 129.330819391596691, 28.135303389122431 ] } },
{ "type": "Feature", "properties": { "timestamp": "2026-08-15T20:15:00+09:00", "session_start": "2026-08-15T20:00:00+09:00", "event_type": "目撃", "species": "カエル", "individual_count": 3, "size": null, "wetness": "ソークド(水跳ね)", "lat": 28.138670516497921, "lon": 129.34723678035701, "raw_text": "2026/08/15 20:15\n目撃\n\n3匹\nカエル\nソークド(水跳ね)\n瀬戸内町県道626号\n28.13867051649792\n129.347236780357\n", "night_date": "2026-08-15", "segment_id": "OSM_ro136_0_291", "event_match_distance_m": 9.0706844880624491 }, "geometry": { "type": "Point", "coordinates": [ 129.347236780357008, 28.138670516497921 ] } },
{ "type": "Feature", "properties": { "timestamp": "2026-08-15T20:22:00+09:00", "session_start": "2026-08-15T20:00:00+09:00", "event_type": "目撃", "species": "ネズミ", "individual_count": 1, "size": null, "wetness": "ソークド(水跳ね)", "lat": 28.140938617063721, "lon": 129.35091332292859, "raw_text": "2026/08/15 20:22\n目撃\n\n1匹\nネズミ\nソークド(水跳ね)\n瀬戸内町県道626号\n28.14093861706372\n129.3509133229286\n", "night_date": "2026-08-15", "segment_id": "OSM_ro136_0_185", "event_match_distance_m": 7.1713754729414045 }, "geometry": { "type": "Point", "coordinates": [ 129.350913322928591, 28.140938617063721 ] } },
{ "type": "Feature", "properties": { "timestamp": "2026-08-15T20:32:00+09:00", "session_start": "2026-08-15T20:00:00+09:00", "event_type": "目撃", "species": "オットンガエル", "individual_count": 1, "size": null, "wetness": "ウエット", "lat": 28.15597308950116, "lon": 129.35341429516049, "raw_text": "2026/08/15 20:32\n目撃\n\n1匹\nオットンガエル\nウエット\n\n28.15597308950116\n129.3534142951605\n", "night_date": "2026-08-15", "segment_id": "OSM_ro221_0_69", "event_match_distance_m": 1.7665474689955933 }, "geometry": { "type": "Point", "coordinates": [ 129.353414295160491, 28.15597308950116 ] } },
{ "type": "Feature", "properties": { "timestamp": "2026-08-15T20:44:00+09:00", "session_start": "2026-08-15T20:00:00+09:00", "event_type": "目撃", "species": "カエル", "individual_count": 1, "size": null, "wetness": "ソークド(水跳ね)", "lat": 28.174168555632331, "lon": 129.3511104874562, "raw_text": "2026/08/15 20:44\n目撃\n\n1匹\nカエル\nソークド(水跳ね)\n瀬戸内町国道58号\n28.17416855563233\n129.3511104874562\n", "night_date": "2026-08-15", "segment_id": "OSM_ro129_0_402", "event_match_distance_m": 3.9716628333265835 }, "geometry": { "type": "Point", "coordinates": [ 129.351110487456197, 28.174168555632331 ] } },
{ "type": "Feature", "properties": { "timestamp": "2026-08-15T20:48:00+09:00", "session_start": "2026-08-15T20:00:00+09:00", "event_type": "目撃", "species": "カエル", "individual_count": 5, "size": null, "wetness": "ウエット", "lat": 28.17121982220651, "lon": 129.35967433298711, "raw_text": "2026/08/15 20:48\n目撃\n\n5匹以上\nカエル\nウエット\n瀬戸内町網野子\n28.17121982220651\n129.3596743329871", "night_date": "2026-08-15", "segment_id": "OSM_ro129_0_284", "event_match_distance_m": 0.15172157149790352 }, "geometry": { "type": "Point", "coordinates": [ 129.359674332987112, 28.17121982220651 ] } },
{ "type": "Feature", "properties": { "timestamp": "2026-08-15T20:49:00+09:00", "session_start": "2026-08-15T20:00:00+09:00", "event_type": "目撃", "species": "カエル", "individual_count": 5, "size": null, "wetness": "ソークド(水跳ね)", "lat": 28.173281685131538, "lon": 129.36345995302321, "raw_text": "2026/08/15 20:49\n目撃\n\n5匹以上\nカエル\nソークド(水跳ね)\n瀬戸内町網野子\n28.17328168513154\n129.3634599530232\n", "night_date": "2026-08-15", "segment_id": "OSM_ro129_0_233", "event_match_distance_m": 2.7566672251425786 }, "geometry": { "type": "Point", "coordinates": [ 129.363459953023209, 28.173281685131538 ] } },
{ "type": "Feature", "properties": { "timestamp": "2026-08-15T20:50:00+09:00", "session_start": "2026-08-15T20:00:00+09:00", "event_type": "目撃", "species": "カエル", "individual_count": 5, "size": null, "wetness": "ソークド(水跳ね)", "lat": 28.176266273541032, "lon": 129.36365083604559, "raw_text": "2026/08/15 20:50\n目撃\n\n5匹以上\nカエル\nソークド(水跳ね)\n瀬戸内町網野子\n28.17626627354103\n129.3636508360456\n", "night_date": "2026-08-15", "segment_id": "OSM_ro129_0_195", "event_match_distance_m": 1.5593249504738638 }, "geometry": { "type": "Point", "coordinates": [ 129.363650836045593, 28.176266273541032 ] } },
{ "type": "Feature", "properties": { "timestamp": "2026-08-15T20:54:00+09:00", "session_start": "2026-08-15T20:00:00+09:00", "event_type": "目撃", "species": "その他", "individual_count": 1, "size": null, "wetness": "ウエット", "lat": 28.181274389278151, "lon": 129.36872965847371, "raw_text": "2026/08/15 20:54\n目撃\n\n1匹\nアカショウビン\nウエット\n瀬戸内町網野子\n28.18127438927815\n129.3687296584737", "night_date": "2026-08-15", "segment_id": "OSM_ro129_0_83", "event_match_distance_m": 0.94830052498120854 }, "geometry": { "type": "Point", "coordinates": [ 129.368729658473711, 28.181274389278151 ] } },
{ "type": "Feature", "properties": { "timestamp": "2026-08-15T21:02:00+09:00", "session_start": "2026-08-15T20:00:00+09:00", "event_type": "目撃", "species": "カエル", "individual_count": 1, "size": null, "wetness": "ウエット", "lat": 28.186953801708722, "lon": 129.3803355656388, "raw_text": "2026/08/15 21:02\n目撃\n\n1匹\nカエル\nウエット\n瀬戸内町嘉徳\n28.18695380170872\n129.3803355656388\n", "night_date": "2026-08-15", "segment_id": "OSM_ro246_0_103", "event_match_distance_m": 3.1500579102395316 }, "geometry": { "type": "Point", "coordinates": [ 129.380335565638802, 28.186953801708722 ] } },
{ "type": "Feature", "properties": { "timestamp": "2026-08-15T21:03:00+09:00", "session_start": "2026-08-15T20:00:00+09:00", "event_type": "目撃", "species": "ネズミ", "individual_count": 1, "size": null, "wetness": "ウエット", "lat": 28.186685122086971, "lon": 129.38076281396189, "raw_text": "2026/08/15 21:03\n目撃\n\n1匹\nネズミ\nウエット\n瀬戸内町嘉徳\n28.18668512208697\n129.3807628139619", "night_date": "2026-08-15", "segment_id": "OSM_ro246_0_90", "event_match_distance_m": 8.0757519275664311 }, "geometry": { "type": "Point", "coordinates": [ 129.380762813961894, 28.186685122086971 ] } },
{ "type": "Feature", "properties": { "timestamp": "2026-08-15T21:06:00+09:00", "session_start": "2026-08-15T20:00:00+09:00", "event_type": "目撃", "species": "クロウサギ", "individual_count": 1, "size": null, "wetness": "ウエット", "lat": 28.189383212532569, "lon": 129.38664829912651, "raw_text": "2026/08/15 21:06\n目撃\n\n1匹\nクロウサギ\nウエット\n\n28.18938321253257\n129.3866482991265\n", "night_date": "2026-08-15", "segment_id": "OSM_ro246_0_17", "event_match_distance_m": 8.4937767162439322 }, "geometry": { "type": "Point", "coordinates": [ 129.386648299126506, 28.189383212532569 ] } },
{ "type": "Feature", "properties": { "timestamp": "2026-08-15T21:07:00+09:00", "session_start": "2026-08-15T20:00:00+09:00", "event_type": "目撃", "species": "オットンガエル", "individual_count": 1, "size": null, "wetness": "ウエット", "lat": 28.191562960170849, "lon": 129.38757460642159, "raw_text": "2026/08/15 21:07\n目撃\n\n1匹\nオットンガエル\nウエット\n\n28.19156296017085\n129.3875746064216\n", "night_date": "2026-08-15", "segment_id": "OSM_ro48_0_94", "event_match_distance_m": 4.7837365415462507 }, "geometry": { "type": "Point", "coordinates": [ 129.387574606421595, 28.191562960170849 ] } },
{ "type": "Feature", "properties": { "timestamp": "2026-08-15T21:13:00+09:00", "session_start": "2026-08-15T20:00:00+09:00", "event_type": "目撃", "species": "クロウサギ", "individual_count": 1, "size": null, "wetness": "ウエット", "lat": 28.196865980225461, "lon": 129.39320287661741, "raw_text": "2026/08/15 21:13\n目撃\n\n1匹\nクロウサギ\nウエット\n瀬戸内町嘉徳\n28.19686598022546\n129.3932028766174\n", "night_date": "2026-08-15", "segment_id": "OSM_ro137_0_50", "event_match_distance_m": 11.242455579658143 }, "geometry": { "type": "Point", "coordinates": [ 129.393202876617408, 28.196865980225461 ] } },
{ "type": "Feature", "properties": { "timestamp": "2026-08-15T21:15:00+09:00", "session_start": "2026-08-15T20:00:00+09:00", "event_type": "目撃", "species": "その他", "individual_count": 1, "size": null, "wetness": "ウエット", "lat": 28.195108651214941, "lon": 129.39594451560541, "raw_text": "2026/08/15 21:15\n目撃\n\n1匹\nアカショウビン\nウエット\n瀬戸内町嘉徳\n28.19510865121494\n129.3959445156054\n", "night_date": "2026-08-15", "segment_id": "OSM_ro137_0_13", "event_match_distance_m": 7.0778711355760811 }, "geometry": { "type": "Point", "coordinates": [ 129.395944515605407, 28.195108651214941 ] } },
{ "type": "Feature", "properties": { "timestamp": "2026-08-15T21:16:00+09:00", "session_start": "2026-08-15T20:00:00+09:00", "event_type": "目撃", "species": "カエル", "individual_count": 1, "size": null, "wetness": "ウエット", "lat": 28.194215170290111, "lon": 129.39776685635559, "raw_text": "2026/08/15 21:16\n目撃\n\n1匹\nカエル\nウエット\n瀬戸内町嘉徳\n28.19421517029011\n129.3977668563556\n", "night_date": "2026-08-15", "segment_id": "OSM_ro257_0_20", "event_match_distance_m": 3.9174808966203294 }, "geometry": { "type": "Point", "coordinates": [ 129.397766856355588, 28.194215170290111 ] } },
{ "type": "Feature", "properties": { "timestamp": "2026-08-15T21:16:00+09:00", "session_start": "2026-08-15T20:00:00+09:00", "event_type": "目撃", "species": "カエル", "individual_count": 5, "size": null, "wetness": "ウエット", "lat": 28.19327284142949, "lon": 129.3986893097829, "raw_text": "2026/08/15 21:16\n目撃\n\n5匹以上\nカエル\nウエット\n瀬戸内町嘉徳\n28.19327284142949\n129.3986893097829\n", "night_date": "2026-08-15", "segment_id": "OSM_ro257_0_6", "event_match_distance_m": 4.2983301116675223 }, "geometry": { "type": "Point", "coordinates": [ 129.398689309782895, 28.19327284142949 ] } },
{ "type": "Feature", "properties": { "timestamp": "2026-08-15T21:25:00+09:00", "session_start": "2026-08-15T20:00:00+09:00", "event_type": "目撃", "species": "イシカワガエル", "individual_count": 1, "size": null, "wetness": "ウエット", "lat": 28.192340765796882, "lon": 129.3972300688153, "raw_text": "2026/08/15 21:25\n目撃\n\n1匹\nイシカワガエル\nウエット\n瀬戸内町嘉徳\n28.19234076579688\n129.3972300688153\n", "night_date": "2026-08-15", "segment_id": "OSM_ro448_0_28", "event_match_distance_m": 11.367721585093744 }, "geometry": { "type": "Point", "coordinates": [ 129.397230068815304, 28.192340765796882 ] } },
{ "type": "Feature", "properties": { "timestamp": "2026-08-15T21:28:00+09:00", "session_start": "2026-08-15T20:00:00+09:00", "event_type": "目撃", "species": "オットンガエル", "individual_count": 2, "size": null, "wetness": "ウエット", "lat": 28.189332184505108, "lon": 129.3965080838949, "raw_text": "2026/08/15 21:28\n目撃\n\n2匹\nオットンガエル\nウエット\n瀬戸内町嘉徳\n28.18933218450511\n129.3965080838949\n", "night_date": "2026-08-15", "segment_id": "OSM_ro448_0_73", "event_match_distance_m": 6.8325823561155321 }, "geometry": { "type": "Point", "coordinates": [ 129.396508083894901, 28.189332184505108 ] } },
{ "type": "Feature", "properties": { "timestamp": "2026-08-15T21:29:00+09:00", "session_start": "2026-08-15T20:00:00+09:00", "event_type": "目撃", "species": "オットンガエル", "individual_count": 1, "size": null, "wetness": "ウエット", "lat": 28.188654301102002, "lon": 129.3962179595533, "raw_text": "2026/08/15 21:29\n目撃\n\n1匹\nオットンガエル\nウエット\n瀬戸内町嘉徳\n28.188654301102\n129.3962179595533\n", "night_date": "2026-08-15", "segment_id": "OSM_ro448_0_81", "event_match_distance_m": 0.32677758580284055 }, "geometry": { "type": "Point", "coordinates": [ 129.396217959553297, 28.188654301102002 ] } },
{ "type": "Feature", "properties": { "timestamp": "2026-08-15T21:30:00+09:00", "session_start": "2026-08-15T20:00:00+09:00", "event_type": "目撃", "species": "カエル", "individual_count": 5, "size": null, "wetness": "ソークド(水跳ね)", "lat": 28.187740351101951, "lon": 129.3954945311998, "raw_text": "2026/08/15 21:30\n目撃\n\n5匹以上\nカエル\nソークド(水跳ね)\n瀬戸内町嘉徳\n28.18774035110195\n129.3954945311998\n", "night_date": "2026-08-15", "segment_id": "OSM_ro448_0_93", "event_match_distance_m": 8.3780321895861842 }, "geometry": { "type": "Point", "coordinates": [ 129.395494531199802, 28.187740351101951 ] } },
{ "type": "Feature", "properties": { "timestamp": "2026-08-15T21:31:00+09:00", "session_start": "2026-08-15T20:00:00+09:00", "event_type": "目撃", "species": "オットンガエル", "individual_count": 1, "size": null, "wetness": "ウエット", "lat": 28.186599678005919, "lon": 129.39503782224111, "raw_text": "2026/08/15 21:31\n目撃\n\n1匹\nオットンガエル\nウエット\n\n28.18659967800592\n129.3950378222411\n", "night_date": "2026-08-15", "segment_id": "OSM_ro191_0_5", "event_match_distance_m": 6.3966424706041503 }, "geometry": { "type": "Point", "coordinates": [ 129.395037822241108, 28.186599678005919 ] } },
{ "type": "Feature", "properties": { "timestamp": "2026-08-15T21:37:00+09:00", "session_start": "2026-08-15T20:00:00+09:00", "event_type": "目撃", "species": "アカマタ", "individual_count": 1, "size": null, "wetness": "ウエット", "lat": 28.187363454163329, "lon": 129.39842903801491, "raw_text": "2026/08/15 21:37\n目撃\n\n1匹\nアカマタ\nウエット\n瀬戸内町嘉徳\n28.18736345416333\n129.3984290380149", "night_date": "2026-08-15", "segment_id": "OSM_ro191_0_61", "event_match_distance_m": 2.6540694684082715 }, "geometry": { "type": "Point", "coordinates": [ 129.39842903801491, 28.187363454163329 ] } },
{ "type": "Feature", "properties": { "timestamp": "2026-08-15T21:41:00+09:00", "session_start": "2026-08-15T20:00:00+09:00", "event_type": "目撃", "species": "オットンガエル", "individual_count": 1, "size": null, "wetness": "ソークド(水跳ね)", "lat": 28.185950121902561, "lon": 129.3977126840542, "raw_text": "2026/08/15 21:41\n目撃\n\n1匹\nオットンガエル\nソークド(水跳ね)\n\n28.18595012190256\n129.3977126840542\n", "night_date": "2026-08-15", "segment_id": "OSM_ro191_0_102", "event_match_distance_m": 4.5676007726937771 }, "geometry": { "type": "Point", "coordinates": [ 129.397712684054198, 28.185950121902561 ] } },
{ "type": "Feature", "properties": { "timestamp": "2026-08-15T21:48:00+09:00", "session_start": "2026-08-15T20:00:00+09:00", "event_type": "捕獲", "species": "ハブ", "individual_count": 1, "size": "大", "wetness": "ウエット", "lat": 28.183329963783731, "lon": 129.3964131646259, "raw_text": "2026/08/15 21:48\n捕獲\nハブ捕獲大\nとぐろ\n道路脇\nウエット\n瀬戸内町嘉徳\n28.18332996378373\n129.3964131646259\n", "night_date": "2026-08-15", "segment_id": "OSM_ro280_0_53", "event_match_distance_m": 3.3843826522145135 }, "geometry": { "type": "Point", "coordinates": [ 129.396413164625898, 28.183329963783731 ] } },
{ "type": "Feature", "properties": { "timestamp": "2026-08-15T21:51:00+09:00", "session_start": "2026-08-15T20:00:00+09:00", "event_type": "目撃", "species": "オットンガエル", "individual_count": 1, "size": null, "wetness": "ウエット", "lat": 28.181472118610401, "lon": 129.39519817748729, "raw_text": "2026/08/15 21:51\n目撃\n\n1匹\nオットンガエル\nウエット\n\n28.1814721186104\n129.3951981774873\n", "night_date": "2026-08-15", "segment_id": "OSM_ro280_0_80", "event_match_distance_m": 2.0745512302065925 }, "geometry": { "type": "Point", "coordinates": [ 129.395198177487288, 28.181472118610401 ] } },
{ "type": "Feature", "properties": { "timestamp": "2026-08-15T21:54:00+09:00", "session_start": "2026-08-15T20:00:00+09:00", "event_type": "目撃", "species": "カエル", "individual_count": 5, "size": null, "wetness": "ウエット", "lat": 28.179191700531899, "lon": 129.39418372707911, "raw_text": "2026/08/15 21:54\n目撃\n\n5匹以上\nカエル\nウエット\n瀬戸内町節子\n28.1791917005319\n129.3941837270791\n", "night_date": "2026-08-15", "segment_id": "OSM_ro104_0_28", "event_match_distance_m": 2.8626215837804785 }, "geometry": { "type": "Point", "coordinates": [ 129.39418372707911, 28.179191700531899 ] } },
{ "type": "Feature", "properties": { "timestamp": "2026-08-15T21:55:00+09:00", "session_start": "2026-08-15T20:00:00+09:00", "event_type": "目撃", "species": "ヤマシギ", "individual_count": 1, "size": null, "wetness": "ウエット", "lat": 28.178653273445882, "lon": 129.39452778086229, "raw_text": "2026/08/15 21:55\n目撃\n\n1匹\nヤマシギ\nウエット\n節子\n28.17865327344588\n129.3945277808623\n", "night_date": "2026-08-15", "segment_id": "OSM_ro104_0_35", "event_match_distance_m": 3.2126737549807243 }, "geometry": { "type": "Point", "coordinates": [ 129.39452778086229, 28.178653273445882 ] } },
{ "type": "Feature", "properties": { "timestamp": "2026-08-15T22:01:00+09:00", "session_start": "2026-08-15T20:00:00+09:00", "event_type": "目撃", "species": "オットンガエル", "individual_count": 1, "size": null, "wetness": "ソークド(水跳ね)", "lat": 28.17631209890785, "lon": 129.39486868726121, "raw_text": "2026/08/15 22:01\n目撃\n\n1匹\nオットンガエル\nソークド(水跳ね)\n瀬戸内町節子\n28.17631209890785\n129.3948686872612\n", "night_date": "2026-08-15", "segment_id": "OSM_ro104_0_98", "event_match_distance_m": 1.4521600441248523 }, "geometry": { "type": "Point", "coordinates": [ 129.394868687261209, 28.17631209890785 ] } },
{ "type": "Feature", "properties": { "timestamp": "2026-08-15T22:03:00+09:00", "session_start": "2026-08-15T20:00:00+09:00", "event_type": "目撃", "species": "ヤマシギ", "individual_count": 1, "size": null, "wetness": "ウエット", "lat": 28.175964847887641, "lon": 129.3967431890317, "raw_text": "2026/08/15 22:03\n目撃\n\n1匹\nヤマシギ\nウエット\n\n28.17596484788764\n129.3967431890317\n", "night_date": "2026-08-15", "segment_id": "OSM_ro289_0_15", "event_match_distance_m": 6.2670013057475416 }, "geometry": { "type": "Point", "coordinates": [ 129.396743189031696, 28.175964847887641 ] } },
{ "type": "Feature", "properties": { "timestamp": "2026-08-15T22:04:00+09:00", "session_start": "2026-08-15T20:00:00+09:00", "event_type": "目撃", "species": "ヤマシギ", "individual_count": 1, "size": null, "wetness": "ウエット", "lat": 28.175356233699791, "lon": 129.39578334846101, "raw_text": "2026/08/15 22:04\n目撃\n\n1匹\nヤマシギ\nウエット\n\n28.17535623369979\n129.395783348461\n", "night_date": "2026-08-15", "segment_id": "OSM_ro289_0_27", "event_match_distance_m": 3.8325390881416248 }, "geometry": { "type": "Point", "coordinates": [ 129.395783348461009, 28.175356233699791 ] } },
{ "type": "Feature", "properties": { "timestamp": "2026-08-15T22:06:00+09:00", "session_start": "2026-08-15T20:00:00+09:00", "event_type": "目撃", "species": "ヤマシギ", "individual_count": 1, "size": null, "wetness": "ウエット", "lat": 28.174369991107561, "lon": 129.39540331309439, "raw_text": "2026/08/15 22:06\n目撃\n\n1匹\nヤマシギ\nウエット\n\n28.17436999110756\n129.3954033130944\n", "night_date": "2026-08-15", "segment_id": "OSM_ro289_0_39", "event_match_distance_m": 5.4632740527899992 }, "geometry": { "type": "Point", "coordinates": [ 129.395403313094391, 28.174369991107561 ] } },
{ "type": "Feature", "properties": { "timestamp": "2026-08-15T22:07:00+09:00", "session_start": "2026-08-15T20:00:00+09:00", "event_type": "目撃", "species": "オットンガエル", "individual_count": 1, "size": null, "wetness": "ウエット", "lat": 28.17461323677653, "lon": 129.3948700939174, "raw_text": "2026/08/15 22:07\n目撃\n\n1匹\nオットンガエル\nウエット\n\n28.17461323677653\n129.3948700939174\n", "night_date": "2026-08-15", "segment_id": "OSM_ro289_0_46", "event_match_distance_m": 4.9482487511905138 }, "geometry": { "type": "Point", "coordinates": [ 129.394870093917405, 28.17461323677653 ] } },
{ "type": "Feature", "properties": { "timestamp": "2026-08-15T22:08:00+09:00", "session_start": "2026-08-15T20:00:00+09:00", "event_type": "目撃", "species": "オットンガエル", "individual_count": 1, "size": null, "wetness": "ウエット", "lat": 28.17465122149968, "lon": 129.3944922491724, "raw_text": "2026/08/15 22:08\n目撃\n\n1匹\nオットンガエル\nウエット\n\n28.17465122149968\n129.3944922491724\n", "night_date": "2026-08-15", "segment_id": "OSM_ro289_0_50", "event_match_distance_m": 5.346132609420712 }, "geometry": { "type": "Point", "coordinates": [ 129.394492249172401, 28.17465122149968 ] } },
{ "type": "Feature", "properties": { "timestamp": "2026-08-15T22:09:00+09:00", "session_start": "2026-08-15T20:00:00+09:00", "event_type": "目撃", "species": "オットンガエル", "individual_count": 2, "size": null, "wetness": "ウエット", "lat": 28.173930806312811, "lon": 129.39457941773989, "raw_text": "2026/08/15 22:09\n目撃\n\n2匹\nオットンガエル\nウエット\n瀬戸内町節子\n28.17393080631281\n129.3945794177399\n", "night_date": "2026-08-15", "segment_id": "OSM_ro289_0_58", "event_match_distance_m": 0.10772448488095152 }, "geometry": { "type": "Point", "coordinates": [ 129.394579417739891, 28.173930806312811 ] } },
{ "type": "Feature", "properties": { "timestamp": "2026-08-15T22:09:00+09:00", "session_start": "2026-08-15T20:00:00+09:00", "event_type": "目撃", "species": "カエル", "individual_count": 5, "size": null, "wetness": "ウエット", "lat": 28.17356636573869, "lon": 129.3946619927535, "raw_text": "2026/08/15 22:09\n目撃\n\n5匹以上\nカエル\nウエット\n\n28.17356636573869\n129.3946619927535\n", "night_date": "2026-08-15", "segment_id": "OSM_ro289_0_63", "event_match_distance_m": 0.69438237663625602 }, "geometry": { "type": "Point", "coordinates": [ 129.394661992753498, 28.17356636573869 ] } },
{ "type": "Feature", "properties": { "timestamp": "2026-08-15T22:10:00+09:00", "session_start": "2026-08-15T20:00:00+09:00", "event_type": "目撃", "species": "カエル", "individual_count": 5, "size": null, "wetness": "ウエット", "lat": 28.173523974101411, "lon": 129.39503930809829, "raw_text": "2026/08/15 22:10\n目撃\n\n5匹以上\nカエル\nウエット\n\n28.17352397410141\n129.3950393080983\n", "night_date": "2026-08-15", "segment_id": "OSM_ro289_0_67", "event_match_distance_m": 4.5498461964573922 }, "geometry": { "type": "Point", "coordinates": [ 129.395039308098291, 28.173523974101411 ] } },
{ "type": "Feature", "properties": { "timestamp": "2026-08-15T22:11:00+09:00", "session_start": "2026-08-15T20:00:00+09:00", "event_type": "目撃", "species": "オットンガエル", "individual_count": 2, "size": null, "wetness": "ウエット", "lat": 28.173840398108378, "lon": 129.39591018259949, "raw_text": "2026/08/15 22:11\n目撃\n\n2匹\nオットンガエル\nウエット\n\n28.17384039810838\n129.3959101825995\n", "night_date": "2026-08-15", "segment_id": "OSM_ro289_0_77", "event_match_distance_m": 8.5658386967821123 }, "geometry": { "type": "Point", "coordinates": [ 129.395910182599494, 28.173840398108378 ] } },
{ "type": "Feature", "properties": { "timestamp": "2026-08-15T22:13:00+09:00", "session_start": "2026-08-15T20:00:00+09:00", "event_type": "目撃", "species": "オットンガエル", "individual_count": 2, "size": null, "wetness": "ウエット", "lat": 28.174341595099651, "lon": 129.39784723278481, "raw_text": "2026/08/15 22:13\n目撃\n\n2匹\nオットンガエル\nウエット\n瀬戸内町節子\n28.17434159509965\n129.3978472327848\n", "night_date": "2026-08-15", "segment_id": "OSM_ro289_0_98", "event_match_distance_m": 16.163662894015406 }, "geometry": { "type": "Point", "coordinates": [ 129.397847232784812, 28.174341595099651 ] } },
{ "type": "Feature", "properties": { "timestamp": "2026-08-15T22:15:00+09:00", "session_start": "2026-08-15T20:00:00+09:00", "event_type": "目撃", "species": "オットンガエル", "individual_count": 1, "size": null, "wetness": "ウエット", "lat": 28.174807920090341, "lon": 129.39864286846171, "raw_text": "2026/08/15 22:15\n目撃\n\n1匹\nオットンガエル\nウエット\n瀬戸内町節子\n28.17480792009034\n129.3986428684617\n", "night_date": "2026-08-15", "segment_id": "OSM_ro249_0_7", "event_match_distance_m": 2.3962703255666127 }, "geometry": { "type": "Point", "coordinates": [ 129.398642868461707, 28.174807920090341 ] } },
{ "type": "Feature", "properties": { "timestamp": "2026-08-15T22:16:00+09:00", "session_start": "2026-08-15T20:00:00+09:00", "event_type": "目撃", "species": "オットンガエル", "individual_count": 1, "size": null, "wetness": "ウエット", "lat": 28.173930000450699, "lon": 129.39861229600041, "raw_text": "2026/08/15 22:16\n目撃\n\n1匹\nオットンガエル\nウエット\n\n28.1739300004507\n129.3986122960004\n", "night_date": "2026-08-15", "segment_id": "OSM_ro249_0_24", "event_match_distance_m": 1.6439785885651732 }, "geometry": { "type": "Point", "coordinates": [ 129.398612296000408, 28.173930000450699 ] } },
{ "type": "Feature", "properties": { "timestamp": "2026-08-15T22:19:00+09:00", "session_start": "2026-08-15T20:00:00+09:00", "event_type": "目撃", "species": "オットンガエル", "individual_count": 1, "size": null, "wetness": "ウエット", "lat": 28.17209750804264, "lon": 129.39819708196649, "raw_text": "2026/08/15 22:19\n目撃\n\n1匹\nオットンガエル\nウエット\n\n28.17209750804264\n129.3981970819665\n", "night_date": "2026-08-15", "segment_id": "OSM_ro249_0_49", "event_match_distance_m": 7.743336584628282 }, "geometry": { "type": "Point", "coordinates": [ 129.398197081966487, 28.17209750804264 ] } },
{ "type": "Feature", "properties": { "timestamp": "2026-08-15T22:25:00+09:00", "session_start": "2026-08-15T20:00:00+09:00", "event_type": "目撃", "species": "オットンガエル", "individual_count": 1, "size": null, "wetness": "ウエット", "lat": 28.17091174644829, "lon": 129.39702551305629, "raw_text": "2026/08/15 22:25\n目撃\n\n1匹\nオットンガエル\nウエット\n\n28.17091174644829\n129.3970255130563\n", "night_date": "2026-08-15", "segment_id": "OSM_ro142_0_39", "event_match_distance_m": 0.11143464410579076 }, "geometry": { "type": "Point", "coordinates": [ 129.397025513056292, 28.17091174644829 ] } },
{ "type": "Feature", "properties": { "timestamp": "2026-08-15T22:28:00+09:00", "session_start": "2026-08-15T20:00:00+09:00", "event_type": "目撃", "species": "ヤマシギ", "individual_count": 1, "size": null, "wetness": "ウエット", "lat": 28.171769320848021, "lon": 129.39639294966059, "raw_text": "2026/08/15 22:28\n目撃\n\n1匹\nヤマシギ\nウエット\n\n28.17176932084802\n129.3963929496606\n", "night_date": "2026-08-15", "segment_id": "OSM_ro142_0_14", "event_match_distance_m": 7.6822692939550778 }, "geometry": { "type": "Point", "coordinates": [ 129.396392949660594, 28.171769320848021 ] } },
{ "type": "Feature", "properties": { "timestamp": "2026-08-15T22:36:00+09:00", "session_start": "2026-08-15T20:00:00+09:00", "event_type": "目撃", "species": "アカマタ", "individual_count": 1, "size": null, "wetness": "ウエット", "lat": 28.165406495650601, "lon": 129.39653223429721, "raw_text": "2026/08/15 22:36\n目撃\n\n1匹\nアカマタ\nウエット\n\n28.1654064956506\n129.3965322342972\n", "night_date": "2026-08-15", "segment_id": "OSM_ro42_0_87", "event_match_distance_m": 11.796466492434291 }, "geometry": { "type": "Point", "coordinates": [ 129.396532234297212, 28.165406495650601 ] } },
{ "type": "Feature", "properties": { "timestamp": "2026-08-15T22:39:00+09:00", "session_start": "2026-08-15T20:00:00+09:00", "event_type": "目撃", "species": "ヤマシギ", "individual_count": 1, "size": null, "wetness": "ウエット", "lat": 28.16431726867097, "lon": 129.39512736951571, "raw_text": "2026/08/15 22:39\n目撃\n\n1匹\nヤマシギ\nウエット\n瀬戸内町節子\n28.16431726867097\n129.3951273695157", "night_date": "2026-08-15", "segment_id": "OSM_ro42_0_60", "event_match_distance_m": 7.6239680685100106 }, "geometry": { "type": "Point", "coordinates": [ 129.395127369515706, 28.16431726867097 ] } },
{ "type": "Feature", "properties": { "timestamp": "2026-08-15T22:53:00+09:00", "session_start": "2026-08-15T20:00:00+09:00", "event_type": "目撃", "species": "ヤマシギ", "individual_count": 2, "size": null, "wetness": "ウエット", "lat": 28.163227219062978, "lon": 129.38649399799141, "raw_text": "2026/08/15 22:53\n目撃\n\n2匹\nヤマシギ\nウエット\n瀬戸内町節子\n28.16322721906298\n129.3864939979914\n", "night_date": "2026-08-15", "segment_id": "OSM_ro440_0_15", "event_match_distance_m": 2.5050599788450025 }, "geometry": { "type": "Point", "coordinates": [ 129.386493997991408, 28.163227219062978 ] } },
{ "type": "Feature", "properties": { "timestamp": "2026-08-15T22:57:00+09:00", "session_start": "2026-08-15T20:00:00+09:00", "event_type": "目撃", "species": "カエル", "individual_count": 5, "size": null, "wetness": "ウエット", "lat": 28.165411995191441, "lon": 129.38721760292259, "raw_text": "2026/08/15 22:57\n目撃\n\n5匹以上\nカエル\nウエット\n瀬戸内町節子\n28.16541199519144\n129.3872176029226\n", "night_date": "2026-08-15", "segment_id": "OSM_ro364_0_80", "event_match_distance_m": 3.8721218078105695 }, "geometry": { "type": "Point", "coordinates": [ 129.38721760292259, 28.165411995191441 ] } },
{ "type": "Feature", "properties": { "timestamp": "2026-08-15T23:02:00+09:00", "session_start": "2026-08-15T20:00:00+09:00", "event_type": "目撃", "species": "ヤマシギ", "individual_count": 3, "size": null, "wetness": "ウエット", "lat": 28.165292532047211, "lon": 129.38458884622429, "raw_text": "2026/08/15 23:02\n目撃\n\n3匹\nヤマシギ\nウエット\n瀬戸内町節子\n28.16529253204721\n129.3845888462243\n", "night_date": "2026-08-15", "segment_id": "OSM_ro364_0_27", "event_match_distance_m": 2.066936621392431 }, "geometry": { "type": "Point", "coordinates": [ 129.38458884622429, 28.165292532047211 ] } },
{ "type": "Feature", "properties": { "timestamp": "2026-08-15T23:04:00+09:00", "session_start": "2026-08-15T20:00:00+09:00", "event_type": "目撃", "species": "ネズミ", "individual_count": 1, "size": null, "wetness": "ウエット", "lat": 28.165795067365899, "lon": 129.38238219442241, "raw_text": "2026/08/15 23:04\n目撃\n\n1匹\nネズミ\nウエット\n瀬戸内町節子\n28.1657950673659\n129.3823821944224\n", "night_date": "2026-08-15", "segment_id": "OSM_ro364_0_3", "event_match_distance_m": 0.70654515459358225 }, "geometry": { "type": "Point", "coordinates": [ 129.382382194422405, 28.165795067365899 ] } },
{ "type": "Feature", "properties": { "timestamp": "2026-08-15T23:05:00+09:00", "session_start": "2026-08-15T20:00:00+09:00", "event_type": "目撃", "species": "アカマタ", "individual_count": 1, "size": null, "wetness": "ウエット", "lat": 28.166184460772438, "lon": 129.38226660402611, "raw_text": "2026/08/15 23:05\n目撃\n\n1匹\nアカマタ\nウエット\n瀬戸内町節子1292\n28.16618446077244\n129.3822666040261", "night_date": "2026-08-15", "segment_id": "OSM_ro404_0_2", "event_match_distance_m": 3.7287368514530144 }, "geometry": { "type": "Point", "coordinates": [ 129.382266604026114, 28.166184460772438 ] } },
{ "type": "Feature", "properties": { "timestamp": "2026-08-15T23:08:00+09:00", "session_start": "2026-08-15T20:00:00+09:00", "event_type": "目撃", "species": "カエル", "individual_count": 5, "size": null, "wetness": "ソークド(水跳ね)", "lat": 28.168773482480361, "lon": 129.37932197652029, "raw_text": "2026/08/15 23:08\n目撃\n\n5匹以上\nカエル\nソークド(水跳ね)\n瀬戸内町節子\n28.16877348248036\n129.3793219765203\n", "night_date": "2026-08-15", "segment_id": "OSM_ro132_0_36", "event_match_distance_m": 3.682028651152272 }, "geometry": { "type": "Point", "coordinates": [ 129.379321976520288, 28.168773482480361 ] } },
{ "type": "Feature", "properties": { "timestamp": "2026-08-15T23:13:00+09:00", "session_start": "2026-08-15T20:00:00+09:00", "event_type": "目撃", "species": "カエル", "individual_count": 5, "size": null, "wetness": "ソークド(水跳ね)", "lat": 28.16925198031419, "lon": 129.3774485152222, "raw_text": "2026/08/15 23:13\n目撃\n\n5匹以上\nカエル\nソークド(水跳ね)\n瀬戸内町節子\n28.16925198031419\n129.3774485152222\n", "night_date": "2026-08-15", "segment_id": "OSM_ro961_0_30", "event_match_distance_m": 1.0295840238061702 }, "geometry": { "type": "Point", "coordinates": [ 129.377448515222198, 28.16925198031419 ] } },
{ "type": "Feature", "properties": { "timestamp": "2026-08-15T23:13:00+09:00", "session_start": "2026-08-15T20:00:00+09:00", "event_type": "目撃", "species": "カエル", "individual_count": 5, "size": null, "wetness": "ウエット", "lat": 28.16863800259118, "lon": 129.37752336000531, "raw_text": "2026/08/15 23:13\n目撃\n\n5匹以上\nカエル\nウエット\n瀬戸内町節子\n28.16863800259118\n129.3775233600053\n", "night_date": "2026-08-15", "segment_id": "OSM_ro961_0_37", "event_match_distance_m": 2.4212890237501097 }, "geometry": { "type": "Point", "coordinates": [ 129.377523360005313, 28.16863800259118 ] } },
{ "type": "Feature", "properties": { "timestamp": "2026-08-15T23:14:00+09:00", "session_start": "2026-08-15T20:00:00+09:00", "event_type": "目撃", "species": "オットンガエル", "individual_count": 1, "size": null, "wetness": "ウエット", "lat": 28.16808135059734, "lon": 129.37736312756931, "raw_text": "2026/08/15 23:14\n目撃\n\n1匹\nオットンガエル\nウエット\n瀬戸内町節子\n28.16808135059734\n129.3773631275693\n", "night_date": "2026-08-15", "segment_id": "OSM_ro961_0_44", "event_match_distance_m": 3.1810966244541516 }, "geometry": { "type": "Point", "coordinates": [ 129.377363127569311, 28.16808135059734 ] } },
{ "type": "Feature", "properties": { "timestamp": "2026-08-15T23:20:00+09:00", "session_start": "2026-08-15T20:00:00+09:00", "event_type": "捕獲", "species": "ハブ", "individual_count": 1, "size": "小", "wetness": "ウエット", "lat": 28.166946578844549, "lon": 129.37136575419501, "raw_text": "2026/08/15 23:20\n捕獲\nハブ捕獲小\n待機中\n山裾\nウエット\n瀬戸内町節子\n28.16694657884455\n129.371365754195\n", "night_date": "2026-08-15", "segment_id": "OSM_ro37_0_150", "event_match_distance_m": 0.9618279876332414 }, "geometry": { "type": "Point", "coordinates": [ 129.371365754195011, 28.166946578844549 ] } },
{ "type": "Feature", "properties": { "timestamp": "2026-08-15T23:24:00+09:00", "session_start": "2026-08-15T20:00:00+09:00", "event_type": "目撃", "species": "カエル", "individual_count": 3, "size": null, "wetness": "ウエット", "lat": 28.166296890129988, "lon": 129.3658822588302, "raw_text": "2026/08/15 23:24\n目撃\n\n3匹\nカエル\nウエット\n瀬戸内町網野子\n28.16629689012999\n129.3658822588302\n", "night_date": "2026-08-15", "segment_id": "OSM_ro37_0_70", "event_match_distance_m": 0.5143763454256014 }, "geometry": { "type": "Point", "coordinates": [ 129.365882258830197, 28.166296890129988 ] } },
{ "type": "Feature", "properties": { "timestamp": "2026-08-16T00:05:00+09:00", "session_start": "2026-08-15T20:00:00+09:00", "event_type": "目撃", "species": "カエル", "individual_count": 5, "size": null, "wetness": "ソークド(水跳ね)", "lat": 28.167795853376688, "lon": 129.30029195048891, "raw_text": "2026/08/16 0:05\n目撃\n\n5匹以上\nカエル\nソークド(水跳ね)\n\n28.16779585337669\n129.3002919504889\n", "night_date": "2026-08-15", "segment_id": "OSM_ro877_0_30", "event_match_distance_m": 4.2339265558951293 }, "geometry": { "type": "Point", "coordinates": [ 129.300291950488912, 28.167795853376688 ] } },
{ "type": "Feature", "properties": { "timestamp": "2026-08-16T00:25:00+09:00", "session_start": "2026-08-15T20:00:00+09:00", "event_type": "捕獲", "species": "ハブ", "individual_count": 1, "size": "小", "wetness": "ウエット", "lat": 28.170242165663922, "lon": 129.3029272593291, "raw_text": "2026/08/16 0:25\n捕獲\nハブ捕獲小\n移動中\n道路中央\nウエット\n瀬戸内町久根津598\n28.17024216566392\n129.3029272593291\n", "night_date": "2026-08-15", "segment_id": null, "event_match_distance_m": 317.12899398930176 }, "geometry": { "type": "Point", "coordinates": [ 129.302927259329095, 28.170242165663922 ] } },
{ "type": "Feature", "properties": { "timestamp": "2026-08-16T00:25:00+09:00", "session_start": "2026-08-15T20:00:00+09:00", "event_type": "捕獲", "species": "ハブ", "individual_count": 1, "size": "小", "wetness": "ウエット", "lat": 28.170242165663922, "lon": 129.3029272593291, "raw_text": "2026/08/16 0:25\n捕獲\nハブ捕獲小\n移動中\n道路中央\nウエット\n瀬戸内町久根津598\n28.17024216566392\n129.3029272593291\n", "night_date": "2026-08-15", "segment_id": null, "event_match_distance_m": 317.12899398930176 }, "geometry": { "type": "Point", "coordinates": [ 129.302927259329095, 28.170242165663922 ] } },
{ "type": "Feature", "properties": { "timestamp": "2026-08-16T00:30:00+09:00", "session_start": "2026-08-15T20:00:00+09:00", "event_type": "目撃", "species": "オットンガエル", "individual_count": 1, "size": null, "wetness": "ウエット", "lat": 28.170263594658781, "lon": 129.3027774424985, "raw_text": "2026/08/16 0:30\n目撃\n\n1匹\nオットンガエル\nイシカワガエル\nウエット\n\n28.17026359465878\n129.3027774424985\n", "night_date": "2026-08-15", "segment_id": null, "event_match_distance_m": 302.13383327275687 }, "geometry": { "type": "Point", "coordinates": [ 129.302777442498495, 28.170263594658781 ] } },
{ "type": "Feature", "properties": { "timestamp": "2026-08-16T00:30:00+09:00", "session_start": "2026-08-15T20:00:00+09:00", "event_type": "目撃", "species": "オットンガエル", "individual_count": 1, "size": null, "wetness": "ウエット", "lat": 28.170263594658781, "lon": 129.3027774424985, "raw_text": "2026/08/16 0:30\n目撃\n\n1匹\nオットンガエル\nイシカワガエル\nウエット\n\n28.17026359465878\n129.3027774424985\n", "night_date": "2026-08-15", "segment_id": null, "event_match_distance_m": 302.13383327275687 }, "geometry": { "type": "Point", "coordinates": [ 129.302777442498495, 28.170263594658781 ] } },
{ "type": "Feature", "properties": { "timestamp": "2026-08-16T00:33:00+09:00", "session_start": "2026-08-15T20:00:00+09:00", "event_type": "目撃", "species": "カエル", "individual_count": 3, "size": null, "wetness": "ソークド(水跳ね)", "lat": 28.17063926785185, "lon": 129.30157371211891, "raw_text": "2026/08/16 0:33\n目撃\n\n3匹\nカエル\nソークド(水跳ね)\n瀬戸内町久根津598-3\n28.17063926785185\n129.3015737121189\n", "night_date": "2026-08-15", "segment_id": null, "event_match_distance_m": 182.31975658975918 }, "geometry": { "type": "Point", "coordinates": [ 129.301573712118909, 28.17063926785185 ] } },
{ "type": "Feature", "properties": { "timestamp": "2026-08-16T00:36:00+09:00", "session_start": "2026-08-15T20:00:00+09:00", "event_type": "目撃", "species": "カエル", "individual_count": 5, "size": null, "wetness": "ウエット", "lat": 28.170732008120169, "lon": 129.2995035926121, "raw_text": "2026/08/16 0:36\n目撃\n\n5匹以上\nカエル\nウエット\n瀬戸内町久根津331\n28.17073200812017\n129.2995035926121", "night_date": "2026-08-15", "segment_id": "OSM_ro130_0_4", "event_match_distance_m": 0.48621775655009325 }, "geometry": { "type": "Point", "coordinates": [ 129.299503592612098, 28.170732008120169 ] } },
{ "type": "Feature", "properties": { "timestamp": "2026-08-16T00:39:00+09:00", "session_start": "2026-08-15T20:00:00+09:00", "event_type": "轢死", "species": "ハブ", "individual_count": 1, "size": null, "wetness": "ウエット", "lat": 28.172509288503289, "lon": 129.2958219437927, "raw_text": "2026/08/16 0:39\n轢死\n\n1匹\nハブ\nウエット\n瀬戸内町県道79号\n28.17250928850329\n129.2958219437927\n", "night_date": "2026-08-15", "segment_id": "OSM_ro779_0_19", "event_match_distance_m": 0.45949101053560004 }, "geometry": { "type": "Point", "coordinates": [ 129.295821943792703, 28.172509288503289 ] } },
{ "type": "Feature", "properties": { "timestamp": "2026-08-16T00:54:00+09:00", "session_start": "2026-08-15T20:00:00+09:00", "event_type": "轢死", "species": "アカマタ", "individual_count": 1, "size": null, "wetness": "ウエット", "lat": 28.207185286570851, "lon": 129.28578211199931, "raw_text": "2026/08/16 0:54\n轢死\n\n1匹\nアカマタ\nウエット\n\n28.20718528657085\n129.2857821119993", "night_date": "2026-08-15", "segment_id": "OSM_ro86_0_234", "event_match_distance_m": 1.6290436005283959 }, "geometry": { "type": "Point", "coordinates": [ 129.28578211199931, 28.207185286570851 ] } },
{ "type": "Feature", "properties": { "timestamp": "2026-08-17T21:47:00+09:00", "session_start": "2026-08-17T21:32:00+09:00", "event_type": "捕獲", "species": "ハブ", "individual_count": 1, "size": "小", "wetness": "ドライ", "lat": 28.13869737651483, "lon": 129.346271681204, "raw_text": "2026/08/17 21:47\n捕獲\nハブ捕獲小\nとぐろ\n山裾 木の枝\nドライ\n瀬戸内町嘉鉄1400\n28.13869737651483\n129.346271681204\n", "night_date": "2026-08-17", "segment_id": "OSM_ro136_0_303", "event_match_distance_m": 14.12193423028587 }, "geometry": { "type": "Point", "coordinates": [ 129.346271681204001, 28.13869737651483 ] } },
{ "type": "Feature", "properties": { "timestamp": "2026-08-17T21:51:00+09:00", "session_start": "2026-08-17T21:32:00+09:00", "event_type": "轢死", "species": "リュウキュウアオヘビ", "individual_count": 1, "size": null, "wetness": "ドライ", "lat": 28.138929569565459, "lon": 129.3473697724626, "raw_text": "2026/08/17 21:51\n轢死\n\n1匹\nリュウキュウアオヘビ\nドライ\n瀬戸内町嘉鉄1052\n28.13892956956546\n129.3473697724626\n", "night_date": "2026-08-17", "segment_id": "OSM_ro136_0_288", "event_match_distance_m": 6.7203118738061089 }, "geometry": { "type": "Point", "coordinates": [ 129.347369772462599, 28.138929569565459 ] } },
{ "type": "Feature", "properties": { "timestamp": "2026-08-17T21:58:00+09:00", "session_start": "2026-08-17T21:32:00+09:00", "event_type": "目撃", "species": "ヤマシギ", "individual_count": 1, "size": null, "wetness": "ドライ", "lat": 28.141836159228731, "lon": 129.34812309552731, "raw_text": "2026/08/17 21:58\n目撃\n\n1匹\nヤマシギ\nドライ\n瀬戸内町県道626号\n28.14183615922873\n129.3481230955273\n", "night_date": "2026-08-17", "segment_id": "OSM_ro136_0_240", "event_match_distance_m": 0.40408248443643047 }, "geometry": { "type": "Point", "coordinates": [ 129.348123095527313, 28.141836159228731 ] } },
{ "type": "Feature", "properties": { "timestamp": "2026-08-17T22:03:00+09:00", "session_start": "2026-08-17T21:32:00+09:00", "event_type": "目撃", "species": "ネズミ", "individual_count": 1, "size": null, "wetness": "ドライ", "lat": 28.143619071115591, "lon": 129.3525336697584, "raw_text": "2026/08/17 22:03\n目撃\n\n1匹\nネズミ\nドライ\n瀬戸内町伊須\n28.14361907111559\n129.3525336697584\n", "night_date": "2026-08-17", "segment_id": "OSM_ro446_0_36", "event_match_distance_m": 5.9195967724475045 }, "geometry": { "type": "Point", "coordinates": [ 129.352533669758401, 28.143619071115591 ] } },
{ "type": "Feature", "properties": { "timestamp": "2026-08-17T22:31:00+09:00", "session_start": "2026-08-17T21:32:00+09:00", "event_type": "目撃", "species": "ヤマシギ", "individual_count": 1, "size": null, "wetness": "ドライ", "lat": 28.165473891553329, "lon": 129.36584473368211, "raw_text": "2026/08/17 22:31\n目撃\n\n1匹\nヤマシギ\nドライ\n瀬戸内町節子\n28.16547389155333\n129.3658447336821\n", "night_date": "2026-08-17", "segment_id": "OSM_ro37_0_82", "event_match_distance_m": 6.5438381371963974 }, "geometry": { "type": "Point", "coordinates": [ 129.36584473368211, 28.165473891553329 ] } },
{ "type": "Feature", "properties": { "timestamp": "2026-08-17T22:36:00+09:00", "session_start": "2026-08-17T21:32:00+09:00", "event_type": "目撃", "species": "アカマタ", "individual_count": 1, "size": null, "wetness": "ドライ", "lat": 28.16543715577636, "lon": 129.37369248001161, "raw_text": "2026/08/17 22:36\n目撃\n\n1匹\nアカマタ\nドライ\n瀬戸内町節子\n28.16543715577636\n129.3736924800116\n", "night_date": "2026-08-17", "segment_id": "OSM_ro34_0_15", "event_match_distance_m": 2.9036532554198984 }, "geometry": { "type": "Point", "coordinates": [ 129.373692480011613, 28.16543715577636 ] } },
{ "type": "Feature", "properties": { "timestamp": "2026-08-17T22:40:00+09:00", "session_start": "2026-08-17T21:32:00+09:00", "event_type": "目撃", "species": "オットンガエル", "individual_count": 1, "size": null, "wetness": "ドライ", "lat": 28.169093928682891, "lon": 129.37743642957389, "raw_text": "2026/08/17 22:40\n目撃\n\n1匹\nオットンガエル\nドライ\n瀬戸内町節子\n28.16909392868289\n129.3774364295739\n", "night_date": "2026-08-17", "segment_id": "OSM_ro961_0_32", "event_match_distance_m": 2.7637700527064637 }, "geometry": { "type": "Point", "coordinates": [ 129.377436429573891, 28.169093928682891 ] } },
{ "type": "Feature", "properties": { "timestamp": "2026-08-17T22:45:00+09:00", "session_start": "2026-08-17T21:32:00+09:00", "event_type": "目撃", "species": "ヤマシギ", "individual_count": 1, "size": null, "wetness": "ドライ", "lat": 28.170296965873089, "lon": 129.37940088469179, "raw_text": "2026/08/17 22:45\n目撃\n\n1匹\nヤマシギ\nドライ\n瀬戸内町節子\n28.17029696587309\n129.3794008846918\n", "night_date": "2026-08-17", "segment_id": "OSM_ro132_0_19", "event_match_distance_m": 0.20314612969191603 }, "geometry": { "type": "Point", "coordinates": [ 129.37940088469179, 28.170296965873089 ] } },
{ "type": "Feature", "properties": { "timestamp": "2026-08-17T22:52:00+09:00", "session_start": "2026-08-17T21:32:00+09:00", "event_type": "目撃", "species": "ヤマシギ", "individual_count": 2, "size": null, "wetness": "ドライ", "lat": 28.165320512917699, "lon": 129.3841744599199, "raw_text": "2026/08/17 22:52\n目撃\n\n2匹\nヤマシギ\nドライ\n瀬戸内町節子\n28.1653205129177\n129.3841744599199\n", "night_date": "2026-08-17", "segment_id": "OSM_ro364_0_22", "event_match_distance_m": 1.0644538753930506 }, "geometry": { "type": "Point", "coordinates": [ 129.384174459919905, 28.165320512917699 ] } },
{ "type": "Feature", "properties": { "timestamp": "2026-08-17T23:05:00+09:00", "session_start": "2026-08-17T21:32:00+09:00", "event_type": "目撃", "species": "ヤマシギ", "individual_count": 1, "size": null, "wetness": "ドライ", "lat": 28.164946293803091, "lon": 129.38857804776001, "raw_text": "2026/08/17 23:05\n目撃\n\n1匹\nヤマシギ\nドライ\n瀬戸内町節子\n28.16494629380309\n129.38857804776\n", "night_date": "2026-08-17", "segment_id": "OSM_ro440_0_46", "event_match_distance_m": 13.0930748131897 }, "geometry": { "type": "Point", "coordinates": [ 129.388578047760006, 28.164946293803091 ] } },
{ "type": "Feature", "properties": { "timestamp": "2026-08-17T23:11:00+09:00", "session_start": "2026-08-17T21:32:00+09:00", "event_type": "目撃", "species": "カエル", "individual_count": 1, "size": null, "wetness": "ドライ", "lat": 28.16405466541373, "lon": 129.39035372363449, "raw_text": "2026/08/17 23:11\n目撃\n\n1匹\nカエル\nドライ\n\n28.16405466541373\n129.3903537236345\n", "night_date": "2026-08-17", "segment_id": "OSM_ro440_0_81", "event_match_distance_m": 11.016020559470723 }, "geometry": { "type": "Point", "coordinates": [ 129.39035372363449, 28.16405466541373 ] } },
{ "type": "Feature", "properties": { "timestamp": "2026-08-17T23:14:00+09:00", "session_start": "2026-08-17T21:32:00+09:00", "event_type": "目撃", "species": "クロウサギ", "individual_count": 1, "size": null, "wetness": "ドライ", "lat": 28.164770486349411, "lon": 129.3913516118767, "raw_text": "2026/08/17 23:14\n目撃\n\n1匹\nクロウサギ\nドライ\n\n28.16477048634941\n129.3913516118767\n", "night_date": "2026-08-17", "segment_id": "OSM_ro42_0_3", "event_match_distance_m": 13.445123440215733 }, "geometry": { "type": "Point", "coordinates": [ 129.391351611876701, 28.164770486349411 ] } },
{ "type": "Feature", "properties": { "timestamp": "2026-08-17T23:16:00+09:00", "session_start": "2026-08-17T21:32:00+09:00", "event_type": "目撃", "species": "アカマタ", "individual_count": 1, "size": null, "wetness": "ドライ", "lat": 28.164344381796631, "lon": 129.3922627923418, "raw_text": "2026/08/17 23:16\n目撃\n\n1匹\nアカマタ\nドライ 木の上\n\n28.16434438179663\n129.3922627923418\n", "night_date": "2026-08-17", "segment_id": "OSM_ro42_0_16", "event_match_distance_m": 0.55076580418720689 }, "geometry": { "type": "Point", "coordinates": [ 129.392262792341796, 28.164344381796631 ] } },
{ "type": "Feature", "properties": { "timestamp": "2026-08-17T23:19:00+09:00", "session_start": "2026-08-17T21:32:00+09:00", "event_type": "目撃", "species": "クロウサギ", "individual_count": 1, "size": null, "wetness": "ドライ", "lat": 28.164386164092772, "lon": 129.3935475993338, "raw_text": "2026/08/17 23:19\n目撃\n\n1匹\nクロウサギ\nドライ\n\n28.16438616409277\n129.3935475993338\n", "night_date": "2026-08-17", "segment_id": "OSM_ro42_0_35", "event_match_distance_m": 5.4309150997965263 }, "geometry": { "type": "Point", "coordinates": [ 129.3935475993338, 28.164386164092772 ] } },
{ "type": "Feature", "properties": { "timestamp": "2026-08-17T23:23:00+09:00", "session_start": "2026-08-17T21:32:00+09:00", "event_type": "目撃", "species": "ヤマシギ", "individual_count": 1, "size": null, "wetness": "ドライ", "lat": 28.16415710727253, "lon": 129.39542882783559, "raw_text": "2026/08/17 23:23\n目撃\n\n1匹\nヤマシギ\nドライ\n瀬戸内町節子\n28.16415710727253\n129.3954288278356\n", "night_date": "2026-08-17", "segment_id": "OSM_ro42_0_63", "event_match_distance_m": 5.6041542618606393 }, "geometry": { "type": "Point", "coordinates": [ 129.395428827835588, 28.16415710727253 ] } },
{ "type": "Feature", "properties": { "timestamp": "2026-08-17T23:27:00+09:00", "session_start": "2026-08-17T21:32:00+09:00", "event_type": "目撃", "species": "ヤマシギ", "individual_count": 1, "size": null, "wetness": "ドライ", "lat": 28.165545035709989, "lon": 129.39655661950539, "raw_text": "2026/08/17 23:27\n目撃\n\n1匹\nヤマシギ\nドライ\n\n28.16554503570999\n129.3965566195054\n", "night_date": "2026-08-17", "segment_id": "OSM_ro42_0_88", "event_match_distance_m": 8.5370181898011541 }, "geometry": { "type": "Point", "coordinates": [ 129.39655661950539, 28.165545035709989 ] } },
{ "type": "Feature", "properties": { "timestamp": "2026-08-17T23:43:00+09:00", "session_start": "2026-08-17T21:32:00+09:00", "event_type": "目撃", "species": "ヤマシギ", "individual_count": 1, "size": null, "wetness": "ドライ", "lat": 28.171157624832851, "lon": 129.39702882047959, "raw_text": "2026/08/17 23:43\n目撃\n\n1匹\nヤマシギ\nドライ\n\n28.17115762483285\n129.3970288204796\n", "night_date": "2026-08-17", "segment_id": "OSM_ro142_0_37", "event_match_distance_m": 9.2451618208305639 }, "geometry": { "type": "Point", "coordinates": [ 129.397028820479591, 28.171157624832851 ] } },
{ "type": "Feature", "properties": { "timestamp": "2026-08-17T23:54:00+09:00", "session_start": "2026-08-17T21:32:00+09:00", "event_type": "目撃", "species": "ヤマシギ", "individual_count": 1, "size": null, "wetness": "ドライ", "lat": 28.172481201748472, "lon": 129.3983430768065, "raw_text": "2026/08/17 23:54\n目撃\n\n1匹\nヤマシギ\nドライ\n\n28.17248120174847\n129.3983430768065\n", "night_date": "2026-08-17", "segment_id": "OSM_ro249_0_44", "event_match_distance_m": 5.2214382486482682 }, "geometry": { "type": "Point", "coordinates": [ 129.398343076806498, 28.172481201748472 ] } },
{ "type": "Feature", "properties": { "timestamp": "2026-08-17T23:59:00+09:00", "session_start": "2026-08-17T21:32:00+09:00", "event_type": "目撃", "species": "オットンガエル", "individual_count": 1, "size": null, "wetness": "ドライ", "lat": 28.174798526731269, "lon": 129.3978610755012, "raw_text": "2026/08/17 23:59\n目撃\n\n1匹\nオットンガエル\nドライ\n瀬戸内町節子\n28.17479852673127\n129.3978610755012\n", "night_date": "2026-08-17", "segment_id": "OSM_ro289_0_103", "event_match_distance_m": 7.6185150970873359 }, "geometry": { "type": "Point", "coordinates": [ 129.397861075501197, 28.174798526731269 ] } },
{ "type": "Feature", "properties": { "timestamp": "2026-08-18T00:01:00+09:00", "session_start": "2026-08-17T21:32:00+09:00", "event_type": "目撃", "species": "オットンガエル", "individual_count": 1, "size": null, "wetness": "ドライ", "lat": 28.174154031116281, "lon": 129.39766539363691, "raw_text": "2026/08/18 0:01\n目撃\n\n1匹\nオットンガエル\nドライ\n\n28.17415403111628\n129.3976653936369\n", "night_date": "2026-08-17", "segment_id": "OSM_ro289_0_96", "event_match_distance_m": 11.404664663492445 }, "geometry": { "type": "Point", "coordinates": [ 129.397665393636913, 28.174154031116281 ] } },
{ "type": "Feature", "properties": { "timestamp": "2026-08-18T00:04:00+09:00", "session_start": "2026-08-17T21:32:00+09:00", "event_type": "目撃", "species": "オットンガエル", "individual_count": 1, "size": null, "wetness": "ドライ", "lat": 28.173498559781748, "lon": 129.39546607092959, "raw_text": "2026/08/18 0:04\n目撃\n\n1匹\nオットンガエル\nドライ\n\n28.17349855978175\n129.3954660709296\n", "night_date": "2026-08-17", "segment_id": "OSM_ro289_0_71", "event_match_distance_m": 1.7300573894373321 }, "geometry": { "type": "Point", "coordinates": [ 129.395466070929587, 28.173498559781748 ] } },
{ "type": "Feature", "properties": { "timestamp": "2026-08-18T00:05:00+09:00", "session_start": "2026-08-17T21:32:00+09:00", "event_type": "目撃", "species": "オットンガエル", "individual_count": 1, "size": null, "wetness": "ドライ", "lat": 28.173497225656369, "lon": 129.39469449422191, "raw_text": "2026/08/18 0:05\n目撃\n\n1匹\nオットンガエル\nドライ\n\n28.17349722565637\n129.3946944942219\n", "night_date": "2026-08-17", "segment_id": "OSM_ro289_0_63", "event_match_distance_m": 2.2190146313165275 }, "geometry": { "type": "Point", "coordinates": [ 129.394694494221909, 28.173497225656369 ] } },
{ "type": "Feature", "properties": { "timestamp": "2026-08-18T00:09:00+09:00", "session_start": "2026-08-17T21:32:00+09:00", "event_type": "目撃", "species": "ヤマシギ", "individual_count": 2, "size": null, "wetness": "ドライ", "lat": 28.17427298199085, "lon": 129.39526910922379, "raw_text": "2026/08/18 0:09\n目撃\n\n2匹\nヤマシギ\nドライ\n\n28.17427298199085\n129.3952691092238\n", "night_date": "2026-08-17", "segment_id": "OSM_ro289_0_41", "event_match_distance_m": 5.7531962493992417 }, "geometry": { "type": "Point", "coordinates": [ 129.39526910922379, 28.17427298199085 ] } },
{ "type": "Feature", "properties": { "timestamp": "2026-08-18T00:12:00+09:00", "session_start": "2026-08-17T21:32:00+09:00", "event_type": "目撃", "species": "ヤマシギ", "individual_count": 2, "size": null, "wetness": "ドライ", "lat": 28.176118549311951, "lon": 129.39647311720029, "raw_text": "2026/08/18 0:12\n目撃\n\n2匹\nヤマシギ\nドライ\n瀬戸内町節子\n28.17611854931195\n129.3964731172003\n", "night_date": "2026-08-17", "segment_id": "OSM_ro289_0_12", "event_match_distance_m": 7.5827168476982756 }, "geometry": { "type": "Point", "coordinates": [ 129.396473117200287, 28.176118549311951 ] } },
{ "type": "Feature", "properties": { "timestamp": "2026-08-18T00:14:00+09:00", "session_start": "2026-08-17T21:32:00+09:00", "event_type": "目撃", "species": "ヤマシギ", "individual_count": 1, "size": null, "wetness": "ドライ", "lat": 28.176412181235062, "lon": 129.3953409329425, "raw_text": "2026/08/18 0:14\n目撃\n\n1匹\nヤマシギ\nドライ\n\n28.17641218123506\n129.3953409329425\n", "night_date": "2026-08-17", "segment_id": "OSM_ro104_0_103", "event_match_distance_m": 5.1712876539820281 }, "geometry": { "type": "Point", "coordinates": [ 129.395340932942503, 28.176412181235062 ] } },
{ "type": "Feature", "properties": { "timestamp": "2026-08-18T00:17:00+09:00", "session_start": "2026-08-17T21:32:00+09:00", "event_type": "目撃", "species": "オットンガエル", "individual_count": 2, "size": null, "wetness": "ドライ", "lat": 28.177314255476709, "lon": 129.39366370987369, "raw_text": "2026/08/18 0:17\n目撃\n\n2匹\nオットンガエル\nドライ\n\n28.17731425547671\n129.3936637098737\n", "night_date": "2026-08-17", "segment_id": "OSM_ro104_0_74", "event_match_distance_m": 8.7293528146292942 }, "geometry": { "type": "Point", "coordinates": [ 129.393663709873692, 28.177314255476709 ] } },
{ "type": "Feature", "properties": { "timestamp": "2026-08-18T00:36:00+09:00", "session_start": "2026-08-17T21:32:00+09:00", "event_type": "目撃", "species": "ネズミ", "individual_count": 1, "size": null, "wetness": "ドライ", "lat": 28.18742982826323, "lon": 129.39830200329189, "raw_text": "2026/08/18 0:36\n目撃\n\n1匹\nネズミ\nドライ\n\n28.18742982826323\n129.3983020032919\n", "night_date": "2026-08-17", "segment_id": "OSM_ro191_0_60", "event_match_distance_m": 1.0260355992670918 }, "geometry": { "type": "Point", "coordinates": [ 129.398302003291889, 28.18742982826323 ] } },
{ "type": "Feature", "properties": { "timestamp": "2026-08-18T00:40:00+09:00", "session_start": "2026-08-17T21:32:00+09:00", "event_type": "目撃", "species": "クロウサギ", "individual_count": 1, "size": null, "wetness": "ドライ", "lat": 28.186035837937791, "lon": 129.39500187767021, "raw_text": "2026/08/18 0:40\n目撃\n\n1匹\nクロウサギ\nドライ\n\n28.18603583793779\n129.3950018776702\n", "night_date": "2026-08-17", "segment_id": "OSM_ro191_0_14", "event_match_distance_m": 0.10077579377244909 }, "geometry": { "type": "Point", "coordinates": [ 129.395001877670211, 28.186035837937791 ] } },
{ "type": "Feature", "properties": { "timestamp": "2026-08-18T00:41:00+09:00", "session_start": "2026-08-17T21:32:00+09:00", "event_type": "目撃", "species": "カエル", "individual_count": 5, "size": null, "wetness": "ソークド(水跳ね)", "lat": 28.187596845935211, "lon": 129.3952048946164, "raw_text": "2026/08/18 0:41\n目撃\n\n5匹以上\nカエル\nソークド(水跳ね)\n瀬戸内町嘉徳\n28.18759684593521\n129.3952048946164\n", "night_date": "2026-08-17", "segment_id": "OSM_ro448_0_97", "event_match_distance_m": 0.061816915295962026 }, "geometry": { "type": "Point", "coordinates": [ 129.395204894616398, 28.187596845935211 ] } },
{ "type": "Feature", "properties": { "timestamp": "2026-08-18T00:42:00+09:00", "session_start": "2026-08-17T21:32:00+09:00", "event_type": "目撃", "species": "オットンガエル", "individual_count": 1, "size": null, "wetness": "ソークド(水跳ね)", "lat": 28.187964136465649, "lon": 129.39552322114599, "raw_text": "2026/08/18 0:42\n目撃\n\n1匹\nオットンガエル\nソークド(水跳ね)\n\n28.18796413646565\n129.395523221146\n", "night_date": "2026-08-17", "segment_id": "OSM_ro448_0_91", "event_match_distance_m": 4.219445409615795 }, "geometry": { "type": "Point", "coordinates": [ 129.395523221145993, 28.187964136465649 ] } },
{ "type": "Feature", "properties": { "timestamp": "2026-08-18T00:42:00+09:00", "session_start": "2026-08-17T21:32:00+09:00", "event_type": "目撃", "species": "カエル", "individual_count": 5, "size": null, "wetness": "ソークド(水跳ね)", "lat": 28.18820399417239, "lon": 129.3956674035017, "raw_text": "2026/08/18 0:42\n目撃\n\n5匹以上\nカエル\nソークド(水跳ね)\n瀬戸内町嘉徳\n28.18820399417239\n129.3956674035017\n", "night_date": "2026-08-17", "segment_id": "OSM_ro448_0_88", "event_match_distance_m": 11.043046536962786 }, "geometry": { "type": "Point", "coordinates": [ 129.395667403501704, 28.18820399417239 ] } },
{ "type": "Feature", "properties": { "timestamp": "2026-08-18T00:44:00+09:00", "session_start": "2026-08-17T21:32:00+09:00", "event_type": "目撃", "species": "カエル", "individual_count": 5, "size": null, "wetness": "ソークド(水跳ね)", "lat": 28.18942994393241, "lon": 129.39669957742561, "raw_text": "2026/08/18 0:44\n目撃\n\n5匹以上\nカエル\nソークド(水跳ね)\n瀬戸内町嘉徳\n28.18942994393241\n129.3966995774256\n", "night_date": "2026-08-17", "segment_id": "OSM_ro448_0_71", "event_match_distance_m": 2.7350532489608859 }, "geometry": { "type": "Point", "coordinates": [ 129.396699577425608, 28.18942994393241 ] } },
{ "type": "Feature", "properties": { "timestamp": "2026-08-18T00:45:00+09:00", "session_start": "2026-08-17T21:32:00+09:00", "event_type": "目撃", "species": "クロウサギ", "individual_count": 1, "size": null, "wetness": "ドライ", "lat": 28.189895097758299, "lon": 129.39739114119291, "raw_text": "2026/08/18 0:45\n目撃\n\n1匹\nクロウサギ\nドライ\n瀬戸内町嘉徳\n28.1898950977583\n129.3973911411929\n", "night_date": "2026-08-17", "segment_id": "OSM_ro448_0_62", "event_match_distance_m": 5.2790106886547257 }, "geometry": { "type": "Point", "coordinates": [ 129.397391141192912, 28.189895097758299 ] } },
{ "type": "Feature", "properties": { "timestamp": "2026-08-18T00:48:00+09:00", "session_start": "2026-08-17T21:32:00+09:00", "event_type": "捕獲", "species": "ハブ", "individual_count": 1, "size": "小", "wetness": "ウエット", "lat": 28.191808290764651, "lon": 129.39724515291371, "raw_text": "2026/08/18 0:48\n捕獲\nハブ捕獲小\n待機中\n道路脇\nウエット\n瀬戸内町嘉徳\n28.19180829076465\n129.3972451529137\n", "night_date": "2026-08-17", "segment_id": "OSM_ro448_0_34", "event_match_distance_m": 7.815640365532956 }, "geometry": { "type": "Point", "coordinates": [ 129.397245152913712, 28.191808290764651 ] } },
{ "type": "Feature", "properties": { "timestamp": "2026-08-18T01:13:00+09:00", "session_start": "2026-08-17T21:32:00+09:00", "event_type": "目撃", "species": "その他", "individual_count": 2, "size": null, "wetness": "ドライ", "lat": 28.194957101991641, "lon": 129.39661191919109, "raw_text": "2026/08/18 1:13\n目撃\n\n2匹\nアカショウビン\nドライ\n\n28.19495710199164\n129.3966119191911\n", "night_date": "2026-08-17", "segment_id": "OSM_ro137_0_5", "event_match_distance_m": 15.424093867195419 }, "geometry": { "type": "Point", "coordinates": [ 129.396611919191088, 28.194957101991641 ] } },
{ "type": "Feature", "properties": { "timestamp": "2026-08-18T01:28:00+09:00", "session_start": "2026-08-17T21:32:00+09:00", "event_type": "目撃", "species": "ヒメハブ", "individual_count": 1, "size": null, "wetness": "ドライ", "lat": 28.186315055137801, "lon": 129.37866697796809, "raw_text": "2026/08/18 1:28\n目撃\n\n1匹\nヒメハブ\nドライ\n瀬戸内町嘉徳\n28.1863150551378\n129.3786669779681\n", "night_date": "2026-08-17", "segment_id": "OSM_ro527_0_38", "event_match_distance_m": 11.889051215065882 }, "geometry": { "type": "Point", "coordinates": [ 129.378666977968095, 28.186315055137801 ] } },
{ "type": "Feature", "properties": { "timestamp": "2026-08-18T01:51:00+09:00", "session_start": "2026-08-17T21:32:00+09:00", "event_type": "目撃", "species": "アカマタ", "individual_count": 1, "size": null, "wetness": "ドライ", "lat": 28.162947323101111, "lon": 129.32732312341841, "raw_text": "2026/08/18 1:51\n目撃\n\n1匹\nアカマタ\nドライ\n瀬戸内町国道58号\n28.16294732310111\n129.3273231234184", "night_date": "2026-08-17", "segment_id": "OSM_ro358_0_17", "event_match_distance_m": 3.2710733911957539 }, "geometry": { "type": "Point", "coordinates": [ 129.32732312341841, 28.162947323101111 ] } },
{ "type": "Feature", "properties": { "timestamp": "2026-08-19T21:03:00+09:00", "session_start": "2026-08-19T20:39:00+09:00", "event_type": "目撃", "species": "ヤマシギ", "individual_count": 1, "size": null, "wetness": "ウエット", "lat": 28.141735362347699, "lon": 129.3482207959841, "raw_text": "2026/08/19 21:03\n目撃\n\n1匹\nヤマシギ\nウエット\n瀬戸内町県道626号\n28.1417353623477\n129.3482207959841\n", "night_date": "2026-08-19", "segment_id": "OSM_ro136_0_241", "event_match_distance_m": 4.8781608202331901 }, "geometry": { "type": "Point", "coordinates": [ 129.348220795984105, 28.141735362347699 ] } },
{ "type": "Feature", "properties": { "timestamp": "2026-08-19T21:06:00+09:00", "session_start": "2026-08-19T20:39:00+09:00", "event_type": "目撃", "species": "ネズミ", "individual_count": 1, "size": null, "wetness": "ウエット", "lat": 28.142622559657209, "lon": 129.3527939666337, "raw_text": "2026/08/19 21:06\n目撃\n\n1匹\nネズミ\nウエット\n瀬戸内町伊須\n28.14262255965721\n129.3527939666337\n", "night_date": "2026-08-19", "segment_id": "OSM_ro446_0_48", "event_match_distance_m": 3.363103244824424 }, "geometry": { "type": "Point", "coordinates": [ 129.352793966633698, 28.142622559657209 ] } },
{ "type": "Feature", "properties": { "timestamp": "2026-08-19T21:07:00+09:00", "session_start": "2026-08-19T20:39:00+09:00", "event_type": "轢死", "species": "ハブ", "individual_count": 1, "size": null, "wetness": "ウエット", "lat": 28.14310477040075, "lon": 129.3526276608095, "raw_text": "2026/08/19 21:07\n轢死\n\n1匹\nハブ\nウエット\n瀬戸内町伊須\n28.14310477040075\n129.3526276608095\n", "night_date": "2026-08-19", "segment_id": "OSM_ro446_0_42", "event_match_distance_m": 0.20734627986211515 }, "geometry": { "type": "Point", "coordinates": [ 129.352627660809503, 28.14310477040075 ] } },
{ "type": "Feature", "properties": { "timestamp": "2026-08-19T21:09:00+09:00", "session_start": "2026-08-19T20:39:00+09:00", "event_type": "目撃", "species": "アマミハナサキガエル", "individual_count": 1, "size": null, "wetness": "ウエット", "lat": 28.145597265632261, "lon": 129.35669587279151, "raw_text": "2026/08/19 21:09\n目撃\n\n1匹\nアマミハナサキガエル\nウエット\n瀬戸内町伊須\n28.14559726563226\n129.3566958727915\n", "night_date": "2026-08-19", "segment_id": "OSM_ro480_0_88", "event_match_distance_m": 1.6232155120115881 }, "geometry": { "type": "Point", "coordinates": [ 129.356695872791505, 28.145597265632261 ] } },
{ "type": "Feature", "properties": { "timestamp": "2026-08-19T21:12:00+09:00", "session_start": "2026-08-19T20:39:00+09:00", "event_type": "目撃", "species": "アカマタ", "individual_count": 1, "size": null, "wetness": "ウエット", "lat": 28.147272402223809, "lon": 129.35635404113279, "raw_text": "2026/08/19 21:12\n目撃\n\n1匹\nアカマタ\nウエット\n瀬戸内町伊須\n28.14727240222381\n129.3563540411328\n", "night_date": "2026-08-19", "segment_id": "OSM_ro480_0_32", "event_match_distance_m": 3.8750825295903994 }, "geometry": { "type": "Point", "coordinates": [ 129.356354041132789, 28.147272402223809 ] } },
{ "type": "Feature", "properties": { "timestamp": "2026-08-19T21:44:00+09:00", "session_start": "2026-08-19T20:39:00+09:00", "event_type": "目撃", "species": "カエル", "individual_count": 5, "size": null, "wetness": "ウエット", "lat": 28.16901264324477, "lon": 129.37746612069191, "raw_text": "2026/08/19 21:44\n目撃\n\n5匹以上\nカエル\nウエット\n瀬戸内町節子\n28.16901264324477\n129.3774661206919\n", "night_date": "2026-08-19", "segment_id": "OSM_ro961_0_33", "event_match_distance_m": 1.1924823521947863 }, "geometry": { "type": "Point", "coordinates": [ 129.377466120691906, 28.16901264324477 ] } },
{ "type": "Feature", "properties": { "timestamp": "2026-08-19T21:46:00+09:00", "session_start": "2026-08-19T20:39:00+09:00", "event_type": "目撃", "species": "カエル", "individual_count": 1, "size": null, "wetness": "ウエット", "lat": 28.1701880737827, "lon": 129.3778878772282, "raw_text": "2026/08/19 21:46\n目撃\n\n1匹\nカエル\nウエット\n瀬戸内町節子\n28.1701880737827\n129.3778878772282\n", "night_date": "2026-08-19", "segment_id": "OSM_ro961_0_14", "event_match_distance_m": 1.9413630009110148 }, "geometry": { "type": "Point", "coordinates": [ 129.377887877228204, 28.1701880737827 ] } },
{ "type": "Feature", "properties": { "timestamp": "2026-08-19T21:52:00+09:00", "session_start": "2026-08-19T20:39:00+09:00", "event_type": "目撃", "species": "カエル", "individual_count": 3, "size": null, "wetness": "ウエット", "lat": 28.167999699685989, "lon": 129.3813923118779, "raw_text": "2026/08/19 21:52\n目撃\n\n3匹\nカエル\nウエット\n瀬戸内町節子\n28.16799969968599\n129.3813923118779\n", "night_date": "2026-08-19", "segment_id": "OSM_ro278_0_10", "event_match_distance_m": 1.595274430758673 }, "geometry": { "type": "Point", "coordinates": [ 129.381392311877903, 28.167999699685989 ] } },
{ "type": "Feature", "properties": { "timestamp": "2026-08-19T21:55:00+09:00", "session_start": "2026-08-19T20:39:00+09:00", "event_type": "目撃", "species": "アカマタ", "individual_count": 1, "size": null, "wetness": "ウエット", "lat": 28.165737848833221, "lon": 129.38263784955569, "raw_text": "2026/08/19 21:55\n目撃\n\n1匹\nアカマタ\nウエット\n瀬戸内町節子\n28.16573784883322\n129.3826378495557\n", "night_date": "2026-08-19", "segment_id": "OSM_ro364_0_6", "event_match_distance_m": 4.1498989911255988 }, "geometry": { "type": "Point", "coordinates": [ 129.382637849555692, 28.165737848833221 ] } },
{ "type": "Feature", "properties": { "timestamp": "2026-08-19T21:56:00+09:00", "session_start": "2026-08-19T20:39:00+09:00", "event_type": "目撃", "species": "オットンガエル", "individual_count": 2, "size": null, "wetness": "ウエット", "lat": 28.165404659369582, "lon": 129.3832876950803, "raw_text": "2026/08/19 21:56\n目撃\n\n2匹\nオットンガエル\nウエット\n瀬戸内町節子1335\n28.16540465936958\n129.3832876950803\n", "night_date": "2026-08-19", "segment_id": "OSM_ro364_0_13", "event_match_distance_m": 0.95523910896838049 }, "geometry": { "type": "Point", "coordinates": [ 129.383287695080298, 28.165404659369582 ] } },
{ "type": "Feature", "properties": { "timestamp": "2026-08-19T21:57:00+09:00", "session_start": "2026-08-19T20:39:00+09:00", "event_type": "目撃", "species": "ネズミ", "individual_count": 1, "size": null, "wetness": "ウエット", "lat": 28.165313475586341, "lon": 129.3835858392045, "raw_text": "2026/08/19 21:57\n目撃\n\n1匹\nネズミ\nウエット\n瀬戸内町節子1335\n28.16531347558634\n129.3835858392045\n", "night_date": "2026-08-19", "segment_id": "OSM_ro364_0_17", "event_match_distance_m": 0.26571115164388964 }, "geometry": { "type": "Point", "coordinates": [ 129.3835858392045, 28.165313475586341 ] } },
{ "type": "Feature", "properties": { "timestamp": "2026-08-19T21:58:00+09:00", "session_start": "2026-08-19T20:39:00+09:00", "event_type": "目撃", "species": "ヤマシギ", "individual_count": 2, "size": null, "wetness": "ウエット", "lat": 28.165339339595139, "lon": 129.38442030307121, "raw_text": "2026/08/19 21:58\n目撃\n\n2匹\nヤマシギ\nウエット\n瀬戸内町節子\n28.16533933959514\n129.3844203030712\n", "night_date": "2026-08-19", "segment_id": "OSM_ro364_0_25", "event_match_distance_m": 3.1714289312913317 }, "geometry": { "type": "Point", "coordinates": [ 129.384420303071209, 28.165339339595139 ] } },
{ "type": "Feature", "properties": { "timestamp": "2026-08-19T22:01:00+09:00", "session_start": "2026-08-19T20:39:00+09:00", "event_type": "目撃", "species": "イシカワガエル", "individual_count": 1, "size": null, "wetness": "ウエット", "lat": 28.166213685537802, "lon": 129.3877179165427, "raw_text": "2026/08/19 22:01\n目撃\n\n1匹\nイシカワガエル\nウエット\n瀬戸内町節子\n28.1662136855378\n129.3877179165427\n", "night_date": "2026-08-19", "segment_id": "OSM_ro364_0_66", "event_match_distance_m": 12.870472908873598 }, "geometry": { "type": "Point", "coordinates": [ 129.387717916542698, 28.166213685537802 ] } },
{ "type": "Feature", "properties": { "timestamp": "2026-08-19T22:08:00+09:00", "session_start": "2026-08-19T20:39:00+09:00", "event_type": "目撃", "species": "ヤマシギ", "individual_count": 1, "size": null, "wetness": "ウエット", "lat": 28.16329494328307, "lon": 129.3865365076181, "raw_text": "2026/08/19 22:08\n目撃\n\n1匹\nヤマシギ\nウエット\n瀬戸内町節子\n28.16329494328307\n129.3865365076181\n", "night_date": "2026-08-19", "segment_id": "OSM_ro440_0_16", "event_match_distance_m": 3.0427397920162149 }, "geometry": { "type": "Point", "coordinates": [ 129.386536507618104, 28.16329494328307 ] } },
{ "type": "Feature", "properties": { "timestamp": "2026-08-19T22:14:00+09:00", "session_start": "2026-08-19T20:39:00+09:00", "event_type": "目撃", "species": "オットンガエル", "individual_count": 1, "size": null, "wetness": "ウエット", "lat": 28.165076564889389, "lon": 129.3905892647382, "raw_text": "2026/08/19 22:14\n目撃\n\n1匹\nオットンガエル\nウエット\n瀬戸内町節子\n28.16507656488939\n129.3905892647382\n", "night_date": "2026-08-19", "segment_id": "OSM_ro440_0_69", "event_match_distance_m": 10.271142124090995 }, "geometry": { "type": "Point", "coordinates": [ 129.390589264738196, 28.165076564889389 ] } },
{ "type": "Feature", "properties": { "timestamp": "2026-08-19T22:15:00+09:00", "session_start": "2026-08-19T20:39:00+09:00", "event_type": "目撃", "species": "オットンガエル", "individual_count": 1, "size": null, "wetness": "ウエット", "lat": 28.16487672314075, "lon": 129.39082589946369, "raw_text": "2026/08/19 22:15\n目撃\n\n1匹\nオットンガエル\nウエット\n\n28.16487672314075\n129.3908258994637", "night_date": "2026-08-19", "segment_id": "OSM_ro440_0_71", "event_match_distance_m": 11.953348987770323 }, "geometry": { "type": "Point", "coordinates": [ 129.390825899463692, 28.16487672314075 ] } },
{ "type": "Feature", "properties": { "timestamp": "2026-08-19T22:18:00+09:00", "session_start": "2026-08-19T20:39:00+09:00", "event_type": "目撃", "species": "クロウサギ", "individual_count": 1, "size": null, "wetness": "ウエット", "lat": 28.164708868966471, "lon": 129.39108126289281, "raw_text": "2026/08/19 22:18\n目撃\n\n1匹\nクロウサギ\nウエット\n瀬戸内町節子\n28.16470886896647\n129.3910812628928\n", "night_date": "2026-08-19", "segment_id": "OSM_ro42_0_1", "event_match_distance_m": 3.4718751202212714 }, "geometry": { "type": "Point", "coordinates": [ 129.391081262892811, 28.164708868966471 ] } },
{ "type": "Feature", "properties": { "timestamp": "2026-08-19T22:31:00+09:00", "session_start": "2026-08-19T20:39:00+09:00", "event_type": "目撃", "species": "クロウサギ", "individual_count": 1, "size": null, "wetness": "ウエット", "lat": 28.16917094025413, "lon": 129.3960973351586, "raw_text": "2026/08/19 22:31\n目撃\n\n1匹\nクロウサギ\nウエット\n\n28.16917094025413\n129.3960973351586\n", "night_date": "2026-08-19", "segment_id": "OSM_ro313_0_21", "event_match_distance_m": 1.1420108144037215 }, "geometry": { "type": "Point", "coordinates": [ 129.396097335158601, 28.16917094025413 ] } },
{ "type": "Feature", "properties": { "timestamp": "2026-08-19T22:37:00+09:00", "session_start": "2026-08-19T20:39:00+09:00", "event_type": "目撃", "species": "ヤマシギ", "individual_count": 1, "size": null, "wetness": "ウエット", "lat": 28.171276325546621, "lon": 129.39700448995279, "raw_text": "2026/08/19 22:37\n目撃\n\n1匹\nヤマシギ\nウエット\n\n28.17127632554662\n129.3970044899528\n", "night_date": "2026-08-19", "segment_id": "OSM_ro142_0_36", "event_match_distance_m": 10.222343664612358 }, "geometry": { "type": "Point", "coordinates": [ 129.397004489952792, 28.171276325546621 ] } },
{ "type": "Feature", "properties": { "timestamp": "2026-08-19T22:38:00+09:00", "session_start": "2026-08-19T20:39:00+09:00", "event_type": "目撃", "species": "オットンガエル", "individual_count": 1, "size": null, "wetness": "ウエット", "lat": 28.170820661970271, "lon": 129.3973274896197, "raw_text": "2026/08/19 22:38\n目撃\n\n1匹\nオットンガエル\nウエット\n\n28.17082066197027\n129.3973274896197\n", "night_date": "2026-08-19", "segment_id": "OSM_ro142_0_42", "event_match_distance_m": 14.776789818407726 }, "geometry": { "type": "Point", "coordinates": [ 129.397327489619698, 28.170820661970271 ] } },
{ "type": "Feature", "properties": { "timestamp": "2026-08-19T22:42:00+09:00", "session_start": "2026-08-19T20:39:00+09:00", "event_type": "目撃", "species": "アカマタ", "individual_count": 1, "size": null, "wetness": "ウエット", "lat": 28.171497162223829, "lon": 129.39881226282529, "raw_text": "2026/08/19 22:42\n目撃\n\n1匹\nアカマタ\nウエット\n\n28.17149716222383\n129.3988122628253\n", "night_date": "2026-08-19", "segment_id": "OSM_ro249_0_77", "event_match_distance_m": 3.963431134568999 }, "geometry": { "type": "Point", "coordinates": [ 129.398812262825288, 28.171497162223829 ] } },
{ "type": "Feature", "properties": { "timestamp": "2026-08-19T22:45:00+09:00", "session_start": "2026-08-19T20:39:00+09:00", "event_type": "目撃", "species": "ヒメハブ", "individual_count": 1, "size": null, "wetness": "ウエット", "lat": 28.172960328081579, "lon": 129.3988298813091, "raw_text": "2026/08/19 22:45\n目撃\n\n1匹\nヒメハブ\nヤマシギ\nウエット\n瀬戸内町節子\n28.17296032808158\n129.3988298813091\n", "night_date": "2026-08-19", "segment_id": "OSM_ro249_0_35", "event_match_distance_m": 13.447963181267996 }, "geometry": { "type": "Point", "coordinates": [ 129.398829881309098, 28.172960328081579 ] } },
{ "type": "Feature", "properties": { "timestamp": "2026-08-19T22:47:00+09:00", "session_start": "2026-08-19T20:39:00+09:00", "event_type": "目撃", "species": "オットンガエル", "individual_count": 1, "size": null, "wetness": "ウエット", "lat": 28.17400014391972, "lon": 129.3985498990852, "raw_text": "2026/08/19 22:47\n目撃\n\n1匹\nオットンガエル\nウエット\n\n28.17400014391972\n129.3985498990852\n", "night_date": "2026-08-19", "segment_id": "OSM_ro249_0_23", "event_match_distance_m": 4.0544274597984105 }, "geometry": { "type": "Point", "coordinates": [ 129.398549899085197, 28.17400014391972 ] } },
{ "type": "Feature", "properties": { "timestamp": "2026-08-19T22:51:00+09:00", "session_start": "2026-08-19T20:39:00+09:00", "event_type": "目撃", "species": "オットンガエル", "individual_count": 1, "size": null, "wetness": "ウエット", "lat": 28.174074420953001, "lon": 129.39649055172541, "raw_text": "2026/08/19 22:51\n目撃\n\n1匹\nオットンガエル\nウエット\n瀬戸内町節子\n28.174074420953\n129.3964905517254\n", "night_date": "2026-08-19", "segment_id": "OSM_ro289_0_83", "event_match_distance_m": 4.5016628762978881 }, "geometry": { "type": "Point", "coordinates": [ 129.396490551725407, 28.174074420953001 ] } },
{ "type": "Feature", "properties": { "timestamp": "2026-08-19T22:53:00+09:00", "session_start": "2026-08-19T20:39:00+09:00", "event_type": "目撃", "species": "ヒメハブ", "individual_count": 1, "size": null, "wetness": "ウエット", "lat": 28.173583679055799, "lon": 129.3945882773063, "raw_text": "2026/08/19 22:53\n目撃\n\n1匹\nヒメハブ\nオットンガエル\nウエット\n瀬戸内町節子\n28.1735836790558\n129.3945882773063\n", "night_date": "2026-08-19", "segment_id": "OSM_ro289_0_62", "event_match_distance_m": 4.3934186517224036 }, "geometry": { "type": "Point", "coordinates": [ 129.394588277306298, 28.173583679055799 ] } },
{ "type": "Feature", "properties": { "timestamp": "2026-08-19T22:54:00+09:00", "session_start": "2026-08-19T20:39:00+09:00", "event_type": "目撃", "species": "オットンガエル", "individual_count": 1, "size": null, "wetness": "ウエット", "lat": 28.17402459192779, "lon": 129.39450372083121, "raw_text": "2026/08/19 22:54\n目撃\n\n1匹\nオットンガエル\nウエット\n瀬戸内町節子\n28.17402459192779\n129.3945037208312\n", "night_date": "2026-08-19", "segment_id": "OSM_ro289_0_57", "event_match_distance_m": 6.3068419838290692 }, "geometry": { "type": "Point", "coordinates": [ 129.39450372083121, 28.17402459192779 ] } },
{ "type": "Feature", "properties": { "timestamp": "2026-08-19T22:54:00+09:00", "session_start": "2026-08-19T20:39:00+09:00", "event_type": "目撃", "species": "アマミハナサキガエル", "individual_count": 1, "size": null, "wetness": "ウエット", "lat": 28.174408088572939, "lon": 129.39452085702271, "raw_text": "2026/08/19 22:54\n目撃\n\n1匹\nアマミハナサキガエル\nウエット\n瀬戸内町節子\n28.17440808857294\n129.3945208570227\n", "night_date": "2026-08-19", "segment_id": "OSM_ro289_0_53", "event_match_distance_m": 5.3853144778744353 }, "geometry": { "type": "Point", "coordinates": [ 129.394520857022712, 28.174408088572939 ] } },
{ "type": "Feature", "properties": { "timestamp": "2026-08-19T22:56:00+09:00", "session_start": "2026-08-19T20:39:00+09:00", "event_type": "目撃", "species": "ヤマシギ", "individual_count": 1, "size": null, "wetness": "ウエット", "lat": 28.17430539063135, "lon": 129.39535182552561, "raw_text": "2026/08/19 22:56\n目撃\n\n1匹\nヤマシギ\nウエット\n\n28.17430539063135\n129.3953518255256\n", "night_date": "2026-08-19", "segment_id": "OSM_ro289_0_40", "event_match_distance_m": 6.5067033073338143 }, "geometry": { "type": "Point", "coordinates": [ 129.395351825525609, 28.17430539063135 ] } },
{ "type": "Feature", "properties": { "timestamp": "2026-08-19T22:58:00+09:00", "session_start": "2026-08-19T20:39:00+09:00", "event_type": "目撃", "species": "クロウサギ", "individual_count": 1, "size": null, "wetness": "ウエット", "lat": 28.176038933954771, "lon": 129.39672040146249, "raw_text": "2026/08/19 22:58\n目撃\n\n1匹\nクロウサギ\nウエット\n\n28.17603893395477\n129.3967204014625\n", "night_date": "2026-08-19", "segment_id": "OSM_ro289_0_14", "event_match_distance_m": 9.0515480212513868 }, "geometry": { "type": "Point", "coordinates": [ 129.396720401462488, 28.176038933954771 ] } },
{ "type": "Feature", "properties": { "timestamp": "2026-08-19T23:02:00+09:00", "session_start": "2026-08-19T20:39:00+09:00", "event_type": "捕獲", "species": "ハブ", "individual_count": 1, "size": "大", "wetness": "ウエット", "lat": 28.177149011672679, "lon": 129.3944732250466, "raw_text": "2026/08/19 23:02\n捕獲\nハブ捕獲大\n伸び\n山裾\nウエット\n瀬戸内町節子\n28.17714901167268\n129.3944732250466\n", "night_date": "2026-08-19", "segment_id": "OSM_ro104_0_88", "event_match_distance_m": 7.8277819008310061 }, "geometry": { "type": "Point", "coordinates": [ 129.394473225046596, 28.177149011672679 ] } },
{ "type": "Feature", "properties": { "timestamp": "2026-08-19T23:05:00+09:00", "session_start": "2026-08-19T20:39:00+09:00", "event_type": "目撃", "species": "カエル", "individual_count": 1, "size": null, "wetness": "ウエット", "lat": 28.177798710648851, "lon": 129.39344808514861, "raw_text": "2026/08/19 23:05\n目撃\n\n1匹\nカエル\nウエット\n瀬戸内町節子\n28.17779871064885\n129.3934480851486\n", "night_date": "2026-08-19", "segment_id": "OSM_ro104_0_69", "event_match_distance_m": 3.2430674757464009 }, "geometry": { "type": "Point", "coordinates": [ 129.393448085148606, 28.177798710648851 ] } },
{ "type": "Feature", "properties": { "timestamp": "2026-08-19T23:06:00+09:00", "session_start": "2026-08-19T20:39:00+09:00", "event_type": "目撃", "species": "カエル", "individual_count": 5, "size": null, "wetness": "ウエット", "lat": 28.178529826845139, "lon": 129.39370317900969, "raw_text": "2026/08/19 23:06\n目撃\n\n5匹以上\nカエル\nウエット\n\n28.17852982684514\n129.3937031790097\n", "night_date": "2026-08-19", "segment_id": "OSM_ro104_0_56", "event_match_distance_m": 6.1681537750916915 }, "geometry": { "type": "Point", "coordinates": [ 129.393703179009691, 28.178529826845139 ] } },
{ "type": "Feature", "properties": { "timestamp": "2026-08-19T23:08:00+09:00", "session_start": "2026-08-19T20:39:00+09:00", "event_type": "目撃", "species": "ヤマシギ", "individual_count": 1, "size": null, "wetness": "ウエット", "lat": 28.17798956046342, "lon": 129.39444510321269, "raw_text": "2026/08/19 23:08\n目撃\n\n1匹\nクロウサギ\nヤマシギ\nウエット\n瀬戸内町節子\n28.17798956046342\n129.3944451032127\n", "night_date": "2026-08-19", "segment_id": "OSM_ro104_0_43", "event_match_distance_m": 2.7786787203994572 }, "geometry": { "type": "Point", "coordinates": [ 129.394445103212689, 28.17798956046342 ] } },
{ "type": "Feature", "properties": { "timestamp": "2026-08-19T23:12:00+09:00", "session_start": "2026-08-19T20:39:00+09:00", "event_type": "目撃", "species": "ヤマシギ", "individual_count": 1, "size": null, "wetness": "ウエット", "lat": 28.181241521398281, "lon": 129.39470213050359, "raw_text": "2026/08/19 23:12\n目撃\n\n1匹\nヤマシギ\nウエット\n\n28.18124152139828\n129.3947021305036\n", "night_date": "2026-08-19", "segment_id": "OSM_ro104_0_2", "event_match_distance_m": 0.038167799743388756 }, "geometry": { "type": "Point", "coordinates": [ 129.394702130503589, 28.181241521398281 ] } },
{ "type": "Feature", "properties": { "timestamp": "2026-08-19T23:17:00+09:00", "session_start": "2026-08-19T20:39:00+09:00", "event_type": "目撃", "species": "クロウサギ", "individual_count": 2, "size": null, "wetness": "ウエット", "lat": 28.184605330433811, "lon": 129.39694753527351, "raw_text": "2026/08/19 23:17\n目撃\n\n2匹\nクロウサギ\nウエット\n瀬戸内町嘉徳\n28.18460533043381\n129.3969475352735\n", "night_date": "2026-08-19", "segment_id": "OSM_ro280_0_32", "event_match_distance_m": 17.296026219284002 }, "geometry": { "type": "Point", "coordinates": [ 129.396947535273512, 28.184605330433811 ] } },
{ "type": "Feature", "properties": { "timestamp": "2026-08-19T23:30:00+09:00", "session_start": "2026-08-19T20:39:00+09:00", "event_type": "目撃", "species": "カエル", "individual_count": 5, "size": null, "wetness": "ウエット", "lat": 28.187799769355959, "lon": 129.39547837401989, "raw_text": "2026/08/19 23:30\n目撃\n\n5匹以上\nカエル\nウエット\n瀬戸内町嘉徳\n28.18779976935596\n129.3954783740199\n", "night_date": "2026-08-19", "segment_id": "OSM_ro448_0_93", "event_match_distance_m": 2.494906483715535 }, "geometry": { "type": "Point", "coordinates": [ 129.395478374019888, 28.187799769355959 ] } },
{ "type": "Feature", "properties": { "timestamp": "2026-08-19T23:30:00+09:00", "session_start": "2026-08-19T20:39:00+09:00", "event_type": "目撃", "species": "クロウサギ", "individual_count": 1, "size": null, "wetness": "ウエット", "lat": 28.188300757625679, "lon": 129.39581022391849, "raw_text": "2026/08/19 23:30\n目撃\n\n1匹\nクロウサギ\nウエット\n瀬戸内町嘉徳\n28.18830075762568\n129.3958102239185\n", "night_date": "2026-08-19", "segment_id": "OSM_ro448_0_87", "event_match_distance_m": 8.2460111948411576 }, "geometry": { "type": "Point", "coordinates": [ 129.395810223918488, 28.188300757625679 ] } },
{ "type": "Feature", "properties": { "timestamp": "2026-08-19T23:32:00+09:00", "session_start": "2026-08-19T20:39:00+09:00", "event_type": "目撃", "species": "オットンガエル", "individual_count": 1, "size": null, "wetness": "ウエット", "lat": 28.189135386402249, "lon": 129.39644086512109, "raw_text": "2026/08/19 23:32\n目撃\n\n1匹\nオットンガエル\nウエット\n瀬戸内町嘉徳\n28.18913538640225\n129.3964408651211\n", "night_date": "2026-08-19", "segment_id": "OSM_ro448_0_75", "event_match_distance_m": 2.9898980957235515 }, "geometry": { "type": "Point", "coordinates": [ 129.396440865121093, 28.189135386402249 ] } },
{ "type": "Feature", "properties": { "timestamp": "2026-08-19T23:42:00+09:00", "session_start": "2026-08-19T20:39:00+09:00", "event_type": "捕獲", "species": "ハブ", "individual_count": 1, "size": "大", "wetness": "ウエット", "lat": 28.190776109953561, "lon": 129.39812060747661, "raw_text": "2026/08/19 23:42\n捕獲\nハブ捕獲大\n移動中\n山裾\nウエット\n瀬戸内町嘉徳\n28.19077610995356\n129.3981206074766\n", "night_date": "2026-08-19", "segment_id": "OSM_ro448_0_49", "event_match_distance_m": 13.750538252076746 }, "geometry": { "type": "Point", "coordinates": [ 129.398120607476613, 28.190776109953561 ] } },
{ "type": "Feature", "properties": { "timestamp": "2026-08-19T23:46:00+09:00", "session_start": "2026-08-19T20:39:00+09:00", "event_type": "目撃", "species": "カエル", "individual_count": 5, "size": null, "wetness": "ウエット", "lat": 28.187696328326521, "lon": 129.39537271588091, "raw_text": "2026/08/19 23:46\n目撃\n\n5匹以上\nカエル\nウエット\n\n28.18769632832652\n129.3953727158809\n", "night_date": "2026-08-19", "segment_id": "OSM_ro448_0_95", "event_match_distance_m": 3.4860212928826568 }, "geometry": { "type": "Point", "coordinates": [ 129.39537271588091, 28.187696328326521 ] } },
{ "type": "Feature", "properties": { "timestamp": "2026-08-19T23:55:00+09:00", "session_start": "2026-08-19T20:39:00+09:00", "event_type": "目撃", "species": "クロウサギ", "individual_count": 1, "size": null, "wetness": "ウエット", "lat": 28.185376083429372, "lon": 129.39729577131919, "raw_text": "2026/08/19 23:55\n目撃\n\n1匹\nクロウサギ\nウエット\n\n28.18537608342937\n129.3972957713192\nなう(2026/08/19 23:58:07)霧、雨", "night_date": "2026-08-19", "segment_id": "OSM_ro280_0_11", "event_match_distance_m": 2.080732501859782 }, "geometry": { "type": "Point", "coordinates": [ 129.397295771319193, 28.185376083429372 ] } },
{ "type": "Feature", "properties": { "timestamp": "2026-08-20T00:09:00+09:00", "session_start": "2026-08-19T20:39:00+09:00", "event_type": "目撃", "species": "アカマタ", "individual_count": 1, "size": null, "wetness": "ウエット", "lat": 28.1746646993948, "lon": 129.39549664217611, "raw_text": "2026/08/20 0:09\n目撃\n\n1匹\nアカマタ\nウエット\n瀬戸内町節子\n28.1746646993948\n129.3954966421761\n", "night_date": "2026-08-19", "segment_id": "OSM_ro289_0_36", "event_match_distance_m": 1.9009638462413332 }, "geometry": { "type": "Point", "coordinates": [ 129.395496642176113, 28.1746646993948 ] } },
{ "type": "Feature", "properties": { "timestamp": "2026-08-20T00:12:00+09:00", "session_start": "2026-08-19T20:39:00+09:00", "event_type": "目撃", "species": "カエル", "individual_count": 5, "size": null, "wetness": "ウエット", "lat": 28.173503570849618, "lon": 129.3952976209971, "raw_text": "2026/08/20 0:12\n目撃\n\n5匹以上\nカエル\nウエット\n瀬戸内町節子\n28.17350357084962\n129.3952976209971", "night_date": "2026-08-19", "segment_id": "OSM_ro289_0_70", "event_match_distance_m": 0.55866190525608372 }, "geometry": { "type": "Point", "coordinates": [ 129.395297620997098, 28.173503570849618 ] } },
{ "type": "Feature", "properties": { "timestamp": "2026-08-20T00:18:00+09:00", "session_start": "2026-08-19T20:39:00+09:00", "event_type": "目撃", "species": "オットンガエル", "individual_count": 1, "size": null, "wetness": "ウエット", "lat": 28.17435025251271, "lon": 129.3990482341934, "raw_text": "2026/08/20 0:18\n目撃\n\n1匹\nオットンガエル\nウエット\n\n28.17435025251271\n129.3990482341934\n", "night_date": "2026-08-19", "segment_id": "OSM_ro249_0_16", "event_match_distance_m": 0.28357086764260114 }, "geometry": { "type": "Point", "coordinates": [ 129.399048234193401, 28.17435025251271 ] } },
{ "type": "Feature", "properties": { "timestamp": "2026-08-20T00:18:00+09:00", "session_start": "2026-08-19T20:39:00+09:00", "event_type": "目撃", "species": "オットンガエル", "individual_count": 1, "size": null, "wetness": "ウエット", "lat": 28.174042353452471, "lon": 129.39862355195831, "raw_text": "2026/08/20 0:18\n目撃\n\n1匹\nカエル\nオットンガエル\nウエット\n\n28.17404235345247\n129.3986235519583\n", "night_date": "2026-08-19", "segment_id": "OSM_ro249_0_22", "event_match_distance_m": 3.5604072457617697 }, "geometry": { "type": "Point", "coordinates": [ 129.398623551958309, 28.174042353452471 ] } },
{ "type": "Feature", "properties": { "timestamp": "2026-08-20T00:19:00+09:00", "session_start": "2026-08-19T20:39:00+09:00", "event_type": "目撃", "species": "ヤマシギ", "individual_count": 1, "size": null, "wetness": "ウエット", "lat": 28.172967503820271, "lon": 129.3989087449846, "raw_text": "2026/08/20 0:19\n目撃\n\n1匹\nヤマシギ\nウエット\n瀬戸内町節子\n28.17296750382027\n129.3989087449846", "night_date": "2026-08-19", "segment_id": "OSM_ro249_0_35", "event_match_distance_m": 17.845399666098036 }, "geometry": { "type": "Point", "coordinates": [ 129.398908744984595, 28.172967503820271 ] } },
{ "type": "Feature", "properties": { "timestamp": "2026-08-20T00:26:00+09:00", "session_start": "2026-08-19T20:39:00+09:00", "event_type": "目撃", "species": "カエル", "individual_count": 2, "size": null, "wetness": "ウエット", "lat": 28.170551022341481, "lon": 129.39627468407051, "raw_text": "2026/08/20 0:26\n目撃\n\n2匹\nカエル\nウエット\n\n28.17055102234148\n129.3962746840705\n", "night_date": "2026-08-19", "segment_id": "OSM_ro142_0_1", "event_match_distance_m": 2.2255655896896296 }, "geometry": { "type": "Point", "coordinates": [ 129.396274684070505, 28.170551022341481 ] } },
{ "type": "Feature", "properties": { "timestamp": "2026-08-20T00:35:00+09:00", "session_start": "2026-08-19T20:39:00+09:00", "event_type": "捕獲", "species": "ハブ", "individual_count": 1, "size": "大", "wetness": "ウエット", "lat": 28.164276780790178, "lon": 129.3935010389535, "raw_text": "2026/08/20 0:35\n捕獲\nハブ捕獲大\n移動中\n側溝\nウエット\n瀬戸内町節子\n28.16427678079018\n129.3935010389535\n", "night_date": "2026-08-19", "segment_id": "OSM_ro42_0_33", "event_match_distance_m": 11.035645501461616 }, "geometry": { "type": "Point", "coordinates": [ 129.393501038953502, 28.164276780790178 ] } },
{ "type": "Feature", "properties": { "timestamp": "2026-08-20T00:37:00+09:00", "session_start": "2026-08-19T20:39:00+09:00", "event_type": "目撃", "species": "アカマタ", "individual_count": 1, "size": null, "wetness": "ウエット", "lat": 28.16448336390491, "lon": 129.39194611947789, "raw_text": "2026/08/20 0:37\n目撃\n\n1匹\nアカマタ\nウエット\n\n28.16448336390491\n129.3919461194779\n", "night_date": "2026-08-19", "segment_id": "OSM_ro42_0_13", "event_match_distance_m": 8.1176254379679094 }, "geometry": { "type": "Point", "coordinates": [ 129.391946119477893, 28.16448336390491 ] } },
{ "type": "Feature", "properties": { "timestamp": "2026-08-20T00:41:00+09:00", "session_start": "2026-08-19T20:39:00+09:00", "event_type": "目撃", "species": "カエル", "individual_count": 5, "size": null, "wetness": "ウエット", "lat": 28.16496959909151, "lon": 129.3903151049247, "raw_text": "2026/08/20 0:41\n目撃\n\n5匹以上\nカエル\nウエット\n瀬戸内町節子\n28.16496959909151\n129.3903151049247\n", "night_date": "2026-08-19", "segment_id": "OSM_ro440_0_66", "event_match_distance_m": 0.61860875904110002 }, "geometry": { "type": "Point", "coordinates": [ 129.390315104924696, 28.16496959909151 ] } },
{ "type": "Feature", "properties": { "timestamp": "2026-08-20T00:44:00+09:00", "session_start": "2026-08-19T20:39:00+09:00", "event_type": "目撃", "species": "ヤマシギ", "individual_count": 1, "size": null, "wetness": "ウエット", "lat": 28.163326024629011, "lon": 129.38675009856391, "raw_text": "2026/08/20 0:44\n目撃\n\n1匹\nヤマシギ\nウエット\n瀬戸内町節子\n28.16332602462901\n129.3867500985639", "night_date": "2026-08-19", "segment_id": "OSM_ro440_0_18", "event_match_distance_m": 1.3555005886454903 }, "geometry": { "type": "Point", "coordinates": [ 129.386750098563908, 28.163326024629011 ] } },
{ "type": "Feature", "properties": { "timestamp": "2026-08-20T00:58:00+09:00", "session_start": "2026-08-19T20:39:00+09:00", "event_type": "目撃", "species": "アカマタ", "individual_count": 1, "size": null, "wetness": "ウエット", "lat": 28.16911561532299, "lon": 129.37745224192781, "raw_text": "2026/08/20 0:58\n目撃\n\n1匹\nアカマタ\nウエット\n瀬戸内町節子\n28.16911561532299\n129.3774522419278\n", "night_date": "2026-08-19", "segment_id": "OSM_ro961_0_32", "event_match_distance_m": 0.85486393140800532 }, "geometry": { "type": "Point", "coordinates": [ 129.377452241927813, 28.16911561532299 ] } },
{ "type": "Feature", "properties": { "timestamp": "2026-08-20T00:59:00+09:00", "session_start": "2026-08-19T20:39:00+09:00", "event_type": "目撃", "species": "カエル", "individual_count": 5, "size": null, "wetness": "ウエット", "lat": 28.168640252432731, "lon": 129.37752552037469, "raw_text": "2026/08/20 0:59\n目撃\n\n5匹以上\nカエル\nウエット\n瀬戸内町節子\n28.16864025243273\n129.3775255203747\n", "night_date": "2026-08-19", "segment_id": "OSM_ro961_0_37", "event_match_distance_m": 2.5631352687238382 }, "geometry": { "type": "Point", "coordinates": [ 129.377525520374689, 28.168640252432731 ] } },
{ "type": "Feature", "properties": { "timestamp": "2026-08-20T01:02:00+09:00", "session_start": "2026-08-19T20:39:00+09:00", "event_type": "轢死", "species": "ネズミ", "individual_count": 1, "size": null, "wetness": "ウエット", "lat": 28.165422575963721, "lon": 129.37362513553319, "raw_text": "2026/08/20 1:02\n轢死\n\n1匹\nネズミ\nウエット\n瀬戸内町節子\n28.16542257596372\n129.3736251355332\n", "night_date": "2026-08-19", "segment_id": "OSM_ro34_0_14", "event_match_distance_m": 8.1412955303755634 }, "geometry": { "type": "Point", "coordinates": [ 129.373625135533189, 28.165422575963721 ] } },
{ "type": "Feature", "properties": { "timestamp": "2026-08-20T01:44:00+09:00", "session_start": "2026-08-19T20:39:00+09:00", "event_type": "捕獲", "species": "ハブ", "individual_count": 2, "size": "小", "wetness": "ウエット", "lat": 28.167785863876979, "lon": 129.29963705144891, "raw_text": "2026/08/20 1:44\n捕獲\nハブ捕獲小2匹\nとぐろ\n道路脇\nウエット\n\n28.16778586387698\n129.2996370514489\n", "night_date": "2026-08-19", "segment_id": "OSM_ro877_0_23", "event_match_distance_m": 2.3712661669804098 }, "geometry": { "type": "Point", "coordinates": [ 129.299637051448912, 28.167785863876979 ] } },
{ "type": "Feature", "properties": { "timestamp": "2026-08-20T01:49:00+09:00", "session_start": "2026-08-19T20:39:00+09:00", "event_type": "捕獲", "species": "ハブ", "individual_count": 1, "size": "極小", "wetness": "ウエット", "lat": 28.168520492275729, "lon": 129.30003089537519, "raw_text": "2026/08/20 1:49\n捕獲\nハブ捕獲極小\n待機中\n畑脇フェンス\nウエット\n瀬戸内町久根津854\n28.16852049227573\n129.3000308953752\n", "night_date": "2026-08-19", "segment_id": "OSM_ro880_0_10", "event_match_distance_m": 3.9271569333890417 }, "geometry": { "type": "Point", "coordinates": [ 129.300030895375187, 28.168520492275729 ] } },
{ "type": "Feature", "properties": { "timestamp": "2026-08-20T02:08:00+09:00", "session_start": "2026-08-19T20:39:00+09:00", "event_type": "目撃", "species": "イシカワガエル", "individual_count": 1, "size": null, "wetness": "ウエット", "lat": 28.16983790749487, "lon": 129.30378702203151, "raw_text": "2026/08/20 2:08\n目撃\n\n1匹\nイシカワガエル\nウエット\n\n28.16983790749487\n129.3037870220315\n", "night_date": "2026-08-19", "segment_id": null, "event_match_distance_m": 395.28129714236485 }, "geometry": { "type": "Point", "coordinates": [ 129.303787022031514, 28.16983790749487 ] } },
{ "type": "Feature", "properties": { "timestamp": "2026-08-20T02:09:00+09:00", "session_start": "2026-08-19T20:39:00+09:00", "event_type": "目撃", "species": "イシカワガエル", "individual_count": 2, "size": null, "wetness": "ウエット", "lat": 28.169563465145401, "lon": 129.30443088183631, "raw_text": "2026/08/20 2:09\n目撃\n\n2匹\nイシカワガエル\nウエット\n\n28.1695634651454\n129.3044308818363\n", "night_date": "2026-08-19", "segment_id": null, "event_match_distance_m": 440.36371804613566 }, "geometry": { "type": "Point", "coordinates": [ 129.304430881836311, 28.169563465145401 ] } },
{ "type": "Feature", "properties": { "timestamp": "2026-08-20T02:18:00+09:00", "session_start": "2026-08-19T20:39:00+09:00", "event_type": "目撃", "species": "オットンガエル", "individual_count": 1, "size": null, "wetness": "ウエット", "lat": 28.17130025539614, "lon": 129.29876261877831, "raw_text": "2026/08/20 2:18\n目撃\n\n1匹\nオットンガエル\nウエット\n瀬戸内町久根津243-1\n28.17130025539614\n129.2987626187783", "night_date": "2026-08-19", "segment_id": "OSM_ro130_0_14", "event_match_distance_m": 1.4031207049709236 }, "geometry": { "type": "Point", "coordinates": [ 129.298762618778312, 28.17130025539614 ] } },
{ "type": "Feature", "properties": { "timestamp": "2026-08-21T23:19:00+09:00", "session_start": "2026-08-21T22:42:00+09:00", "event_type": "目撃", "species": "カエル", "individual_count": 1, "size": null, "wetness": "ドライ", "lat": 28.169511351203429, "lon": 129.2992854979735, "raw_text": "2026/08/21 23:19\n目撃\n\n1匹\nカエル\nドライ\n瀬戸内町久根津806-2\n28.16951135120343\n129.2992854979735\n", "night_date": "2026-08-21", "segment_id": "OSM_ro879_0_19", "event_match_distance_m": 2.3301271689502112 }, "geometry": { "type": "Point", "coordinates": [ 129.2992854979735, 28.169511351203429 ] } },
{ "type": "Feature", "properties": { "timestamp": "2026-08-21T23:24:00+09:00", "session_start": "2026-08-21T22:42:00+09:00", "event_type": "目撃", "species": "アカマタ", "individual_count": 1, "size": null, "wetness": "ウエット", "lat": 28.161887469876511, "lon": 129.2937299314986, "raw_text": "2026/08/21 23:24\n目撃\n\n1匹\nアカマタ\nウエット\n瀬戸内町県道79号\n28.16188746987651\n129.2937299314986", "night_date": "2026-08-21", "segment_id": "OSM_ro222_0_221", "event_match_distance_m": 3.8696059016693529 }, "geometry": { "type": "Point", "coordinates": [ 129.293729931498603, 28.161887469876511 ] } },
{ "type": "Feature", "properties": { "timestamp": "2026-08-21T23:37:00+09:00", "session_start": "2026-08-21T22:42:00+09:00", "event_type": "目撃", "species": "クロウサギ", "individual_count": 1, "size": null, "wetness": "ドライ", "lat": 28.170019992112739, "lon": 129.34234465962189, "raw_text": "2026/08/21 23:37\n目撃\n\n1匹\nクロウサギ\nドライ\n瀬戸内町国道58号\n28.17001999211274\n129.3423446596219\n", "night_date": "2026-08-21", "segment_id": "OSM_ro39_0_64", "event_match_distance_m": 4.7046273462993637 }, "geometry": { "type": "Point", "coordinates": [ 129.342344659621887, 28.170019992112739 ] } },
{ "type": "Feature", "properties": { "timestamp": "2026-08-21T23:41:00+09:00", "session_start": "2026-08-21T22:42:00+09:00", "event_type": "目撃", "species": "カエル", "individual_count": 1, "size": null, "wetness": "ドライ", "lat": 28.170130280248539, "lon": 129.3583376977719, "raw_text": "2026/08/21 23:41\n目撃\n\n1匹\nカエル\nドライ\n瀬戸内町網野子\n28.17013028024854\n129.3583376977719\n", "night_date": "2026-08-21", "segment_id": "OSM_ro129_0_302", "event_match_distance_m": 11.299960015034348 }, "geometry": { "type": "Point", "coordinates": [ 129.358337697771901, 28.170130280248539 ] } },
{ "type": "Feature", "properties": { "timestamp": "2026-08-21T23:43:00+09:00", "session_start": "2026-08-21T22:42:00+09:00", "event_type": "目撃", "species": "ネズミ", "individual_count": 1, "size": null, "wetness": "ドライ", "lat": 28.173015375931701, "lon": 129.36323774041321, "raw_text": "2026/08/21 23:43\n目撃\n\n1匹\nネズミ\nドライ\n瀬戸内町網野子\n28.1730153759317\n129.3632377404132", "night_date": "2026-08-21", "segment_id": "OSM_ro129_0_237", "event_match_distance_m": 1.2792032567084402 }, "geometry": { "type": "Point", "coordinates": [ 129.363237740413211, 28.173015375931701 ] } },
{ "type": "Feature", "properties": { "timestamp": "2026-08-21T23:45:00+09:00", "session_start": "2026-08-21T22:42:00+09:00", "event_type": "目撃", "species": "クロウサギ", "individual_count": 1, "size": null, "wetness": "ドライ", "lat": 28.177688999731039, "lon": 129.36457133051479, "raw_text": "2026/08/21 23:45\n目撃\n\n1匹\nクロウサギ\nドライ\n瀬戸内町網野子\n28.17768899973104\n129.3645713305148\n", "night_date": "2026-08-21", "segment_id": "OSM_ro129_0_174", "event_match_distance_m": 4.9004999640497759 }, "geometry": { "type": "Point", "coordinates": [ 129.364571330514792, 28.177688999731039 ] } },
{ "type": "Feature", "properties": { "timestamp": "2026-08-21T23:48:00+09:00", "session_start": "2026-08-21T22:42:00+09:00", "event_type": "目撃", "species": "クロウサギ", "individual_count": 1, "size": null, "wetness": "ドライ", "lat": 28.18204183004103, "lon": 129.36617148319431, "raw_text": "2026/08/21 23:48\n目撃\n\n1匹\nクロウサギ\nドライ\n瀬戸内町網野子\n28.18204183004103\n129.3661714831943\n", "night_date": "2026-08-21", "segment_id": "OSM_ro129_0_109", "event_match_distance_m": 7.7058540824630919 }, "geometry": { "type": "Point", "coordinates": [ 129.366171483194307, 28.18204183004103 ] } },
{ "type": "Feature", "properties": { "timestamp": "2026-08-22T00:01:00+09:00", "session_start": "2026-08-21T22:42:00+09:00", "event_type": "目撃", "species": "カエル", "individual_count": 3, "size": null, "wetness": "ウエット", "lat": 28.193695190925009, "lon": 129.38751352830869, "raw_text": "2026/08/22 0:01\n目撃\n\n3匹\nカエル\nウエット\n\n28.19369519092501\n129.3875135283087\n", "night_date": "2026-08-21", "segment_id": "OSM_ro48_0_68", "event_match_distance_m": 7.4105938284284845 }, "geometry": { "type": "Point", "coordinates": [ 129.387513528308688, 28.193695190925009 ] } },
{ "type": "Feature", "properties": { "timestamp": "2026-08-22T00:06:00+09:00", "session_start": "2026-08-21T22:42:00+09:00", "event_type": "目撃", "species": "ネズミ", "individual_count": 1, "size": null, "wetness": "ウエット", "lat": 28.196954649899858, "lon": 129.3923851647796, "raw_text": "2026/08/22 0:06\n目撃\n\n1匹\nネズミ\nウエット\n瀬戸内町嘉徳\n28.19695464989986\n129.3923851647796\n", "night_date": "2026-08-21", "segment_id": "OSM_ro137_0_58", "event_match_distance_m": 7.9387590227815492 }, "geometry": { "type": "Point", "coordinates": [ 129.392385164779597, 28.196954649899858 ] } },
{ "type": "Feature", "properties": { "timestamp": "2026-08-22T00:10:00+09:00", "session_start": "2026-08-21T22:42:00+09:00", "event_type": "轢死", "species": "アカマタ", "individual_count": 1, "size": null, "wetness": "ウエット", "lat": 28.193151843118851, "lon": 129.398840133552, "raw_text": "2026/08/22 0:10\n轢死\n\n1匹\nアカマタ\nウエット\n瀬戸内町嘉徳\n28.19315184311885\n129.398840133552\n", "night_date": "2026-08-21", "segment_id": "OSM_ro257_0_4", "event_match_distance_m": 3.055922478112556 }, "geometry": { "type": "Point", "coordinates": [ 129.398840133552, 28.193151843118851 ] } },
{ "type": "Feature", "properties": { "timestamp": "2026-08-22T00:10:00+09:00", "session_start": "2026-08-21T22:42:00+09:00", "event_type": "目撃", "species": "ネズミ", "individual_count": 1, "size": null, "wetness": "ドライ", "lat": 28.19276531108995, "lon": 129.39921841602239, "raw_text": "2026/08/22 0:10\n目撃\n\n1匹\nネズミ\nクロウサギ\nドライ\n瀬戸内町嘉徳\n28.19276531108995\n129.3992184160224\n", "night_date": "2026-08-21", "segment_id": "OSM_ro94_0_1", "event_match_distance_m": 6.3532976479519583 }, "geometry": { "type": "Point", "coordinates": [ 129.399218416022393, 28.19276531108995 ] } },
{ "type": "Feature", "properties": { "timestamp": "2026-08-22T00:22:00+09:00", "session_start": "2026-08-21T22:42:00+09:00", "event_type": "目撃", "species": "カエル", "individual_count": 5, "size": null, "wetness": "ウエット", "lat": 28.191951239834669, "lon": 129.39725406724119, "raw_text": "2026/08/22 0:22\n目撃\n\n5匹以上\nカエル\nウエット\n瀬戸内町嘉徳\n28.19195123983467\n129.3972540672412\n", "night_date": "2026-08-21", "segment_id": "OSM_ro448_0_32", "event_match_distance_m": 9.5881635989795466 }, "geometry": { "type": "Point", "coordinates": [ 129.397254067241192, 28.191951239834669 ] } },
{ "type": "Feature", "properties": { "timestamp": "2026-08-22T00:24:00+09:00", "session_start": "2026-08-21T22:42:00+09:00", "event_type": "目撃", "species": "クロウサギ", "individual_count": 1, "size": null, "wetness": "ウエット", "lat": 28.190015302307589, "lon": 129.39766609704, "raw_text": "2026/08/22 0:24\n目撃\n\n1匹\nクロウサギ\nウエット\n瀬戸内町嘉徳\n28.19001530230759\n129.39766609704\n", "night_date": "2026-08-21", "segment_id": "OSM_ro448_0_59", "event_match_distance_m": 3.6382846716949762 }, "geometry": { "type": "Point", "coordinates": [ 129.397666097040002, 28.190015302307589 ] } },
{ "type": "Feature", "properties": { "timestamp": "2026-08-22T00:26:00+09:00", "session_start": "2026-08-21T22:42:00+09:00", "event_type": "目撃", "species": "オットンガエル", "individual_count": 2, "size": null, "wetness": "ウエット", "lat": 28.189334884756029, "lon": 129.39654705122331, "raw_text": "2026/08/22 0:26\n目撃\n\n2匹\nオットンガエル\nウエット\n瀬戸内町嘉徳\n28.18933488475603\n129.3965470512233\n", "night_date": "2026-08-21", "segment_id": "OSM_ro448_0_72", "event_match_distance_m": 3.5078998920275306 }, "geometry": { "type": "Point", "coordinates": [ 129.396547051223308, 28.189334884756029 ] } },
{ "type": "Feature", "properties": { "timestamp": "2026-08-22T00:27:00+09:00", "session_start": "2026-08-21T22:42:00+09:00", "event_type": "目撃", "species": "カエル", "individual_count": 5, "size": null, "wetness": "ウエット", "lat": 28.188666905761671, "lon": 129.39624588893969, "raw_text": "2026/08/22 0:27\n目撃\n\n5匹以上\nカエル\nウエット\n瀬戸内町嘉徳\n28.18866690576167\n129.3962458889397\n", "night_date": "2026-08-21", "segment_id": "OSM_ro448_0_81", "event_match_distance_m": 0.55614474730574448 }, "geometry": { "type": "Point", "coordinates": [ 129.396245888939688, 28.188666905761671 ] } },
{ "type": "Feature", "properties": { "timestamp": "2026-08-22T00:27:00+09:00", "session_start": "2026-08-21T22:42:00+09:00", "event_type": "目撃", "species": "カエル", "individual_count": 5, "size": null, "wetness": "ウエット", "lat": 28.188307415074981, "lon": 129.395943031889, "raw_text": "2026/08/22 0:27\n目撃\n\n5匹以上\nカエル\nウエット\n瀬戸内町嘉徳\n28.18830741507498\n129.395943031889\n", "night_date": "2026-08-21", "segment_id": "OSM_ro448_0_86", "event_match_distance_m": 1.6702137883079125 }, "geometry": { "type": "Point", "coordinates": [ 129.395943031889004, 28.188307415074981 ] } },
{ "type": "Feature", "properties": { "timestamp": "2026-08-22T00:28:00+09:00", "session_start": "2026-08-21T22:42:00+09:00", "event_type": "目撃", "species": "オットンガエル", "individual_count": 1, "size": null, "wetness": "ウエット", "lat": 28.18788672559403, "lon": 129.3955458168482, "raw_text": "2026/08/22 0:28\n目撃\n\n1匹\nオットンガエル\nウエット\n瀬戸内町嘉徳\n28.18788672559403\n129.3955458168482\n", "night_date": "2026-08-21", "segment_id": "OSM_ro448_0_92", "event_match_distance_m": 2.3411006306460114 }, "geometry": { "type": "Point", "coordinates": [ 129.395545816848198, 28.18788672559403 ] } },
{ "type": "Feature", "properties": { "timestamp": "2026-08-22T00:28:00+09:00", "session_start": "2026-08-21T22:42:00+09:00", "event_type": "目撃", "species": "カエル", "individual_count": 5, "size": null, "wetness": "ウエット", "lat": 28.18770354495015, "lon": 129.3953915759524, "raw_text": "2026/08/22 0:28\n目撃\n\n5匹以上\nカエル\nウエット\n瀬戸内町嘉徳\n28.18770354495015\n129.3953915759524\n", "night_date": "2026-08-21", "segment_id": "OSM_ro448_0_94", "event_match_distance_m": 4.211281116509598 }, "geometry": { "type": "Point", "coordinates": [ 129.395391575952402, 28.18770354495015 ] } },
{ "type": "Feature", "properties": { "timestamp": "2026-08-22T00:29:00+09:00", "session_start": "2026-08-21T22:42:00+09:00", "event_type": "目撃", "species": "アカマタ", "individual_count": 1, "size": null, "wetness": "ウエット", "lat": 28.186755652244941, "lon": 129.3950309775804, "raw_text": "2026/08/22 0:29\n目撃\n\n1匹\nアカマタ\nウエット\n\n28.18675565224494\n129.3950309775804\n", "night_date": "2026-08-21", "segment_id": "OSM_ro191_0_3", "event_match_distance_m": 2.5465551868701413 }, "geometry": { "type": "Point", "coordinates": [ 129.395030977580404, 28.186755652244941 ] } },
{ "type": "Feature", "properties": { "timestamp": "2026-08-22T00:35:00+09:00", "session_start": "2026-08-21T22:42:00+09:00", "event_type": "目撃", "species": "オットンガエル", "individual_count": 1, "size": null, "wetness": "ウエット", "lat": 28.187221991745741, "lon": 129.39861203029761, "raw_text": "2026/08/22 0:35\n目撃\n\n1匹\nオットンガエル\nウエット\n\n28.18722199174574\n129.3986120302976\n", "night_date": "2026-08-21", "segment_id": "OSM_ro191_0_64", "event_match_distance_m": 0.8970100027254938 }, "geometry": { "type": "Point", "coordinates": [ 129.398612030297613, 28.187221991745741 ] } },
{ "type": "Feature", "properties": { "timestamp": "2026-08-22T00:37:00+09:00", "session_start": "2026-08-21T22:42:00+09:00", "event_type": "目撃", "species": "アカマタ", "individual_count": 1, "size": null, "wetness": "ウエット", "lat": 28.186077620053929, "lon": 129.39917599050651, "raw_text": "2026/08/22 0:37\n目撃\n\n1匹\nアカマタ\nウエット\n\n28.18607762005393\n129.3991759905065\n", "night_date": "2026-08-21", "segment_id": "OSM_ro191_0_85", "event_match_distance_m": 12.37279655677958 }, "geometry": { "type": "Point", "coordinates": [ 129.399175990506507, 28.186077620053929 ] } },
{ "type": "Feature", "properties": { "timestamp": "2026-08-22T00:39:00+09:00", "session_start": "2026-08-21T22:42:00+09:00", "event_type": "目撃", "species": "カエル", "individual_count": 3, "size": null, "wetness": "ウエット", "lat": 28.186183981524451, "lon": 129.39729827667759, "raw_text": "2026/08/22 0:39\n目撃\n\n3匹\nカエル\nウエット\n\n28.18618398152445\n129.3972982766776\n", "night_date": "2026-08-21", "segment_id": "OSM_ro280_0_1", "event_match_distance_m": 9.8460499068343807 }, "geometry": { "type": "Point", "coordinates": [ 129.397298276677589, 28.186183981524451 ] } },
{ "type": "Feature", "properties": { "timestamp": "2026-08-22T00:41:00+09:00", "session_start": "2026-08-21T22:42:00+09:00", "event_type": "目撃", "species": "カエル", "individual_count": 5, "size": null, "wetness": "ウエット", "lat": 28.18501309665794, "lon": 129.39727501978069, "raw_text": "2026/08/22 0:41\n目撃\n\n5匹以上\nカエル\nウエット\n瀬戸内町嘉徳\n28.18501309665794\n129.3972750197807\n", "night_date": "2026-08-21", "segment_id": "OSM_ro280_0_15", "event_match_distance_m": 8.7478725229491392 }, "geometry": { "type": "Point", "coordinates": [ 129.397275019780693, 28.18501309665794 ] } },
{ "type": "Feature", "properties": { "timestamp": "2026-08-22T00:43:00+09:00", "session_start": "2026-08-21T22:42:00+09:00", "event_type": "目撃", "species": "カエル", "individual_count": 5, "size": null, "wetness": "ウエット", "lat": 28.18381903126879, "lon": 129.3967648834309, "raw_text": "2026/08/22 0:43\n目撃\n\n5匹以上\nカエル\nウエット\n瀬戸内町嘉徳\n28.18381903126879\n129.3967648834309\n", "night_date": "2026-08-21", "segment_id": "OSM_ro280_0_40", "event_match_distance_m": 24.363020763629521 }, "geometry": { "type": "Point", "coordinates": [ 129.396764883430905, 28.18381903126879 ] } },
{ "type": "Feature", "properties": { "timestamp": "2026-08-22T00:47:00+09:00", "session_start": "2026-08-21T22:42:00+09:00", "event_type": "目撃", "species": "アマミハナサキガエル", "individual_count": 1, "size": null, "wetness": "ウエット", "lat": 28.181009258935909, "lon": 129.3945377310846, "raw_text": "2026/08/22 0:47\n目撃\n\n1匹\nアマミハナサキガエル\nウエット\n瀬戸内町節子\n28.18100925893591\n129.3945377310846\n", "night_date": "2026-08-21", "segment_id": "OSM_ro104_0_5", "event_match_distance_m": 0.73310074924673541 }, "geometry": { "type": "Point", "coordinates": [ 129.394537731084597, 28.181009258935909 ] } },
{ "type": "Feature", "properties": { "timestamp": "2026-08-22T00:52:00+09:00", "session_start": "2026-08-21T22:42:00+09:00", "event_type": "目撃", "species": "クロウサギ", "individual_count": 1, "size": null, "wetness": "ウエット", "lat": 28.178417072230459, "lon": 129.39322863431289, "raw_text": "2026/08/22 0:52\n目撃\n\n1匹\nクロウサギ\nウエット\n\n28.17841707223046\n129.3932286343129\n", "night_date": "2026-08-21", "segment_id": "OSM_ro104_0_61", "event_match_distance_m": 0.67544856147243504 }, "geometry": { "type": "Point", "coordinates": [ 129.393228634312891, 28.178417072230459 ] } },
{ "type": "Feature", "properties": { "timestamp": "2026-08-22T00:52:00+09:00", "session_start": "2026-08-21T22:42:00+09:00", "event_type": "目撃", "species": "カエル", "individual_count": 5, "size": null, "wetness": "ソークド(水跳ね)", "lat": 28.178222740334469, "lon": 129.39334485755339, "raw_text": "2026/08/22 0:52\n目撃\n\n5匹以上\nカエル\nソークド(水跳ね)\n\n28.17822274033447\n129.3933448575534\n", "night_date": "2026-08-21", "segment_id": "OSM_ro104_0_64", "event_match_distance_m": 1.4841500825308809 }, "geometry": { "type": "Point", "coordinates": [ 129.393344857553387, 28.178222740334469 ] } },
{ "type": "Feature", "properties": { "timestamp": "2026-08-22T00:55:00+09:00", "session_start": "2026-08-21T22:42:00+09:00", "event_type": "目撃", "species": "ヤマシギ", "individual_count": 1, "size": null, "wetness": "ウエット", "lat": 28.177094271707009, "lon": 129.39451561082791, "raw_text": "2026/08/22 0:55\n目撃\n\n1匹\nヤマシギ\nウエット\n\n28.17709427170701\n129.3945156108279\n", "night_date": "2026-08-21", "segment_id": "OSM_ro104_0_88", "event_match_distance_m": 6.2639788520339916 }, "geometry": { "type": "Point", "coordinates": [ 129.394515610827909, 28.177094271707009 ] } },
{ "type": "Feature", "properties": { "timestamp": "2026-08-22T00:56:00+09:00", "session_start": "2026-08-21T22:42:00+09:00", "event_type": "目撃", "species": "オットンガエル", "individual_count": 1, "size": null, "wetness": "ウエット", "lat": 28.176364458038218, "lon": 129.3948757347658, "raw_text": "2026/08/22 0:56\n目撃\n\n1匹\nオットンガエル\nウエット\n瀬戸内町節子\n28.17636445803822\n129.3948757347658\n\nなう(2026/08/22 00:57:40)雨 霧終わり\n", "night_date": "2026-08-21", "segment_id": "OSM_ro104_0_97", "event_match_distance_m": 4.6399451123746625 }, "geometry": { "type": "Point", "coordinates": [ 129.394875734765805, 28.176364458038218 ] } },
{ "type": "Feature", "properties": { "timestamp": "2026-08-22T00:58:00+09:00", "session_start": "2026-08-21T22:42:00+09:00", "event_type": "目撃", "species": "ヤマシギ", "individual_count": 2, "size": null, "wetness": "ウエット", "lat": 28.175792878251229, "lon": 129.3964925823972, "raw_text": "2026/08/22 0:58\n目撃\n\n2匹\nヤマシギ\nウエット\n\n28.17579287825123\n129.3964925823972\n", "night_date": "2026-08-21", "segment_id": "OSM_ro289_0_18", "event_match_distance_m": 1.4877764221075134 }, "geometry": { "type": "Point", "coordinates": [ 129.396492582397201, 28.175792878251229 ] } },
{ "type": "Feature", "properties": { "timestamp": "2026-08-22T00:59:00+09:00", "session_start": "2026-08-21T22:42:00+09:00", "event_type": "目撃", "species": "ヤマシギ", "individual_count": 1, "size": null, "wetness": "ウエット", "lat": 28.17483654845768, "lon": 129.3957123069226, "raw_text": "2026/08/22 0:59\n目撃\n\n1匹\nヤマシギ\nウエット\n瀬戸内町節子\n28.17483654845768\n129.3957123069226\n", "night_date": "2026-08-21", "segment_id": "OSM_ro289_0_33", "event_match_distance_m": 2.1030934293968828 }, "geometry": { "type": "Point", "coordinates": [ 129.395712306922604, 28.17483654845768 ] } },
{ "type": "Feature", "properties": { "timestamp": "2026-08-22T01:00:00+09:00", "session_start": "2026-08-21T22:42:00+09:00", "event_type": "目撃", "species": "ヤマシギ", "individual_count": 2, "size": null, "wetness": "ウエット", "lat": 28.17440901347674, "lon": 129.3954199241615, "raw_text": "2026/08/22 1:00\n目撃\n\n2匹\nヤマシギ\nウエット\n\n28.17440901347674\n129.3954199241615\n", "night_date": "2026-08-21", "segment_id": "OSM_ro289_0_39", "event_match_distance_m": 5.7058964677504793 }, "geometry": { "type": "Point", "coordinates": [ 129.395419924161502, 28.17440901347674 ] } },
{ "type": "Feature", "properties": { "timestamp": "2026-08-22T01:01:00+09:00", "session_start": "2026-08-21T22:42:00+09:00", "event_type": "目撃", "species": "カエル", "individual_count": 5, "size": null, "wetness": "ウエット", "lat": 28.174379996286159, "lon": 129.39455338775511, "raw_text": "2026/08/22 1:01\n目撃\n\n5匹以上\nカエル\nウエット\n\n28.17437999628616\n129.3945533877551\n", "night_date": "2026-08-21", "segment_id": "OSM_ro289_0_53", "event_match_distance_m": 7.4510382871023273 }, "geometry": { "type": "Point", "coordinates": [ 129.39455338775511, 28.174379996286159 ] } },
{ "type": "Feature", "properties": { "timestamp": "2026-08-22T01:01:00+09:00", "session_start": "2026-08-21T22:42:00+09:00", "event_type": "目撃", "species": "ヒメハブ", "individual_count": 1, "size": null, "wetness": "ウエット", "lat": 28.17429449408051, "lon": 129.39458474638349, "raw_text": "2026/08/22 1:01\n目撃\n\n1匹\nヒメハブ\nオットンガエル\nウエット\n\n28.17429449408051\n129.3945847463835\n", "night_date": "2026-08-21", "segment_id": "OSM_ro289_0_54", "event_match_distance_m": 7.3739388110838719 }, "geometry": { "type": "Point", "coordinates": [ 129.394584746383487, 28.17429449408051 ] } },
{ "type": "Feature", "properties": { "timestamp": "2026-08-22T01:02:00+09:00", "session_start": "2026-08-21T22:42:00+09:00", "event_type": "目撃", "species": "カエル", "individual_count": 5, "size": null, "wetness": "ウエット", "lat": 28.173661107825659, "lon": 129.3945303525025, "raw_text": "2026/08/22 1:02\n目撃\n\n5匹以上\nカエル\nウエット\n瀬戸内町節子\n28.17366110782566\n129.3945303525025\n", "night_date": "2026-08-21", "segment_id": "OSM_ro289_0_61", "event_match_distance_m": 7.7649584597728243 }, "geometry": { "type": "Point", "coordinates": [ 129.3945303525025, 28.173661107825659 ] } },
{ "type": "Feature", "properties": { "timestamp": "2026-08-22T01:03:00+09:00", "session_start": "2026-08-21T22:42:00+09:00", "event_type": "目撃", "species": "カエル", "individual_count": 5, "size": null, "wetness": "ウエット", "lat": 28.173473858301659, "lon": 129.39484914666031, "raw_text": "2026/08/22 1:03\n目撃\n\n5匹以上\nカエル\nウエット\n\n28.17347385830166\n129.3948491466603\n", "night_date": "2026-08-21", "segment_id": "OSM_ro289_0_65", "event_match_distance_m": 2.702583713413202 }, "geometry": { "type": "Point", "coordinates": [ 129.394849146660306, 28.173473858301659 ] } },
{ "type": "Feature", "properties": { "timestamp": "2026-08-22T01:03:00+09:00", "session_start": "2026-08-21T22:42:00+09:00", "event_type": "目撃", "species": "オットンガエル", "individual_count": 1, "size": null, "wetness": "ウエット", "lat": 28.173497427415001, "lon": 129.39528245308759, "raw_text": "2026/08/22 1:03\n目撃\n\n1匹\nオットンガエル\nウエット\n\n28.173497427415\n129.3952824530876\n", "night_date": "2026-08-21", "segment_id": "OSM_ro289_0_69", "event_match_distance_m": 1.1907036895025442 }, "geometry": { "type": "Point", "coordinates": [ 129.395282453087589, 28.173497427415001 ] } },
{ "type": "Feature", "properties": { "timestamp": "2026-08-22T01:03:00+09:00", "session_start": "2026-08-21T22:42:00+09:00", "event_type": "目撃", "species": "オットンガエル", "individual_count": 1, "size": null, "wetness": "ウエット", "lat": 28.17478672324291, "lon": 129.39784764195409, "raw_text": "2026/08/22 1:03\n目撃\n\n1匹\nオットンガエル\nウエット\n瀬戸内町節子\n28.1736707293488\n129.3956944839441\n\nあ2026/08/22 1:07\n目撃\n\n1匹\nオットンガエル\nウエット\n瀬戸内町節子\n28.17478672324291\n129.3978476419541\n", "night_date": "2026-08-21", "segment_id": "OSM_ro289_0_103", "event_match_distance_m": 6.6180868719041142 }, "geometry": { "type": "Point", "coordinates": [ 129.397847641954087, 28.17478672324291 ] } },
{ "type": "Feature", "properties": { "timestamp": "2026-08-22T01:08:00+09:00", "session_start": "2026-08-21T22:42:00+09:00", "event_type": "目撃", "species": "オットンガエル", "individual_count": 1, "size": null, "wetness": "ウエット", "lat": 28.174248577841759, "lon": 129.39891911463221, "raw_text": "2026/08/22 1:08\n目撃\n\n1匹\nオットンガエル\nヤマシギ\nウエット\n瀬戸内町節子\n28.17424857784176\n129.3989191146322\n", "night_date": "2026-08-21", "segment_id": "OSM_ro249_0_18", "event_match_distance_m": 2.8574126418956194 }, "geometry": { "type": "Point", "coordinates": [ 129.398919114632207, 28.174248577841759 ] } },
{ "type": "Feature", "properties": { "timestamp": "2026-08-22T01:09:00+09:00", "session_start": "2026-08-21T22:42:00+09:00", "event_type": "目撃", "species": "オットンガエル", "individual_count": 1, "size": null, "wetness": "ウエット", "lat": 28.173856196955931, "lon": 129.39865283462089, "raw_text": "2026/08/22 1:09\n目撃\n\n1匹\nオットンガエル\nウエット\n\n28.17385619695593\n129.3986528346209\n", "night_date": "2026-08-21", "segment_id": "OSM_ro249_0_24", "event_match_distance_m": 4.4704948376393734 }, "geometry": { "type": "Point", "coordinates": [ 129.39865283462089, 28.173856196955931 ] } },
{ "type": "Feature", "properties": { "timestamp": "2026-08-22T01:12:00+09:00", "session_start": "2026-08-21T22:42:00+09:00", "event_type": "目撃", "species": "ヤマシギ", "individual_count": 1, "size": null, "wetness": "ウエット", "lat": 28.172240193788529, "lon": 129.3989112142396, "raw_text": "2026/08/22 1:12\n目撃\n\n1匹\nヤマシギ\nウエット\n\n28.17224019378853\n129.3989112142396\n", "night_date": "2026-08-21", "segment_id": "OSM_ro249_0_69", "event_match_distance_m": 12.480622381602554 }, "geometry": { "type": "Point", "coordinates": [ 129.398911214239604, 28.172240193788529 ] } },
{ "type": "Feature", "properties": { "timestamp": "2026-08-22T01:16:00+09:00", "session_start": "2026-08-21T22:42:00+09:00", "event_type": "目撃", "species": "オットンガエル", "individual_count": 1, "size": null, "wetness": "ウエット", "lat": 28.17077200560761, "lon": 129.39819555058551, "raw_text": "2026/08/22 1:16\n目撃\n\n1匹\nオットンガエル\nウエット\n\n28.17077200560761\n129.3981955505855\n", "night_date": "2026-08-21", "segment_id": "OSM_ro4_0_3", "event_match_distance_m": 8.2748904648773056 }, "geometry": { "type": "Point", "coordinates": [ 129.398195550585513, 28.17077200560761 ] } },
{ "type": "Feature", "properties": { "timestamp": "2026-08-22T01:16:00+09:00", "session_start": "2026-08-21T22:42:00+09:00", "event_type": "目撃", "species": "オットンガエル", "individual_count": 1, "size": null, "wetness": "ウエット", "lat": 28.170502536574169, "lon": 129.39786470506709, "raw_text": "2026/08/22 1:16\n目撃\n\n1匹\nオットンガエル\nウエット\n\n28.17050253657417\n129.3978647050671\n", "night_date": "2026-08-21", "segment_id": "OSM_ro476_0_7", "event_match_distance_m": 13.61407797827917 }, "geometry": { "type": "Point", "coordinates": [ 129.397864705067093, 28.170502536574169 ] } },
{ "type": "Feature", "properties": { "timestamp": "2026-08-22T01:20:00+09:00", "session_start": "2026-08-21T22:42:00+09:00", "event_type": "目撃", "species": "ヤマシギ", "individual_count": 1, "size": null, "wetness": "ウエット", "lat": 28.171869712711171, "lon": 129.3962820476157, "raw_text": "2026/08/22 1:20\n目撃\n\n1匹\nヤマシギ\nウエット\n\n28.17186971271117\n129.3962820476157\n\nなう(2026/08/22 01:20:54)雨止み\n", "night_date": "2026-08-21", "segment_id": "OSM_ro142_0_15", "event_match_distance_m": 2.7218841372126841 }, "geometry": { "type": "Point", "coordinates": [ 129.396282047615699, 28.171869712711171 ] } },
{ "type": "Feature", "properties": { "timestamp": "2026-08-22T01:25:00+09:00", "session_start": "2026-08-21T22:42:00+09:00", "event_type": "目撃", "species": "オットンガエル", "individual_count": 1, "size": null, "wetness": "ウエット", "lat": 28.167128930049831, "lon": 129.3954584373395, "raw_text": "2026/08/22 1:25\n目撃\n\n1匹\nオットンガエル\nヤマシギ\nウエット\n\n28.16712893004983\n129.3954584373395\n", "night_date": "2026-08-21", "segment_id": "OSM_ro560_0_7", "event_match_distance_m": 5.3499345095982234 }, "geometry": { "type": "Point", "coordinates": [ 129.395458437339499, 28.167128930049831 ] } },
{ "type": "Feature", "properties": { "timestamp": "2026-08-22T01:41:00+09:00", "session_start": "2026-08-21T22:42:00+09:00", "event_type": "目撃", "species": "カエル", "individual_count": 1, "size": null, "wetness": "ウエット", "lat": 28.164500302907751, "lon": 129.39053361056091, "raw_text": "2026/08/22 1:41\n目撃\n\n1匹\nカエル\nウエット\n\n28.16450030290775\n129.3905336105609\n", "night_date": "2026-08-21", "segment_id": "OSM_ro440_0_76", "event_match_distance_m": 3.1260757457998167 }, "geometry": { "type": "Point", "coordinates": [ 129.390533610560908, 28.164500302907751 ] } },
{ "type": "Feature", "properties": { "timestamp": "2026-08-22T01:45:00+09:00", "session_start": "2026-08-21T22:42:00+09:00", "event_type": "目撃", "species": "ヤマシギ", "individual_count": 1, "size": null, "wetness": "ウエット", "lat": 28.165078695702981, "lon": 129.38935552819649, "raw_text": "2026/08/22 1:45\n目撃\n\n1匹\nヤマシギ\nウエット\n瀬戸内町節子\n28.16507869570298\n129.3893555281965\n", "night_date": "2026-08-21", "segment_id": "OSM_ro440_0_53", "event_match_distance_m": 9.0596847701345169 }, "geometry": { "type": "Point", "coordinates": [ 129.389355528196489, 28.165078695702981 ] } },
{ "type": "Feature", "properties": { "timestamp": "2026-08-22T01:53:00+09:00", "session_start": "2026-08-21T22:42:00+09:00", "event_type": "目撃", "species": "カエル", "individual_count": 5, "size": null, "wetness": "ウエット", "lat": 28.165831143189251, "lon": 129.38757005202871, "raw_text": "2026/08/22 1:53\n目撃\n\n5匹以上\nカエル\nウエット\n瀬戸内町節子\n28.16583114318925\n129.3875700520287\n", "night_date": "2026-08-21", "segment_id": "OSM_ro364_0_71", "event_match_distance_m": 6.8057147347736189 }, "geometry": { "type": "Point", "coordinates": [ 129.387570052028707, 28.165831143189251 ] } },
{ "type": "Feature", "properties": { "timestamp": "2026-08-22T01:53:00+09:00", "session_start": "2026-08-21T22:42:00+09:00", "event_type": "目撃", "species": "ヤマシギ", "individual_count": 1, "size": null, "wetness": "ドライ", "lat": 28.166219027179139, "lon": 129.3876726829717, "raw_text": "2026/08/22 1:53\n目撃\n\n1匹\nヤマシギ\nドライ\n瀬戸内町節子\n28.16621902717914\n129.3876726829717\n", "night_date": "2026-08-21", "segment_id": "OSM_ro364_0_67", "event_match_distance_m": 8.4108356728738016 }, "geometry": { "type": "Point", "coordinates": [ 129.387672682971697, 28.166219027179139 ] } },
{ "type": "Feature", "properties": { "timestamp": "2026-08-22T01:55:00+09:00", "session_start": "2026-08-21T22:42:00+09:00", "event_type": "目撃", "species": "アカマタ", "individual_count": 1, "size": null, "wetness": "ドライ", "lat": 28.166538459968809, "lon": 129.38693071406749, "raw_text": "2026/08/22 1:55\n目撃\n\n1匹\nアカマタ\nドライ\n瀬戸内町節子\n28.16653845996881\n129.3869307140675\n", "night_date": "2026-08-21", "segment_id": "OSM_ro364_0_57", "event_match_distance_m": 4.9881151960581045 }, "geometry": { "type": "Point", "coordinates": [ 129.386930714067489, 28.166538459968809 ] } },
{ "type": "Feature", "properties": { "timestamp": "2026-08-22T01:55:00+09:00", "session_start": "2026-08-21T22:42:00+09:00", "event_type": "目撃", "species": "カエル", "individual_count": 5, "size": null, "wetness": "ドライ", "lat": 28.16620169279965, "lon": 129.38703229444829, "raw_text": "2026/08/22 1:55\n目撃\n\n5匹以上\nカエル\nドライ\n瀬戸内町節子\n28.16620169279965\n129.3870322944483\n", "night_date": "2026-08-21", "segment_id": "OSM_ro364_0_54", "event_match_distance_m": 9.60797224273397 }, "geometry": { "type": "Point", "coordinates": [ 129.387032294448289, 28.16620169279965 ] } },
{ "type": "Feature", "properties": { "timestamp": "2026-08-22T01:57:00+09:00", "session_start": "2026-08-21T22:42:00+09:00", "event_type": "目撃", "species": "ヤマシギ", "individual_count": 2, "size": null, "wetness": "ドライ", "lat": 28.165308597185909, "lon": 129.3841281716507, "raw_text": "2026/08/22 1:57\n目撃\n\n2匹\nヤマシギ\nドライ\n瀬戸内町節子\n28.16530859718591\n129.3841281716507\n", "night_date": "2026-08-21", "segment_id": "OSM_ro364_0_22", "event_match_distance_m": 0.26907694946146615 }, "geometry": { "type": "Point", "coordinates": [ 129.384128171650701, 28.165308597185909 ] } },
{ "type": "Feature", "properties": { "timestamp": "2026-08-22T02:00:00+09:00", "session_start": "2026-08-21T22:42:00+09:00", "event_type": "目撃", "species": "カエル", "individual_count": 5, "size": null, "wetness": "ドライ", "lat": 28.168104054295839, "lon": 129.38134993356209, "raw_text": "2026/08/22 2:00\n目撃\n\n5匹以上\nカエル\nドライ\n瀬戸内町節子\n28.16810405429584\n129.3813499335621\n", "night_date": "2026-08-21", "segment_id": "OSM_ro278_0_11", "event_match_distance_m": 4.4651182759606769 }, "geometry": { "type": "Point", "coordinates": [ 129.381349933562092, 28.168104054295839 ] } },
{ "type": "Feature", "properties": { "timestamp": "2026-08-22T02:18:00+09:00", "session_start": "2026-08-21T22:42:00+09:00", "event_type": "目撃", "species": "クロウサギ", "individual_count": 1, "size": null, "wetness": "ドライ", "lat": 28.165740008995598, "lon": 129.36679976612589, "raw_text": "2026/08/22 2:18\n目撃\n\n1匹\nクロウサギ\nドライ\n瀬戸内町節子\n28.1657400089956\n129.3667997661259\n", "night_date": "2026-08-21", "segment_id": "OSM_ro37_0_93", "event_match_distance_m": 5.7957470443719536 }, "geometry": { "type": "Point", "coordinates": [ 129.366799766125894, 28.165740008995598 ] } },
{ "type": "Feature", "properties": { "timestamp": "2026-08-22T02:20:00+09:00", "session_start": "2026-08-21T22:42:00+09:00", "event_type": "目撃", "species": "ネズミ", "individual_count": 1, "size": null, "wetness": "ドライ", "lat": 28.166830153103021, "lon": 129.36629637370251, "raw_text": "2026/08/22 2:20\n目撃\n\n1匹\nネズミ\nドライ\n瀬戸内町網野子\n28.16683015310302\n129.3662963737025", "night_date": "2026-08-21", "segment_id": "OSM_ro37_0_62", "event_match_distance_m": 3.1500281852293202 }, "geometry": { "type": "Point", "coordinates": [ 129.366296373702511, 28.166830153103021 ] } },
{ "type": "Feature", "properties": { "timestamp": "2026-08-23T22:10:00+09:00", "session_start": "2026-08-23T21:08:00+09:00", "event_type": "目撃", "species": "カエル", "individual_count": 1, "size": null, "wetness": "ドライ", "lat": 28.170138135860281, "lon": 129.37732808116269, "raw_text": "2026/08/23 22:10\n目撃\n\n1匹\nカエル\nドライ\n瀬戸内町節子\n28.17013813586028\n129.3773280811627\n", "night_date": "2026-08-23", "segment_id": "OSM_ro961_0_20", "event_match_distance_m": 2.25414989517005 }, "geometry": { "type": "Point", "coordinates": [ 129.377328081162688, 28.170138135860281 ] } },
{ "type": "Feature", "properties": { "timestamp": "2026-08-23T22:22:00+09:00", "session_start": "2026-08-23T21:08:00+09:00", "event_type": "目撃", "species": "ヤマシギ", "individual_count": 3, "size": null, "wetness": "ドライ", "lat": 28.165321163017691, "lon": 129.3841156890694, "raw_text": "2026/08/23 22:22\n目撃\n\n3匹\nヤマシギ\nドライ\n\n28.16532116301769\n129.3841156890694\n", "night_date": "2026-08-23", "segment_id": "OSM_ro364_0_22", "event_match_distance_m": 1.1372134667568508 }, "geometry": { "type": "Point", "coordinates": [ 129.384115689069404, 28.165321163017691 ] } },
{ "type": "Feature", "properties": { "timestamp": "2026-08-23T22:31:00+09:00", "session_start": "2026-08-23T21:08:00+09:00", "event_type": "目撃", "species": "ヤマシギ", "individual_count": 4, "size": null, "wetness": "ドライ", "lat": 28.163248402831449, "lon": 129.38638931861911, "raw_text": "2026/08/23 22:31\n目撃\n\n4匹\nヤマシギ\nドライ\n瀬戸内町節子\n28.16324840283145\n129.3863893186191\n", "night_date": "2026-08-23", "segment_id": "OSM_ro440_0_15", "event_match_distance_m": 3.4515359040164539 }, "geometry": { "type": "Point", "coordinates": [ 129.386389318619109, 28.163248402831449 ] } },
{ "type": "Feature", "properties": { "timestamp": "2026-08-23T22:35:00+09:00", "session_start": "2026-08-23T21:08:00+09:00", "event_type": "目撃", "species": "ネズミ", "individual_count": 2, "size": null, "wetness": "ドライ", "lat": 28.16509362015308, "lon": 129.3894606010646, "raw_text": "2026/08/23 22:35\n目撃\n\n2匹\nネズミ\nドライ\n瀬戸内町節子\n28.16509362015308\n129.3894606010646\n", "night_date": "2026-08-23", "segment_id": "OSM_ro440_0_54", "event_match_distance_m": 9.2862379830319526 }, "geometry": { "type": "Point", "coordinates": [ 129.389460601064599, 28.16509362015308 ] } },
{ "type": "Feature", "properties": { "timestamp": "2026-08-23T22:40:00+09:00", "session_start": "2026-08-23T21:08:00+09:00", "event_type": "目撃", "species": "ネズミ", "individual_count": 1, "size": null, "wetness": "ドライ", "lat": 28.163810238917321, "lon": 129.39037288821481, "raw_text": "2026/08/23 22:40\n目撃\n\n1匹\nネズミ\nドライ\n瀬戸内町節子\n28.16381023891732\n129.3903728882148\n", "night_date": "2026-08-23", "segment_id": "OSM_ro440_0_93", "event_match_distance_m": 8.2974979890200409 }, "geometry": { "type": "Point", "coordinates": [ 129.390372888214813, 28.163810238917321 ] } },
{ "type": "Feature", "properties": { "timestamp": "2026-08-23T22:47:00+09:00", "session_start": "2026-08-23T21:08:00+09:00", "event_type": "目撃", "species": "ネズミ", "individual_count": 1, "size": null, "wetness": "ドライ", "lat": 28.165070312384891, "lon": 129.39455159718301, "raw_text": "2026/08/23 22:47\n目撃\n\n1匹\nネズミ\nドライ\n瀬戸内町節子\n28.16507031238489\n129.394551597183\n", "night_date": "2026-08-23", "segment_id": "OSM_ro42_0_48", "event_match_distance_m": 2.4024131165790665 }, "geometry": { "type": "Point", "coordinates": [ 129.39455159718301, 28.165070312384891 ] } },
{ "type": "Feature", "properties": { "timestamp": "2026-08-23T22:48:00+09:00", "session_start": "2026-08-23T21:08:00+09:00", "event_type": "目撃", "species": "ヤマシギ", "individual_count": 2, "size": null, "wetness": "ドライ", "lat": 28.164144236658728, "lon": 129.3953523486478, "raw_text": "2026/08/23 22:48\n目撃\n\n2匹\nヤマシギ\nドライ\n瀬戸内町節子\n28.16414423665873\n129.3953523486478\n", "night_date": "2026-08-23", "segment_id": "OSM_ro42_0_62", "event_match_distance_m": 5.3453557877881881 }, "geometry": { "type": "Point", "coordinates": [ 129.395352348647805, 28.164144236658728 ] } },
{ "type": "Feature", "properties": { "timestamp": "2026-08-23T22:51:00+09:00", "session_start": "2026-08-23T21:08:00+09:00", "event_type": "目撃", "species": "ヤマシギ", "individual_count": 1, "size": null, "wetness": "ドライ", "lat": 28.165422528898489, "lon": 129.3964437502259, "raw_text": "2026/08/23 22:51\n目撃\n\n1匹\nヤマシギ\nドライ\n\n28.16542252889849\n129.3964437502259\n", "night_date": "2026-08-23", "segment_id": "OSM_ro42_0_87", "event_match_distance_m": 3.098418620121985 }, "geometry": { "type": "Point", "coordinates": [ 129.396443750225899, 28.165422528898489 ] } },
{ "type": "Feature", "properties": { "timestamp": "2026-08-23T22:55:00+09:00", "session_start": "2026-08-23T21:08:00+09:00", "event_type": "目撃", "species": "ヤマシギ", "individual_count": 1, "size": null, "wetness": "ドライ", "lat": 28.16785672915876, "lon": 129.39505375597619, "raw_text": "2026/08/23 22:55\n目撃\n\n1匹\nヤマシギ\nドライ\n\n28.16785672915876\n129.3950537559762\n", "night_date": "2026-08-23", "segment_id": "OSM_ro313_0_2", "event_match_distance_m": 4.0903351490571813 }, "geometry": { "type": "Point", "coordinates": [ 129.395053755976193, 28.16785672915876 ] } },
{ "type": "Feature", "properties": { "timestamp": "2026-08-23T22:57:00+09:00", "session_start": "2026-08-23T21:08:00+09:00", "event_type": "目撃", "species": "ヤマシギ", "individual_count": 1, "size": null, "wetness": "ドライ", "lat": 28.16881074834151, "lon": 129.39600111349091, "raw_text": "2026/08/23 22:57\n目撃\n\n1匹\nヤマシギ\nドライ\n瀬戸内町節子\n28.16881074834151\n129.3960011134909\n", "night_date": "2026-08-23", "segment_id": "OSM_ro313_0_17", "event_match_distance_m": 2.3732635765885317 }, "geometry": { "type": "Point", "coordinates": [ 129.396001113490911, 28.16881074834151 ] } },
{ "type": "Feature", "properties": { "timestamp": "2026-08-23T23:02:00+09:00", "session_start": "2026-08-23T21:08:00+09:00", "event_type": "目撃", "species": "ヤマシギ", "individual_count": 1, "size": null, "wetness": "ドライ", "lat": 28.17231339209032, "lon": 129.39644902659381, "raw_text": "2026/08/23 23:02\n目撃\n\n1匹\nヤマシギ\nドライ\n\n28.17231339209032\n129.3964490265938\n", "night_date": "2026-08-23", "segment_id": "OSM_ro142_0_22", "event_match_distance_m": 5.9417542637711485 }, "geometry": { "type": "Point", "coordinates": [ 129.396449026593814, 28.17231339209032 ] } },
{ "type": "Feature", "properties": { "timestamp": "2026-08-23T23:10:00+09:00", "session_start": "2026-08-23T21:08:00+09:00", "event_type": "目撃", "species": "ヤマシギ", "individual_count": 1, "size": null, "wetness": "ドライ", "lat": 28.1720211180339, "lon": 129.3990040679131, "raw_text": "2026/08/23 23:10\n目撃\n\n1匹\nヤマシギ\nドライ\n\n28.1720211180339\n129.3990040679131\n", "night_date": "2026-08-23", "segment_id": "OSM_ro249_0_71", "event_match_distance_m": 0.57519730574410577 }, "geometry": { "type": "Point", "coordinates": [ 129.399004067913097, 28.1720211180339 ] } },
{ "type": "Feature", "properties": { "timestamp": "2026-08-23T23:15:00+09:00", "session_start": "2026-08-23T21:08:00+09:00", "event_type": "目撃", "species": "ヤマシギ", "individual_count": 1, "size": null, "wetness": "ドライ", "lat": 28.174432028920521, "lon": 129.39905876784101, "raw_text": "2026/08/23 23:15\n目撃\n\n1匹\nヤマシギ\nドライ\n瀬戸内町節子\n28.17443202892052\n129.399058767841\n", "night_date": "2026-08-23", "segment_id": "OSM_ro249_0_16", "event_match_distance_m": 6.8243744584022394 }, "geometry": { "type": "Point", "coordinates": [ 129.399058767841012, 28.174432028920521 ] } },
{ "type": "Feature", "properties": { "timestamp": "2026-08-23T23:19:00+09:00", "session_start": "2026-08-23T21:08:00+09:00", "event_type": "目撃", "species": "ヤマシギ", "individual_count": 1, "size": null, "wetness": "ドライ", "lat": 28.174337083408268, "lon": 129.3967054733632, "raw_text": "2026/08/23 23:19\n目撃\n\n1匹\nヤマシギ\nドライ\n\n28.17433708340827\n129.3967054733632\n", "night_date": "2026-08-23", "segment_id": "OSM_ro289_0_86", "event_match_distance_m": 10.262615880754879 }, "geometry": { "type": "Point", "coordinates": [ 129.396705473363198, 28.174337083408268 ] } },
{ "type": "Feature", "properties": { "timestamp": "2026-08-23T23:20:00+09:00", "session_start": "2026-08-23T21:08:00+09:00", "event_type": "目撃", "species": "カエル", "individual_count": 1, "size": null, "wetness": "ウエット", "lat": 28.173583529415119, "lon": 129.39566391241891, "raw_text": "2026/08/23 23:20\n目撃\n\n1匹\nカエル\nウエット\n\n28.17358352941512\n129.3956639124189\n", "night_date": "2026-08-23", "segment_id": "OSM_ro289_0_73", "event_match_distance_m": 0.10188007387611968 }, "geometry": { "type": "Point", "coordinates": [ 129.395663912418911, 28.173583529415119 ] } },
{ "type": "Feature", "properties": { "timestamp": "2026-08-23T23:23:00+09:00", "session_start": "2026-08-23T21:08:00+09:00", "event_type": "目撃", "species": "ヤマシギ", "individual_count": 2, "size": null, "wetness": "ドライ", "lat": 28.174286279979981, "lon": 129.39523225148011, "raw_text": "2026/08/23 23:23\n目撃\n\n2匹\nヤマシギ\nドライ\n\n28.17428627997998\n129.3952322514801\n", "night_date": "2026-08-23", "segment_id": "OSM_ro289_0_41", "event_match_distance_m": 3.0554834846843364 }, "geometry": { "type": "Point", "coordinates": [ 129.39523225148011, 28.174286279979981 ] } },
{ "type": "Feature", "properties": { "timestamp": "2026-08-23T23:23:00+09:00", "session_start": "2026-08-23T21:08:00+09:00", "event_type": "目撃", "species": "ネズミ", "individual_count": 1, "size": null, "wetness": "ドライ", "lat": 28.174421874449759, "lon": 129.39537030749051, "raw_text": "2026/08/23 23:23\n目撃\n\n1匹\nネズミ\nドライ\n\n28.17442187444976\n129.3953703074905\n", "night_date": "2026-08-23", "segment_id": "OSM_ro289_0_39", "event_match_distance_m": 0.58027829411230047 }, "geometry": { "type": "Point", "coordinates": [ 129.395370307490509, 28.174421874449759 ] } },
{ "type": "Feature", "properties": { "timestamp": "2026-08-23T23:24:00+09:00", "session_start": "2026-08-23T21:08:00+09:00", "event_type": "目撃", "species": "ヤマシギ", "individual_count": 1, "size": null, "wetness": "ドライ", "lat": 28.174624605843309, "lon": 129.39542229640841, "raw_text": "2026/08/23 23:24\n目撃\n\n1匹\nヤマシギ\nドライ\n\n28.17462460584331\n129.3954222964084\n", "night_date": "2026-08-23", "segment_id": "OSM_ro289_0_37", "event_match_distance_m": 1.490960060913441 }, "geometry": { "type": "Point", "coordinates": [ 129.395422296408412, 28.174624605843309 ] } },
{ "type": "Feature", "properties": { "timestamp": "2026-08-23T23:28:00+09:00", "session_start": "2026-08-23T21:08:00+09:00", "event_type": "目撃", "species": "オットンガエル", "individual_count": 1, "size": null, "wetness": "ウエット", "lat": 28.176326161047339, "lon": 129.3949188035653, "raw_text": "2026/08/23 23:28\n目撃\n\n1匹\nオットンガエル\nウエット\n瀬戸内町節子\n28.17632616104734\n129.3949188035653\n", "night_date": "2026-08-23", "segment_id": "OSM_ro104_0_98", "event_match_distance_m": 5.4126482030076923 }, "geometry": { "type": "Point", "coordinates": [ 129.394918803565304, 28.176326161047339 ] } },
{ "type": "Feature", "properties": { "timestamp": "2026-08-23T23:29:00+09:00", "session_start": "2026-08-23T21:08:00+09:00", "event_type": "目撃", "species": "オットンガエル", "individual_count": 1, "size": null, "wetness": "ドライ", "lat": 28.17717991389426, "lon": 129.39444201560079, "raw_text": "2026/08/23 23:29\n目撃\n\n1匹\nオットンガエル\nドライ\n\n28.17717991389426\n129.3944420156008\n", "night_date": "2026-08-23", "segment_id": "OSM_ro104_0_87", "event_match_distance_m": 8.7952794456055852 }, "geometry": { "type": "Point", "coordinates": [ 129.394442015600788, 28.17717991389426 ] } },
{ "type": "Feature", "properties": { "timestamp": "2026-08-23T23:29:00+09:00", "session_start": "2026-08-23T21:08:00+09:00", "event_type": "目撃", "species": "ヤマシギ", "individual_count": 2, "size": null, "wetness": "ドライ", "lat": 28.177168763951929, "lon": 129.3942482896486, "raw_text": "2026/08/23 23:29\n目撃\n\n2匹\nヤマシギ\nドライ\n\n28.17716876395193\n129.3942482896486\n", "night_date": "2026-08-23", "segment_id": "OSM_ro104_0_86", "event_match_distance_m": 4.7668512841371697 }, "geometry": { "type": "Point", "coordinates": [ 129.394248289648601, 28.177168763951929 ] } },
{ "type": "Feature", "properties": { "timestamp": "2026-08-23T23:32:00+09:00", "session_start": "2026-08-23T21:08:00+09:00", "event_type": "目撃", "species": "オットンガエル", "individual_count": 1, "size": null, "wetness": "ウエット", "lat": 28.178192622418301, "lon": 129.39337901770381, "raw_text": "2026/08/23 23:32\n目撃\n\n1匹\nオットンガエル\nウエット\n\n28.1781926224183\n129.3933790177038\n", "night_date": "2026-08-23", "segment_id": "OSM_ro104_0_64", "event_match_distance_m": 2.1621870152915701 }, "geometry": { "type": "Point", "coordinates": [ 129.393379017703808, 28.178192622418301 ] } },
{ "type": "Feature", "properties": { "timestamp": "2026-08-23T23:37:00+09:00", "session_start": "2026-08-23T21:08:00+09:00", "event_type": "目撃", "species": "ヤマシギ", "individual_count": 1, "size": null, "wetness": "ドライ", "lat": 28.180955307748409, "lon": 129.39443756111589, "raw_text": "2026/08/23 23:37\n目撃\n\n1匹\nヤマシギ\nドライ\n瀬戸内町節子\n28.18095530774841\n129.3944375611159\n", "night_date": "2026-08-23", "segment_id": "OSM_ro104_0_6", "event_match_distance_m": 6.9032396044285873 }, "geometry": { "type": "Point", "coordinates": [ 129.394437561115893, 28.180955307748409 ] } },
{ "type": "Feature", "properties": { "timestamp": "2026-08-23T23:52:00+09:00", "session_start": "2026-08-23T21:08:00+09:00", "event_type": "目撃", "species": "クロウサギ", "individual_count": 1, "size": null, "wetness": "ドライ", "lat": 28.187319693051698, "lon": 129.39679439634671, "raw_text": "2026/08/23 23:52\n目撃\n\n1匹\nクロウサギ\nドライ\n瀬戸内町嘉徳\n28.1873196930517\n129.3967943963467\n", "night_date": "2026-08-23", "segment_id": "OSM_ro191_0_41", "event_match_distance_m": 5.4676246396263455 }, "geometry": { "type": "Point", "coordinates": [ 129.396794396346706, 28.187319693051698 ] } },
{ "type": "Feature", "properties": { "timestamp": "2026-08-23T23:56:00+09:00", "session_start": "2026-08-23T21:08:00+09:00", "event_type": "目撃", "species": "カエル", "individual_count": 1, "size": null, "wetness": "ウエット", "lat": 28.187639665773741, "lon": 129.39520869658821, "raw_text": "2026/08/23 23:56\n目撃\n\n1匹\nカエル\nウエット\n瀬戸内町嘉徳\n28.18763966577374\n129.3952086965882\n", "night_date": "2026-08-23", "segment_id": "OSM_ro448_0_96", "event_match_distance_m": 3.3104254006902951 }, "geometry": { "type": "Point", "coordinates": [ 129.395208696588213, 28.187639665773741 ] } },
{ "type": "Feature", "properties": { "timestamp": "2026-08-23T23:57:00+09:00", "session_start": "2026-08-23T21:08:00+09:00", "event_type": "目撃", "species": "カエル", "individual_count": 5, "size": null, "wetness": "ウエット", "lat": 28.188284404636061, "lon": 129.3957582816949, "raw_text": "2026/08/23 23:57\n目撃\n\n5匹以上\nカエル\nウエット\n瀬戸内町嘉徳\n28.18828440463606\n129.3957582816949\n", "night_date": "2026-08-23", "segment_id": "OSM_ro448_0_87", "event_match_distance_m": 10.69038583488978 }, "geometry": { "type": "Point", "coordinates": [ 129.395758281694896, 28.188284404636061 ] } },
{ "type": "Feature", "properties": { "timestamp": "2026-08-23T23:59:00+09:00", "session_start": "2026-08-23T21:08:00+09:00", "event_type": "目撃", "species": "クロウサギ", "individual_count": 1, "size": null, "wetness": "ドライ", "lat": 28.1899256987064, "lon": 129.39742137865301, "raw_text": "2026/08/23 23:59\n目撃\n\n1匹\nクロウサギ\nドライ\n瀬戸内町嘉徳\n28.1899256987064\n129.397421378653\n", "night_date": "2026-08-23", "segment_id": "OSM_ro448_0_61", "event_match_distance_m": 6.4200677508852531 }, "geometry": { "type": "Point", "coordinates": [ 129.397421378653007, 28.1899256987064 ] } },
{ "type": "Feature", "properties": { "timestamp": "2026-08-24T00:02:00+09:00", "session_start": "2026-08-23T21:08:00+09:00", "event_type": "捕獲", "species": "ハブ", "individual_count": 1, "size": "小", "wetness": "ドライ", "lat": 28.19081506904525, "lon": 129.3980626956513, "raw_text": "2026/08/24 0:02\n捕獲\nハブ捕獲小\n伸び\n道路脇\nドライ\n瀬戸内町嘉徳\n28.19081506904525\n129.3980626956513\n", "night_date": "2026-08-23", "segment_id": "OSM_ro448_0_48", "event_match_distance_m": 12.153861917608689 }, "geometry": { "type": "Point", "coordinates": [ 129.398062695651305, 28.19081506904525 ] } },
{ "type": "Feature", "properties": { "timestamp": "2026-08-24T00:04:00+09:00", "session_start": "2026-08-23T21:08:00+09:00", "event_type": "捕獲", "species": "ハブ", "individual_count": 1, "size": "小", "wetness": "ドライ", "lat": 28.192124769066609, "lon": 129.39723559607239, "raw_text": "2026/08/24 0:04\n捕獲\nハブ捕獲小\nとぐろ\n道路脇\nドライ\n瀬戸内町嘉徳\n28.19212476906661\n129.3972355960724\n", "night_date": "2026-08-23", "segment_id": "OSM_ro448_0_30", "event_match_distance_m": 7.4288569039455421 }, "geometry": { "type": "Point", "coordinates": [ 129.397235596072392, 28.192124769066609 ] } },
{ "type": "Feature", "properties": { "timestamp": "2026-08-24T00:18:00+09:00", "session_start": "2026-08-23T21:08:00+09:00", "event_type": "目撃", "species": "クロウサギ", "individual_count": 2, "size": null, "wetness": "ドライ", "lat": 28.19630332927753, "lon": 129.4055820475642, "raw_text": "2026/08/24 0:18\n目撃\n\n2匹\nクロウサギ\nドライ\n瀬戸内町嘉徳\n28.19630332927753\n129.4055820475642\n", "night_date": "2026-08-23", "segment_id": "OSM_ro484_0_67", "event_match_distance_m": 1.785369699779578 }, "geometry": { "type": "Point", "coordinates": [ 129.405582047564195, 28.19630332927753 ] } },
{ "type": "Feature", "properties": { "timestamp": "2026-08-24T00:20:00+09:00", "session_start": "2026-08-23T21:08:00+09:00", "event_type": "目撃", "species": "カエル", "individual_count": 2, "size": null, "wetness": "ドライ", "lat": 28.194798854570159, "lon": 129.40697832706579, "raw_text": "2026/08/24 0:20\n目撃\n\n2匹\nカエル\nドライ\n瀬戸内町嘉徳\n28.19479885457016\n129.4069783270658\n", "night_date": "2026-08-23", "segment_id": "OSM_ro484_0_104", "event_match_distance_m": 3.9673369987942375 }, "geometry": { "type": "Point", "coordinates": [ 129.406978327065787, 28.194798854570159 ] } },
{ "type": "Feature", "properties": { "timestamp": "2026-08-24T00:22:00+09:00", "session_start": "2026-08-23T21:08:00+09:00", "event_type": "目撃", "species": "クロウサギ", "individual_count": 1, "size": null, "wetness": "ドライ", "lat": 28.194405587705489, "lon": 129.40891726553511, "raw_text": "2026/08/24 0:22\n目撃\n\n1匹\nクロウサギ\nドライ\n瀬戸内町嘉徳\n28.19440558770549\n129.4089172655351\n", "night_date": "2026-08-23", "segment_id": "OSM_ro408_0_19", "event_match_distance_m": 7.7905733534578321 }, "geometry": { "type": "Point", "coordinates": [ 129.408917265535109, 28.194405587705489 ] } },
{ "type": "Feature", "properties": { "timestamp": "2026-08-24T00:23:00+09:00", "session_start": "2026-08-23T21:08:00+09:00", "event_type": "目撃", "species": "カエル", "individual_count": 5, "size": null, "wetness": "ウエット", "lat": 28.19388080099521, "lon": 129.41093681309059, "raw_text": "2026/08/24 0:23\n目撃\n\n5匹以上\nカエル\nウエット\n瀬戸内町嘉徳\n28.19388080099521\n129.4109368130906\n", "night_date": "2026-08-23", "segment_id": "OSM_ro408_0_41", "event_match_distance_m": 0.48402061421072062 }, "geometry": { "type": "Point", "coordinates": [ 129.410936813090586, 28.19388080099521 ] } },
{ "type": "Feature", "properties": { "timestamp": "2026-08-24T00:24:00+09:00", "session_start": "2026-08-23T21:08:00+09:00", "event_type": "目撃", "species": "オットンガエル", "individual_count": 1, "size": null, "wetness": "ドライ", "lat": 28.193786251129559, "lon": 129.41243383863329, "raw_text": "2026/08/24 0:24\n目撃\n\n1匹\nオットンガエル\nヤマシギ\nドライ\n瀬戸内町嘉徳\n28.19378625112956\n129.4124338386333\n", "night_date": "2026-08-23", "segment_id": "OSM_ro408_0_56", "event_match_distance_m": 4.2626592374909436 }, "geometry": { "type": "Point", "coordinates": [ 129.412433838633291, 28.193786251129559 ] } },
{ "type": "Feature", "properties": { "timestamp": "2026-08-24T00:36:00+09:00", "session_start": "2026-08-23T21:08:00+09:00", "event_type": "目撃", "species": "ネズミ", "individual_count": 1, "size": null, "wetness": "ドライ", "lat": 28.194917451587671, "lon": 129.40342206320889, "raw_text": "2026/08/24 0:36\n目撃\n\n1匹\nネズミ\nドライ\n瀬戸内町嘉徳157\n28.19491745158767\n129.4034220632089\n", "night_date": "2026-08-23", "segment_id": "OSM_ro484_0_37", "event_match_distance_m": 2.5999086448541777 }, "geometry": { "type": "Point", "coordinates": [ 129.403422063208893, 28.194917451587671 ] } },
{ "type": "Feature", "properties": { "timestamp": "2026-08-24T00:42:00+09:00", "session_start": "2026-08-23T21:08:00+09:00", "event_type": "目撃", "species": "その他", "individual_count": 1, "size": null, "wetness": "ドライ", "lat": 28.195075768852789, "lon": 129.39595349360789, "raw_text": "2026/08/24 0:42\n目撃\n\n1匹\nアカショウビン\nドライ\n\n28.19507576885279\n129.3959534936079\n", "night_date": "2026-08-23", "segment_id": "OSM_ro137_0_13", "event_match_distance_m": 3.9284644605797445 }, "geometry": { "type": "Point", "coordinates": [ 129.395953493607891, 28.195075768852789 ] } },
{ "type": "Feature", "properties": { "timestamp": "2026-08-24T00:43:00+09:00", "session_start": "2026-08-23T21:08:00+09:00", "event_type": "目撃", "species": "クロウサギ", "individual_count": 1, "size": null, "wetness": "ドライ", "lat": 28.195199818315249, "lon": 129.39521606159829, "raw_text": "2026/08/24 0:43\n目撃\n\n1匹\nクロウサギ\nドライ\n\n28.19519981831525\n129.3952160615983\n", "night_date": "2026-08-23", "segment_id": "OSM_ro137_0_20", "event_match_distance_m": 0.89639584924747806 }, "geometry": { "type": "Point", "coordinates": [ 129.39521606159829, 28.195199818315249 ] } },
{ "type": "Feature", "properties": { "timestamp": "2026-08-24T00:47:00+09:00", "session_start": "2026-08-23T21:08:00+09:00", "event_type": "目撃", "species": "クロウサギ", "individual_count": 1, "size": null, "wetness": "ドライ", "lat": 28.19765157375976, "lon": 129.39087205087509, "raw_text": "2026/08/24 0:47\n目撃\n\n1匹\nクロウサギ\nドライ\n\n28.19765157375976\n129.3908720508751\n", "night_date": "2026-08-23", "segment_id": "OSM_ro48_0_9", "event_match_distance_m": 7.1494229777850578 }, "geometry": { "type": "Point", "coordinates": [ 129.390872050875089, 28.19765157375976 ] } },
{ "type": "Feature", "properties": { "timestamp": "2026-08-24T01:03:00+09:00", "session_start": "2026-08-23T21:08:00+09:00", "event_type": "目撃", "species": "アカマタ", "individual_count": 1, "size": null, "wetness": "ウエット", "lat": 28.19014181796949, "lon": 129.36443085263571, "raw_text": "2026/08/24 1:03\n目撃\n\n1匹\nアカマタ\nウエット\n\n28.19014181796949\n129.3644308526357\n", "night_date": "2026-08-23", "segment_id": "OSM_ro162_0_23", "event_match_distance_m": 2.1353918345531477 }, "geometry": { "type": "Point", "coordinates": [ 129.364430852635707, 28.19014181796949 ] } },
{ "type": "Feature", "properties": { "timestamp": "2026-08-24T01:05:00+09:00", "session_start": "2026-08-23T21:08:00+09:00", "event_type": "目撃", "species": "アマミハナサキガエル", "individual_count": 2, "size": null, "wetness": "ウエット", "lat": 28.192026423119898, "lon": 129.3614519985625, "raw_text": "2026/08/24 1:05\n目撃\n\n2匹\nアマミハナサキガエル\nウエット\n\n28.1920264231199\n129.3614519985625\n", "night_date": "2026-08-23", "segment_id": "OSM_ro13_0_178", "event_match_distance_m": 3.4642618987504701 }, "geometry": { "type": "Point", "coordinates": [ 129.361451998562501, 28.192026423119898 ] } },
{ "type": "Feature", "properties": { "timestamp": "2026-08-24T01:08:00+09:00", "session_start": "2026-08-23T21:08:00+09:00", "event_type": "目撃", "species": "カエル", "individual_count": 1, "size": null, "wetness": "ウエット", "lat": 28.19384093899858, "lon": 129.3596318405495, "raw_text": "2026/08/24 1:08\n目撃\n\n1匹\nカエル\nウエット\n\n28.19384093899858\n129.3596318405495\n", "night_date": "2026-08-23", "segment_id": "OSM_ro208_0_96", "event_match_distance_m": 11.473549664953811 }, "geometry": { "type": "Point", "coordinates": [ 129.359631840549497, 28.19384093899858 ] } },
{ "type": "Feature", "properties": { "timestamp": "2026-08-24T01:08:00+09:00", "session_start": "2026-08-23T21:08:00+09:00", "event_type": "目撃", "species": "ヤマシギ", "individual_count": 1, "size": null, "wetness": "ウエット", "lat": 28.194682574019438, "lon": 129.35900823860129, "raw_text": "2026/08/24 1:08\n目撃\n\n1匹\nヤマシギ\nウエット\n\n28.19468257401944\n129.3590082386013\n", "night_date": "2026-08-23", "segment_id": "OSM_ro208_0_84", "event_match_distance_m": 9.8849434340486599 }, "geometry": { "type": "Point", "coordinates": [ 129.359008238601291, 28.194682574019438 ] } },
{ "type": "Feature", "properties": { "timestamp": "2026-08-24T01:09:00+09:00", "session_start": "2026-08-23T21:08:00+09:00", "event_type": "目撃", "species": "ヤマシギ", "individual_count": 1, "size": null, "wetness": "ドライ", "lat": 28.19503845530928, "lon": 129.35800715063149, "raw_text": "2026/08/24 1:09\n目撃\n\n1匹\nヤマシギ\nドライ\n\n28.19503845530928\n129.3580071506315\n", "night_date": "2026-08-23", "segment_id": "OSM_ro208_0_73", "event_match_distance_m": 15.493934060812913 }, "geometry": { "type": "Point", "coordinates": [ 129.358007150631494, 28.19503845530928 ] } },
{ "type": "Feature", "properties": { "timestamp": "2026-08-24T01:10:00+09:00", "session_start": "2026-08-23T21:08:00+09:00", "event_type": "目撃", "species": "カエル", "individual_count": 1, "size": null, "wetness": "ウエット", "lat": 28.195856693251759, "lon": 129.3563656494029, "raw_text": "2026/08/24 1:10\n目撃\n\n1匹\nカエル\nウエット\n\n28.19585669325176\n129.3563656494029\n", "night_date": "2026-08-23", "segment_id": "OSM_ro208_0_54", "event_match_distance_m": 13.970265309708823 }, "geometry": { "type": "Point", "coordinates": [ 129.356365649402903, 28.195856693251759 ] } },
{ "type": "Feature", "properties": { "timestamp": "2026-08-24T01:11:00+09:00", "session_start": "2026-08-23T21:08:00+09:00", "event_type": "目撃", "species": "カエル", "individual_count": 1, "size": null, "wetness": "ウエット", "lat": 28.196527664536859, "lon": 129.3556369374528, "raw_text": "2026/08/24 1:11\n目撃\n\n1匹\nカエル\nウエット\n\n28.19652766453686\n129.3556369374528\n", "night_date": "2026-08-23", "segment_id": "OSM_ro208_0_44", "event_match_distance_m": 10.818465511139934 }, "geometry": { "type": "Point", "coordinates": [ 129.3556369374528, 28.196527664536859 ] } },
{ "type": "Feature", "properties": { "timestamp": "2026-08-24T01:15:00+09:00", "session_start": "2026-08-23T21:08:00+09:00", "event_type": "目撃", "species": "カエル", "individual_count": 1, "size": null, "wetness": "ドライ", "lat": 28.195584139166101, "lon": 129.35157431679221, "raw_text": "2026/08/24 1:15\n目撃\n\n1匹\nカエル\nヤマシギ\nドライ\n\n28.1955841391661\n129.3515743167922\n", "night_date": "2026-08-23", "segment_id": "OSM_ro462_0_99", "event_match_distance_m": 7.8900881941033614 }, "geometry": { "type": "Point", "coordinates": [ 129.35157431679221, 28.195584139166101 ] } },
{ "type": "Feature", "properties": { "timestamp": "2026-08-24T01:18:00+09:00", "session_start": "2026-08-23T21:08:00+09:00", "event_type": "目撃", "species": "ヤマシギ", "individual_count": 2, "size": null, "wetness": "ウエット", "lat": 28.195857281034559, "lon": 129.3486255455137, "raw_text": "2026/08/24 1:18\n目撃\n\n2匹\nヤマシギ\nウエット\n\n28.19585728103456\n129.3486255455137\n", "night_date": "2026-08-23", "segment_id": "OSM_ro462_0_59", "event_match_distance_m": 6.0717984686718287 }, "geometry": { "type": "Point", "coordinates": [ 129.348625545513698, 28.195857281034559 ] } },
{ "type": "Feature", "properties": { "timestamp": "2026-08-24T01:20:00+09:00", "session_start": "2026-08-23T21:08:00+09:00", "event_type": "目撃", "species": "カエル", "individual_count": 1, "size": null, "wetness": "ドライ", "lat": 28.19747613443873, "lon": 129.3486818496192, "raw_text": "2026/08/24 1:20\n目撃\n\n1匹\nカエル\nドライ\n\n28.19747613443873\n129.3486818496192\n", "night_date": "2026-08-23", "segment_id": "OSM_ro462_0_31", "event_match_distance_m": 14.989457673005111 }, "geometry": { "type": "Point", "coordinates": [ 129.348681849619197, 28.19747613443873 ] } },
{ "type": "Feature", "properties": { "timestamp": "2026-08-24T01:21:00+09:00", "session_start": "2026-08-23T21:08:00+09:00", "event_type": "目撃", "species": "ヤマシギ", "individual_count": 1, "size": null, "wetness": "ウエット", "lat": 28.198044780965201, "lon": 129.34772764377809, "raw_text": "2026/08/24 1:21\n目撃\n\n1匹\nヤマシギ\nウエット\n\n28.1980447809652\n129.3477276437781\n", "night_date": "2026-08-23", "segment_id": "OSM_ro462_0_17", "event_match_distance_m": 9.7395792547669107 }, "geometry": { "type": "Point", "coordinates": [ 129.347727643778086, 28.198044780965201 ] } },
{ "type": "Feature", "properties": { "timestamp": "2026-08-24T01:24:00+09:00", "session_start": "2026-08-23T21:08:00+09:00", "event_type": "目撃", "species": "ヤマシギ", "individual_count": 1, "size": null, "wetness": "ドライ", "lat": 28.197294581924069, "lon": 129.34465769038701, "raw_text": "2026/08/24 1:24\n目撃\n\n1匹\nヤマシギ\nドライ\n瀬戸内町勝浦\n28.19729458192407\n129.344657690387\n", "night_date": "2026-08-23", "segment_id": "OSM_ro309_0_131", "event_match_distance_m": 9.4545905189209751 }, "geometry": { "type": "Point", "coordinates": [ 129.34465769038701, 28.197294581924069 ] } },
{ "type": "Feature", "properties": { "timestamp": "2026-08-24T01:27:00+09:00", "session_start": "2026-08-23T21:08:00+09:00", "event_type": "目撃", "species": "ネズミ", "individual_count": 1, "size": null, "wetness": "ドライ", "lat": 28.195883349435189, "lon": 129.34105553975621, "raw_text": "2026/08/24 1:27\n目撃\n\n1匹\nネズミ\nドライ\n瀬戸内町勝浦\n28.19588334943519\n129.3410555397562\n", "night_date": "2026-08-23", "segment_id": "OSM_ro309_0_88", "event_match_distance_m": 7.7362899709799313 }, "geometry": { "type": "Point", "coordinates": [ 129.341055539756212, 28.195883349435189 ] } },
{ "type": "Feature", "properties": { "timestamp": "2026-08-24T01:29:00+09:00", "session_start": "2026-08-23T21:08:00+09:00", "event_type": "目撃", "species": "クロウサギ", "individual_count": 1, "size": null, "wetness": "ウエット", "lat": 28.196915352072939, "lon": 129.33957686880191, "raw_text": "2026/08/24 1:29\n目撃\n\n1匹\nクロウサギ\nウエット\n\n28.19691535207294\n129.3395768688019\n", "night_date": "2026-08-23", "segment_id": "OSM_ro309_0_61", "event_match_distance_m": 4.0159697586930294 }, "geometry": { "type": "Point", "coordinates": [ 129.339576868801913, 28.196915352072939 ] } },
{ "type": "Feature", "properties": { "timestamp": "2026-08-24T01:33:00+09:00", "session_start": "2026-08-23T21:08:00+09:00", "event_type": "目撃", "species": "クロウサギ", "individual_count": 1, "size": null, "wetness": "ドライ", "lat": 28.200318077221851, "lon": 129.3367268893536, "raw_text": "2026/08/24 1:33\n目撃\n\n1匹\nクロウサギ\nドライ\n\n28.20031807722185\n129.3367268893536\n", "night_date": "2026-08-23", "segment_id": "OSM_ro309_0_7", "event_match_distance_m": 5.0583277459553448 }, "geometry": { "type": "Point", "coordinates": [ 129.336726889353599, 28.200318077221851 ] } },
{ "type": "Feature", "properties": { "timestamp": "2026-08-24T01:34:00+09:00", "session_start": "2026-08-23T21:08:00+09:00", "event_type": "目撃", "species": "ネズミ", "individual_count": 1, "size": null, "wetness": "ウエット", "lat": 28.20098222737839, "lon": 129.3365475268474, "raw_text": "2026/08/24 1:34\n目撃\n\n1匹\nネズミ\nウエット\n\n28.20098222737839\n129.3365475268474\n", "night_date": "2026-08-23", "segment_id": "OSM_ro309_0_0", "event_match_distance_m": 16.911094413075162 }, "geometry": { "type": "Point", "coordinates": [ 129.336547526847397, 28.20098222737839 ] } },
{ "type": "Feature", "properties": { "timestamp": "2026-08-24T01:35:00+09:00", "session_start": "2026-08-23T21:08:00+09:00", "event_type": "目撃", "species": "クロウサギ", "individual_count": 1, "size": null, "wetness": "ウエット", "lat": 28.20212011612556, "lon": 129.3358880024912, "raw_text": "2026/08/24 1:35\n目撃\n\n1匹\nクロウサギ\nウエット\n\n28.20212011612556\n129.3358880024912\n", "night_date": "2026-08-23", "segment_id": "OSM_ro126_0_193", "event_match_distance_m": 8.6031577704220688 }, "geometry": { "type": "Point", "coordinates": [ 129.335888002491203, 28.20212011612556 ] } },
{ "type": "Feature", "properties": { "timestamp": "2026-08-24T01:36:00+09:00", "session_start": "2026-08-23T21:08:00+09:00", "event_type": "目撃", "species": "オットンガエル", "individual_count": 1, "size": null, "wetness": "ウエット", "lat": 28.202069564937609, "lon": 129.33471129692671, "raw_text": "2026/08/24 1:36\n目撃\n\n1匹\nオットンガエル\nウエット\n\n28.20206956493761\n129.3347112969267\n", "night_date": "2026-08-23", "segment_id": "OSM_ro126_0_180", "event_match_distance_m": 0.22615455738455298 }, "geometry": { "type": "Point", "coordinates": [ 129.334711296926713, 28.202069564937609 ] } },
{ "type": "Feature", "properties": { "timestamp": "2026-08-24T01:40:00+09:00", "session_start": "2026-08-23T21:08:00+09:00", "event_type": "目撃", "species": "クロウサギ", "individual_count": 1, "size": null, "wetness": "ウエット", "lat": 28.205555481616539, "lon": 129.33204046995681, "raw_text": "2026/08/24 1:40\n目撃\n\n1匹\nクロウサギ\nウエット\n\n28.20555548161654\n129.3320404699568\n", "night_date": "2026-08-23", "segment_id": "OSM_ro126_0_113", "event_match_distance_m": 5.6498702746270189 }, "geometry": { "type": "Point", "coordinates": [ 129.332040469956809, 28.205555481616539 ] } },
{ "type": "Feature", "properties": { "timestamp": "2026-08-24T01:41:00+09:00", "session_start": "2026-08-23T21:08:00+09:00", "event_type": "目撃", "species": "アマミハナサキガエル", "individual_count": 2, "size": null, "wetness": "ドライ", "lat": 28.205860912831799, "lon": 129.33257343018391, "raw_text": "2026/08/24 1:41\n目撃\n\n2匹\nアマミハナサキガエル\nドライ\n\n28.2058609128318\n129.3325734301839\n", "night_date": "2026-08-23", "segment_id": "OSM_ro126_0_107", "event_match_distance_m": 0.63210307540714505 }, "geometry": { "type": "Point", "coordinates": [ 129.332573430183913, 28.205860912831799 ] } },
{ "type": "Feature", "properties": { "timestamp": "2026-08-24T01:42:00+09:00", "session_start": "2026-08-23T21:08:00+09:00", "event_type": "目撃", "species": "ヒメハブ", "individual_count": 1, "size": null, "wetness": "ウエット", "lat": 28.206956098936409, "lon": 129.33282805383331, "raw_text": "2026/08/24 1:42\n目撃\n\n1匹\nヒメハブ\nクロウサギ\nウエット\n\n28.20695609893641\n129.3328280538333\n", "night_date": "2026-08-23", "segment_id": "OSM_ro126_0_87", "event_match_distance_m": 12.037458614924759 }, "geometry": { "type": "Point", "coordinates": [ 129.33282805383331, 28.206956098936409 ] } },
{ "type": "Feature", "properties": { "timestamp": "2026-08-24T01:43:00+09:00", "session_start": "2026-08-23T21:08:00+09:00", "event_type": "目撃", "species": "クロウサギ", "individual_count": 1, "size": null, "wetness": "ウエット", "lat": 28.20723973224564, "lon": 129.3326208869637, "raw_text": "2026/08/24 1:43\n目撃\n\n1匹\nクロウサギ\nウエット\n\n28.20723973224564\n129.3326208869637\n", "night_date": "2026-08-23", "segment_id": "OSM_ro126_0_84", "event_match_distance_m": 10.225224600518622 }, "geometry": { "type": "Point", "coordinates": [ 129.332620886963696, 28.20723973224564 ] } },
{ "type": "Feature", "properties": { "timestamp": "2026-08-24T01:44:00+09:00", "session_start": "2026-08-23T21:08:00+09:00", "event_type": "目撃", "species": "アマミハナサキガエル", "individual_count": 1, "size": null, "wetness": "ウエット", "lat": 28.20842695562677, "lon": 129.33241014445079, "raw_text": "2026/08/24 1:44\n目撃\n\n1匹\nアマミハナサキガエル\nウエット\n\n28.20842695562677\n129.3324101444508\n", "night_date": "2026-08-23", "segment_id": "OSM_ro126_0_67", "event_match_distance_m": 2.2528763110446097 }, "geometry": { "type": "Point", "coordinates": [ 129.33241014445079, 28.20842695562677 ] } },
{ "type": "Feature", "properties": { "timestamp": "2026-08-24T01:51:00+09:00", "session_start": "2026-08-23T21:08:00+09:00", "event_type": "目撃", "species": "ヤマシギ", "individual_count": 1, "size": null, "wetness": "ウエット", "lat": 28.20583446533713, "lon": 129.32690822243359, "raw_text": "2026/08/24 1:51\n目撃\n\n1匹\nヤマシギ\nウエット\n\n28.20583446533713\n129.3269082224336\n", "night_date": "2026-08-23", "segment_id": "OSM_ro75_0_88", "event_match_distance_m": 5.8428243802694899 }, "geometry": { "type": "Point", "coordinates": [ 129.326908222433588, 28.20583446533713 ] } },
{ "type": "Feature", "properties": { "timestamp": "2026-08-24T01:54:00+09:00", "session_start": "2026-08-23T21:08:00+09:00", "event_type": "目撃", "species": "クロウサギ", "individual_count": 2, "size": null, "wetness": "ウエット", "lat": 28.205743736159519, "lon": 129.3232818334869, "raw_text": "2026/08/24 1:54\n目撃\n\n2匹\nクロウサギ\nウエット\n瀬戸内町阿室釜\n28.20574373615952\n129.3232818334869\n", "night_date": "2026-08-23", "segment_id": "OSM_ro75_0_43", "event_match_distance_m": 1.0239124441121412 }, "geometry": { "type": "Point", "coordinates": [ 129.323281833486902, 28.205743736159519 ] } },
{ "type": "Feature", "properties": { "timestamp": "2026-08-24T01:56:00+09:00", "session_start": "2026-08-23T21:08:00+09:00", "event_type": "目撃", "species": "アマミハナサキガエル", "individual_count": 1, "size": null, "wetness": "ドライ", "lat": 28.204218451582559, "lon": 129.32063798900199, "raw_text": "2026/08/24 1:56\n目撃\n\n1匹\nアマミハナサキガエル\nドライ\n瀬戸内町阿室釜\n28.20421845158256\n129.320637989002\n", "night_date": "2026-08-23", "segment_id": "OSM_ro75_0_7", "event_match_distance_m": 0.95262470867825377 }, "geometry": { "type": "Point", "coordinates": [ 129.320637989001995, 28.204218451582559 ] } },
{ "type": "Feature", "properties": { "timestamp": "2026-08-24T01:57:00+09:00", "session_start": "2026-08-23T21:08:00+09:00", "event_type": "目撃", "species": "クロウサギ", "individual_count": 1, "size": null, "wetness": "ドライ", "lat": 28.205196478650059, "lon": 129.31987627525939, "raw_text": "2026/08/24 1:57\n目撃\n\n1匹\nクロウサギ\nドライ\n\n28.20519647865006\n129.3198762752594\n", "night_date": "2026-08-23", "segment_id": "OSM_ro230_0_101", "event_match_distance_m": 6.9593176108108743 }, "geometry": { "type": "Point", "coordinates": [ 129.319876275259389, 28.205196478650059 ] } },
{ "type": "Feature", "properties": { "timestamp": "2026-08-24T02:00:00+09:00", "session_start": "2026-08-23T21:08:00+09:00", "event_type": "目撃", "species": "アマミハナサキガエル", "individual_count": 1, "size": null, "wetness": "ドライ", "lat": 28.205357978090429, "lon": 129.31664872759609, "raw_text": "2026/08/24 2:00\n目撃\n\n1匹\nアマミハナサキガエル\nドライ\n\n28.20535797809043\n129.3166487275961\n", "night_date": "2026-08-23", "segment_id": "OSM_ro230_0_60", "event_match_distance_m": 0.87340079573125429 }, "geometry": { "type": "Point", "coordinates": [ 129.316648727596089, 28.205357978090429 ] } },
{ "type": "Feature", "properties": { "timestamp": "2026-08-24T02:03:00+09:00", "session_start": "2026-08-23T21:08:00+09:00", "event_type": "目撃", "species": "クロウサギ", "individual_count": 1, "size": null, "wetness": "ドライ", "lat": 28.206286267642231, "lon": 129.31397400257339, "raw_text": "2026/08/24 2:03\n目撃\n\n1匹\nクロウサギ\nドライ\n\n28.20628626764223\n129.3139740025734\n", "night_date": "2026-08-23", "segment_id": "OSM_ro230_0_25", "event_match_distance_m": 2.1535716277195291 }, "geometry": { "type": "Point", "coordinates": [ 129.313974002573389, 28.206286267642231 ] } },
{ "type": "Feature", "properties": { "timestamp": "2026-08-24T02:16:00+09:00", "session_start": "2026-08-23T21:08:00+09:00", "event_type": "目撃", "species": "アカマタ", "individual_count": 1, "size": null, "wetness": "ウエット", "lat": 28.196302222789679, "lon": 129.3064846058073, "raw_text": "2026/08/24 2:16\n目撃\n\n1匹\nアカマタ\nウエット\n\n28.19630222278968\n129.3064846058073\n", "night_date": "2026-08-23", "segment_id": "OSM_ro6_0_52", "event_match_distance_m": 4.4734379554204713 }, "geometry": { "type": "Point", "coordinates": [ 129.306484605807299, 28.196302222789679 ] } },
{ "type": "Feature", "properties": { "timestamp": "2026-08-24T02:26:00+09:00", "session_start": "2026-08-23T21:08:00+09:00", "event_type": "目撃", "species": "カエル", "individual_count": 5, "size": null, "wetness": "ウエット", "lat": 28.185896672442318, "lon": 129.30841890423051, "raw_text": "2026/08/24 2:26\n目撃\n\n5匹以上\nカエル\nウエット\n\n28.18589667244232\n129.3084189042305\n", "night_date": "2026-08-23", "segment_id": "OSM_ro491_0_15", "event_match_distance_m": 5.9203234947440366 }, "geometry": { "type": "Point", "coordinates": [ 129.308418904230507, 28.185896672442318 ] } },
{ "type": "Feature", "properties": { "timestamp": "2026-08-24T02:27:00+09:00", "session_start": "2026-08-23T21:08:00+09:00", "event_type": "目撃", "species": "オットンガエル", "individual_count": 1, "size": null, "wetness": "ウエット", "lat": 28.185231180388179, "lon": 129.30913386713979, "raw_text": "2026/08/24 2:27\n目撃\n\n1匹\nオットンガエル\nウエット\n\n28.18523118038818\n129.3091338671398\n", "night_date": "2026-08-23", "segment_id": "OSM_ro491_0_25", "event_match_distance_m": 7.1957188592196371 }, "geometry": { "type": "Point", "coordinates": [ 129.309133867139792, 28.185231180388179 ] } },
{ "type": "Feature", "properties": { "timestamp": "2026-08-24T02:36:00+09:00", "session_start": "2026-08-23T21:08:00+09:00", "event_type": "目撃", "species": "クロウサギ", "individual_count": 1, "size": null, "wetness": "ウエット", "lat": 28.177295235037011, "lon": 129.31362415909979, "raw_text": "2026/08/24 2:36\n目撃\n\n1匹\nクロウサギ\nウエット\n瀬戸内町阿木名\n28.17729523503701\n129.3136241590998\n", "night_date": "2026-08-23", "segment_id": "OSM_ro424_0_84", "event_match_distance_m": 1.9498979690576972 }, "geometry": { "type": "Point", "coordinates": [ 129.313624159099788, 28.177295235037011 ] } },
{ "type": "Feature", "properties": { "timestamp": "2026-08-24T02:41:00+09:00", "session_start": "2026-08-23T21:08:00+09:00", "event_type": "目撃", "species": "オットンガエル", "individual_count": 1, "size": null, "wetness": "ウエット", "lat": 28.172510718559021, "lon": 129.3121843951721, "raw_text": "2026/08/24 2:41\n目撃\n\n1匹\nオットンガエル\nウエット\n瀬戸内町久根津\n28.17251071855902\n129.3121843951721\n", "night_date": "2026-08-23", "segment_id": "OSM_ro561_0_14", "event_match_distance_m": 19.159142240413583 }, "geometry": { "type": "Point", "coordinates": [ 129.312184395172096, 28.172510718559021 ] } },
{ "type": "Feature", "properties": { "timestamp": "2026-08-24T02:43:00+09:00", "session_start": "2026-08-23T21:08:00+09:00", "event_type": "目撃", "species": "カエル", "individual_count": 3, "size": null, "wetness": "ウエット", "lat": 28.172689040017229, "lon": 129.3098071209393, "raw_text": "2026/08/24 2:43\n目撃\n\n3匹\nカエル\nウエット\n瀬戸内町久根津\n28.17268904001723\n129.3098071209393\n", "night_date": "2026-08-23", "segment_id": "OSM_ro561_0_51", "event_match_distance_m": 2.2612249402133067 }, "geometry": { "type": "Point", "coordinates": [ 129.309807120939297, 28.172689040017229 ] } },
{ "type": "Feature", "properties": { "timestamp": "2026-08-24T02:45:00+09:00", "session_start": "2026-08-23T21:08:00+09:00", "event_type": "目撃", "species": "ヤマシギ", "individual_count": 1, "size": null, "wetness": "ウエット", "lat": 28.173687379465129, "lon": 129.30702080450399, "raw_text": "2026/08/24 2:45\n目撃\n\n1匹\nヤマシギ\nウエット\n瀬戸内町久根津\n28.17368737946513\n129.307020804504\n", "night_date": "2026-08-23", "segment_id": "OSM_ro561_0_92", "event_match_distance_m": 4.7213350468531932 }, "geometry": { "type": "Point", "coordinates": [ 129.307020804503992, 28.173687379465129 ] } },
{ "type": "Feature", "properties": { "timestamp": "2026-08-24T02:48:00+09:00", "session_start": "2026-08-23T21:08:00+09:00", "event_type": "捕獲", "species": "ハブ", "individual_count": 1, "size": "小", "wetness": "ウエット", "lat": 28.174918558106349, "lon": 129.3047488375334, "raw_text": "2026/08/24 2:48\n捕獲\nハブ捕獲小\nとぐろ\n道路脇\nウエット\n瀬戸内町久根津\n28.17491855810635\n129.3047488375334\n", "night_date": "2026-08-23", "segment_id": "OSM_ro174_0_21", "event_match_distance_m": 8.8508501862285165 }, "geometry": { "type": "Point", "coordinates": [ 129.304748837533396, 28.174918558106349 ] } },
{ "type": "Feature", "properties": { "timestamp": "2026-08-24T02:55:00+09:00", "session_start": "2026-08-23T21:08:00+09:00", "event_type": "目撃", "species": "ヒメハブ", "individual_count": 1, "size": null, "wetness": "ウエット", "lat": 28.180355753627811, "lon": 129.30395443833669, "raw_text": "2026/08/24 2:55\n目撃\n\n1匹\nヒメハブ\nウエット\n瀬戸内町油井\n28.18035575362781\n129.3039544383367", "night_date": "2026-08-23", "segment_id": "OSM_ro66_0_68", "event_match_distance_m": 9.2796303390048873 }, "geometry": { "type": "Point", "coordinates": [ 129.303954438336689, 28.180355753627811 ] } },
{ "type": "Feature", "properties": { "timestamp": "2026-08-24T20:42:00+09:00", "session_start": "2026-08-24T20:26:00+09:00", "event_type": "目撃", "species": "オットンガエル", "individual_count": 1, "size": null, "wetness": "ドライ", "lat": 28.173591639109841, "lon": 129.31247925521339, "raw_text": "2026/08/24 20:42\n目撃\n\n1匹\nオットンガエル\nドライ\n瀬戸内町久根津\n28.17359163910984\n129.3124792552134\n", "night_date": "2026-08-24", "segment_id": "OSM_ro302_0_56", "event_match_distance_m": 0.36292681631175844 }, "geometry": { "type": "Point", "coordinates": [ 129.31247925521339, 28.173591639109841 ] } },
{ "type": "Feature", "properties": { "timestamp": "2026-08-24T20:43:00+09:00", "session_start": "2026-08-24T20:26:00+09:00", "event_type": "目撃", "species": "アカマタ", "individual_count": 1, "size": null, "wetness": "ドライ", "lat": 28.174267119422069, "lon": 129.31117922024339, "raw_text": "2026/08/24 20:43\n目撃\n\n1匹\nアカマタ\nドライ\n瀬戸内町油井\n28.17426711942207\n129.3111792202434\n", "night_date": "2026-08-24", "segment_id": "OSM_ro302_0_24", "event_match_distance_m": 2.04811000214757 }, "geometry": { "type": "Point", "coordinates": [ 129.311179220243389, 28.174267119422069 ] } },
{ "type": "Feature", "properties": { "timestamp": "2026-08-24T20:51:00+09:00", "session_start": "2026-08-24T20:26:00+09:00", "event_type": "目撃", "species": "ヤマシギ", "individual_count": 1, "size": null, "wetness": "ソークド(水跳ね)", "lat": 28.18090082160699, "lon": 129.31374393048401, "raw_text": "2026/08/24 20:51\n目撃\n\n1匹\nヤマシギ\nソークド(水跳ね)\n\n28.18090082160699\n129.313743930484\nなう(2026/08/24 20:53:05)27度\n", "night_date": "2026-08-24", "segment_id": "OSM_ro424_0_41", "event_match_distance_m": 1.4945854568988814 }, "geometry": { "type": "Point", "coordinates": [ 129.313743930484009, 28.18090082160699 ] } },
{ "type": "Feature", "properties": { "timestamp": "2026-08-24T20:56:00+09:00", "session_start": "2026-08-24T20:26:00+09:00", "event_type": "目撃", "species": "ヤマシギ", "individual_count": 1, "size": null, "wetness": "ウエット", "lat": 28.184075470808061, "lon": 129.31282155306181, "raw_text": "2026/08/24 20:56\n目撃\n\n1匹\nヤマシギ\nウエット\n瀬戸内町油井\n28.18407547080806\n129.3128215530618\n", "night_date": "2026-08-24", "segment_id": "OSM_ro11_0_5", "event_match_distance_m": 1.2113231016814443 }, "geometry": { "type": "Point", "coordinates": [ 129.312821553061809, 28.184075470808061 ] } },
{ "type": "Feature", "properties": { "timestamp": "2026-08-24T20:58:00+09:00", "session_start": "2026-08-24T20:26:00+09:00", "event_type": "目撃", "species": "カエル", "individual_count": 1, "size": null, "wetness": "ウエット", "lat": 28.184649922527981, "lon": 129.31182055206989, "raw_text": "2026/08/24 20:58\n目撃\n\n1匹\nカエル\nウエット\n瀬戸内町油井\n28.18464992252798\n129.3118205520699\n", "night_date": "2026-08-24", "segment_id": "OSM_ro491_0_97", "event_match_distance_m": 3.0760475355420365 }, "geometry": { "type": "Point", "coordinates": [ 129.311820552069889, 28.184649922527981 ] } },
{ "type": "Feature", "properties": { "timestamp": "2026-08-24T21:01:00+09:00", "session_start": "2026-08-24T20:26:00+09:00", "event_type": "目撃", "species": "オットンガエル", "individual_count": 1, "size": null, "wetness": "ウエット", "lat": 28.185583558385922, "lon": 129.31078507107691, "raw_text": "2026/08/24 21:01\n目撃\n\n1匹\nオットンガエル\nウエット\n\n28.18558355838592\n129.3107850710769\n", "night_date": "2026-08-24", "segment_id": "OSM_ro491_0_65", "event_match_distance_m": 8.1943218150310919 }, "geometry": { "type": "Point", "coordinates": [ 129.310785071076907, 28.185583558385922 ] } },
{ "type": "Feature", "properties": { "timestamp": "2026-08-24T21:10:00+09:00", "session_start": "2026-08-24T20:26:00+09:00", "event_type": "捕獲", "species": "ハブ", "individual_count": 1, "size": "大", "wetness": "ウエット", "lat": 28.185464597721239, "lon": 129.3077046392419, "raw_text": "2026/08/24 21:10\n捕獲\nハブ捕獲大\n移動中\n道路脇谷側\nウエット\n\n28.18546459772124\n129.3077046392419\n", "night_date": "2026-08-24", "segment_id": "OSM_ro491_0_2", "event_match_distance_m": 3.3138693220216391 }, "geometry": { "type": "Point", "coordinates": [ 129.307704639241905, 28.185464597721239 ] } },
{ "type": "Feature", "properties": { "timestamp": "2026-08-24T21:12:00+09:00", "session_start": "2026-08-24T20:26:00+09:00", "event_type": "目撃", "species": "カエル", "individual_count": 1, "size": null, "wetness": "ウエット", "lat": 28.18537403367878, "lon": 129.30650726830109, "raw_text": "2026/08/24 21:12\n目撃\n\n1匹\nカエル\nウエット\n\n28.18537403367878\n129.3065072683011\n", "night_date": "2026-08-24", "segment_id": "OSM_ro205_0_94", "event_match_distance_m": 9.6835161497366862 }, "geometry": { "type": "Point", "coordinates": [ 129.30650726830109, 28.18537403367878 ] } },
{ "type": "Feature", "properties": { "timestamp": "2026-08-24T21:38:00+09:00", "session_start": "2026-08-24T20:26:00+09:00", "event_type": "目撃", "species": "カエル", "individual_count": 1, "size": null, "wetness": "ウエット", "lat": 28.204061297561029, "lon": 129.30735203818571, "raw_text": "2026/08/24 21:38\n目撃\n\n1匹\nカエル\nウエット\n瀬戸内町小名瀬\n28.20406129756103\n129.3073520381857\n", "night_date": "2026-08-24", "segment_id": "OSM_ro151_0_64", "event_match_distance_m": 0.85266966420401302 }, "geometry": { "type": "Point", "coordinates": [ 129.307352038185712, 28.204061297561029 ] } },
{ "type": "Feature", "properties": { "timestamp": "2026-08-24T21:56:00+09:00", "session_start": "2026-08-24T20:26:00+09:00", "event_type": "目撃", "species": "アマミハナサキガエル", "individual_count": 1, "size": null, "wetness": "ドライ", "lat": 28.206087185760609, "lon": 129.32354828184211, "raw_text": "2026/08/24 21:56\n目撃\n\n1匹\nアマミハナサキガエル\nドライ\n\n28.20608718576061\n129.3235482818421\n", "night_date": "2026-08-24", "segment_id": "OSM_ro75_0_47", "event_match_distance_m": 9.3508855142675245 }, "geometry": { "type": "Point", "coordinates": [ 129.323548281842108, 28.206087185760609 ] } },
{ "type": "Feature", "properties": { "timestamp": "2026-08-24T22:00:00+09:00", "session_start": "2026-08-24T20:26:00+09:00", "event_type": "目撃", "species": "カエル", "individual_count": 1, "size": null, "wetness": "ドライ", "lat": 28.207003806175589, "lon": 129.3288694167168, "raw_text": "2026/08/24 22:00\n目撃\n\n1匹\nカエル\nヤマシギ\nドライ\n\n28.20700380617559\n129.3288694167168\n", "night_date": "2026-08-24", "segment_id": "OSM_ro126_0_4", "event_match_distance_m": 21.120197882883435 }, "geometry": { "type": "Point", "coordinates": [ 129.328869416716799, 28.207003806175589 ] } },
{ "type": "Feature", "properties": { "timestamp": "2026-08-24T22:02:00+09:00", "session_start": "2026-08-24T20:26:00+09:00", "event_type": "目撃", "species": "イシカワガエル", "individual_count": 1, "size": null, "wetness": "ウエット", "lat": 28.207782820935869, "lon": 129.33036413944669, "raw_text": "2026/08/24 22:02\n目撃\n\n1匹\nイシカワガエル\nウエット\n\n28.20778282093587\n129.3303641394467\n", "night_date": "2026-08-24", "segment_id": "OSM_ro126_0_30", "event_match_distance_m": 2.3475682449725905 }, "geometry": { "type": "Point", "coordinates": [ 129.330364139446687, 28.207782820935869 ] } },
{ "type": "Feature", "properties": { "timestamp": "2026-08-24T22:07:00+09:00", "session_start": "2026-08-24T20:26:00+09:00", "event_type": "目撃", "species": "ヤマシギ", "individual_count": 1, "size": null, "wetness": "ウエット", "lat": 28.206568906733331, "lon": 129.3332141195076, "raw_text": "2026/08/24 22:07\n目撃\n\n1匹\nヤマシギ\nウエット\n\n28.20656890673333\n129.3332141195076\n", "night_date": "2026-08-24", "segment_id": "OSM_ro126_0_95", "event_match_distance_m": 1.6749899747220103 }, "geometry": { "type": "Point", "coordinates": [ 129.333214119507602, 28.206568906733331 ] } },
{ "type": "Feature", "properties": { "timestamp": "2026-08-24T22:08:00+09:00", "session_start": "2026-08-24T20:26:00+09:00", "event_type": "目撃", "species": "カエル", "individual_count": 1, "size": null, "wetness": "ウエット", "lat": 28.206137013844131, "lon": 129.33249323433981, "raw_text": "2026/08/24 22:08\n目撃\n\n1匹\nカエル\nウエット\n\n28.20613701384413\n129.3324932343398\n", "night_date": "2026-08-24", "segment_id": "OSM_ro126_0_104", "event_match_distance_m": 8.0849637247170563 }, "geometry": { "type": "Point", "coordinates": [ 129.332493234339807, 28.206137013844131 ] } },
{ "type": "Feature", "properties": { "timestamp": "2026-08-24T22:08:00+09:00", "session_start": "2026-08-24T20:26:00+09:00", "event_type": "目撃", "species": "ネズミ", "individual_count": 1, "size": null, "wetness": "ウエット", "lat": 28.205804968297151, "lon": 129.3325499569072, "raw_text": "2026/08/24 22:08\n目撃\n\n1匹\nネズミ\nウエット\n\n28.20580496829715\n129.3325499569072\n", "night_date": "2026-08-24", "segment_id": "OSM_ro126_0_108", "event_match_distance_m": 0.7407442549678368 }, "geometry": { "type": "Point", "coordinates": [ 129.332549956907201, 28.205804968297151 ] } },
{ "type": "Feature", "properties": { "timestamp": "2026-08-24T22:10:00+09:00", "session_start": "2026-08-24T20:26:00+09:00", "event_type": "目撃", "species": "クロウサギ", "individual_count": 1, "size": null, "wetness": "ウエット", "lat": 28.20427199755833, "lon": 129.3317674983638, "raw_text": "2026/08/24 22:10\n目撃\n\n1匹\nクロウサギ\nウエット\n\n28.20427199755833\n129.3317674983638\n", "night_date": "2026-08-24", "segment_id": "OSM_ro126_0_128", "event_match_distance_m": 5.0946642372852695 }, "geometry": { "type": "Point", "coordinates": [ 129.331767498363803, 28.20427199755833 ] } },
{ "type": "Feature", "properties": { "timestamp": "2026-08-24T22:11:00+09:00", "session_start": "2026-08-24T20:26:00+09:00", "event_type": "目撃", "species": "アマミハナサキガエル", "individual_count": 1, "size": null, "wetness": "ウエット", "lat": 28.20299171143763, "lon": 129.33179595526599, "raw_text": "2026/08/24 22:11\n目撃\n\n1匹\nアマミハナサキガエル\nウエット\n瀬戸内町勝浦\n28.20299171143763\n129.331795955266\n", "night_date": "2026-08-24", "segment_id": "OSM_ro126_0_145", "event_match_distance_m": 1.9051499269318888 }, "geometry": { "type": "Point", "coordinates": [ 129.331795955265989, 28.20299171143763 ] } },
{ "type": "Feature", "properties": { "timestamp": "2026-08-24T22:19:00+09:00", "session_start": "2026-08-24T20:26:00+09:00", "event_type": "目撃", "species": "ネズミ", "individual_count": 1, "size": null, "wetness": "ドライ", "lat": 28.1982663801186, "lon": 129.33959303742941, "raw_text": "2026/08/24 22:19\n目撃\n\n1匹\nネズミ\nドライ\n\n28.1982663801186\n129.3395930374294\n", "night_date": "2026-08-24", "segment_id": "OSM_ro309_0_46", "event_match_distance_m": 4.5470679144358028 }, "geometry": { "type": "Point", "coordinates": [ 129.33959303742941, 28.1982663801186 ] } },
{ "type": "Feature", "properties": { "timestamp": "2026-08-24T22:27:00+09:00", "session_start": "2026-08-24T20:26:00+09:00", "event_type": "目撃", "species": "カエル", "individual_count": 1, "size": null, "wetness": "ウエット", "lat": 28.197522602514461, "lon": 129.34851373071791, "raw_text": "2026/08/24 22:27\n目撃\n\n1匹\nカエル\nウエット\n瀬戸内町勝浦\n28.19752260251446\n129.3485137307179\n", "night_date": "2026-08-24", "segment_id": "OSM_ro462_0_29", "event_match_distance_m": 19.440163025250552 }, "geometry": { "type": "Point", "coordinates": [ 129.348513730717912, 28.197522602514461 ] } },
{ "type": "Feature", "properties": { "timestamp": "2026-08-24T22:29:00+09:00", "session_start": "2026-08-24T20:26:00+09:00", "event_type": "目撃", "species": "ヤマシギ", "individual_count": 1, "size": null, "wetness": "ウエット", "lat": 28.195514071519391, "lon": 129.34900634535441, "raw_text": "2026/08/24 22:29\n目撃\n\n1匹\nヤマシギ\nウエット\n\n28.19551407151939\n129.3490063453544\n", "night_date": "2026-08-24", "segment_id": "OSM_ro462_0_65", "event_match_distance_m": 13.257439910674995 }, "geometry": { "type": "Point", "coordinates": [ 129.349006345354411, 28.195514071519391 ] } },
{ "type": "Feature", "properties": { "timestamp": "2026-08-24T22:30:00+09:00", "session_start": "2026-08-24T20:26:00+09:00", "event_type": "目撃", "species": "ヤマシギ", "individual_count": 1, "size": null, "wetness": "ウエット", "lat": 28.19510269044947, "lon": 129.3507137553195, "raw_text": "2026/08/24 22:30\n目撃\n\n1匹\nヤマシギ\nウエット\n\n28.19510269044947\n129.3507137553195\n", "night_date": "2026-08-24", "segment_id": "OSM_ro462_0_87", "event_match_distance_m": 18.869013267898808 }, "geometry": { "type": "Point", "coordinates": [ 129.350713755319504, 28.19510269044947 ] } },
{ "type": "Feature", "properties": { "timestamp": "2026-08-24T22:33:00+09:00", "session_start": "2026-08-24T20:26:00+09:00", "event_type": "目撃", "species": "カエル", "individual_count": 1, "size": null, "wetness": "ウエット", "lat": 28.196883258456769, "lon": 129.35450219728591, "raw_text": "2026/08/24 22:33\n目撃\n\n1匹\nカエル\nウエット\n\n28.19688325845677\n129.3545021972859\n", "night_date": "2026-08-24", "segment_id": "OSM_ro208_0_30", "event_match_distance_m": 2.598515665696719 }, "geometry": { "type": "Point", "coordinates": [ 129.35450219728591, 28.196883258456769 ] } },
{ "type": "Feature", "properties": { "timestamp": "2026-08-24T22:41:00+09:00", "session_start": "2026-08-24T20:26:00+09:00", "event_type": "目撃", "species": "イシカワガエル", "individual_count": 1, "size": null, "wetness": "ウエット", "lat": 28.190262207453891, "lon": 129.36436918822051, "raw_text": "2026/08/24 22:41\n目撃\n\n1匹\nイシカワガエル\nウエット\n\n28.19026220745389\n129.3643691882205", "night_date": "2026-08-24", "segment_id": "OSM_ro162_0_22", "event_match_distance_m": 1.3777196462136629 }, "geometry": { "type": "Point", "coordinates": [ 129.364369188220508, 28.190262207453891 ] } },
{ "type": "Feature", "properties": { "timestamp": "2026-08-24T22:59:00+09:00", "session_start": "2026-08-24T20:26:00+09:00", "event_type": "目撃", "species": "ヤマシギ", "individual_count": 1, "size": null, "wetness": "ドライ", "lat": 28.197582013894781, "lon": 129.39220215422549, "raw_text": "2026/08/24 22:59\n目撃\n\n1匹\nヤマシギ\nドライ\n瀬戸内町嘉徳\n28.19758201389478\n129.3922021542255\n", "night_date": "2026-08-24", "segment_id": "OSM_ro137_0_67", "event_match_distance_m": 1.2191051142704556 }, "geometry": { "type": "Point", "coordinates": [ 129.392202154225487, 28.197582013894781 ] } },
{ "type": "Feature", "properties": { "timestamp": "2026-08-24T23:00:00+09:00", "session_start": "2026-08-24T20:26:00+09:00", "event_type": "目撃", "species": "クロウサギ", "individual_count": 1, "size": null, "wetness": "ドライ", "lat": 28.19688225379824, "lon": 129.3931918061262, "raw_text": "2026/08/24 23:00\n目撃\n\n1匹\nクロウサギ\nドライ\n瀬戸内町嘉徳\n28.19688225379824\n129.3931918061262\n", "night_date": "2026-08-24", "segment_id": "OSM_ro137_0_50", "event_match_distance_m": 12.541510689902685 }, "geometry": { "type": "Point", "coordinates": [ 129.393191806126197, 28.19688225379824 ] } },
{ "type": "Feature", "properties": { "timestamp": "2026-08-24T23:05:00+09:00", "session_start": "2026-08-24T20:26:00+09:00", "event_type": "目撃", "species": "カエル", "individual_count": 5, "size": null, "wetness": "ウエット", "lat": 28.191897890462201, "lon": 129.39724466831609, "raw_text": "2026/08/24 23:05\n目撃\n\n5匹以上\nカエル\nウエット\n瀬戸内町嘉徳\n28.1918978904622\n129.3972446683161\n", "night_date": "2026-08-24", "segment_id": "OSM_ro448_0_33", "event_match_distance_m": 8.7572685672746999 }, "geometry": { "type": "Point", "coordinates": [ 129.397244668316091, 28.191897890462201 ] } },
{ "type": "Feature", "properties": { "timestamp": "2026-08-24T23:06:00+09:00", "session_start": "2026-08-24T20:26:00+09:00", "event_type": "目撃", "species": "ネズミ", "individual_count": 1, "size": null, "wetness": "ドライ", "lat": 28.191440574536241, "lon": 129.3975564526192, "raw_text": "2026/08/24 23:06\n目撃\n\n1匹\nネズミ\nドライ\n瀬戸内町嘉徳\n28.19144057453624\n129.3975564526192\n", "night_date": "2026-08-24", "segment_id": "OSM_ro448_0_39", "event_match_distance_m": 8.8315496055532456 }, "geometry": { "type": "Point", "coordinates": [ 129.397556452619199, 28.191440574536241 ] } },
{ "type": "Feature", "properties": { "timestamp": "2026-08-24T23:07:00+09:00", "session_start": "2026-08-24T20:26:00+09:00", "event_type": "目撃", "species": "クロウサギ", "individual_count": 1, "size": null, "wetness": "ドライ", "lat": 28.190176554966321, "lon": 129.3980238971528, "raw_text": "2026/08/24 23:07\n目撃\n\n1匹\nクロウサギ\nドライ\n瀬戸内町嘉徳\n28.19017655496632\n129.3980238971528", "night_date": "2026-08-24", "segment_id": "OSM_ro448_0_55", "event_match_distance_m": 5.2554225047550602 }, "geometry": { "type": "Point", "coordinates": [ 129.398023897152797, 28.190176554966321 ] } },
{ "type": "Feature", "properties": { "timestamp": "2026-08-24T23:10:00+09:00", "session_start": "2026-08-24T20:26:00+09:00", "event_type": "目撃", "species": "カエル", "individual_count": 5, "size": null, "wetness": "ウエット", "lat": 28.188190786918121, "lon": 129.39570901965041, "raw_text": "2026/08/24 23:10\n目撃\n\n5匹以上\nカエル\nウエット\n瀬戸内町嘉徳\n28.18819078691812\n129.3957090196504\n", "night_date": "2026-08-24", "segment_id": "OSM_ro448_0_88", "event_match_distance_m": 6.9592594954149218 }, "geometry": { "type": "Point", "coordinates": [ 129.395709019650411, 28.188190786918121 ] } },
{ "type": "Feature", "properties": { "timestamp": "2026-08-24T23:10:00+09:00", "session_start": "2026-08-24T20:26:00+09:00", "event_type": "目撃", "species": "オットンガエル", "individual_count": 1, "size": null, "wetness": "ドライ", "lat": 28.187858708242139, "lon": 129.39554489523729, "raw_text": "2026/08/24 23:10\n目撃\n\n1匹\nオットンガエル\nドライ\n瀬戸内町嘉徳\n28.18785870824214\n129.3955448952373\n", "night_date": "2026-08-24", "segment_id": "OSM_ro448_0_92", "event_match_distance_m": 3.8920267985530423 }, "geometry": { "type": "Point", "coordinates": [ 129.395544895237293, 28.187858708242139 ] } },
{ "type": "Feature", "properties": { "timestamp": "2026-08-24T23:10:00+09:00", "session_start": "2026-08-24T20:26:00+09:00", "event_type": "目撃", "species": "ネズミ", "individual_count": 1, "size": null, "wetness": "ウエット", "lat": 28.187641915933781, "lon": 129.39529126432009, "raw_text": "2026/08/24 23:10\n目撃\n\n1匹\nネズミ\nオットンガエル\nウエット\n瀬戸内町嘉徳\n28.18764191593378\n129.3952912643201\n", "night_date": "2026-08-24", "segment_id": "OSM_ro448_0_96", "event_match_distance_m": 2.2183473703310277 }, "geometry": { "type": "Point", "coordinates": [ 129.395291264320093, 28.187641915933781 ] } },
{ "type": "Feature", "properties": { "timestamp": "2026-08-24T23:12:00+09:00", "session_start": "2026-08-24T20:26:00+09:00", "event_type": "目撃", "species": "カエル", "individual_count": 1, "size": null, "wetness": "ドライ", "lat": 28.18621618643806, "lon": 129.39481501353501, "raw_text": "2026/08/24 23:12\n目撃\n\n1匹\nカエル\nドライ\n\n28.18621618643806\n129.394815013535\n", "night_date": "2026-08-24", "segment_id": "OSM_ro191_0_10", "event_match_distance_m": 0.93738071754586272 }, "geometry": { "type": "Point", "coordinates": [ 129.394815013535009, 28.18621618643806 ] } },
{ "type": "Feature", "properties": { "timestamp": "2026-08-24T23:20:00+09:00", "session_start": "2026-08-24T20:26:00+09:00", "event_type": "目撃", "species": "オットンガエル", "individual_count": 1, "size": null, "wetness": "ウエット", "lat": 28.184447656647361, "lon": 129.3971185590743, "raw_text": "2026/08/24 23:20\n目撃\n\n1匹\nオットンガエル\nウエット\n\n28.18444765664736\n129.3971185590743\n", "night_date": "2026-08-24", "segment_id": "OSM_ro280_0_26", "event_match_distance_m": 12.573237116339309 }, "geometry": { "type": "Point", "coordinates": [ 129.3971185590743, 28.184447656647361 ] } },
{ "type": "Feature", "properties": { "timestamp": "2026-08-24T23:30:00+09:00", "session_start": "2026-08-24T20:26:00+09:00", "event_type": "目撃", "species": "ヤマシギ", "individual_count": 1, "size": null, "wetness": "ウエット", "lat": 28.17720047126155, "lon": 129.39447852778031, "raw_text": "2026/08/24 23:30\n目撃\n\n1匹\nヤマシギ\nウエット\n瀬戸内町節子\n28.17720047126155\n129.3944785277803\n", "night_date": "2026-08-24", "segment_id": "OSM_ro104_0_88", "event_match_distance_m": 12.583181414945006 }, "geometry": { "type": "Point", "coordinates": [ 129.394478527780308, 28.17720047126155 ] } },
{ "type": "Feature", "properties": { "timestamp": "2026-08-24T23:31:00+09:00", "session_start": "2026-08-24T20:26:00+09:00", "event_type": "目撃", "species": "ヤマシギ", "individual_count": 1, "size": null, "wetness": "ウエット", "lat": 28.176328634658489, "lon": 129.39573029586791, "raw_text": "2026/08/24 23:31\n目撃\n\n1匹\nヤマシギ\nウエット\n瀬戸内町節子\n28.17632863465849\n129.3957302958679\n", "night_date": "2026-08-24", "segment_id": "OSM_ro289_0_3", "event_match_distance_m": 11.948628986473203 }, "geometry": { "type": "Point", "coordinates": [ 129.395730295867907, 28.176328634658489 ] } },
{ "type": "Feature", "properties": { "timestamp": "2026-08-24T23:32:00+09:00", "session_start": "2026-08-24T20:26:00+09:00", "event_type": "目撃", "species": "ヤマシギ", "individual_count": 1, "size": null, "wetness": "ドライ", "lat": 28.175924629844701, "lon": 129.39668623284231, "raw_text": "2026/08/24 23:32\n目撃\n\n1匹\nヤマシギ\nドライ\n\n28.1759246298447\n129.3966862328423\n", "night_date": "2026-08-24", "segment_id": "OSM_ro289_0_15", "event_match_distance_m": 0.2088177165461105 }, "geometry": { "type": "Point", "coordinates": [ 129.396686232842313, 28.175924629844701 ] } },
{ "type": "Feature", "properties": { "timestamp": "2026-08-24T23:39:00+09:00", "session_start": "2026-08-24T20:26:00+09:00", "event_type": "目撃", "species": "ネズミ", "individual_count": 1, "size": null, "wetness": "ドライ", "lat": 28.17421840917843, "lon": 129.3988725429522, "raw_text": "2026/08/24 23:39\n目撃\n\n1匹\nネズミ\nドライ\n\n28.17421840917843\n129.3988725429522\n", "night_date": "2026-08-24", "segment_id": "OSM_ro249_0_19", "event_match_distance_m": 3.1752047103213314 }, "geometry": { "type": "Point", "coordinates": [ 129.398872542952205, 28.17421840917843 ] } },
{ "type": "Feature", "properties": { "timestamp": "2026-08-24T23:42:00+09:00", "session_start": "2026-08-24T20:26:00+09:00", "event_type": "目撃", "species": "ヤマシギ", "individual_count": 2, "size": null, "wetness": "ドライ", "lat": 28.172241488770251, "lon": 129.39885827697901, "raw_text": "2026/08/24 23:42\n目撃\n\n2匹\nヤマシギ\nドライ\n\n28.17224148877025\n129.398858276979\n", "night_date": "2026-08-24", "segment_id": "OSM_ro249_0_69", "event_match_distance_m": 12.10581882145056 }, "geometry": { "type": "Point", "coordinates": [ 129.398858276979013, 28.172241488770251 ] } },
{ "type": "Feature", "properties": { "timestamp": "2026-08-24T23:43:00+09:00", "session_start": "2026-08-24T20:26:00+09:00", "event_type": "目撃", "species": "ヤマシギ", "individual_count": 1, "size": null, "wetness": "ドライ", "lat": 28.171446073376309, "lon": 129.3988532784692, "raw_text": "2026/08/24 23:43\n目撃\n\n1匹\nヤマシギ\nドライ\n\n28.17144607337631\n129.3988532784692\n", "night_date": "2026-08-24", "segment_id": "OSM_ro249_0_77", "event_match_distance_m": 2.1031689004741954 }, "geometry": { "type": "Point", "coordinates": [ 129.398853278469204, 28.171446073376309 ] } },
{ "type": "Feature", "properties": { "timestamp": "2026-08-24T23:44:00+09:00", "session_start": "2026-08-24T20:26:00+09:00", "event_type": "目撃", "species": "ヤマシギ", "individual_count": 1, "size": null, "wetness": "ドライ", "lat": 28.1702410301667, "lon": 129.39897940661189, "raw_text": "2026/08/24 23:44\n目撃\n\n1匹\nヤマシギ\nドライ\n\n28.1702410301667\n129.3989794066119\n", "night_date": "2026-08-24", "segment_id": "OSM_ro185_0_7", "event_match_distance_m": 10.565926017768176 }, "geometry": { "type": "Point", "coordinates": [ 129.398979406611886, 28.1702410301667 ] } },
{ "type": "Feature", "properties": { "timestamp": "2026-08-24T23:46:00+09:00", "session_start": "2026-08-24T20:26:00+09:00", "event_type": "目撃", "species": "ネズミ", "individual_count": 1, "size": null, "wetness": "ドライ", "lat": 28.171063912945009, "lon": 129.39692487691329, "raw_text": "2026/08/24 23:46\n目撃\n\n1匹\nネズミ\nドライ\n\n28.17106391294501\n129.3969248769133\n", "night_date": "2026-08-24", "segment_id": "OSM_ro142_0_37", "event_match_distance_m": 2.0918806991266101 }, "geometry": { "type": "Point", "coordinates": [ 129.396924876913289, 28.171063912945009 ] } },
{ "type": "Feature", "properties": { "timestamp": "2026-08-24T23:48:00+09:00", "session_start": "2026-08-24T20:26:00+09:00", "event_type": "目撃", "species": "ヤマシギ", "individual_count": 1, "size": null, "wetness": "ドライ", "lat": 28.171749558463659, "lon": 129.3963995966526, "raw_text": "2026/08/24 23:48\n目撃\n\n1匹\nヤマシギ\nドライ\n\n28.17174955846366\n129.3963995966526\n", "night_date": "2026-08-24", "segment_id": "OSM_ro142_0_14", "event_match_distance_m": 7.5586993988774864 }, "geometry": { "type": "Point", "coordinates": [ 129.3963995966526, 28.171749558463659 ] } },
{ "type": "Feature", "properties": { "timestamp": "2026-08-24T23:50:00+09:00", "session_start": "2026-08-24T20:26:00+09:00", "event_type": "目撃", "species": "ヤマシギ", "individual_count": 3, "size": null, "wetness": "ドライ", "lat": 28.16934489047971, "lon": 129.39613448248019, "raw_text": "2026/08/24 23:50\n目撃\n\n3匹\nヤマシギ\nドライ\n\n28.16934489047971\n129.3961344824802\n", "night_date": "2026-08-24", "segment_id": "OSM_ro313_0_23", "event_match_distance_m": 2.3067898488433172 }, "geometry": { "type": "Point", "coordinates": [ 129.396134482480193, 28.16934489047971 ] } },
{ "type": "Feature", "properties": { "timestamp": "2026-08-24T23:52:00+09:00", "session_start": "2026-08-24T20:26:00+09:00", "event_type": "目撃", "species": "ヤマシギ", "individual_count": 1, "size": null, "wetness": "ドライ", "lat": 28.166635767024101, "lon": 129.39560490468219, "raw_text": "2026/08/24 23:52\n目撃\n\n1匹\nヤマシギ\nドライ\n\n28.1666357670241\n129.3956049046822\n", "night_date": "2026-08-24", "segment_id": "OSM_ro560_0_1", "event_match_distance_m": 7.2350143808286003 }, "geometry": { "type": "Point", "coordinates": [ 129.395604904682187, 28.166635767024101 ] } },
{ "type": "Feature", "properties": { "timestamp": "2026-08-24T23:54:00+09:00", "session_start": "2026-08-24T20:26:00+09:00", "event_type": "目撃", "species": "ヤマシギ", "individual_count": 1, "size": null, "wetness": "ドライ", "lat": 28.165271832282151, "lon": 129.39640643879281, "raw_text": "2026/08/24 23:54\n目撃\n\n1匹\nヤマシギ\nドライ\n\n28.16527183228215\n129.3964064387928\n", "night_date": "2026-08-24", "segment_id": "OSM_ro42_0_85", "event_match_distance_m": 6.2519405928466441 }, "geometry": { "type": "Point", "coordinates": [ 129.396406438792809, 28.165271832282151 ] } },
{ "type": "Feature", "properties": { "timestamp": "2026-08-24T23:58:00+09:00", "session_start": "2026-08-24T20:26:00+09:00", "event_type": "捕獲", "species": "ハブ", "individual_count": 1, "size": "中", "wetness": "ドライ", "lat": 28.164624601502108, "lon": 129.39501490016079, "raw_text": "2026/08/24 23:58\n捕獲\nハブ捕獲中\n伸び\n道路中央\nドライ\n瀬戸内町節子\n28.16462460150211\n129.3950149001608\n", "night_date": "2026-08-24", "segment_id": "OSM_ro42_0_56", "event_match_distance_m": 3.1147342499076052 }, "geometry": { "type": "Point", "coordinates": [ 129.395014900160788, 28.164624601502108 ] } },
{ "type": "Feature", "properties": { "timestamp": "2026-08-25T00:00:00+09:00", "session_start": "2026-08-24T20:26:00+09:00", "event_type": "目撃", "species": "ヤマシギ", "individual_count": 1, "size": null, "wetness": "ドライ", "lat": 28.164437985592571, "lon": 129.39370513652881, "raw_text": "2026/08/25 0:00\n目撃\n\n1匹\nヤマシギ\nドライ\n\n28.16443798559257\n129.3937051365288\n", "night_date": "2026-08-24", "segment_id": "OSM_ro42_0_36", "event_match_distance_m": 11.308549177610994 }, "geometry": { "type": "Point", "coordinates": [ 129.393705136528808, 28.164437985592571 ] } },
{ "type": "Feature", "properties": { "timestamp": "2026-08-25T00:01:00+09:00", "session_start": "2026-08-24T20:26:00+09:00", "event_type": "目撃", "species": "イシカワガエル", "individual_count": 1, "size": null, "wetness": "ドライ", "lat": 28.16414343372535, "lon": 129.39332883340691, "raw_text": "2026/08/25 0:01\n目撃\n\n1匹\nイシカワガエル\nドライ\n\n28.16414343372535\n129.3933288334069\n", "night_date": "2026-08-24", "segment_id": "OSM_ro42_0_31", "event_match_distance_m": 9.1072753710131984 }, "geometry": { "type": "Point", "coordinates": [ 129.393328833406912, 28.16414343372535 ] } },
{ "type": "Feature", "properties": { "timestamp": "2026-08-25T00:08:00+09:00", "session_start": "2026-08-24T20:26:00+09:00", "event_type": "目撃", "species": "ネズミ", "individual_count": 1, "size": null, "wetness": "ドライ", "lat": 28.165073014893171, "lon": 129.3895079375182, "raw_text": "2026/08/25 0:08\n目撃\n\n1匹\nネズミ\nドライ\n瀬戸内町節子\n28.16507301489317\n129.3895079375182\n", "night_date": "2026-08-24", "segment_id": "OSM_ro440_0_55", "event_match_distance_m": 6.6044999858883902 }, "geometry": { "type": "Point", "coordinates": [ 129.389507937518204, 28.165073014893171 ] } },
{ "type": "Feature", "properties": { "timestamp": "2026-08-25T00:09:00+09:00", "session_start": "2026-08-24T20:26:00+09:00", "event_type": "目撃", "species": "ヤマシギ", "individual_count": 1, "size": null, "wetness": "ドライ", "lat": 28.164969632398989, "lon": 129.38878147733621, "raw_text": "2026/08/25 0:09\n目撃\n\n1匹\nヤマシギ\nドライ\n瀬戸内町節子\n28.16496963239899\n129.3887814773362\n", "night_date": "2026-08-24", "segment_id": "OSM_ro440_0_47", "event_match_distance_m": 6.2596914765582623 }, "geometry": { "type": "Point", "coordinates": [ 129.388781477336209, 28.164969632398989 ] } },
{ "type": "Feature", "properties": { "timestamp": "2026-08-25T00:11:00+09:00", "session_start": "2026-08-24T20:26:00+09:00", "event_type": "目撃", "species": "ヤマシギ", "individual_count": 3, "size": null, "wetness": "ドライ", "lat": 28.163350626537891, "lon": 129.38681363240221, "raw_text": "2026/08/25 0:11\n目撃\n\n3匹\nヤマシギ\nドライ\n瀬戸内町節子\n28.16335062653789\n129.3868136324022\n", "night_date": "2026-08-24", "segment_id": "OSM_ro440_0_19", "event_match_distance_m": 1.0609058145184529 }, "geometry": { "type": "Point", "coordinates": [ 129.386813632402209, 28.163350626537891 ] } },
{ "type": "Feature", "properties": { "timestamp": "2026-08-25T00:19:00+09:00", "session_start": "2026-08-24T20:26:00+09:00", "event_type": "目撃", "species": "ヤマシギ", "individual_count": 3, "size": null, "wetness": "ドライ", "lat": 28.165118167361019, "lon": 129.38460156471919, "raw_text": "2026/08/25 0:19\n目撃\n\n3匹\nヤマシギ\nドライ\n瀬戸内町節子\n28.16511816736102\n129.3846015647192\n", "night_date": "2026-08-24", "segment_id": "OSM_ro364_0_27", "event_match_distance_m": 21.580716785850981 }, "geometry": { "type": "Point", "coordinates": [ 129.38460156471919, 28.165118167361019 ] } },
{ "type": "Feature", "properties": { "timestamp": "2026-08-25T00:21:00+09:00", "session_start": "2026-08-24T20:26:00+09:00", "event_type": "目撃", "species": "アカマタ", "individual_count": 1, "size": null, "wetness": "ドライ", "lat": 28.165367556399531, "lon": 129.3833449785526, "raw_text": "2026/08/25 0:21\n目撃\n\n1匹\nアカマタ\nドライ\n瀬戸内町節子1335\n28.16536755639953\n129.3833449785526\n", "night_date": "2026-08-24", "segment_id": "OSM_ro364_0_14", "event_match_distance_m": 0.63758239772973069 }, "geometry": { "type": "Point", "coordinates": [ 129.3833449785526, 28.165367556399531 ] } },
{ "type": "Feature", "properties": { "timestamp": "2026-08-25T00:26:00+09:00", "session_start": "2026-08-24T20:26:00+09:00", "event_type": "目撃", "species": "アカマタ", "individual_count": 1, "size": null, "wetness": "ドライ", "lat": 28.16627379385022, "lon": 129.3869115907481, "raw_text": "2026/08/25 0:26\n目撃\n\n1匹\nアカマタ、アマミタカチホヘビ\nドライ\n瀬戸内町節子\n28.16627379385022\n129.3869115907481\n", "night_date": "2026-08-24", "segment_id": "OSM_ro364_0_54", "event_match_distance_m": 2.5252242489028816 }, "geometry": { "type": "Point", "coordinates": [ 129.386911590748099, 28.16627379385022 ] } },
{ "type": "Feature", "properties": { "timestamp": "2026-08-25T00:32:00+09:00", "session_start": "2026-08-24T20:26:00+09:00", "event_type": "目撃", "species": "ヤマシギ", "individual_count": 2, "size": null, "wetness": "ドライ", "lat": 28.16417470637354, "lon": 129.38632325160651, "raw_text": "2026/08/25 0:32\n目撃\n\n2匹\nヤマシギ\nドライ\n瀬戸内町節子\n28.16417470637354\n129.3863232516065\n", "night_date": "2026-08-24", "segment_id": "OSM_ro364_0_105", "event_match_distance_m": 1.2197113629343275 }, "geometry": { "type": "Point", "coordinates": [ 129.386323251606512, 28.16417470637354 ] } },
{ "type": "Feature", "properties": { "timestamp": "2026-08-25T00:35:00+09:00", "session_start": "2026-08-24T20:26:00+09:00", "event_type": "目撃", "species": "ヤマシギ", "individual_count": 3, "size": null, "wetness": "ドライ", "lat": 28.1649714087518, "lon": 129.3888764323182, "raw_text": "2026/08/25 0:35\n目撃\n\n3匹\nヤマシギ\nドライ\n瀬戸内町節子\n28.1649714087518\n129.3888764323182\n", "night_date": "2026-08-24", "segment_id": "OSM_ro440_0_48", "event_match_distance_m": 4.5654075670367664 }, "geometry": { "type": "Point", "coordinates": [ 129.388876432318199, 28.1649714087518 ] } },
{ "type": "Feature", "properties": { "timestamp": "2026-08-25T00:36:00+09:00", "session_start": "2026-08-24T20:26:00+09:00", "event_type": "目撃", "species": "ネズミ", "individual_count": 1, "size": null, "wetness": "ドライ", "lat": 28.164966361802382, "lon": 129.38959584260931, "raw_text": "2026/08/25 0:36\n目撃\n\n1匹\nネズミ\nドライ\n\n28.16496636180238\n129.3895958426093\n", "night_date": "2026-08-24", "segment_id": "OSM_ro440_0_56", "event_match_distance_m": 2.2994653605774054 }, "geometry": { "type": "Point", "coordinates": [ 129.38959584260931, 28.164966361802382 ] } },
{ "type": "Feature", "properties": { "timestamp": "2026-08-25T00:42:00+09:00", "session_start": "2026-08-24T20:26:00+09:00", "event_type": "目撃", "species": "ヤマシギ", "individual_count": 1, "size": null, "wetness": "ドライ", "lat": 28.164562568299491, "lon": 129.39390353155309, "raw_text": "2026/08/25 0:42\n目撃\n\n1匹\nヤマシギ\nドライ\n瀬戸内町節子\n28.16456256829949\n129.3939035315531\n", "night_date": "2026-08-24", "segment_id": "OSM_ro42_0_39", "event_match_distance_m": 13.701384609965334 }, "geometry": { "type": "Point", "coordinates": [ 129.393903531553093, 28.164562568299491 ] } },
{ "type": "Feature", "properties": { "timestamp": "2026-08-25T00:45:00+09:00", "session_start": "2026-08-24T20:26:00+09:00", "event_type": "目撃", "species": "ネズミ", "individual_count": 1, "size": null, "wetness": "ドライ", "lat": 28.16435301011289, "lon": 129.3964066015715, "raw_text": "2026/08/25 0:45\n目撃\n\n1匹\nネズミ\nドライ\n瀬戸内町節子\n28.16435301011289\n129.3964066015715\n", "night_date": "2026-08-24", "segment_id": "OSM_ro42_0_74", "event_match_distance_m": 0.36390292729016388 }, "geometry": { "type": "Point", "coordinates": [ 129.396406601571499, 28.16435301011289 ] } },
{ "type": "Feature", "properties": { "timestamp": "2026-08-25T00:45:00+09:00", "session_start": "2026-08-24T20:26:00+09:00", "event_type": "目撃", "species": "ヤマシギ", "individual_count": 1, "size": null, "wetness": "ドライ", "lat": 28.165128635402361, "lon": 129.39636036893091, "raw_text": "2026/08/25 0:45\n目撃\n\n1匹\nヤマシギ\nドライ\n\n28.16512863540236\n129.3963603689309\n", "night_date": "2026-08-24", "segment_id": "OSM_ro42_0_83", "event_match_distance_m": 4.5353227265851936 }, "geometry": { "type": "Point", "coordinates": [ 129.396360368930914, 28.165128635402361 ] } },
{ "type": "Feature", "properties": { "timestamp": "2026-08-25T00:51:00+09:00", "session_start": "2026-08-24T20:26:00+09:00", "event_type": "捕獲", "species": "ハブ", "individual_count": 1, "size": "大", "wetness": "ドライ", "lat": 28.169095172175901, "lon": 129.3960943922356, "raw_text": "2026/08/25 0:51\n捕獲\nハブ捕獲大\n移動中\n道路脇\nドライ\n\n28.1690951721759\n129.3960943922356\n", "night_date": "2026-08-24", "segment_id": "OSM_ro313_0_20", "event_match_distance_m": 1.3315198488216844 }, "geometry": { "type": "Point", "coordinates": [ 129.396094392235597, 28.169095172175901 ] } },
{ "type": "Feature", "properties": { "timestamp": "2026-08-25T00:52:00+09:00", "session_start": "2026-08-24T20:26:00+09:00", "event_type": "目撃", "species": "ヤマシギ", "individual_count": 1, "size": null, "wetness": "ドライ", "lat": 28.169554114496201, "lon": 129.39599065821679, "raw_text": "2026/08/25 0:52\n目撃\n\n1匹\nヤマシギ\nドライ\n\n28.1695541144962\n129.3959906582168\n", "night_date": "2026-08-24", "segment_id": "OSM_ro313_0_25", "event_match_distance_m": 12.245458736450821 }, "geometry": { "type": "Point", "coordinates": [ 129.395990658216789, 28.169554114496201 ] } },
{ "type": "Feature", "properties": { "timestamp": "2026-08-25T00:54:00+09:00", "session_start": "2026-08-24T20:26:00+09:00", "event_type": "目撃", "species": "ヤマシギ", "individual_count": 1, "size": null, "wetness": "ドライ", "lat": 28.172343027812779, "lon": 129.39647477993131, "raw_text": "2026/08/25 0:54\n目撃\n\n1匹\nヤマシギ\nドライ\n\n28.17234302781278\n129.3964747799313\n", "night_date": "2026-08-24", "segment_id": "OSM_ro142_0_22", "event_match_distance_m": 9.9914039044327527 }, "geometry": { "type": "Point", "coordinates": [ 129.39647477993131, 28.172343027812779 ] } },
{ "type": "Feature", "properties": { "timestamp": "2026-08-25T00:57:00+09:00", "session_start": "2026-08-24T20:26:00+09:00", "event_type": "目撃", "species": "ヤマシギ", "individual_count": 1, "size": null, "wetness": "ドライ", "lat": 28.17026837515612, "lon": 129.39904772116441, "raw_text": "2026/08/25 0:57\n目撃\n\n1匹\nヤマシギ\nドライ\n\n28.17026837515612\n129.3990477211644\n", "night_date": "2026-08-24", "segment_id": "OSM_ro185_0_8", "event_match_distance_m": 11.540547951491817 }, "geometry": { "type": "Point", "coordinates": [ 129.399047721164408, 28.17026837515612 ] } },
{ "type": "Feature", "properties": { "timestamp": "2026-08-25T00:58:00+09:00", "session_start": "2026-08-24T20:26:00+09:00", "event_type": "目撃", "species": "ヤマシギ", "individual_count": 1, "size": null, "wetness": "ドライ", "lat": 28.17218077073267, "lon": 129.3989512479387, "raw_text": "2026/08/25 0:58\n目撃\n\n1匹\nヤマシギ\nドライ\n\n28.17218077073267\n129.3989512479387\n", "night_date": "2026-08-24", "segment_id": "OSM_ro249_0_69", "event_match_distance_m": 7.954357323451501 }, "geometry": { "type": "Point", "coordinates": [ 129.398951247938697, 28.17218077073267 ] } },
{ "type": "Feature", "properties": { "timestamp": "2026-08-25T01:03:00+09:00", "session_start": "2026-08-24T20:26:00+09:00", "event_type": "目撃", "species": "ネズミ", "individual_count": 1, "size": null, "wetness": "ドライ", "lat": 28.174713453858502, "lon": 129.397884674805, "raw_text": "2026/08/25 1:03\n目撃\n\n1匹\nネズミ\nドライ\n\n28.1747134538585\n129.397884674805\n", "night_date": "2026-08-24", "segment_id": "OSM_ro289_0_102", "event_match_distance_m": 10.988000081492768 }, "geometry": { "type": "Point", "coordinates": [ 129.397884674804999, 28.174713453858502 ] } },
{ "type": "Feature", "properties": { "timestamp": "2026-08-25T01:05:00+09:00", "session_start": "2026-08-24T20:26:00+09:00", "event_type": "目撃", "species": "オットンガエル", "individual_count": 1, "size": null, "wetness": "ドライ", "lat": 28.174335762616909, "lon": 129.3945369415396, "raw_text": "2026/08/25 1:05\n目撃\n\n1匹\nオットンガエル\nドライ\n\n28.17433576261691\n129.3945369415396\n", "night_date": "2026-08-24", "segment_id": "OSM_ro289_0_54", "event_match_distance_m": 4.3378013635666228 }, "geometry": { "type": "Point", "coordinates": [ 129.394536941539599, 28.174335762616909 ] } },
{ "type": "Feature", "properties": { "timestamp": "2026-08-25T01:10:00+09:00", "session_start": "2026-08-24T20:26:00+09:00", "event_type": "目撃", "species": "オットンガエル", "individual_count": 1, "size": null, "wetness": "ドライ", "lat": 28.177453248132679, "lon": 129.39359192587921, "raw_text": "2026/08/25 1:10\n目撃\n\n1匹\nオットンガエル\nドライ\n\n28.17745324813268\n129.3935919258792\n", "night_date": "2026-08-24", "segment_id": "OSM_ro104_0_73", "event_match_distance_m": 5.3064233003104206 }, "geometry": { "type": "Point", "coordinates": [ 129.393591925879207, 28.177453248132679 ] } },
{ "type": "Feature", "properties": { "timestamp": "2026-08-25T01:11:00+09:00", "session_start": "2026-08-24T20:26:00+09:00", "event_type": "目撃", "species": "カエル", "individual_count": 2, "size": null, "wetness": "ウエット", "lat": 28.17865754702618, "lon": 129.39357504452889, "raw_text": "2026/08/25 1:11\n目撃\n\n2匹\nカエル\nウエット\n\n28.17865754702618\n129.3935750445289\n", "night_date": "2026-08-24", "segment_id": "OSM_ro104_0_57", "event_match_distance_m": 13.728954886676894 }, "geometry": { "type": "Point", "coordinates": [ 129.393575044528887, 28.17865754702618 ] } },
{ "type": "Feature", "properties": { "timestamp": "2026-08-25T01:17:00+09:00", "session_start": "2026-08-24T20:26:00+09:00", "event_type": "目撃", "species": "カエル", "individual_count": 1, "size": null, "wetness": "ウエット", "lat": 28.183749695452359, "lon": 129.3962920557257, "raw_text": "2026/08/25 1:17\n目撃\n\n1匹\nカエル\nウエット\n\n28.18374969545236\n129.3962920557257\n", "night_date": "2026-08-24", "segment_id": "OSM_ro280_0_47", "event_match_distance_m": 7.8749255287341349 }, "geometry": { "type": "Point", "coordinates": [ 129.396292055725695, 28.183749695452359 ] } },
{ "type": "Feature", "properties": { "timestamp": "2026-08-25T01:19:00+09:00", "session_start": "2026-08-24T20:26:00+09:00", "event_type": "目撃", "species": "オットンガエル", "individual_count": 1, "size": null, "wetness": "ウエット", "lat": 28.184209100278281, "lon": 129.39725543910669, "raw_text": "2026/08/25 1:19\n目撃\n\n1匹\nオットンガエル\nウエット\n\n28.18420910027828\n129.3972554391067\n", "night_date": "2026-08-24", "segment_id": "OSM_ro280_0_24", "event_match_distance_m": 19.121997553878312 }, "geometry": { "type": "Point", "coordinates": [ 129.397255439106686, 28.184209100278281 ] } },
{ "type": "Feature", "properties": { "timestamp": "2026-08-25T01:20:00+09:00", "session_start": "2026-08-24T20:26:00+09:00", "event_type": "目撃", "species": "カエル", "individual_count": 4, "size": null, "wetness": "ウエット", "lat": 28.184940396277, "lon": 129.3969271317828, "raw_text": "2026/08/25 1:20\n目撃\n\n4匹\nカエル\nウエット\n\n28.184940396277\n129.3969271317828\n", "night_date": "2026-08-24", "segment_id": "OSM_ro280_0_30", "event_match_distance_m": 19.74078949240868 }, "geometry": { "type": "Point", "coordinates": [ 129.396927131782803, 28.184940396277 ] } },
{ "type": "Feature", "properties": { "timestamp": "2026-08-25T01:28:00+09:00", "session_start": "2026-08-24T20:26:00+09:00", "event_type": "目撃", "species": "ネズミ", "individual_count": 1, "size": null, "wetness": "ウエット", "lat": 28.187715858426611, "lon": 129.39529568786659, "raw_text": "2026/08/25 1:28\n目撃\n\n1匹\nネズミ\nカエル\nクロウサギ\nウエット\n瀬戸内町嘉徳\n28.18771585842661\n129.3952956878666\n", "night_date": "2026-08-24", "segment_id": "OSM_ro448_0_95", "event_match_distance_m": 3.4066794198512009 }, "geometry": { "type": "Point", "coordinates": [ 129.395295687866593, 28.187715858426611 ] } },
{ "type": "Feature", "properties": { "timestamp": "2026-08-25T01:30:00+09:00", "session_start": "2026-08-24T20:26:00+09:00", "event_type": "目撃", "species": "カエル", "individual_count": 5, "size": null, "wetness": "ウエット", "lat": 28.188322084746421, "lon": 129.3958902076194, "raw_text": "2026/08/25 1:30\n目撃\n\n5匹以上\nカエル\nウエット\n瀬戸内町嘉徳\n28.18832208474642\n129.3958902076194\n", "night_date": "2026-08-24", "segment_id": "OSM_ro448_0_86", "event_match_distance_m": 3.7504937511389556 }, "geometry": { "type": "Point", "coordinates": [ 129.395890207619402, 28.188322084746421 ] } },
{ "type": "Feature", "properties": { "timestamp": "2026-08-25T01:32:00+09:00", "session_start": "2026-08-24T20:26:00+09:00", "event_type": "目撃", "species": "ヤマシギ", "individual_count": 1, "size": null, "wetness": "ウエット", "lat": 28.190904720124689, "lon": 129.3979737801659, "raw_text": "2026/08/25 1:32\n目撃\n\n1匹\nヤマシギ\nウエット\n瀬戸内町嘉徳\n28.19090472012469\n129.3979737801659\n", "night_date": "2026-08-24", "segment_id": "OSM_ro448_0_47", "event_match_distance_m": 11.848375249345251 }, "geometry": { "type": "Point", "coordinates": [ 129.397973780165898, 28.190904720124689 ] } },
{ "type": "Feature", "properties": { "timestamp": "2026-08-25T01:42:00+09:00", "session_start": "2026-08-24T20:26:00+09:00", "event_type": "目撃", "species": "カエル", "individual_count": 3, "size": null, "wetness": "ウエット", "lat": 28.19773757587782, "lon": 129.39222091762829, "raw_text": "2026/08/25 1:42\n目撃\n\n3匹\nカエル\nウエット\n\n28.19773757587782\n129.3922209176283\n", "night_date": "2026-08-24", "segment_id": "OSM_ro137_0_69", "event_match_distance_m": 3.6513631165294131 }, "geometry": { "type": "Point", "coordinates": [ 129.392220917628293, 28.19773757587782 ] } },
{ "type": "Feature", "properties": { "timestamp": "2026-08-25T01:43:00+09:00", "session_start": "2026-08-24T20:26:00+09:00", "event_type": "目撃", "species": "アマミハナサキガエル", "individual_count": 1, "size": null, "wetness": "ウエット", "lat": 28.19739488044463, "lon": 129.3908525706465, "raw_text": "2026/08/25 1:43\n目撃\n\n1匹\nアマミハナサキガエル\nウエット\n\n28.19739488044463\n129.3908525706465", "night_date": "2026-08-24", "segment_id": "OSM_ro48_0_12", "event_match_distance_m": 2.8773592592859383 }, "geometry": { "type": "Point", "coordinates": [ 129.390852570646501, 28.19739488044463 ] } },
{ "type": "Feature", "properties": { "timestamp": "2026-08-25T02:01:00+09:00", "session_start": "2026-08-24T20:26:00+09:00", "event_type": "目撃", "species": "カエル", "individual_count": 5, "size": null, "wetness": "ウエット", "lat": 28.17904334371617, "lon": 129.3656475084853, "raw_text": "2026/08/25 2:01\n目撃\n\n5匹以上\nカエル\nウエット\n瀬戸内町網野子729\n28.17904334371617\n129.3656475084853\n", "night_date": "2026-08-24", "segment_id": "OSM_ro129_0_151", "event_match_distance_m": 0.10066283291379581 }, "geometry": { "type": "Point", "coordinates": [ 129.365647508485296, 28.17904334371617 ] } },
{ "type": "Feature", "properties": { "timestamp": "2026-08-25T02:01:00+09:00", "session_start": "2026-08-24T20:26:00+09:00", "event_type": "目撃", "species": "クロウサギ", "individual_count": 1, "size": null, "wetness": "ウエット", "lat": 28.177521657988301, "lon": 129.3642698852172, "raw_text": "2026/08/25 2:01\n目撃\n\n1匹\nクロウサギ\nウエット\n瀬戸内町網野子\n28.1775216579883\n129.3642698852172", "night_date": "2026-08-24", "segment_id": "OSM_ro129_0_178", "event_match_distance_m": 4.4684138025276408 }, "geometry": { "type": "Point", "coordinates": [ 129.364269885217197, 28.177521657988301 ] } },
{ "type": "Feature", "properties": { "timestamp": "2026-08-27T21:49:00+09:00", "session_start": "2026-08-27T21:22:00+09:00", "event_type": "目撃", "species": "カエル", "individual_count": 5, "size": null, "wetness": "ソークド(水跳ね)", "lat": 28.167797788410461, "lon": 129.30023026828979, "raw_text": "2026/08/27 21:49\n目撃\n\n5匹以上\nカエル\nソークド(水跳ね)\n\n28.16779778841046\n129.3002302682898\n", "night_date": "2026-08-27", "segment_id": "OSM_ro877_0_29", "event_match_distance_m": 3.5865953651139679 }, "geometry": { "type": "Point", "coordinates": [ 129.300230268289795, 28.167797788410461 ] } },
{ "type": "Feature", "properties": { "timestamp": "2026-08-27T22:02:00+09:00", "session_start": "2026-08-27T21:22:00+09:00", "event_type": "目撃", "species": "カエル", "individual_count": 5, "size": null, "wetness": "ウエット", "lat": 28.17046582978859, "lon": 129.29968253000371, "raw_text": "2026/08/27 22:02\n目撃\n\n5匹以上\nカエル\nウエット\n瀬戸内町久根津331\n28.17046582978859\n129.2996825300037\n", "night_date": "2026-08-27", "segment_id": "OSM_ro130_0_0", "event_match_distance_m": 5.5766279925752587 }, "geometry": { "type": "Point", "coordinates": [ 129.299682530003707, 28.17046582978859 ] } },
{ "type": "Feature", "properties": { "timestamp": "2026-08-27T22:02:00+09:00", "session_start": "2026-08-27T21:22:00+09:00", "event_type": "目撃", "species": "アカマタ", "individual_count": 1, "size": null, "wetness": "ウエット", "lat": 28.170942333104339, "lon": 129.2992572961208, "raw_text": "2026/08/27 22:02\n目撃\n\n1匹\nアカマタ\nウエット\n瀬戸内町久根津\n28.17094233310434\n129.2992572961208\n", "night_date": "2026-08-27", "segment_id": "OSM_ro130_0_7", "event_match_distance_m": 3.2056919561533266 }, "geometry": { "type": "Point", "coordinates": [ 129.2992572961208, 28.170942333104339 ] } },
{ "type": "Feature", "properties": { "timestamp": "2026-08-27T22:03:00+09:00", "session_start": "2026-08-27T21:22:00+09:00", "event_type": "目撃", "species": "カエル", "individual_count": 5, "size": null, "wetness": "ソークド(水跳ね)", "lat": 28.171312672130689, "lon": 129.29876284725989, "raw_text": "2026/08/27 22:03\n目撃\n\n5匹以上\nカエル\nソークド(水跳ね)\n瀬戸内町久根津\n28.17131267213069\n129.2987628472599\n", "night_date": "2026-08-27", "segment_id": "OSM_ro130_0_14", "event_match_distance_m": 0.49489779868226513 }, "geometry": { "type": "Point", "coordinates": [ 129.298762847259894, 28.171312672130689 ] } },
{ "type": "Feature", "properties": { "timestamp": "2026-08-27T22:21:00+09:00", "session_start": "2026-08-27T21:22:00+09:00", "event_type": "目撃", "species": "カエル", "individual_count": 1, "size": null, "wetness": "ウエット", "lat": 28.180845245404551, "lon": 129.30364015109919, "raw_text": "2026/08/27 22:21\n目撃\n\n1匹\nカエル\nウエット\n\n28.18084524540455\n129.3036401510992\n", "night_date": "2026-08-27", "segment_id": "OSM_ro66_0_76", "event_match_distance_m": 4.6470948221189419 }, "geometry": { "type": "Point", "coordinates": [ 129.303640151099188, 28.180845245404551 ] } },
{ "type": "Feature", "properties": { "timestamp": "2026-08-27T22:24:00+09:00", "session_start": "2026-08-27T21:22:00+09:00", "event_type": "目撃", "species": "イシカワガエル", "individual_count": 1, "size": null, "wetness": "ウエット", "lat": 28.178824490109349, "lon": 129.3054006829137, "raw_text": "2026/08/27 22:24\n目撃\n\n1匹\nイシカワガエル\nウエット\n\n28.17882449010935\n129.3054006829137\n", "night_date": "2026-08-27", "segment_id": "OSM_ro66_0_42", "event_match_distance_m": 6.8935525627896377 }, "geometry": { "type": "Point", "coordinates": [ 129.305400682913699, 28.178824490109349 ] } },
{ "type": "Feature", "properties": { "timestamp": "2026-08-27T22:29:00+09:00", "session_start": "2026-08-27T21:22:00+09:00", "event_type": "目撃", "species": "オットンガエル", "individual_count": 2, "size": null, "wetness": "ウエット", "lat": 28.177002046503372, "lon": 129.30638839325849, "raw_text": "2026/08/27 22:29\n目撃\n\n2匹\nオットンガエル\nウエット\n\n28.17700204650337\n129.3063883932585\n", "night_date": "2026-08-27", "segment_id": "OSM_ro174_0_92", "event_match_distance_m": 5.3034201290185345 }, "geometry": { "type": "Point", "coordinates": [ 129.306388393258487, 28.177002046503372 ] } },
{ "type": "Feature", "properties": { "timestamp": "2026-08-27T22:35:00+09:00", "session_start": "2026-08-27T21:22:00+09:00", "event_type": "目撃", "species": "カエル", "individual_count": 4, "size": null, "wetness": "ウエット", "lat": 28.174865065643981, "lon": 129.30656741284309, "raw_text": "2026/08/27 22:35\n目撃\n\n4匹\nカエル\nウエット\n瀬戸内町久根津\n28.17486506564398\n129.3065674128431\n", "night_date": "2026-08-27", "segment_id": "OSM_ro174_0_2", "event_match_distance_m": 5.6089472056323935 }, "geometry": { "type": "Point", "coordinates": [ 129.306567412843094, 28.174865065643981 ] } },
{ "type": "Feature", "properties": { "timestamp": "2026-08-27T22:39:00+09:00", "session_start": "2026-08-27T21:22:00+09:00", "event_type": "目撃", "species": "カエル", "individual_count": 3, "size": null, "wetness": "ウエット", "lat": 28.172706644297332, "lon": 129.30984580549011, "raw_text": "2026/08/27 22:39\n目撃\n\n3匹\nカエル\nウエット\n瀬戸内町久根津\n28.17270664429733\n129.3098458054901\n", "night_date": "2026-08-27", "segment_id": "OSM_ro561_0_51", "event_match_distance_m": 5.0832439457854033 }, "geometry": { "type": "Point", "coordinates": [ 129.309845805490113, 28.172706644297332 ] } },
{ "type": "Feature", "properties": { "timestamp": "2026-08-27T22:42:00+09:00", "session_start": "2026-08-27T21:22:00+09:00", "event_type": "目撃", "species": "オットンガエル", "individual_count": 1, "size": null, "wetness": "ウエット", "lat": 28.172369884863649, "lon": 129.312400160593, "raw_text": "2026/08/27 22:42\n目撃\n\n1匹\nオットンガエル\nウエット\n瀬戸内町久根津\n28.17236988486365\n129.312400160593", "night_date": "2026-08-27", "segment_id": "OSM_ro561_0_12", "event_match_distance_m": 13.018867133714709 }, "geometry": { "type": "Point", "coordinates": [ 129.312400160593, 28.172369884863649 ] } },
{ "type": "Feature", "properties": { "timestamp": "2026-08-27T22:52:00+09:00", "session_start": "2026-08-27T21:22:00+09:00", "event_type": "目撃", "species": "ヤマシギ", "individual_count": 1, "size": null, "wetness": "ウエット", "lat": 28.181019729462651, "lon": 129.31373494858181, "raw_text": "2026/08/27 22:52\n目撃\n\n1匹\nヤマシギ\nウエット\n瀬戸内町阿木名\n28.18101972946265\n129.3137349485818\n", "night_date": "2026-08-27", "segment_id": "OSM_ro424_0_40", "event_match_distance_m": 1.9606351294657871 }, "geometry": { "type": "Point", "coordinates": [ 129.313734948581811, 28.181019729462651 ] } },
{ "type": "Feature", "properties": { "timestamp": "2026-08-27T22:53:00+09:00", "session_start": "2026-08-27T21:22:00+09:00", "event_type": "目撃", "species": "アカマタ", "individual_count": 1, "size": null, "wetness": "ウエット", "lat": 28.181880703466959, "lon": 129.3131242378052, "raw_text": "2026/08/27 22:53\n目撃\n\n1匹\nアカマタ\nウエット\n瀬戸内町油井\n28.18188070346696\n129.3131242378052\n", "night_date": "2026-08-27", "segment_id": "OSM_ro424_0_28", "event_match_distance_m": 1.812315730649245 }, "geometry": { "type": "Point", "coordinates": [ 129.313124237805198, 28.181880703466959 ] } },
{ "type": "Feature", "properties": { "timestamp": "2026-08-27T22:54:00+09:00", "session_start": "2026-08-27T21:22:00+09:00", "event_type": "目撃", "species": "カエル", "individual_count": 1, "size": null, "wetness": "ウエット", "lat": 28.18238871389552, "lon": 129.31243075531751, "raw_text": "2026/08/27 22:54\n目撃\n\n1匹\nカエル\nウエット\n瀬戸内町油井\n28.18238871389552\n129.3124307553175\n", "night_date": "2026-08-27", "segment_id": "OSM_ro424_0_19", "event_match_distance_m": 4.445848650246127 }, "geometry": { "type": "Point", "coordinates": [ 129.312430755317507, 28.18238871389552 ] } },
{ "type": "Feature", "properties": { "timestamp": "2026-08-27T23:14:00+09:00", "session_start": "2026-08-27T21:22:00+09:00", "event_type": "目撃", "species": "ヤマシギ", "individual_count": 1, "size": null, "wetness": "ウエット", "lat": 28.192290073832389, "lon": 129.30575491833201, "raw_text": "2026/08/27 23:14\n目撃\n\n1匹\nヤマシギ\nウエット\n\n28.19229007383239\n129.305754918332\n", "night_date": "2026-08-27", "segment_id": "OSM_ro205_0_1", "event_match_distance_m": 0.73937997129155775 }, "geometry": { "type": "Point", "coordinates": [ 129.305754918332013, 28.192290073832389 ] } },
{ "type": "Feature", "properties": { "timestamp": "2026-08-27T23:16:00+09:00", "session_start": "2026-08-27T21:22:00+09:00", "event_type": "目撃", "species": "リュウキュウアオヘビ", "individual_count": 1, "size": null, "wetness": "ウエット", "lat": 28.193647467963281, "lon": 129.30588025855019, "raw_text": "2026/08/27 23:16\n目撃\n\n1匹\nリュウキュウアオヘビ\nウエット\n\n28.19364746796328\n129.3058802585502\n", "night_date": "2026-08-27", "segment_id": "OSM_ro6_0_88", "event_match_distance_m": 10.489364279860313 }, "geometry": { "type": "Point", "coordinates": [ 129.305880258550189, 28.193647467963281 ] } },
{ "type": "Feature", "properties": { "timestamp": "2026-08-27T23:24:00+09:00", "session_start": "2026-08-27T21:22:00+09:00", "event_type": "目撃", "species": "カエル", "individual_count": 1, "size": null, "wetness": "ウエット", "lat": 28.2009786295813, "lon": 129.3058122200394, "raw_text": "2026/08/27 23:24\n目撃\n\n1匹\nカエル\nウエット\n\n28.2009786295813\n129.3058122200394\n", "night_date": "2026-08-27", "segment_id": "OSM_ro101_0_11", "event_match_distance_m": 1.8226872944857189 }, "geometry": { "type": "Point", "coordinates": [ 129.3058122200394, 28.2009786295813 ] } },
{ "type": "Feature", "properties": { "timestamp": "2026-08-27T23:28:00+09:00", "session_start": "2026-08-27T21:22:00+09:00", "event_type": "目撃", "species": "カエル", "individual_count": 1, "size": null, "wetness": "ウエット", "lat": 28.20363721865192, "lon": 129.3071039855879, "raw_text": "2026/08/27 23:28\n目撃\n\n1匹\nカエル\nウエット\n\n28.20363721865192\n129.3071039855879\n", "night_date": "2026-08-27", "segment_id": "OSM_ro151_0_69", "event_match_distance_m": 1.4801650465227592 }, "geometry": { "type": "Point", "coordinates": [ 129.307103985587901, 28.20363721865192 ] } },
{ "type": "Feature", "properties": { "timestamp": "2026-08-27T23:30:00+09:00", "session_start": "2026-08-27T21:22:00+09:00", "event_type": "目撃", "species": "クロウサギ", "individual_count": 1, "size": null, "wetness": "ウエット", "lat": 28.205079475762261, "lon": 129.30951191239961, "raw_text": "2026/08/27 23:30\n目撃\n\n1匹\nクロウサギ\nウエット\n\n28.20507947576226\n129.3095119123996\n", "night_date": "2026-08-27", "segment_id": "OSM_ro151_0_38", "event_match_distance_m": 0.28138939970192373 }, "geometry": { "type": "Point", "coordinates": [ 129.309511912399614, 28.205079475762261 ] } },
{ "type": "Feature", "properties": { "timestamp": "2026-08-27T23:32:00+09:00", "session_start": "2026-08-27T21:22:00+09:00", "event_type": "目撃", "species": "イシカワガエル", "individual_count": 1, "size": null, "wetness": "ウエット", "lat": 28.206754345019, "lon": 129.31079193757529, "raw_text": "2026/08/27 23:32\n目撃\n\n1匹\nイシカワガエル\nウエット\n\n28.206754345019\n129.3107919375753\n", "night_date": "2026-08-27", "segment_id": "OSM_ro151_0_10", "event_match_distance_m": 1.854294020472383 }, "geometry": { "type": "Point", "coordinates": [ 129.310791937575289, 28.206754345019 ] } },
{ "type": "Feature", "properties": { "timestamp": "2026-08-27T23:35:00+09:00", "session_start": "2026-08-27T21:22:00+09:00", "event_type": "目撃", "species": "アマミハナサキガエル", "individual_count": 1, "size": null, "wetness": "ウエット", "lat": 28.20581658202072, "lon": 129.31482509020989, "raw_text": "2026/08/27 23:35\n目撃\n\n1匹\nアマミハナサキガエル\nウエット\n\n28.20581658202072\n129.3148250902099\n", "night_date": "2026-08-27", "segment_id": "OSM_ro230_0_37", "event_match_distance_m": 7.5243924207909778 }, "geometry": { "type": "Point", "coordinates": [ 129.314825090209894, 28.20581658202072 ] } },
{ "type": "Feature", "properties": { "timestamp": "2026-08-27T23:37:00+09:00", "session_start": "2026-08-27T21:22:00+09:00", "event_type": "目撃", "species": "アカマタ", "individual_count": 1, "size": null, "wetness": "ウエット", "lat": 28.205483952897879, "lon": 129.3164059569192, "raw_text": "2026/08/27 23:37\n目撃\n\n1匹\nアカマタ\nウエット\n瀬戸内町阿室釜\n28.20548395289788\n129.3164059569192\n", "night_date": "2026-08-27", "segment_id": "OSM_ro230_0_58", "event_match_distance_m": 7.9953728180387733 }, "geometry": { "type": "Point", "coordinates": [ 129.316405956919198, 28.205483952897879 ] } },
{ "type": "Feature", "properties": { "timestamp": "2026-08-27T23:41:00+09:00", "session_start": "2026-08-27T21:22:00+09:00", "event_type": "目撃", "species": "オットンガエル", "individual_count": 1, "size": null, "wetness": "ウエット", "lat": 28.204568041036179, "lon": 129.3216499648108, "raw_text": "2026/08/27 23:41\n目撃\n\n1匹\nオットンガエル\nウエット\n\n28.20456804103618\n129.3216499648108\n", "night_date": "2026-08-27", "segment_id": "OSM_ro75_0_21", "event_match_distance_m": 7.4579256688276034 }, "geometry": { "type": "Point", "coordinates": [ 129.321649964810803, 28.204568041036179 ] } },
{ "type": "Feature", "properties": { "timestamp": "2026-08-27T23:42:00+09:00", "session_start": "2026-08-27T21:22:00+09:00", "event_type": "目撃", "species": "オットンガエル", "individual_count": 1, "size": null, "wetness": "ウエット", "lat": 28.204846624091299, "lon": 129.32223820577681, "raw_text": "2026/08/27 23:42\n目撃\n\n1匹\nオットンガエル\nウエット\n\n28.2048466240913\n129.3222382057768\n", "night_date": "2026-08-27", "segment_id": "OSM_ro75_0_28", "event_match_distance_m": 2.8702053166309232 }, "geometry": { "type": "Point", "coordinates": [ 129.322238205776813, 28.204846624091299 ] } },
{ "type": "Feature", "properties": { "timestamp": "2026-08-27T23:44:00+09:00", "session_start": "2026-08-27T21:22:00+09:00", "event_type": "目撃", "species": "アカマタ", "individual_count": 1, "size": null, "wetness": "ウエット", "lat": 28.205709325748749, "lon": 129.3244406691642, "raw_text": "2026/08/27 23:44\n目撃\n\n1匹\nアカマタ\nウエット\n\n28.20570932574875\n129.3244406691642\n", "night_date": "2026-08-27", "segment_id": "OSM_ro75_0_57", "event_match_distance_m": 1.7647713136409655 }, "geometry": { "type": "Point", "coordinates": [ 129.324440669164204, 28.205709325748749 ] } },
{ "type": "Feature", "properties": { "timestamp": "2026-08-27T23:46:00+09:00", "session_start": "2026-08-27T21:22:00+09:00", "event_type": "目撃", "species": "アマミハナサキガエル", "individual_count": 1, "size": null, "wetness": "ウエット", "lat": 28.20550686607104, "lon": 129.32671707395289, "raw_text": "2026/08/27 23:46\n目撃\n\n1匹\nアマミハナサキガエル\nウエット\n\n28.20550686607104\n129.3267170739529\n", "night_date": "2026-08-27", "segment_id": "OSM_ro75_0_84", "event_match_distance_m": 4.7190781481311035 }, "geometry": { "type": "Point", "coordinates": [ 129.326717073952892, 28.20550686607104 ] } },
{ "type": "Feature", "properties": { "timestamp": "2026-08-27T23:50:00+09:00", "session_start": "2026-08-27T21:22:00+09:00", "event_type": "目撃", "species": "カエル", "individual_count": 1, "size": null, "wetness": "ウエット", "lat": 28.20817258172254, "lon": 129.33050412667069, "raw_text": "2026/08/27 23:50\n目撃\n\n1匹\nカエル\nウエット\n\n28.20817258172254\n129.3305041266707\n", "night_date": "2026-08-27", "segment_id": "OSM_ro126_0_35", "event_match_distance_m": 2.0475813029892715 }, "geometry": { "type": "Point", "coordinates": [ 129.330504126670689, 28.20817258172254 ] } },
{ "type": "Feature", "properties": { "timestamp": "2026-08-27T23:53:00+09:00", "session_start": "2026-08-27T21:22:00+09:00", "event_type": "目撃", "species": "イシカワガエル", "individual_count": 1, "size": null, "wetness": "ウエット", "lat": 28.206527530342701, "lon": 129.33310249776449, "raw_text": "2026/08/27 23:53\n目撃\n\n1匹\nイシカワガエル\nウエット\n\n28.2065275303427\n129.3331024977645\n", "night_date": "2026-08-27", "segment_id": "OSM_ro126_0_96", "event_match_distance_m": 0.48560271240983932 }, "geometry": { "type": "Point", "coordinates": [ 129.333102497764486, 28.206527530342701 ] } },
{ "type": "Feature", "properties": { "timestamp": "2026-08-27T23:54:00+09:00", "session_start": "2026-08-27T21:22:00+09:00", "event_type": "目撃", "species": "ネズミ", "individual_count": 1, "size": null, "wetness": "ウエット", "lat": 28.206083920693981, "lon": 129.33251373093279, "raw_text": "2026/08/27 23:54\n目撃\n\n1匹\nネズミ\nウエット\n\n28.20608392069398\n129.3325137309328\n", "night_date": "2026-08-27", "segment_id": "OSM_ro126_0_104", "event_match_distance_m": 5.8994027493715011 }, "geometry": { "type": "Point", "coordinates": [ 129.332513730932789, 28.206083920693981 ] } },
{ "type": "Feature", "properties": { "timestamp": "2026-08-28T00:00:00+09:00", "session_start": "2026-08-27T21:22:00+09:00", "event_type": "捕獲", "species": "ハブ", "individual_count": 1, "size": "中", "wetness": "ウエット", "lat": 28.20200096298877, "lon": 129.33363867066461, "raw_text": "2026/08/28 0:00\n捕獲\nハブ捕獲中\n伸び\n道路脇\nウエット\n瀬戸内町勝浦\n28.20200096298877\n129.3336386706646\n", "night_date": "2026-08-27", "segment_id": "OSM_ro126_0_169", "event_match_distance_m": 8.3281786477574684 }, "geometry": { "type": "Point", "coordinates": [ 129.333638670664612, 28.20200096298877 ] } },
{ "type": "Feature", "properties": { "timestamp": "2026-08-28T00:00:00+09:00", "session_start": "2026-08-27T21:22:00+09:00", "event_type": "目撃", "species": "カエル", "individual_count": 5, "size": null, "wetness": "ウエット", "lat": 28.20189171513648, "lon": 129.33391234959419, "raw_text": "2026/08/28 0:00\n目撃\n\n5匹以上\nカエル\nウエット\n瀬戸内町勝浦\n28.20189171513648\n129.3339123495942\n", "night_date": "2026-08-27", "segment_id": "OSM_ro126_0_172", "event_match_distance_m": 4.9511911651722169 }, "geometry": { "type": "Point", "coordinates": [ 129.333912349594186, 28.20189171513648 ] } },
{ "type": "Feature", "properties": { "timestamp": "2026-08-28T00:01:00+09:00", "session_start": "2026-08-27T21:22:00+09:00", "event_type": "目撃", "species": "オットンガエル", "individual_count": 1, "size": null, "wetness": "ウエット", "lat": 28.20221929254679, "lon": 129.33478210242021, "raw_text": "2026/08/28 0:01\n目撃\n\n1匹\nオットンガエル\nウエット\n瀬戸内町勝浦\n28.20221929254679\n129.3347821024202\n", "night_date": "2026-08-27", "segment_id": "OSM_ro126_0_182", "event_match_distance_m": 9.8195964813236571 }, "geometry": { "type": "Point", "coordinates": [ 129.334782102420206, 28.20221929254679 ] } },
{ "type": "Feature", "properties": { "timestamp": "2026-08-28T00:11:00+09:00", "session_start": "2026-08-27T21:22:00+09:00", "event_type": "目撃", "species": "アカマタ", "individual_count": 1, "size": null, "wetness": "ウエット", "lat": 28.19672830727697, "lon": 129.34332005782741, "raw_text": "2026/08/28 0:11\n目撃\n\n1匹\nアカマタ\nウエット\n瀬戸内町勝浦\n28.19672830727697\n129.3433200578274\n", "night_date": "2026-08-27", "segment_id": "OSM_ro309_0_114", "event_match_distance_m": 15.865542484454373 }, "geometry": { "type": "Point", "coordinates": [ 129.343320057827412, 28.19672830727697 ] } },
{ "type": "Feature", "properties": { "timestamp": "2026-08-28T00:11:00+09:00", "session_start": "2026-08-27T21:22:00+09:00", "event_type": "目撃", "species": "カエル", "individual_count": 5, "size": null, "wetness": "ウエット", "lat": 28.19703906320099, "lon": 129.34422041693571, "raw_text": "2026/08/28 0:11\n目撃\n\n5匹以上\nカエル\nウエット\n瀬戸内町勝浦\n28.19703906320099\n129.3442204169357\n", "night_date": "2026-08-27", "segment_id": "OSM_ro309_0_127", "event_match_distance_m": 6.5319135029243744 }, "geometry": { "type": "Point", "coordinates": [ 129.344220416935713, 28.19703906320099 ] } },
{ "type": "Feature", "properties": { "timestamp": "2026-08-28T00:17:00+09:00", "session_start": "2026-08-27T21:22:00+09:00", "event_type": "目撃", "species": "ヤマシギ", "individual_count": 1, "size": null, "wetness": "ウエット", "lat": 28.195825731518159, "lon": 129.34871509312941, "raw_text": "2026/08/28 0:17\n目撃\n\n1匹\nヤマシギ\nウエット\n瀬戸内町勝浦\n28.19582573151816\n129.3487150931294", "night_date": "2026-08-27", "segment_id": "OSM_ro462_0_59", "event_match_distance_m": 13.085082592047316 }, "geometry": { "type": "Point", "coordinates": [ 129.348715093129414, 28.195825731518159 ] } },
{ "type": "Feature", "properties": { "timestamp": "2026-08-28T00:31:00+09:00", "session_start": "2026-08-27T21:22:00+09:00", "event_type": "目撃", "species": "カエル", "individual_count": 3, "size": null, "wetness": "ウエット", "lat": 28.1871344506322, "lon": 129.3656109008455, "raw_text": "2026/08/28 0:31\n目撃\n\n3匹\nカエル\nウエット\n\n28.1871344506322\n129.3656109008455", "night_date": "2026-08-27", "segment_id": "OSM_ro162_0_62", "event_match_distance_m": 1.8315635395254968 }, "geometry": { "type": "Point", "coordinates": [ 129.365610900845496, 28.1871344506322 ] } },
{ "type": "Feature", "properties": { "timestamp": "2026-08-28T00:47:00+09:00", "session_start": "2026-08-27T21:22:00+09:00", "event_type": "目撃", "species": "オットンガエル", "individual_count": 1, "size": null, "wetness": "ウエット", "lat": 28.195359807750918, "lon": 129.38815386440649, "raw_text": "2026/08/28 0:47\n目撃\n\n1匹\nオットンガエル\nウエット\n瀬戸内町嘉徳\n28.19535980775092\n129.3881538644065\n", "night_date": "2026-08-27", "segment_id": "OSM_ro48_0_48", "event_match_distance_m": 6.9430304846551838 }, "geometry": { "type": "Point", "coordinates": [ 129.38815386440649, 28.195359807750918 ] } },
{ "type": "Feature", "properties": { "timestamp": "2026-08-28T00:53:00+09:00", "session_start": "2026-08-27T21:22:00+09:00", "event_type": "目撃", "species": "アカマタ", "individual_count": 1, "size": null, "wetness": "ウエット", "lat": 28.19496863588013, "lon": 129.39668836935451, "raw_text": "2026/08/28 0:53\n目撃\n\n1匹\nアカマタ\nウエット\n\n28.19496863588013\n129.3966883693545\n", "night_date": "2026-08-27", "segment_id": "OSM_ro137_0_5", "event_match_distance_m": 15.092789922832216 }, "geometry": { "type": "Point", "coordinates": [ 129.396688369354507, 28.19496863588013 ] } },
{ "type": "Feature", "properties": { "timestamp": "2026-08-28T00:54:00+09:00", "session_start": "2026-08-27T21:22:00+09:00", "event_type": "目撃", "species": "オットンガエル", "individual_count": 1, "size": null, "wetness": "ウエット", "lat": 28.193725992269091, "lon": 129.3982525520409, "raw_text": "2026/08/28 0:54\n目撃\n\n1匹\nオットンガエル\nウエット\n瀬戸内町嘉徳\n28.19372599226909\n129.3982525520409\n", "night_date": "2026-08-27", "segment_id": "OSM_ro257_0_13", "event_match_distance_m": 0.13723599071552584 }, "geometry": { "type": "Point", "coordinates": [ 129.398252552040901, 28.193725992269091 ] } },
{ "type": "Feature", "properties": { "timestamp": "2026-08-28T01:05:00+09:00", "session_start": "2026-08-27T21:22:00+09:00", "event_type": "目撃", "species": "アカマタ", "individual_count": 1, "size": null, "wetness": "ウエット", "lat": 28.192122714172239, "lon": 129.39727427893669, "raw_text": "2026/08/28 1:05\n目撃\n\n1匹\nアカマタ\nウエット\n瀬戸内町嘉徳\n28.19212271417224\n129.3972742789367\n", "night_date": "2026-08-27", "segment_id": "OSM_ro448_0_30", "event_match_distance_m": 11.267627777742868 }, "geometry": { "type": "Point", "coordinates": [ 129.397274278936692, 28.192122714172239 ] } },
{ "type": "Feature", "properties": { "timestamp": "2026-08-28T01:05:00+09:00", "session_start": "2026-08-27T21:22:00+09:00", "event_type": "目撃", "species": "カエル", "individual_count": 5, "size": null, "wetness": "ウエット", "lat": 28.191917151983461, "lon": 129.39722755369519, "raw_text": "2026/08/28 1:05\n目撃\n\n5匹以上\nカエル\nウエット\n瀬戸内町嘉徳\n28.19191715198346\n129.3972275536952\n", "night_date": "2026-08-27", "segment_id": "OSM_ro448_0_33", "event_match_distance_m": 7.0241574248833025 }, "geometry": { "type": "Point", "coordinates": [ 129.397227553695188, 28.191917151983461 ] } },
{ "type": "Feature", "properties": { "timestamp": "2026-08-28T01:08:00+09:00", "session_start": "2026-08-27T21:22:00+09:00", "event_type": "目撃", "species": "カエル", "individual_count": 5, "size": null, "wetness": "ウエット", "lat": 28.189283805062111, "lon": 129.39650785801069, "raw_text": "2026/08/28 1:08\n目撃\n\n5匹以上\nカエル\nウエット\n瀬戸内町嘉徳\n28.18928380506211\n129.3965078580107\n", "night_date": "2026-08-27", "segment_id": "OSM_ro448_0_73", "event_match_distance_m": 4.4410219972811973 }, "geometry": { "type": "Point", "coordinates": [ 129.396507858010693, 28.189283805062111 ] } },
{ "type": "Feature", "properties": { "timestamp": "2026-08-28T01:09:00+09:00", "session_start": "2026-08-27T21:22:00+09:00", "event_type": "目撃", "species": "カエル", "individual_count": 5, "size": null, "wetness": "ウエット", "lat": 28.18839199494948, "lon": 129.39599525801771, "raw_text": "2026/08/28 1:09\n目撃\n\n5匹以上\nカエル\nウエット\n瀬戸内町嘉徳\n28.18839199494948\n129.3959952580177\n", "night_date": "2026-08-27", "segment_id": "OSM_ro448_0_85", "event_match_distance_m": 2.0902307968219058 }, "geometry": { "type": "Point", "coordinates": [ 129.395995258017706, 28.18839199494948 ] } },
{ "type": "Feature", "properties": { "timestamp": "2026-08-28T01:09:00+09:00", "session_start": "2026-08-27T21:22:00+09:00", "event_type": "目撃", "species": "カエル", "individual_count": 5, "size": null, "wetness": "ウエット", "lat": 28.187809910517899, "lon": 129.39550776448931, "raw_text": "2026/08/28 1:09\n目撃\n\n5匹以上\nカエル\nウエット\n瀬戸内町嘉徳\n28.1878099105179\n129.3955077644893\n", "night_date": "2026-08-27", "segment_id": "OSM_ro448_0_93", "event_match_distance_m": 3.71372307965945 }, "geometry": { "type": "Point", "coordinates": [ 129.395507764489309, 28.187809910517899 ] } },
{ "type": "Feature", "properties": { "timestamp": "2026-08-28T01:22:00+09:00", "session_start": "2026-08-27T21:22:00+09:00", "event_type": "目撃", "species": "オットンガエル", "individual_count": 1, "size": null, "wetness": "ウエット", "lat": 28.184637121511422, "lon": 129.3974184901254, "raw_text": "2026/08/28 1:22\n目撃\n\n1匹\nオットンガエル\nウエット\n瀬戸内町嘉徳\n28.18463712151142\n129.3974184901254\n", "night_date": "2026-08-27", "segment_id": "OSM_ro280_0_20", "event_match_distance_m": 1.241958260844465 }, "geometry": { "type": "Point", "coordinates": [ 129.397418490125403, 28.184637121511422 ] } },
{ "type": "Feature", "properties": { "timestamp": "2026-08-28T01:28:00+09:00", "session_start": "2026-08-27T21:22:00+09:00", "event_type": "目撃", "species": "オットンガエル", "individual_count": 1, "size": null, "wetness": "ウエット", "lat": 28.180415430465139, "lon": 129.3942324213553, "raw_text": "2026/08/28 1:28\n目撃\n\n1匹\nオットンガエル\nヤマシギ\nウエット\n\n28.18041543046514\n129.3942324213553\n", "night_date": "2026-08-27", "segment_id": "OSM_ro104_0_12", "event_match_distance_m": 2.5028824035021433 }, "geometry": { "type": "Point", "coordinates": [ 129.394232421355298, 28.180415430465139 ] } },
{ "type": "Feature", "properties": { "timestamp": "2026-08-28T01:30:00+09:00", "session_start": "2026-08-27T21:22:00+09:00", "event_type": "目撃", "species": "ネズミ", "individual_count": 1, "size": null, "wetness": "ウエット", "lat": 28.178165873289771, "lon": 129.3939587207428, "raw_text": "2026/08/28 1:30\n目撃\n\n1匹\nネズミ\nウエット\n\n28.17816587328977\n129.3939587207428\n", "night_date": "2026-08-27", "segment_id": "OSM_ro104_0_51", "event_match_distance_m": 5.6948646141113262 }, "geometry": { "type": "Point", "coordinates": [ 129.393958720742802, 28.178165873289771 ] } },
{ "type": "Feature", "properties": { "timestamp": "2026-08-28T01:33:00+09:00", "session_start": "2026-08-27T21:22:00+09:00", "event_type": "捕獲", "species": "ハブ", "individual_count": 1, "size": "大", "wetness": "ウエット", "lat": 28.178510874500269, "lon": 129.39366089062941, "raw_text": "2026/08/28 1:33\n捕獲\nハブ捕獲大\nとぐろ\n道路脇\nウエット\n\n28.17851087450027\n129.3936608906294\n", "night_date": "2026-08-27", "segment_id": "OSM_ro104_0_56", "event_match_distance_m": 2.4697702678639901 }, "geometry": { "type": "Point", "coordinates": [ 129.393660890629405, 28.178510874500269 ] } },
{ "type": "Feature", "properties": { "timestamp": "2026-08-28T01:34:00+09:00", "session_start": "2026-08-27T21:22:00+09:00", "event_type": "目撃", "species": "リュウキュウアオヘビ", "individual_count": 1, "size": null, "wetness": "ウエット", "lat": 28.178476857013749, "lon": 129.39327197893491, "raw_text": "2026/08/28 1:34\n目撃\n\n1匹\nリュウキュウアオヘビ\nウエット\n\n28.17847685701375\n129.3932719789349\n", "night_date": "2026-08-27", "segment_id": "OSM_ro104_0_60", "event_match_distance_m": 3.9311881701992126 }, "geometry": { "type": "Point", "coordinates": [ 129.393271978934905, 28.178476857013749 ] } },
{ "type": "Feature", "properties": { "timestamp": "2026-08-28T01:38:00+09:00", "session_start": "2026-08-27T21:22:00+09:00", "event_type": "目撃", "species": "オットンガエル", "individual_count": 1, "size": null, "wetness": "ウエット", "lat": 28.17592508992071, "lon": 129.39614264553649, "raw_text": "2026/08/28 1:38\n目撃\n\n1匹\nオットンガエル\nウエット\n\n28.17592508992071\n129.3961426455365\n", "night_date": "2026-08-27", "segment_id": "OSM_ro289_0_9", "event_match_distance_m": 1.3564447989483814 }, "geometry": { "type": "Point", "coordinates": [ 129.396142645536486, 28.17592508992071 ] } },
{ "type": "Feature", "properties": { "timestamp": "2026-08-28T01:39:00+09:00", "session_start": "2026-08-27T21:22:00+09:00", "event_type": "目撃", "species": "ヤマシギ", "individual_count": 1, "size": null, "wetness": "ソークド(水跳ね)", "lat": 28.175796153988831, "lon": 129.39651001100751, "raw_text": "2026/08/28 1:39\n目撃\n\n1匹\nヤマシギ\nソークド(水跳ね)\n\n28.17579615398883\n129.3965100110075\n", "night_date": "2026-08-27", "segment_id": "OSM_ro289_0_17", "event_match_distance_m": 0.66992818749940852 }, "geometry": { "type": "Point", "coordinates": [ 129.396510011007507, 28.175796153988831 ] } },
{ "type": "Feature", "properties": { "timestamp": "2026-08-28T01:39:00+09:00", "session_start": "2026-08-27T21:22:00+09:00", "event_type": "目撃", "species": "カエル", "individual_count": 1, "size": null, "wetness": "ウエット", "lat": 28.175258490089799, "lon": 129.39573212469611, "raw_text": "2026/08/28 1:39\n目撃\n\n1匹\nカエル\nヤマシギ\nウエット\n\n28.1752584900898\n129.3957321246961\n", "night_date": "2026-08-27", "segment_id": "OSM_ro289_0_28", "event_match_distance_m": 1.0028109253983741 }, "geometry": { "type": "Point", "coordinates": [ 129.39573212469611, 28.175258490089799 ] } },
{ "type": "Feature", "properties": { "timestamp": "2026-08-28T01:40:00+09:00", "session_start": "2026-08-27T21:22:00+09:00", "event_type": "目撃", "species": "ヤマシギ", "individual_count": 1, "size": null, "wetness": "ウエット", "lat": 28.174258454264109, "lon": 129.39533410859559, "raw_text": "2026/08/28 1:40\n目撃\n\n1匹\nヤマシギ\nウエット\n\n28.17425845426411\n129.3953341085956\n", "night_date": "2026-08-27", "segment_id": "OSM_ro289_0_40", "event_match_distance_m": 10.023824167329082 }, "geometry": { "type": "Point", "coordinates": [ 129.395334108595591, 28.174258454264109 ] } },
{ "type": "Feature", "properties": { "timestamp": "2026-08-28T01:42:00+09:00", "session_start": "2026-08-27T21:22:00+09:00", "event_type": "目撃", "species": "カエル", "individual_count": 5, "size": null, "wetness": "ウエット", "lat": 28.174200951745611, "lon": 129.3945512109502, "raw_text": "2026/08/28 1:42\n目撃\n\n5匹以上\nカエル\nウエット\n\n28.17420095174561\n129.3945512109502\n", "night_date": "2026-08-27", "segment_id": "OSM_ro289_0_55", "event_match_distance_m": 1.5928346231987836 }, "geometry": { "type": "Point", "coordinates": [ 129.394551210950198, 28.174200951745611 ] } },
{ "type": "Feature", "properties": { "timestamp": "2026-08-28T01:43:00+09:00", "session_start": "2026-08-27T21:22:00+09:00", "event_type": "目撃", "species": "カエル", "individual_count": 5, "size": null, "wetness": "ウエット", "lat": 28.17374647612754, "lon": 129.39455213231869, "raw_text": "2026/08/28 1:43\n目撃\n\n5匹以上\nカエル\nウエット\n瀬戸内町節子\n28.17374647612754\n129.3945521323187\n", "night_date": "2026-08-27", "segment_id": "OSM_ro289_0_60", "event_match_distance_m": 4.6564203976323739 }, "geometry": { "type": "Point", "coordinates": [ 129.394552132318694, 28.17374647612754 ] } },
{ "type": "Feature", "properties": { "timestamp": "2026-08-28T01:44:00+09:00", "session_start": "2026-08-27T21:22:00+09:00", "event_type": "目撃", "species": "カエル", "individual_count": 5, "size": null, "wetness": "ウエット", "lat": 28.173503547454409, "lon": 129.395257849362, "raw_text": "2026/08/28 1:44\n目撃\n\n5匹以上\nカエル\nウエット\n瀬戸内町節子\n28.17350354745441\n129.395257849362\n", "night_date": "2026-08-27", "segment_id": "OSM_ro289_0_69", "event_match_distance_m": 0.41702090130763092 }, "geometry": { "type": "Point", "coordinates": [ 129.395257849361997, 28.173503547454409 ] } },
{ "type": "Feature", "properties": { "timestamp": "2026-08-28T01:44:00+09:00", "session_start": "2026-08-27T21:22:00+09:00", "event_type": "目撃", "species": "オットンガエル", "individual_count": 1, "size": null, "wetness": "ウエット", "lat": 28.173518616185131, "lon": 129.3954215099389, "raw_text": "2026/08/28 1:44\n目撃\n\n1匹\nオットンガエル\nウエット\n瀬戸内町節子\n28.17351861618513\n129.3954215099389\n", "night_date": "2026-08-27", "segment_id": "OSM_ro289_0_71", "event_match_distance_m": 0.67459495144165538 }, "geometry": { "type": "Point", "coordinates": [ 129.395421509938899, 28.173518616185131 ] } },
{ "type": "Feature", "properties": { "timestamp": "2026-08-28T01:46:00+09:00", "session_start": "2026-08-27T21:22:00+09:00", "event_type": "目撃", "species": "ネズミ", "individual_count": 1, "size": null, "wetness": "ウエット", "lat": 28.174626592086661, "lon": 129.39785112916189, "raw_text": "2026/08/28 1:46\n目撃\n\n1匹\nネズミ\nウエット\n\n28.17462659208666\n129.3978511291619\n", "night_date": "2026-08-27", "segment_id": "OSM_ro289_0_101", "event_match_distance_m": 8.3927505064715966 }, "geometry": { "type": "Point", "coordinates": [ 129.397851129161893, 28.174626592086661 ] } },
{ "type": "Feature", "properties": { "timestamp": "2026-08-28T01:52:00+09:00", "session_start": "2026-08-27T21:22:00+09:00", "event_type": "目撃", "species": "ヤマシギ", "individual_count": 1, "size": null, "wetness": "ウエット", "lat": 28.171883626147292, "lon": 129.39903213564199, "raw_text": "2026/08/28 1:52\n目撃\n\n1匹\nヤマシギ\nウエット\n瀬戸内町節子\n28.17188362614729\n129.399032135642\n", "night_date": "2026-08-27", "segment_id": "OSM_ro249_0_72", "event_match_distance_m": 2.6613478348581183 }, "geometry": { "type": "Point", "coordinates": [ 129.399032135641988, 28.171883626147292 ] } },
{ "type": "Feature", "properties": { "timestamp": "2026-08-28T01:55:00+09:00", "session_start": "2026-08-27T21:22:00+09:00", "event_type": "目撃", "species": "イシカワガエル", "individual_count": 1, "size": null, "wetness": "ウエット", "lat": 28.170868229760931, "lon": 129.39714237555489, "raw_text": "2026/08/28 1:55\n目撃\n\n1匹\nイシカワガエル\nウエット\n\n28.17086822976093\n129.3971423755549\n", "night_date": "2026-08-27", "segment_id": "OSM_ro142_0_41", "event_match_distance_m": 4.233057454847077 }, "geometry": { "type": "Point", "coordinates": [ 129.397142375554893, 28.170868229760931 ] } },
{ "type": "Feature", "properties": { "timestamp": "2026-08-28T01:56:00+09:00", "session_start": "2026-08-27T21:22:00+09:00", "event_type": "目撃", "species": "オットンガエル", "individual_count": 1, "size": null, "wetness": "ウエット", "lat": 28.171672607570869, "lon": 129.3968751751726, "raw_text": "2026/08/28 1:56\n目撃\n\n1匹\nオットンガエル\nウエット\n\n28.17167260757087\n129.3968751751726\n", "night_date": "2026-08-27", "segment_id": "OSM_ro142_0_30", "event_match_distance_m": 4.8363514163590988 }, "geometry": { "type": "Point", "coordinates": [ 129.396875175172596, 28.171672607570869 ] } },
{ "type": "Feature", "properties": { "timestamp": "2026-08-28T02:02:00+09:00", "session_start": "2026-08-27T21:22:00+09:00", "event_type": "目撃", "species": "オットンガエル", "individual_count": 1, "size": null, "wetness": "ウエット", "lat": 28.167380231631839, "lon": 129.3952602997955, "raw_text": "2026/08/28 2:02\n目撃\n\n1匹\nオットンガエル\nヤマシギ\nウエット\n\n28.16738023163184\n129.3952602997955\n", "night_date": "2026-08-27", "segment_id": "OSM_ro560_0_10", "event_match_distance_m": 0.95595374500064922 }, "geometry": { "type": "Point", "coordinates": [ 129.395260299795495, 28.167380231631839 ] } },
{ "type": "Feature", "properties": { "timestamp": "2026-08-28T02:07:00+09:00", "session_start": "2026-08-27T21:22:00+09:00", "event_type": "目撃", "species": "オットンガエル", "individual_count": 3, "size": null, "wetness": "ウエット", "lat": 28.16489427676597, "lon": 129.39640983116959, "raw_text": "2026/08/28 2:07\n目撃\n\n3匹\nオットンガエル\nウエット\n\n28.16489427676597\n129.3964098311696\n", "night_date": "2026-08-27", "segment_id": "OSM_ro42_0_80", "event_match_distance_m": 7.1025173047476571 }, "geometry": { "type": "Point", "coordinates": [ 129.396409831169592, 28.16489427676597 ] } },
{ "type": "Feature", "properties": { "timestamp": "2026-08-28T02:08:00+09:00", "session_start": "2026-08-27T21:22:00+09:00", "event_type": "捕獲", "species": "ハブ", "individual_count": 1, "size": "大", "wetness": "ウエット", "lat": 28.164871739377421, "lon": 129.3963884045194, "raw_text": "2026/08/28 2:08\n捕獲\nハブ捕獲大\n待機中頭持ち上げ\n側溝\nウエット\n\n28.16487173937742\n129.3963884045194\n", "night_date": "2026-08-27", "segment_id": "OSM_ro42_0_80", "event_match_distance_m": 4.4546331232867438 }, "geometry": { "type": "Point", "coordinates": [ 129.396388404519399, 28.164871739377421 ] } },
{ "type": "Feature", "properties": { "timestamp": "2026-08-28T02:14:00+09:00", "session_start": "2026-08-27T21:22:00+09:00", "event_type": "目撃", "species": "ネズミ", "individual_count": 1, "size": null, "wetness": "ウエット", "lat": 28.164486307345911, "lon": 129.3918783088713, "raw_text": "2026/08/28 2:14\n目撃\n\n1匹\nネズミ\nウエット\n\n28.16448630734591\n129.3918783088713\n", "night_date": "2026-08-27", "segment_id": "OSM_ro42_0_12", "event_match_distance_m": 11.694789997369609 }, "geometry": { "type": "Point", "coordinates": [ 129.391878308871298, 28.164486307345911 ] } },
{ "type": "Feature", "properties": { "timestamp": "2026-08-28T02:22:00+09:00", "session_start": "2026-08-27T21:22:00+09:00", "event_type": "目撃", "species": "カエル", "individual_count": 1, "size": null, "wetness": "ウエット", "lat": 28.16395675116895, "lon": 129.38783281201191, "raw_text": "2026/08/28 2:22\n目撃\n\n1匹\nカエル\nウエット\n\n28.16395675116895\n129.3878328120119\n", "night_date": "2026-08-27", "segment_id": "OSM_ro440_0_32", "event_match_distance_m": 6.6456119592678267 }, "geometry": { "type": "Point", "coordinates": [ 129.387832812011908, 28.16395675116895 ] } },
{ "type": "Feature", "properties": { "timestamp": "2026-08-28T02:23:00+09:00", "session_start": "2026-08-27T21:22:00+09:00", "event_type": "目撃", "species": "ネズミ", "individual_count": 1, "size": null, "wetness": "ウエット", "lat": 28.163435627296678, "lon": 129.38717915009269, "raw_text": "2026/08/28 2:23\n目撃\n\n1匹\nネズミ\nウエット\n\n28.16343562729668\n129.3871791500927\n", "night_date": "2026-08-27", "segment_id": "OSM_ro440_0_23", "event_match_distance_m": 0.7992153387462072 }, "geometry": { "type": "Point", "coordinates": [ 129.387179150092692, 28.163435627296678 ] } },
{ "type": "Feature", "properties": { "timestamp": "2026-08-28T02:24:00+09:00", "session_start": "2026-08-27T21:22:00+09:00", "event_type": "目撃", "species": "ヤマシギ", "individual_count": 2, "size": null, "wetness": "ウエット", "lat": 28.16322950037927, "lon": 129.386469671924, "raw_text": "2026/08/28 2:24\n目撃\n\n2匹\nヤマシギ\nウエット\n\n28.16322950037927\n129.386469671924\n", "night_date": "2026-08-27", "segment_id": "OSM_ro440_0_15", "event_match_distance_m": 1.396539834918811 }, "geometry": { "type": "Point", "coordinates": [ 129.386469671924004, 28.16322950037927 ] } },
{ "type": "Feature", "properties": { "timestamp": "2026-08-28T02:28:00+09:00", "session_start": "2026-08-27T21:22:00+09:00", "event_type": "目撃", "species": "ネズミ", "individual_count": 1, "size": null, "wetness": "ウエット", "lat": 28.165369920276479, "lon": 129.3876051538914, "raw_text": "2026/08/28 2:28\n目撃\n\n1匹\nネズミ\nウエット\n\n28.16536992027648\n129.3876051538914\n", "night_date": "2026-08-27", "segment_id": "OSM_ro364_0_77", "event_match_distance_m": 7.3686524126642032 }, "geometry": { "type": "Point", "coordinates": [ 129.3876051538914, 28.165369920276479 ] } },
{ "type": "Feature", "properties": { "timestamp": "2026-08-28T02:29:00+09:00", "session_start": "2026-08-27T21:22:00+09:00", "event_type": "目撃", "species": "カエル", "individual_count": 5, "size": null, "wetness": "ウエット", "lat": 28.16539027045447, "lon": 129.3874955299336, "raw_text": "2026/08/28 2:29\n目撃\n\n5匹以上\nカエル\nウエット\n瀬戸内町節子\n28.16539027045447\n129.3874955299336\n", "night_date": "2026-08-27", "segment_id": "OSM_ro364_0_78", "event_match_distance_m": 3.0639053841380246 }, "geometry": { "type": "Point", "coordinates": [ 129.387495529933602, 28.16539027045447 ] } },
{ "type": "Feature", "properties": { "timestamp": "2026-08-28T02:31:00+09:00", "session_start": "2026-08-27T21:22:00+09:00", "event_type": "目撃", "species": "カエル", "individual_count": 5, "size": null, "wetness": "ウエット", "lat": 28.166170015466939, "lon": 129.38702146344869, "raw_text": "2026/08/28 2:31\n目撃\n\n5匹以上\nカエル\nウエット\n瀬戸内町節子\n28.16617001546694\n129.3870214634487\n", "night_date": "2026-08-27", "segment_id": "OSM_ro364_0_53", "event_match_distance_m": 8.6063361270442549 }, "geometry": { "type": "Point", "coordinates": [ 129.38702146344869, 28.166170015466939 ] } },
{ "type": "Feature", "properties": { "timestamp": "2026-08-28T02:31:00+09:00", "session_start": "2026-08-27T21:22:00+09:00", "event_type": "目撃", "species": "カエル", "individual_count": 1, "size": null, "wetness": "ウエット", "lat": 28.16549211691261, "lon": 129.38601617305639, "raw_text": "2026/08/28 2:31\n目撃\n\n1匹\nカエル\nウエット\n瀬戸内町節子\n28.16549211691261\n129.3860161730564\n", "night_date": "2026-08-27", "segment_id": "OSM_ro364_0_41", "event_match_distance_m": 1.913578427505743 }, "geometry": { "type": "Point", "coordinates": [ 129.38601617305639, 28.16549211691261 ] } },
{ "type": "Feature", "properties": { "timestamp": "2026-08-28T02:37:00+09:00", "session_start": "2026-08-27T21:22:00+09:00", "event_type": "目撃", "species": "カエル", "individual_count": 5, "size": null, "wetness": "ウエット", "lat": 28.168826344928458, "lon": 129.37931486006619, "raw_text": "2026/08/28 2:37\n目撃\n\n5匹以上\nカエル\nウエット\n瀬戸内町節子\n28.16882634492846\n129.3793148600662\n", "night_date": "2026-08-27", "segment_id": "OSM_ro132_0_35", "event_match_distance_m": 4.0183769753673282 }, "geometry": { "type": "Point", "coordinates": [ 129.379314860066188, 28.168826344928458 ] } },
{ "type": "Feature", "properties": { "timestamp": "2026-08-28T02:39:00+09:00", "session_start": "2026-08-27T21:22:00+09:00", "event_type": "目撃", "species": "アカマタ", "individual_count": 1, "size": null, "wetness": "ドライ", "lat": 28.171178234793899, "lon": 129.37974510949141, "raw_text": "2026/08/28 2:39\n目撃\n\n1匹\nアカマタ\nドライ\n瀬戸内町節子\n28.1711782347939\n129.3797451094914\n", "night_date": "2026-08-27", "segment_id": "OSM_ro132_0_8", "event_match_distance_m": 3.0292051480099689 }, "geometry": { "type": "Point", "coordinates": [ 129.379745109491409, 28.171178234793899 ] } },
{ "type": "Feature", "properties": { "timestamp": "2026-08-28T02:43:00+09:00", "session_start": "2026-08-27T21:22:00+09:00", "event_type": "目撃", "species": "アカマタ", "individual_count": 1, "size": null, "wetness": "ドライ", "lat": 28.169925373838559, "lon": 129.37733065507041, "raw_text": "2026/08/28 2:43\n目撃\n\n1匹\nアカマタ\nドライ\n瀬戸内町節子\n28.16992537383856\n129.3773306550704\n", "night_date": "2026-08-27", "segment_id": "OSM_ro961_0_23", "event_match_distance_m": 0.31397687364118182 }, "geometry": { "type": "Point", "coordinates": [ 129.377330655070409, 28.169925373838559 ] } },
{ "type": "Feature", "properties": { "timestamp": "2026-08-28T02:44:00+09:00", "session_start": "2026-08-27T21:22:00+09:00", "event_type": "目撃", "species": "カエル", "individual_count": 5, "size": null, "wetness": "ウエット", "lat": 28.169062834819272, "lon": 129.37747909443561, "raw_text": "2026/08/28 2:44\n目撃\n\n5匹以上\nカエル\nウエット\n瀬戸内町節子\n28.16906283481927\n129.3774790944356\n", "night_date": "2026-08-27", "segment_id": "OSM_ro961_0_32", "event_match_distance_m": 0.90830351205735194 }, "geometry": { "type": "Point", "coordinates": [ 129.377479094435614, 28.169062834819272 ] } },
{ "type": "Feature", "properties": { "timestamp": "2026-08-28T02:48:00+09:00", "session_start": "2026-08-27T21:22:00+09:00", "event_type": "目撃", "species": "アカマタ", "individual_count": 1, "size": null, "wetness": "ドライ", "lat": 28.164583875593959, "lon": 129.37540719062881, "raw_text": "2026/08/28 2:48\n目撃\n\n1匹\nアカマタ\nドライ\n瀬戸内町節子\n28.16458387559396\n129.3754071906288", "night_date": "2026-08-27", "segment_id": "OSM_ro34_0_34", "event_match_distance_m": 1.4056182467221912 }, "geometry": { "type": "Point", "coordinates": [ 129.375407190628806, 28.164583875593959 ] } }
]
}
